Access Control,Alcohol Notalcohol,Area Type1,A Crash,A People,Basetypedesc,Begin Node Dsc,Belted Unbelted,Bikeage,Bikegen,Bikeinjurytype,Bikevehiclenumber,Bike Nonbike,BMP,B Crash,B People,Carspeedlimit,Collision Type,Comm Cargo Body Type Cd,Comm Vehicle Body Type Cd,Cotedrouteid,Coted Mp,Count App,CRASH_DT (copy),Crash Dt,Crash Event Type Dsc,Crash Military Tm,Crash Severity,Crash Year,Curbgutterdesc,C Crash,C People,Juris Name Used,Area Type Used,First Harmful Event of Entire Crash,MAINLINE,Time Slicing Used,Phy_Juris_Nm,Offset-Ft,Intersection Analysis,Clear,Calculation_9640323132123359,Day Of Week,Deer Nodeer,Direction Of Travel Cd,Distracted Notdistracted,VSP,TOTAL CRASH,Document Nbr,Driverage,Drivergen,Driverinjurytype,Drivervehiclenumber,Driver Action Type Cd,Driver Airbag Deployment,Driver Alcohol Test Type Cd,Driver Condition Type Cd,Driver Distraction Type Cd,Driver Drinking Type Cd,Driver Drug Use Cd,Driver Ejected From Vehicle,Driver Ems Transport Ind,Driver Fled Scene Ind,Driver Safety Equip Used,Driver Vis Obscured Type Cd,Drowsy Notdrowsy,Drug Nodrug,EMP,End Node,End Node Dsc,End Offset,Facility,FAC,First Crash Event Cd,First Harmful Event,Fourth Crash Event Cd,Functionalclass,FUN,Govcondesc,Gr Nogr,Hitrun Not Hitrun,Initial Veh Impact Area Cd,Injury Crashes,Intersection Type,Int Doc,Jurtype,K_CRASH,K People,LAT (copy),LAT,Leftshoulderwidth,Length,Lgtruck Nonlgtruck,Light Condition,Located Unlocated,LON (copy),LON,MAINLINE (group),Mainline Yn,Medianleftshoulderwidth,Medianrightshoulderwidth,Mediantypedesc,Medianwidthmax,Medianwidthmin,Median Type,Most Harmful Crash Event Cd,Motor Nonmotor,Node,Node Info,Node Totaadt2011,Node Totaadt2012,Node Totaadt2013,Node Totaadt2014,Node Totaadt2015,Numberoflane,Number of Records,Offset,Ownership,Passage,Passgen,Passinjurytype,Passvehiclenumber,Pass Airbag Deployment,Pass Ejected From Vehicle,Pass Ems Transport Ind,Pass Safety Equip Used,Pavementconditionvalue,Pavementroughnessvalue,Pavementwidth,Pdo Crash,Total People Killed & Injured,Pedage,Pedestrians Injured,Pedestrians Killed,Pedgen,Pedinjurytype,Pednumber,Ped Action,Ped Al Test,Ped Cond,Ped Drink,Ped Drug,Ped Nonped,Ped Rflct,Persons Injured,Persons Killed,Physical Juris Nm,PJR,VSP_Used,Rd Type,Relation To Roadway,Rightshoulderwidth,RNS_MP (0.25 mi bin),Rns Mp,Roadway Alignment,Roadway Defect,Roadway Description,Roadway Surface Cond,Roadway Surface Type,Route Or Street Nm,Rte Category Cd,Rte Cat,Rte Nm,Ruralurbandesc,School Zone,Second Crash Event Cd,Segtotaadt2011,Segtotaadt2012,Segtotaadt2013,Segtotaadt2014,Segtotaadt2015,Senior Notsenior,Sidewalkdesc,Speed Before,Speed Max Safe,Speed Notspeed,Speed Posted,Start Node,Start Offset,Summons Issued Cd,Surfacedesc,Third Crash Event Cd,Time Slicing,Total Crashes including Property Damage Only,Total Crash,Traffic Control Type,Trfc Ctrl Status Type,Truckcommr,Vehiclenumber,Vehicle Body Type Cd,Vehicle Make Nm,Vehicle Maneuver Type Cd,Vehicle Model Nm,Vehicle Year Nbr,District,District_Used ,Weather Condition,Work Zone Location,Work Zone Related,Work Zone Type,Young Notyoung
,Not ALCIHOL,Urban,0,0,,,Not UNBELTED,9,Male,B,2,BIKE,,1,1,,2. Angle,"Not Provided,Not Provided","Not Provided,Not Provided",,,,3/3/2011,3/3/2011,20. Motor Vehicle In Transport,1525,B.Visiible Injury,2011,,0,0,Virginia Beach,Urban,20. Motor Vehicle In Transport,MAIN,3PM TO 6PM,134.Virginia Beach,,Not Intersection,Reset Filters,VDOT_OTHER,Thursday,Not DEER,"East,North",,5,1,111120208,"22,9","Male,Male","PDO,B","1,2","1. No Improper Action,37. Other","2. Not Deployed,3. Unavailable/Not Applicable","4. No Test,4. No Test","1. No Defects,1. No Defects","Not Applicable,Not Applicable","1. Had Not Been Drinking,1. Had Not Been Drinking","2. No,2. No","1. Not Ejected,1. Not Ejected","No,Yes","No,No","3. Lap and Shoulder Belt,9. Not Applicable","1. Not Obscured,10. Parked Vehicle(s)",,,,,,,,,"22,20",1. On Roadway,"0,0",,,,Not GUARDRAIL,Not HIT_RUN,"1,12",1,1. Not at Intersection,,C,0,0,36.858491,36.858491,,,Not LRTRUCK,2. Daylight,UNLOCATED,-76.178238,-76.178238,MAINLINE,,,,,,,,"22,20",Not MOTORCYCLE,,.,,,,,,,1,,SEC_URBAN,,,,,,,,,,,,0,1,,0,0,,,,,,,,,Not PED,,1,0,Virginia Beach,134,5,NOT-RD,8. Non-Intersection,,,,1. Straight - Level,1. No Defects,"1. Two-Way, Not Divided",1. Dry,"2. Blacktop, Asphalt, Bituminous",PICKERING ST,UNKWN,SC,U-VA134SC99999UK,,3. No,"0,0",,,,,,Not SENIOR,,"10,3","25,25",Not SPEED,"25,25",,,"2. No,2. No",,"0,0",3PM TO 6PM,1,1,1. No Traffic Control,6. No Traffic Control Device Present,,"1,2","1. Passenger car,9. Bicycle","Chevrolet,BICYCLE","1. Going Straight Ahead,1. Going Straight Ahead","Malibu,UNKNOWN",19972000,5,5.Hampton Roads,1. No Adverse Condition (Clear/Cloudy),Not Provided,2. No,Not Provided,Not YOUNG
,Not ALCIHOL,Urban,1,1,,,Not UNBELTED,18,Male,A,2,BIKE,,0,0,,2. Angle,"Not Provided,Not Provided","Not Provided,Not Provided",,,,3/4/2011,3/4/2011,22. Bicycle,1835,A.Ambulatory Injury,2011,,0,0,Newport News,Urban,22. Bicycle,MAIN,6PM TO 9PM,121.Newport News,,Not Intersection,Reset Filters,VDOT_OTHER,Friday,Not DEER,"West,North",,5,1,111650055,"40,18","Male,Male","PDO,A","1,2","1. No Improper Action,6. Overtaking at Intersection","2. Not Deployed,3. Unavailable/Not Applicable","4. No Test,4. No Test","1. No Defects,1. No Defects","Not Applicable,Not Applicable","1. Had Not Been Drinking,1. Had Not Been Drinking","Not Applicable,Not Applicable","1. Not Ejected,3. Totally Ejected","No,Yes","Yes,No","3. Lap and Shoulder Belt,9. Not Applicable","1. Not Obscured,1. Not Obscured",,,,,,,,,"22,20",1. On Roadway,"0,0",,,,Not GUARDRAIL,HIT_RUN,"12,2",1,4. Four Approaches,,C,0,0,37.101342,37.101342,,,Not LRTRUCK,3. Dusk,UNLOCATED,-76.510609,-76.510609,MAINLINE,,,,,,,,"22,20",Not MOTORCYCLE,,.,,,,,,,1,,SEC_URBAN,,,,,,,,,,,,0,1,,0,0,,,,,,,,,Not PED,,1,0,Newport News,121,5,NOT-RD,10. Intersection Related - Within 150 Feet,,,,1. Straight - Level,1. No Defects,"3. Two-Way, Divided, Positive Median Barrier",1. Dry,"2. Blacktop, Asphalt, Bituminous",WENDWOOD DR,UNKWN,SC,U-VA121SC99999UK,,3. No,"0,0",,,,,,Not SENIOR,,"5,10","25,0",SPEED,"25,0",,,"2. No,2. No",,"0,0",6PM TO 9PM,1,1,1. No Traffic Control,6. No Traffic Control Device Present,,"1,2","2. Truck - Pick-up/Passenger Truck,9. Bicycle",FORD,"2. Making Right Turn,1. Going Straight Ahead",F250 SUPERCAB,2008,5,5.Hampton Roads,1. No Adverse Condition (Clear/Cloudy),Not Provided,2. No,Not Provided,YOUNG
No Access Control,Not ALCIHOL,Urban,0,0,"N/A, Unknown, or Unstabilized",IS-00064-E247A(R)/FROM RT 64 EAST,Not UNBELTED,33,Female,C,2,BIKE,27.29,0,0,55,4. Sideswipe - Same Direction,"Not Provided,Not Provided","Not Provided,Not Provided",SR00143,27.374,3,3/5/2011,3/5/2011,22. Bicycle,2241,C.Non-Visible Injury,2011,None,1,1,James City,Urban,22. Bicycle,MAIN,9PM TO 12AM,47.James City,444,Intersection,Reset Filters,VDOT_OTHER,Saturday,Not DEER,"West,West",,5,1,111120286,"49,33","Female,Female","PDO,C","1,2","1. No Improper Action,28. Driving Without Lights","2. Not Deployed,3. Unavailable/Not Applicable","4. No Test,4. No Test","1. No Defects,1. No Defects","Not Applicable,Not Applicable","1. Had Not Been Drinking,1. Had Not Been Drinking","2. No,2. No","1. Not Ejected,1. Not Ejected","No,No","No,No","3. Lap and Shoulder Belt,9. Not Applicable","1. Not Obscured,1. Not Obscured",,,29,398798,GATE NO. 13 ROAD(R)/,0,0,"0.Two-way, non-divided","22,20",1. On Roadway,"0,0",H,H.Urban Minor Arterial,State Primary and Interstate,Not GUARDRAIL,Not HIT_RUN,"2,10",1,1. Not at Intersection,111120286,N,0,0,37.213467,37.213467,6,1.42,Not LRTRUCK,5. Darkness - Road Not Lighted,LOCATED,-76.594649,-76.594649,MAINLINE,MAIN,0,0,0,0,0,Undivided Roadway,"22,20",Not MOTORCYCLE,398797,398797.  IS00064E247A  SR00143       SR00143,10531,10325,11228,10868,11065,4,1,0.084,VDOT_PRI,,,,,,,,,0,117,42,0,1,,0,0,,,,,,,,,Not PED,,1,0,James City,47,5,NOT-RD,8. Non-Intersection,6,27.25,27.37,7. Dip - Straight,1. No Defects,"1. Two-Way, Not Divided",1. Dry,"2. Blacktop, Asphalt, Bituminous",MERRIMAC TRL,STPRI,SR,R-VA   SR00143NB,"Urbanized (Population 200,000 and over)",3. No,"0,0",9339,9133,10120,9760,9957,Not SENIOR,None,"45,10","45,45",Not SPEED,"45,45",398797,0,"2. No,2. No",0,"0,0",9PM TO 12AM,1,1,6. Traffic Lanes Marked,6. No Traffic Control Device Present,Not a Parkway - Trucks and Commercial Vehicles Allowed,"1,2","3. Van,9. Bicycle",FORD,"1. Going Straight Ahead,1. Going Straight Ahead",WINDSTA,1998,5,5.Hampton Roads,1. No Adverse Condition (Clear/Cloudy),Not Provided,2. No,Not Provided,Not YOUNG
No Access Control,Not ALCIHOL,Urban,1,1,Penetration Macadam and Water Bound Macadam,JOHNSON RD(R)/,Not UNBELTED,14,Male,A,2,BIKE,8.2,0,0,45,2. Angle,"Not Provided,Not Provided","Not Provided,Not Provided",US00301,8.2,3,3/13/2011,3/13/2011,22. Bicycle,1409,A.Ambulatory Injury,2011,None,0,0,Greensville,Urban,22. Bicycle,MAIN,12PM TO 3PM,40.Greensville,"1,531",Intersection,Reset Filters,VDOT_OTHER,Sunday,Not DEER,"South,East",,5,1,111150211,"61,14","0,Male","PDO,A","1,2","1. No Improper Action,11. Did Not Have Right-of-Way","3. Unavailable/Not Applicable,3. Unavailable/Not Applicable","Not Applicable,Not Applicable","1. No Defects,1. No Defects","Not Applicable,Not Applicable","1. Had Not Been Drinking,1. Had Not Been Drinking","2. No,2. No","1. Not Ejected,3. Totally Ejected","No,Yes","No,No","1. Lap Belt Only,9. Not Applicable","1. Not Obscured,1. Not Obscured",,,8,363363,JOHNSON RD(R)/,0.25,0,"0.Two-way, non-divided","36,20",1. On Roadway,"0,0",H,H.Urban Minor Arterial,State Primary and Interstate,Not GUARDRAIL,Not HIT_RUN,"12,10",1,1. Not at Intersection,111150211,N,0,0,36.65994827,36.65994827,6,0.25,Not LRTRUCK,2. Daylight,LOCATED,-77.5541707,-77.5541707,MAINLINE,MAIN,0,0,0,0,0,Undivided Roadway,"22,20",Not MOTORCYCLE,363204,363204.  4000690       US00301       US00301,2216,2236,2256,2192,2212,2,1,0.29,VDOT_PRI,,,,,,,,,0,123,22,0,1,,0,0,,,,,,,,,Not PED,,1,0,Greensville,40,5,RD-UNKNOWN,8. Non-Intersection,6,8.00,8.20,1. Straight - Level,1. No Defects,"1. Two-Way, Not Divided",1. Dry,"2. Blacktop, Asphalt, Bituminous",RT 301,USPRI,US,R-VA   US00301SB,"Small Urban (Population 5,000 - 49,999)",3. No,"22,0",2156,2176,2196,2132,2152,Not SENIOR,None,"45,6","45,45",Not SPEED,"45,45",363363,0,"2. No,1. Yes",0,"28,0",12PM TO 3PM,1,1,6. Traffic Lanes Marked,1. Yes - Working,Not a Parkway - Trucks and Commercial Vehicles Allowed,"1,2","7. Motor Home, Recreational Vehicle,9. Bicycle","PACE ARROW,QUEST","10. Ran Off Road - Left,15. Other","R V,COBRA",1985,5,5.Hampton Roads,1. No Adverse Condition (Clear/Cloudy),Not Provided,2. No,Not Provided,Not YOUNG
No Access Control,Not ALCIHOL,Urban,0,0,"N/A, Unknown, or Unstabilized",JOHN TYLER HWY,Not UNBELTED,22,Male,C,2,BIKE,51.75,0,0,,2. Angle,"Not Provided,Not Provided","Not Provided,Not Provided",SR00005,51.778,3,3/14/2011,3/14/2011,22. Bicycle,1907,C.Non-Visible Injury,2011,Left and Right sides,1,1,Williamsburg,Urban,22. Bicycle,MAIN,6PM TO 9PM,137.Williamsburg,"2,281",Intersection,Reset Filters,VDOT_OTHER,Monday,Not DEER,"South,North",,5,1,111120750,"71,22","Male,Male","PDO,C","1,2","1. No Improper Action,1. No Improper Action","2. Not Deployed,3. Unavailable/Not Applicable","Not Applicable,Not Applicable","1. No Defects,1. No Defects","Not Applicable,Not Applicable","1. Had Not Been Drinking,1. Had Not Been Drinking","3. Unknown,2. No","1. Not Ejected,3. Totally Ejected","No,No","No,No","3. Lap and Shoulder Belt,8. No Restraint Used","1. Not Obscured,1. Not Obscured",,,52,398746,W & M COLLEGE ROAD(L)/,0,0,"0.Two-way, non-divided","22,0",1. On Roadway,"0,0",H,H.Urban Minor Arterial,Urban Extensions - Primary Routes,Not GUARDRAIL,Not HIT_RUN,"1,2",1,3. Three Approaches,111120750,C,0,0,37.267536,37.267536,0,0.21,Not LRTRUCK,2. Daylight,LOCATED,-76.714195,-76.714195,MAINLINE,MAIN,0,0,0,0,0,Undivided Roadway,"22,0",Not MOTORCYCLE,398745,398745.  SR00005       SR00005      13707075,12163,11894,9446,9110,9294,2,1,0.432,PRI_URBAN,,,,,,,,,0,103,40,0,1,,0,0,,,,,,,,,Not PED,,1,0,Williamsburg,137,5,NOT-RD,9. Within Intersection,0,51.75,51.78,1. Straight - Level,1. No Defects,"1. Two-Way, Not Divided",1. Dry,"2. Blacktop, Asphalt, Bituminous",JAMESTOWN RD,STPRI,SR,R-VA   SR00005EB,"Urbanized (Population 200,000 and over)",3. No,"0,0",12757,12475,9708,9362,9552,SENIOR,Left and Right sides,"10,18","25,25",Not SPEED,"25,25",398747,1.04,"2. No,2. No",0,"0,0",6PM TO 9PM,1,1,1. No Traffic Control,6. No Traffic Control Device Present,Not a Parkway - Trucks and Commercial Vehicles Allowed,"1,2","1. Passenger car,9. Bicycle","CHRYSLER,SPECIALIZE","3. Making Left Turn,1. Going Straight Ahead","CONCORDE,SIRRUS",19962010,5,5.Hampton Roads,1. No Adverse Condition (Clear/Cloudy),Not Provided,2. No,Not Provided,Not YOUNG
No Access Control,Not ALCIHOL,Urban,1,1,Bituminous Concrete (Black Base),CHESTNUT STREET(B)/,Not UNBELTED,60,Not Provided,A,2,BIKE,1.03,0,0,,2. Angle,"Not Provided,Not Provided","Not Provided,Not Provided",12408539,1.103,4,3/17/2011,3/17/2011,22. Bicycle,600,A.Ambulatory Injury,2011,Left and Right sides,0,0,Portsmouth,Urban,22. Bicycle,MAIN,3AM TO 6AM,124.Portsmouth,37,Intersection,Reset Filters,VDOT_OTHER,Thursday,Not DEER,"South,South",,5,1,120585233,60,"Not Provided,Not Provided","PDO,A","1,2","40. Fail to Maintain Proper Control,1. No Improper Action","2. Not Deployed,3. Unavailable/Not Applicable","4. No Test,4. No Test","9. Unknown,1. No Defects","Not Applicable,Not Applicable","6. Unknown,1. Had Not Been Drinking","3. Unknown,2. No","1. Not Ejected,1. Not Ejected","No,No","Yes,No","Not Provided,Not Provided","Not Applicable,Not Applicable",,,1,483294,SR-00141(B)/COUNTY ST,0,0,"0.Two-way, non-divided","22,20",1. On Roadway,"0,0",H,H.Urban Minor Arterial,Other City or Town Streets (not state maintained),Not GUARDRAIL,HIT_RUN,"1,11",1,4. Four Approaches,120585233,C,0,0,36.833571,36.833571,0,0.08,Not LRTRUCK,4. Darkness - Road Lighted,LOCATED,-76.306911,-76.306911,MAINLINE,MAIN,0,0,0,0,0,Undivided Roadway,"22,20",Not MOTORCYCLE,483294,483294.  SR00141       SR00141      12408539      12408539,30264,29594,27852,26855,27399,4,1,0.007,SEC_URBAN,,,,,,,,,0,0,48,0,1,,0,0,,,,,,,,,Not PED,,1,0,Portsmouth,124,5,NOT-RD,9. Within Intersection,0,1.00,1.11,1. Straight - Level,1. No Defects,"2. Two-Way, Divided, Unprotected Median",1. Dry,"2. Blacktop, Asphalt, Bituminous",800 COUNTY ST,URB,UR,R-VA124UR08539WB,"Urbanized (Population 200,000 and over)",3. No,"0,22",4738,4633,4661,4490,4580,Not SENIOR,Left and Right sides,"25,0","25,25",Not SPEED,"25,25",484090,0,"Not Provided,2. No",0,"0,0",3AM TO 6AM,1,1,3. Traffic Signal,1. Yes - Working,Not a Parkway - Trucks and Commercial Vehicles Allowed,"1,2","1. Passenger car,9. Bicycle",,"14. Changing Lanes,2. Making Right Turn",,,5,5.Hampton Roads,1. No Adverse Condition (Clear/Cloudy),Not Provided,2. No,Not Provided,Not YOUNG
No Access Control,Not ALCIHOL,Urban,1,1,Bituminous Concrete (Black Base),131-08799(R)/,Not UNBELTED,15,Female,A,2,BIKE,4.88,0,0,,2. Angle,"Not Provided,Not Provided","Not Provided,Not Provided",SR00165,4.923,3,3/19/2011,3/19/2011,22. Bicycle,1757,A.Ambulatory Injury,2011,None,0,0,Chesapeake,Urban,22. Bicycle,MAIN,3PM TO 6PM,131.Chesapeake,227,Intersection,Reset Filters,VDOT_OTHER,Saturday,Not DEER,"East,East",,5,1,111290231,"41,15","Female,Female","PDO,A","1,2","1. No Improper Action,8. Cutting In","2. Not Deployed,3. Unavailable/Not Applicable","Not Applicable,Not Applicable","1. No Defects,1. No Defects","Not Applicable,Not Applicable","1. Had Not Been Drinking,1. Had Not Been Drinking","Not Applicable,Not Applicable","1. Not Ejected,Not Provided","No,Yes","No,No","3. Lap and Shoulder Belt,9. Not Applicable","1. Not Obscured,12. Sun or Headlight Glare",,,5,483345,131-08799(R)/,0.06,1,"1.Divided, no control of access","22,20",1. On Roadway,"0,0",H,H.Urban Minor Arterial,Urban Extensions - Primary Routes,Not GUARDRAIL,Not HIT_RUN,"12,11",1,1. Not at Intersection,111290231,C,0,0,36.710327,36.710327,0,0.06,Not LRTRUCK,2. Daylight,LOCATED,-76.269879,-76.269879,MAINLINE,MAIN,0,0,Curbed Grass,14,4,Divided Roadway,"22,20",Not MOTORCYCLE,483345,483345.  SR00165       SR00165      13108799,30876,30193,30364,34550,35236,3,1,0.043,PRI_URBAN,,,,,,,,,0,220,50,0,1,,0,0,,,,,,,,,Not PED,,1,0,Chesapeake,131,5,NOT-RD,8. Non-Intersection,0,4.75,4.94,1. Straight - Level,1. No Defects,"3. Two-Way, Divided, Positive Median Barrier",1. Dry,"2. Blacktop, Asphalt, Bituminous",CEDAR RD,STPRI,SR,R-VA   SR00165NB,"Urbanized (Population 200,000 and over)",3. No,"0,0",26691,26100,26248,30376,30979,Not SENIOR,None,"45,2","45,0",SPEED,"45,0",483345,0,"2. No,2. No",0,"0,0",3PM TO 6PM,1,1,6. Traffic Lanes Marked,1. Yes - Working,Not a Parkway - Trucks and Commercial Vehicles Allowed,"1,2","1. Passenger car,9. Bicycle","HONDA,BICYCLE","1. Going Straight Ahead,6. Merging Into Traffic Lane","CIVIC,UNKNOWN",19962010,5,5.Hampton Roads,1. No Adverse Condition (Clear/Cloudy),Not Provided,2. No,Not Provided,YOUNG
No Access Control,ALCOHOL,Urban,1,1,"N/A, Unknown, or Unstabilized",CARRIBBEAN AVE(R)/,Not UNBELTED,21,Not Provided,A,2,BIKE,0.85,0,0,,3. Head On,"Not Provided,Not Provided","Not Provided,Not Provided",13408724,0.922,4,3/20/2011,3/20/2011,22. Bicycle,310,A.Ambulatory Injury,2011,None,0,0,Virginia Beach,Urban,22. Bicycle,MAIN,3AM TO 6AM,134.Virginia Beach,"2,524",Intersection,Reset Filters,VDOT_OTHER,Sunday,Not DEER,"East,South",DISTRACTED,5,1,111290252,21,"Not Provided,Not Provided","PDO,A","1,2","34. Hit and Run,11. Did Not Have Right-of-Way","Not Provided,3. Unavailable/Not Applicable","Not Applicable,4. No Test","9. Unknown,1. No Defects","Not Applicable,7. Eyes Not on Road","6. Unknown,3. Drinking - Ability Impaired","3. Unknown,2. No","Not Provided,2. Partially Ejected","NotProvided,Yes","Yes,No","Not Provided,9. Not Applicable","Not Applicable,1. Not Obscured",,,1,542043,CYPRESS AVE(B)/,0,0,"0.Two-way, non-divided","22,20",1. On Roadway,"0,0",I,I.Urban Collector,Other City or Town Streets (not state maintained),Not GUARDRAIL,HIT_RUN,"11,3",1,1. Not at Intersection,111290252,C,0,0,36.837691,36.837691,3,0.11,Not LRTRUCK,4. Darkness - Road Lighted,LOCATED,-75.982011,-75.982011,MAINLINE,MAIN,0,0,0,0,0,Undivided Roadway,"22,20",Not MOTORCYCLE,541493,541493. 13408669      13408669      13408724      13408724,26452,23305,23520,22666,22386,2,1,0.478,SEC_URBAN,,,,,,,,,0,0,46,0,1,,0,0,,,,,,,,,Not PED,,1,0,Virginia Beach,134,5,RD-UNKNOWN,8. Non-Intersection,3,0.75,0.92,1. Straight - Level,1. No Defects,"1. Two-Way, Not Divided",1. Dry,1. Concrete,NORFOLK AVE,URB,UR,R-VA134UR08724WB,"Urbanized (Population 200,000 and over)",3. No,"0,0",7712,7145,7211,6949,7124,Not SENIOR,Right side,"35,3","35,35",Not SPEED,"35,35",542042,0,"Not Provided,2. No",0,"0,0",3AM TO 6AM,1,1,6. Traffic Lanes Marked,1. Yes - Working,Not a Parkway - Trucks and Commercial Vehicles Allowed,"1,2","1. Passenger car,9. Bicycle","HONDA,BEACH CRUI","1. Going Straight Ahead,15. Other",BEACH CRUISER,1998,5,5.Hampton Roads,1. No Adverse Condition (Clear/Cloudy),Not Provided,2. No,Not Provided,Not YOUNG
No Access Control,Not ALCIHOL,Urban,1,1,"N/A, Unknown, or Unstabilized",SR-00134(B)/,Not UNBELTED,53,Female,A,2,BIKE,5.43,0,0,,4. Sideswipe - Same Direction,"2. Bus (Seats For 16 People or More, Including Driver),Not Provided","4. Bus (Seats for 16 People or More, Including Driver),Not Provided",SR00351,5.445,4,3/21/2011,3/21/2011,20. Motor Vehicle In Transport,1030,A.Ambulatory Injury,2011,Left and Right sides,0,2,Hampton,Urban,20. Motor Vehicle In Transport,MAIN,9AM TO 12PM,114.Hampton,79,Intersection,Reset Filters,VDOT_OTHER,Monday,Not DEER,"East,East",,5,1,111080019,"49,53","Female,Female","PDO,A","1,2","40. Fail to Maintain Proper Control,1. No Improper Action","2. Not Deployed,Not Provided","Not Applicable,Not Applicable","1. No Defects,1. No Defects","Not Applicable,Not Applicable","1. Had Not Been Drinking,1. Had Not Been Drinking","Not Applicable,3. Unknown","1. Not Ejected,Not Provided","No,Yes","No,No","3. Lap and Shoulder Belt,8. No Restraint Used","1. Not Obscured,1. Not Obscured",,,6,253173,114-07039(L)/NORTH KING STREET(R)/KING ST,0,0,"0.Two-way, non-divided","13,20",4. Roadside,"0,0",H,H.Urban Minor Arterial,Urban Extensions - Primary Routes,Not GUARDRAIL,Not HIT_RUN,"4,11",1,4. Four Approaches,111080019,C,0,0,37.029494,37.029494,0,0.27,Not LRTRUCK,2. Daylight,LOCATED,-76.350194,-76.350194,MAINLINE,MAIN,0,0,0,0,0,Undivided Roadway,"13,20",Not MOTORCYCLE,253031,253031.  SR00134       SR00134       SR00351       SR00351,23951,23828,19827,19319,19820,4,1,0.015,PRI_URBAN,,"Male,Male","C,C",,"3. Unavailable/Not Applicable,3. Unavailable/Not Applicable","1. Not Ejected,1. Not Ejected","No,Yes","9. Not Applicable,9. Not Applicable",0,96,48,0,3,,0,0,,,,,,,,,Not PED,,3,0,Hampton,114,5,NOT-RD,10. Intersection Related - Within 150 Feet,0,5.25,5.44,1. Straight - Level,7. Slick Pavement,"1. Two-Way, Not Divided",2. Wet,1. Concrete,W PEMBROKE AVE,STPRI,SR,R-VA   SR00351EB,"Urbanized (Population 200,000 and over)",3. No,"22,0",9904,9685,9052,8730,8907,Not SENIOR,Left and Right sides,"10,4","35,35",Not SPEED,"35,35",253031,0,"1. Yes,2. No",0,"0,0",9AM TO 12PM,1,1,3. Traffic Signal,1. Yes - Working,Not a Parkway - Trucks and Commercial Vehicles Allowed,"1,2","14. Bus - City Transit Bus/Privately Owned Church Bus,9. Bicycle",GILLIG,"3. Making Left Turn,1. Going Straight Ahead","G27D102N4,BIC",2007,5,5.Hampton Roads,9. Other,Not Provided,2. No,Not Provided,Not YOUNG
No Access Control,Not ALCIHOL,Urban,1,1,Bituminous Concrete (Black Base),134-08687(L)/SHIPPS CORNER RD,Not UNBELTED,42,Male,A,2,BIKE,3.56,0,0,,2. Angle,"Not Provided,Not Provided","Not Provided,Not Provided",13400012,3.969,4,3/24/2011,3/24/2011,22. Bicycle,1739,A.Ambulatory Injury,2011,Left and Right sides,0,0,Virginia Beach,Urban,22. Bicycle,MAIN,3PM TO 6PM,134.Virginia Beach,111,Intersection,Reset Filters,VDOT_OTHER,Thursday,Not DEER,"West,North",,5,1,111300000,"52,42","Female,Male","PDO,A","1,2","1. No Improper Action,11. Did Not Have Right-of-Way","2. Not Deployed,3. Unavailable/Not Applicable","4. No Test,4. No Test","1. No Defects,1. No Defects","Not Applicable,Not Applicable","1. Had Not Been Drinking,1. Had Not Been Drinking","2. No,2. No","1. Not Ejected,3. Totally Ejected","No,Yes","No,No","3. Lap and Shoulder Belt,9. Not Applicable","16. Stopped Vehicle(s),16. Stopped Vehicle(s)",,,4,541277,134-08688(L)/134-08779(R)/DAM NECK & LANDSTOW,0,1,"1.Divided, no control of access","22,20",1. On Roadway,"0,0",H,H.Urban Minor Arterial,Other City or Town Streets (not state maintained),Not GUARDRAIL,Not HIT_RUN,"12,3",1,4. Four Approaches,111300000,C,0,0,36.786349,36.786349,0,0.43,Not LRTRUCK,2. Daylight,LOCATED,-76.079003,-76.079003,MAINLINE,MAIN,0,0,Curbed Grass,16,4,Divided Roadway,"22,20",Not MOTORCYCLE,541277,541277. 13400012      13400012      13408688      13408779,55755,59544,60094,57913,49911,4,1,0.021,SEC_URBAN,,,,,,,,,0,0,52,0,1,,0,0,,,,,,,,,Not PED,,1,0,Virginia Beach,134,5,NOT-RD,9. Within Intersection,0,3.75,3.97,1. Straight - Level,1. No Defects,"2. Two-Way, Divided, Unprotected Median",1. Dry,"2. Blacktop, Asphalt, Bituminous",3100 HOLLAND RD,URB,UR,R-VA134UR00012WB,"Urbanized (Population 200,000 and over)",3. No,"0,0",22188,24543,24770,23871,24056,Not SENIOR,Left and Right sides,"35,5","45,45",Not SPEED,"45,45",541276,0,"2. No,2. No",0,"0,0",3PM TO 6PM,1,1,3. Traffic Signal,1. Yes - Working,Not a Parkway - Trucks and Commercial Vehicles Allowed,"1,2","1. Passenger car,9. Bicycle","MITSUBISHI,BICYCLE","1. Going Straight Ahead,15. Other","GALANT,STREET BICYCLE",20062009,5,5.Hampton Roads,1. No Adverse Condition (Clear/Cloudy),Not Provided,2. No,Not Provided,Not YOUNG