Access Control,Alcohol Notalcohol,Area Type1,A Crash,A People,Basetypedesc,Begin Node Dsc,Belted Unbelted,Bikeage,Bikegen,Bikeinjurytype,Bikevehiclenumber,Bike Nonbike,BMP,B Crash,B People,Carspeedlimit,Collision Type,Comm Cargo Body Type Cd,Comm Vehicle Body Type Cd,Cotedrouteid,Coted Mp,Count App,CRASH_DT (copy),Crash Dt,Crash Event Type Dsc,Crash Military Tm,Crash Severity,Crash Year,Curbgutterdesc,C Crash,C People,Juris Name Used,Area Type Used,First Harmful Event of Entire Crash,MAINLINE,Time Slicing Used,Phy_Juris_Nm,Offset-Ft,Intersection Analysis,Clear,Calculation_9640323132123359,Day Of Week,Deer Nodeer,Direction Of Travel Cd,Distracted Notdistracted,VSP,TOTAL CRASH,Document Nbr,Driverage,Drivergen,Driverinjurytype,Drivervehiclenumber,Driver Action Type Cd,Driver Airbag Deployment,Driver Alcohol Test Type Cd,Driver Condition Type Cd,Driver Distraction Type Cd,Driver Drinking Type Cd,Driver Drug Use Cd,Driver Ejected From Vehicle,Driver Ems Transport Ind,Driver Fled Scene Ind,Driver Safety Equip Used,Driver Vis Obscured Type Cd,Drowsy Notdrowsy,Drug Nodrug,EMP,End Node,End Node Dsc,End Offset,Facility,FAC,First Crash Event Cd,First Harmful Event,Fourth Crash Event Cd,Functionalclass,FUN,Govcondesc,Gr Nogr,Hitrun Not Hitrun,Initial Veh Impact Area Cd,Injury Crashes,Intersection Type,Int Doc,Jurtype,K_CRASH,K People,LAT (copy),LAT,Leftshoulderwidth,Length,Lgtruck Nonlgtruck,Light Condition,Located Unlocated,LON (copy),LON,MAINLINE (group),Mainline Yn,Medianleftshoulderwidth,Medianrightshoulderwidth,Mediantypedesc,Medianwidthmax,Medianwidthmin,Median Type,Most Harmful Crash Event Cd,Motor Nonmotor,Node,Node Info,Node Totaadt2011,Node Totaadt2012,Node Totaadt2013,Node Totaadt2014,Node Totaadt2015,Numberoflane,Number of Records,Offset,Ownership,Passage,Passgen,Passinjurytype,Passvehiclenumber,Pass Airbag Deployment,Pass Ejected From Vehicle,Pass Ems Transport Ind,Pass Safety Equip Used,Pavementconditionvalue,Pavementroughnessvalue,Pavementwidth,Pdo Crash,Total People Killed & Injured,Pedage,Pedestrians Injured,Pedestrians Killed,Pedgen,Pedinjurytype,Pednumber,Ped Action,Ped Al Test,Ped Cond,Ped Drink,Ped Drug,Ped Nonped,Ped Rflct,Persons Injured,Persons Killed,Physical Juris Nm,PJR,VSP_Used,Rd Type,Relation To Roadway,Rightshoulderwidth,RNS_MP (0.25 mi bin),Rns Mp,Roadway Alignment,Roadway Defect,Roadway Description,Roadway Surface Cond,Roadway Surface Type,Route Or Street Nm,Rte Category Cd,Rte Cat,Rte Nm,Ruralurbandesc,School Zone,Second Crash Event Cd,Segtotaadt2011,Segtotaadt2012,Segtotaadt2013,Segtotaadt2014,Segtotaadt2015,Senior Notsenior,Sidewalkdesc,Speed Before,Speed Max Safe,Speed Notspeed,Speed Posted,Start Node,Start Offset,Summons Issued Cd,Surfacedesc,Third Crash Event Cd,Time Slicing,Total Crashes including Property Damage Only,Total Crash,Traffic Control Type,Trfc Ctrl Status Type,Truckcommr,Vehiclenumber,Vehicle Body Type Cd,Vehicle Make Nm,Vehicle Maneuver Type Cd,Vehicle Model Nm,Vehicle Year Nbr,District,District_Used ,Weather Condition,Work Zone Location,Work Zone Related,Work Zone Type,Young Notyoung
No Access Control,Not ALCIHOL,Urban,0,0,"N/A, Unknown, or Unstabilized",FLORIDA AVE.(R)/,Not UNBELTED,42,Female,C,2,BIKE,3.5,0,0,,2. Angle,"Not Provided,Not Provided","Not Provided,Not Provided",12208639,3.544,4,3/26/2011,3/26/2011,20. Motor Vehicle In Transport,600,C.Non-Visible Injury,2011,Left and Right sides,1,1,Norfolk,Urban,20. Motor Vehicle In Transport,MAIN,3AM TO 6AM,122.Norfolk,391,Intersection,Reset Filters,VDOT_OTHER,Saturday,Not DEER,"South,South",,5,1,111300191,"49,42","Female,Female","PDO,C","1,2","1. No Improper Action,13. Fail to Signal or Improper Signal","2. Not Deployed,3. Unavailable/Not Applicable","4. No Test,4. No Test","1. No Defects,1. No Defects","Not Applicable,Not Applicable","1. Had Not Been Drinking,1. Had Not Been Drinking","2. No,2. No","1. Not Ejected,3. Totally Ejected","No,Yes","No,No","3. Lap and Shoulder Belt,5. Helmet","1. Not Obscured,1. Not Obscured",,,4,712368,FLORIDA AVE.(R)/,0.09,1,"1.Divided, no control of access","22,20",1. On Roadway,"0,0",H,H.Urban Minor Arterial,Other City or Town Streets (not state maintained),Not GUARDRAIL,Not HIT_RUN,"12,7",1,1. Not at Intersection,111300191,C,0,0,36.863868,36.863868,0,0.09,Not LRTRUCK,4. Darkness - Road Lighted,LOCATED,-76.245078,-76.245078,MAINLINE,MAIN,0,0,0,0,0,Divided Roadway,"20,20",Not MOTORCYCLE,483355,483355.  SR00166       SR00166      12208639      12208639,34255,32986,32959,32565,34731,4,1,0.074,SEC_URBAN,,,,,,,,,0,0,52,0,1,,0,0,,,,,,,,,Not PED,,1,0,Norfolk,122,5,NOT-RD,8. Non-Intersection,0,3.50,3.57,1. Straight - Level,1. No Defects,"1. Two-Way, Not Divided",1. Dry,"2. Blacktop, Asphalt, Bituminous",1500 INGLESIDE RD,URB,UR,R-VA122UR08639SB,"Urbanized (Population 200,000 and over)",3. No,"0,0",15200,13027,13147,12670,14341,Not SENIOR,Left and Right sides,"20,5","35,35",Not SPEED,"35,35",712368,0,"2. No,2. No",0,"0,0",3AM TO 6AM,1,1,6. Traffic Lanes Marked,1. Yes - Working,Not a Parkway - Trucks and Commercial Vehicles Allowed,"1,2","1. Passenger car,9. Bicycle","TOYOTA,Janis","1. Going Straight Ahead,6. Merging Into Traffic Lane","CAMRY,DURANGO",19921990,5,5.Hampton Roads,1. No Adverse Condition (Clear/Cloudy),Not Provided,2. No,Not Provided,Not YOUNG
No Access Control,Not ALCIHOL,Urban,1,1,"N/A, Unknown, or Unstabilized",BLUESTONE AVE(B)/,Not UNBELTED,22,Male,A,1,BIKE,0.37,0,0,,2. Angle,"Not Provided,Not Provided","Not Provided,Not Provided",12208560,0.378,4,3/28/2011,3/28/2011,22. Bicycle,1759,A.Ambulatory Injury,2011,Left and Right sides,0,0,Norfolk,Urban,22. Bicycle,MAIN,3PM TO 6PM,122.Norfolk,961,Intersection,Reset Filters,VDOT_OTHER,Monday,Not DEER,"South,West",,5,1,111300097,"22,19","Male,Male","A,PDO","1,2","1. No Improper Action,11. Did Not Have Right-of-Way","3. Unavailable/Not Applicable,2. Not Deployed","Not Applicable,Not Applicable","1. No Defects,1. No Defects","Not Applicable,Not Applicable","1. Had Not Been Drinking,1. Had Not Been Drinking","Not Applicable,Not Applicable","3. Totally Ejected,1. Not Ejected","No,No","No,No","9. Not Applicable,3. Lap and Shoulder Belt","1. Not Obscured,16. Stopped Vehicle(s)",,,0,485047,BLUESTONE AVE(B)/,0.08,0,"0.Two-way, non-divided","0,22",1. On Roadway,"0,0",I,I.Urban Collector,Other City or Town Streets (not state maintained),Not GUARDRAIL,Not HIT_RUN,"12,12",1,2. Two Approaches,111300097,C,0,0,36.887666,36.887666,0,0.08,Not LRTRUCK,2. Daylight,LOCATED,-76.305822,-76.305822,MAINLINE,MAIN,0,0,0,0,0,Undivided Roadway,"0,22",Not MOTORCYCLE,483653,483653.  SR00337       SR00337      12208560      12208560,38662,39795,38985,36797,32993,2,1,0.182,SEC_URBAN,,,,,,,,,0,0,36,0,1,,0,0,,,,,,,,,Not PED,,1,0,Norfolk,122,5,NOT-RD,1. Main-Line Roadway,0,0.25,0.37,1. Straight - Level,1. No Defects,"1. Two-Way, Not Divided",1. Dry,"2. Blacktop, Asphalt, Bituminous",4900 BlueSTONE AVe,URB,UR,R-VA122UR08560EB,"Urbanized (Population 200,000 and over)",3. No,"0,0",3964,5628,5680,5474,4682,Not SENIOR,Right side,"2,15","15,25",Not SPEED,"15,25",485047,0,"Not Provided,Not Provided",0,"0,0",3PM TO 6PM,1,1,14. Ped Crosswalk,6. No Traffic Control Device Present,Not a Parkway - Trucks and Commercial Vehicles Allowed,"1,2","9. Bicycle,3. Van",HONDA,"1. Going Straight Ahead,1. Going Straight Ahead",,2001,5,5.Hampton Roads,1. No Adverse Condition (Clear/Cloudy),Not Provided,2. No,Not Provided,YOUNG
No Access Control,ALCOHOL,Urban,1,1,Bituminous Concrete (Black Base),HAVILAND RD(R)/,Not UNBELTED,41,Male,A,2,BIKE,13.54,0,0,,2. Angle,"Not Provided,Not Provided","Not Provided,Not Provided",C1SR00168,13.595,4,3/31/2011,3/31/2011,22. Bicycle,1630,A.Ambulatory Injury,2011,Left and Right sides,0,0,Chesapeake,Urban,22. Bicycle,MAIN,3PM TO 6PM,131.Chesapeake,818,Intersection,Reset Filters,VDOT_OTHER,Thursday,Not DEER,"South,East",,5,1,111330217,"31,41","Female,Male","PDO,A","1,2","1. No Improper Action,37. Other","2. Not Deployed,3. Unavailable/Not Applicable","Not Applicable,4. No Test","1. No Defects,1. No Defects","Not Applicable,Not Applicable","1. Had Not Been Drinking,3. Drinking - Ability Impaired","2. No,2. No","1. Not Ejected,1. Not Ejected","NotProvided,Yes","No,No","3. Lap and Shoulder Belt,9. Not Applicable","1. Not Obscured,13. Other",,,14,483393,BYRON ST(L)/THRASHER RD(R)/,0,1,"1.Divided, no control of access","22,20",1. On Roadway,"0,0",E,E.Urban Other Principle Arterials; Connecting Links of Other Rural Principal Arterial,Urban Extensions - Primary Routes,Not GUARDRAIL,Not HIT_RUN,"0,10",1,2. Two Approaches,111330217,C,0,0,36.761968,36.761968,0,0.06,Not LRTRUCK,2. Daylight,LOCATED,-76.250867,-76.250867,MAINLINE,MAIN,0,0,Curbed Grass,16,4,Divided Roadway,"22,20",Not MOTORCYCLE,483394,483394. 13108717      13108717     C1SR00168     C1SR00168,71902,70309,70707,79486,81064,6,1,0.155,PRI_URBAN,,,,,,,,,0,100,76,0,1,,0,0,,,,,,,,,Not PED,,1,0,Chesapeake,131,5,NOT-RD,10. Intersection Related - Within 150 Feet,0,13.50,13.60,1. Straight - Level,1. No Defects,"3. Two-Way, Divided, Positive Median Barrier",2. Wet,"2. Blacktop, Asphalt, Bituminous",rte 168n,STPRI,SR,R-VA   SR00168SBBUS001,"Urbanized (Population 200,000 and over)",3. No,"0,0",47001,45960,46220,48802,49771,Not SENIOR,Left and Right sides,"45,3","45,45",Not SPEED,"45,45",726481,0,"2. No,2. No",0,"0,0",3PM TO 6PM,1,1,6. Traffic Lanes Marked,1. Yes - Working,Not a Parkway - Trucks and Commercial Vehicles Allowed,"1,2","1. Passenger car,9. Bicycle","Mazda,BOSS","1. Going Straight Ahead,15. Other","626,BICYCLE",20002006,5,5.Hampton Roads,4. Mist,Not Provided,2. No,Not Provided,Not YOUNG
,ALCOHOL,Urban,1,1,,,Not UNBELTED,52,Male,A,2,BIKE,,0,0,,5. Sideswipe - Opposite Direction,"Not Provided,Not Provided","Not Provided,Not Provided",,,,4/3/2011,4/3/2011,22. Bicycle,2244,A.Ambulatory Injury,2011,,0,0,Norfolk,Urban,22. Bicycle,MAIN,9PM TO 12AM,122.Norfolk,,Not Intersection,Reset Filters,VDOT_OTHER,Sunday,Not DEER,"South,North",,5,1,111360230,"21,52","Male,Male","PDO,A","1,2","30. Avoiding Ped,1. No Improper Action","2. Not Deployed,3. Unavailable/Not Applicable","2. Breath,4. No Test","8. Other,1. No Defects","Not Applicable,Not Applicable","2. Drinking - Obviously Drunk,1. Had Not Been Drinking","2. No,2. No","1. Not Ejected,3. Totally Ejected","No,Yes","No,No","3. Lap and Shoulder Belt,8. No Restraint Used","1. Not Obscured,1. Not Obscured",,,,,,,,,"22,20",1. On Roadway,"0,0",,,,Not GUARDRAIL,Not HIT_RUN,"11,11",1,1. Not at Intersection,,C,0,0,36.873525,36.873525,,,Not LRTRUCK,4. Darkness - Road Lighted,UNLOCATED,-76.293763,-76.293763,MAINLINE,,,,,,,,"22,20",Not MOTORCYCLE,,.,,,,,,,1,,SEC_URBAN,,,,,,,,,,,,0,1,,0,0,,,,,,,,,Not PED,,1,0,Norfolk,122,5,RD-UNKNOWN,8. Non-Intersection,,,,1. Straight - Level,1. No Defects,"1. Two-Way, Not Divided",1. Dry,"2. Blacktop, Asphalt, Bituminous",2500 BLK GOSNOLD AVE,UNKWN,SC,U-VA122SC99999UK,,3. No,"0,0",,,,,,Not SENIOR,,"0,0","25,25",Not SPEED,"25,25",,,"1. Yes,Not Provided",,"0,0",9PM TO 12AM,1,1,4. Stop Sign,1. Yes - Working,,"1,2","1. Passenger car,9. Bicycle",HYUN,"1. Going Straight Ahead,1. Going Straight Ahead","ACCENT,BICYCLE",2010,5,5.Hampton Roads,1. No Adverse Condition (Clear/Cloudy),Not Provided,2. No,Not Provided,Not YOUNG
No Access Control,ALCOHOL,Urban,1,1,Dual Type,WEST GATE - OCEANS NAVAL,Not UNBELTED,44,Male,A,2,BIKE,297.27,0,0,,2. Angle,"Not Provided,Not Provided","Not Provided,Not Provided",US00060,297.621,3,4/3/2011,4/3/2011,22. Bicycle,200,A.Ambulatory Injury,2011,None,0,0,Virginia Beach,Urban,22. Bicycle,MAIN,0AM TO 3AM,134.Virginia Beach,"5,380",Intersection,Reset Filters,VDOT_OTHER,Sunday,Not DEER,"East,East",,5,1,111600357,44,"Not Provided,Male","PDO,A","1,2","34. Hit and Run,1. No Improper Action","Not Provided,3. Unavailable/Not Applicable","Not Applicable,4. No Test","9. Unknown,1. No Defects","Not Applicable,Not Applicable","6. Unknown,2. Drinking - Obviously Drunk","3. Unknown,3. Unknown","Not Provided,1. Not Ejected","NotProvided,Yes","Yes,No","Not Provided,9. Not Applicable","1. Not Obscured,1. Not Obscured",,,298,728562,WEST GATE - OCEANS NAVAL,2.86,1,"1.Divided, no control of access","22,20",1. On Roadway,"0,0",E,E.Urban Other Principle Arterials; Connecting Links of Other Rural Principal Arterial,Urban Extensions - Primary Routes,Not GUARDRAIL,HIT_RUN,"2,10",1,1. Not at Intersection,111600357,C,0,0,36.913291,36.913291,6,1.16,Not LRTRUCK,5. Darkness - Road Not Lighted,LOCATED,-76.009558,-76.009558,MAINLINE,MAIN,1,1,Grass/Unprotected,36,36,Divided Roadway,"22,20",Not MOTORCYCLE,541117,541117.  US00060       US00060      13408669,14676,13328,13276,13148,13017,4,1,1.019,PRI_URBAN,,,,,,,,,0,99,47,0,1,,0,0,,,,,,,,,Not PED,,1,0,Virginia Beach,134,5,NOT-RD,8. Non-Intersection,6,297.50,297.62,1. Straight - Level,1. No Defects,"3. Two-Way, Divided, Positive Median Barrier",1. Dry,"2. Blacktop, Asphalt, Bituminous",1700 BLK SHORE DR,USPRI,US,R-VA   US00060EB,"Urbanized (Population 200,000 and over)",3. No,"0,0",10944,10246,10186,10128,9226,Not SENIOR,None,"0,13","0,55",Not SPEED,"0,55",728562,1.7,"Not Provided,2. No",0,"0,0",0AM TO 3AM,1,1,6. Traffic Lanes Marked,1. Yes - Working,Not a Parkway - Trucks and Commercial Vehicles Allowed,"1,2","1. Passenger car,9. Bicycle",Trek,"1. Going Straight Ahead,1. Going Straight Ahead",4500 BICYCLE,2000,5,5.Hampton Roads,1. No Adverse Condition (Clear/Cloudy),Not Provided,2. No,Not Provided,Not YOUNG
No Access Control,Not ALCIHOL,Urban,0,0,Bituminous Concrete (Black Base),SR-00143(B)/121-00004(U)/OYSTER PT RD,Not UNBELTED,26,Female,C,2,BIKE,0,0,0,,2. Angle,"Not Provided,Not Provided","Not Provided,Not Provided",SR00171,0.022,4,4/4/2011,4/4/2011,22. Bicycle,645,C.Non-Visible Injury,2011,Left and Right sides,1,1,Newport News,Urban,22. Bicycle,MAIN,6AM TO 9AM,121.Newport News,116,Intersection,Reset Filters,VDOT_OTHER,Monday,Not DEER,"East,South",,5,1,111940101,"22,26","Female,Female","PDO,C","1,2","1. No Improper Action,10. Wrong Side Of Road - Not Overtaking","2. Not Deployed,3. Unavailable/Not Applicable","Not Applicable,Not Applicable","1. No Defects,1. No Defects","Not Applicable,Not Applicable","1. Had Not Been Drinking,1. Had Not Been Drinking","Not Applicable,Not Applicable","1. Not Ejected,3. Totally Ejected","No,Yes","No,No","3. Lap and Shoulder Belt,8. No Restraint Used","1. Not Obscured,1. Not Obscured",,,0,646390,CRISTON DRIVE(L)/,0,1,"1.Divided, no control of access","22,20",1. On Roadway,"0,0",H,H.Urban Minor Arterial,Urban Extensions - Primary Routes,Not GUARDRAIL,Not HIT_RUN,"9,12",1,4. Four Approaches,111940101,C,0,0,37.104635,37.104635,0,0.15,Not LRTRUCK,2. Daylight,LOCATED,-76.493394,-76.493394,MAINLINE,MAIN,0,0,Curbed (solid raised),4,4,Divided Roadway,"22,20",Not MOTORCYCLE,646114,646114.  SR00143       SR00143       SR00171      12100004,101086,102166,92808,91207,94005,6,1,0.022,PRI_URBAN,,,,,,,,,0,0,90,0,1,,0,0,,,,,,,,,Not PED,,1,0,Newport News,121,5,NOT-RD,1. Main-Line Roadway,0,0.00,0.00,1. Straight - Level,1. No Defects,"3. Two-Way, Divided, Positive Median Barrier",1. Dry,"2. Blacktop, Asphalt, Bituminous",OYSTER POINT ROAD,STPRI,SR,R-VA   SR00171WB,"Urbanized (Population 200,000 and over)",3. No,"0,20",43566,42602,43997,42430,43290,Not SENIOR,Left side,"25,10","45,45",Not SPEED,"45,45",646114,0,"1. Yes,1. Yes",0,"0,0",6AM TO 9AM,1,1,3. Traffic Signal,1. Yes - Working,Not a Parkway - Trucks and Commercial Vehicles Allowed,"1,2","1. Passenger car,9. Bicycle",HYUNDAI,"3. Making Left Turn,1. Going Straight Ahead",ACCENT,1997,5,5.Hampton Roads,1. No Adverse Condition (Clear/Cloudy),Not Provided,2. No,Not Provided,Not YOUNG
,Not ALCIHOL,Urban,0,0,,,Not UNBELTED,9,Female,B,1,BIKE,,1,1,,2. Angle,"Not Provided,Not Provided","Not Provided,Not Provided",,,,4/4/2011,4/4/2011,20. Motor Vehicle In Transport,1604,B.Visiible Injury,2011,,0,0,Hampton,Urban,20. Motor Vehicle In Transport,MAIN,3PM TO 6PM,114.Hampton,,Not Intersection,Reset Filters,VDOT_OTHER,Monday,Not DEER,"North,East",DISTRACTED,5,1,111360353,"9,29","Female,Male","B,PDO","1,2","22. Disregarded Stop or Yield Sign,1. No Improper Action","3. Unavailable/Not Applicable,2. Not Deployed","Not Applicable,Not Applicable","1. No Defects,1. No Defects","7. Eyes Not on Road,Not Applicable","1. Had Not Been Drinking,1. Had Not Been Drinking","2. No,2. No","1. Not Ejected,1. Not Ejected","No,No","No,No","8. No Restraint Used,3. Lap and Shoulder Belt","1. Not Obscured,1. Not Obscured",,,,,,,,,"20,22",1. On Roadway,"0,0",,,,Not GUARDRAIL,Not HIT_RUN,"12,2",1,3. Three Approaches,,C,0,0,37.053958,37.053958,,,Not LRTRUCK,1. Dawn,UNLOCATED,-76.340857,-76.340857,MAINLINE,,,,,,,,"20,22",Not MOTORCYCLE,,.,,,,,,,1,,SEC_URBAN,,,,,,,,,,,,0,1,,0,0,,,,,,,,,Not PED,,1,0,Hampton,114,5,NOT-RD,9. Within Intersection,,,,1. Straight - Level,9. Other,"1. Two-Way, Not Divided",2. Wet,1. Concrete,WALNUT STREET,UNKWN,SC,U-VA114SC99999UK,,3. No,"0,0",,,,,,Not SENIOR,,"0,25","25,25",Not SPEED,"25,25",,,"2. No,2. No",,"0,0",3PM TO 6PM,1,1,1. No Traffic Control,4. Yes - Not Working and Obscured,,"1,2","9. Bicycle,2. Truck - Pick-up/Passenger Truck","BICYCIE,CHEVY","1. Going Straight Ahead,1. Going Straight Ahead",SILVERADO,2000,5,5.Hampton Roads,1. No Adverse Condition (Clear/Cloudy),Not Provided,2. No,Not Provided,Not YOUNG
,Not ALCIHOL,Urban,0,0,,,Not UNBELTED,48,Female,B,2,BIKE,,1,1,,4. Sideswipe - Same Direction,"Not Provided,Not Provided","Not Provided,Not Provided",,,,4/7/2011,4/7/2011,22. Bicycle,1400,B.Visiible Injury,2011,,0,0,Virginia Beach,Urban,22. Bicycle,MAIN,12PM TO 3PM,134.Virginia Beach,,Not Intersection,Reset Filters,VDOT_OTHER,Thursday,Not DEER,"West,West",,5,1,111370011,"45,48","Female,Female","PDO,B","1,2","1. No Improper Action,42. Improper or Unsafe Lane Change","2. Not Deployed,3. Unavailable/Not Applicable","Not Applicable,Not Applicable","1. No Defects,1. No Defects","Not Applicable,Not Applicable","1. Had Not Been Drinking,1. Had Not Been Drinking","2. No,2. No","1. Not Ejected,2. Partially Ejected","No,No","No,No","3. Lap and Shoulder Belt,8. No Restraint Used","1. Not Obscured,1. Not Obscured",,,,,,,,,"22,20",1. On Roadway,"0,0",,,,Not GUARDRAIL,Not HIT_RUN,"3,8",1,4. Four Approaches,,C,0,0,36.848901,36.848901,,,Not LRTRUCK,2. Daylight,UNLOCATED,-76.019748,-76.019748,MAINLINE,,,,,,,,"22,20",Not MOTORCYCLE,,.,,,,,,,1,,SEC_URBAN,,,,,,,,,,,,0,1,,0,0,,,,,,,,,Not PED,,1,0,Virginia Beach,134,5,NOT-RD,9. Within Intersection,,,,1. Straight - Level,1. No Defects,"1. Two-Way, Not Divided",1. Dry,"2. Blacktop, Asphalt, Bituminous",DONNA DR,UNKWN,SC,U-VA134SC99999UK,,3. No,"0,0",,,,,,Not SENIOR,,"25,10","25,25",Not SPEED,"25,25",,,"2. No,2. No",,"0,0",12PM TO 3PM,1,1,6. Traffic Lanes Marked,1. Yes - Working,,"1,2","2. Truck - Pick-up/Passenger Truck,9. Bicycle","Ford,UNKNOWN","1. Going Straight Ahead,1. Going Straight Ahead","Ranger,BICYCLE",20032010,5,5.Hampton Roads,1. No Adverse Condition (Clear/Cloudy),Not Provided,2. No,Not Provided,Not YOUNG
No Access Control,Not ALCIHOL,Urban,0,0,"N/A, Unknown, or Unstabilized",SR-00194(B)/,Not UNBELTED,17,Female,B,2,BIKE,35.98,1,1,,2. Angle,"Not Provided,Not Provided","Not Provided,Not Provided",SR00165,36.342,3,4/9/2011,4/9/2011,22. Bicycle,1506,B.Visiible Injury,2011,Left and Right sides,0,0,Norfolk,Urban,22. Bicycle,MAIN,3PM TO 6PM,122.Norfolk,"1,151",Intersection,Reset Filters,VDOT_OTHER,Saturday,Not DEER,"North,West",,5,1,111440545,"66,17","Female,Female","PDO,B","1,2","1. No Improper Action,37. Other","2. Not Deployed,3. Unavailable/Not Applicable","4. No Test,4. No Test","1. No Defects,1. No Defects","Not Applicable,Not Applicable","1. Had Not Been Drinking,1. Had Not Been Drinking","2. No,2. No","1. Not Ejected,3. Totally Ejected","No,Yes","No,No","3. Lap and Shoulder Belt,8. No Restraint Used","1. Not Obscured,1. Not Obscured",,,36,483312,SR-00194(B)/,0.48,0,"0.Two-way, non-divided","22,20",4. Roadside,"0,0",E,E.Urban Other Principle Arterials; Connecting Links of Other Rural Principal Arterial,Urban Extensions - Primary Routes,Not GUARDRAIL,Not HIT_RUN,"12,12",1,3. Three Approaches,111440545,C,0,0,36.915059,36.915059,0,0.48,Not LRTRUCK,2. Daylight,LOCATED,-76.247841,-76.247841,MAINLINE,MAIN,0,0,0,0,0,Undivided Roadway,"22,20",Not MOTORCYCLE,483441,483441.  SR00165       SR00165      12208621,26176,24973,24826,24835,23489,4,1,0.218,PRI_URBAN,,,,,,,,,0,171,54,0,1,,0,0,,,,,,,,,Not PED,,1,0,Norfolk,122,5,NOT-RD,9. Within Intersection,0,36.25,36.34,1. Straight - Level,1. No Defects,"2. Two-Way, Divided, Unprotected Median",1. Dry,"2. Blacktop, Asphalt, Bituminous",800 e little creek rd,STPRI,SR,R-VA   SR00165SB,"Urbanized (Population 200,000 and over)",3. No,"0,0",25693,24998,24823,24901,23164,SENIOR,Left and Right sides,"5,0","35,0",Not SPEED,"35,0",483312,0,"2. No,2. No",0,"0,0",3PM TO 6PM,1,1,1. No Traffic Control,6. No Traffic Control Device Present,Not a Parkway - Trucks and Commercial Vehicles Allowed,"1,2","22. Truck - Sport Utility Vehicle (SUV),9. Bicycle","infiniti,mongoose","2. Making Right Turn,1. Going Straight Ahead","fx35,Xcon",2009,5,5.Hampton Roads,1. No Adverse Condition (Clear/Cloudy),Not Provided,2. No,Not Provided,YOUNG
No Access Control,Not ALCIHOL,Urban,0,0,"Stabilized with Selected Material (Soil,Gravel,Stone,etc.)",47-01685(R)/,Not UNBELTED,48,Male,B,1,BIKE,1.77,1,1,45,2. Angle,"Not Provided,Not Provided","Not Provided,Not Provided",4700615,1.891,3,4/10/2011,4/10/2011,22. Bicycle,845,B.Visiible Injury,2011,None,0,0,James City,Urban,22. Bicycle,MAIN,6AM TO 9AM,47.James City,639,Intersection,Reset Filters,VDOT_OTHER,Sunday,Not DEER,"East,East",,5,1,111360591,"48,72","Male,Male","B,PDO","1,2","40. Fail to Maintain Proper Control,1. No Improper Action","3. Unavailable/Not Applicable,2. Not Deployed","Not Applicable,Not Applicable","1. No Defects,1. No Defects","Not Applicable,Not Applicable","1. Had Not Been Drinking,1. Had Not Been Drinking","2. No,2. No","1. Not Ejected,1. Not Ejected","No,No","No,No","9. Not Applicable,3. Lap and Shoulder Belt","1. Not Obscured,1. Not Obscured",,,2,702034,47-01465(R)/SOUTH,0,0,"0.Two-way, non-divided","20,22",1. On Roadway,"0,0",I,I.Urban Collector,State Secondary,Not GUARDRAIL,Not HIT_RUN,"0,1",1,1. Not at Intersection,111360591,N,0,0,37.262829,37.262829,5,0.28,Not LRTRUCK,2. Daylight,LOCATED,-76.76211,-76.76211,MAINLINE,MAIN,0,0,0,0,0,Undivided Roadway,"20,22",Not MOTORCYCLE,744111,744111.  4700615       4700615       4701685,9713,9499,8877,8563,8735,2,1,0.121,VDOT_SEC,,,,,,,,,0,0,0,0,1,,0,0,,,,,,,,,Not PED,,1,0,James City,47,5,NOT-RD,11. Intersection Related - Outside 150 Feet,5,1.75,1.89,1. Straight - Level,1. No Defects,"1. Two-Way, Not Divided",1. Dry,"2. Blacktop, Asphalt, Bituminous",3599 IRONBOUND RD,SEC,SC,R-VA047SC00615NB,"Urbanized (Population 200,000 and over)",3. No,"0,0",9659,9445,8824,8510,8682,SENIOR,None,"0,20","0,45",Not SPEED,"0,45",744111,0,"2. No,2. No",Paved (unofficial definition),"0,0",6AM TO 9AM,1,1,1. No Traffic Control,6. No Traffic Control Device Present,Not a Parkway - Trucks and Commercial Vehicles Allowed,"1,2","9. Bicycle,22. Truck - Sport Utility Vehicle (SUV)",CHEV,"15. Other,1. Going Straight Ahead",SUBURBAN,1992,5,5.Hampton Roads,1. No Adverse Condition (Clear/Cloudy),Not Provided,2. No,Not Provided,Not YOUNG
No Access Control,Not ALCIHOL,Urban,0,0,Bituminous Concrete (Black Base),SR-00190(B)/CENTERVILLE TNPK,Not UNBELTED,16,Male,C,2,BIKE,1.15,0,0,,2. Angle,"Not Provided,Not Provided","Not Provided,Not Provided",13408661,1.166,4,4/13/2011,4/13/2011,22. Bicycle,2114,C.Non-Visible Injury,2011,Left and Right sides,1,1,Virginia Beach,Urban,22. Bicycle,MAIN,9PM TO 12AM,134.Virginia Beach,84,Intersection,Reset Filters,VDOT_OTHER,Wednesday,Not DEER,"East,North",,5,1,111555175,"56,16","Male,Male","PDO,C","1,2","1. No Improper Action,37. Other","2. Not Deployed,3. Unavailable/Not Applicable","4. No Test,4. No Test","1. No Defects,1. No Defects","Not Applicable,Not Applicable","1. Had Not Been Drinking,1. Had Not Been Drinking","2. No,2. No","1. Not Ejected,1. Not Ejected","No,Yes","No,No","3. Lap and Shoulder Belt,9. Not Applicable","1. Not Obscured,1. Not Obscured",,,1,541168,SR-00190(B)/CENTERVILLE TNPK,0.1,1,"1.Divided, no control of access","22,20",1. On Roadway,"0,0",H,H.Urban Minor Arterial,Other City or Town Streets (not state maintained),Not GUARDRAIL,Not HIT_RUN,"1,12",1,4. Four Approaches,111555175,C,0,0,36.780505,36.780505,0,0.1,Not LRTRUCK,4. Darkness - Road Lighted,LOCATED,-76.19237,-76.19237,MAINLINE,MAIN,0,0,0,0,0,Divided Roadway,"22,20",Not MOTORCYCLE,541168,541168.  SR00190       SR00190      13408661      13408661,52357,50128,50590,48754,47427,4,1,0.016,SEC_URBAN,,,,,,,,,0,0,52,0,1,,0,0,,,,,,,,,Not PED,,1,0,Virginia Beach,134,5,NOT-RD,11. Intersection Related - Outside 150 Feet,0,1.00,1.17,1. Straight - Level,1. No Defects,"3. Two-Way, Divided, Positive Median Barrier",1. Dry,"2. Blacktop, Asphalt, Bituminous",1900 CENTERVILLE TURNPIKE,URB,UR,R-VA134UR08661SB,"Urbanized (Population 200,000 and over)",3. No,"0,0",18453,17706,17869,17221,17087,Not SENIOR,Left and Right sides,"5,5","45,45",Not SPEED,"45,45",541168,0,"2. No,2. No",0,"0,0",9PM TO 12AM,1,1,3. Traffic Signal,1. Yes - Working,Not a Parkway - Trucks and Commercial Vehicles Allowed,"1,2","1. Passenger car,9. Bicycle","Jeep,UNK","2. Making Right Turn,1. Going Straight Ahead","Grand Cherokee,UNK",1994,5,5.Hampton Roads,1. No Adverse Condition (Clear/Cloudy),Not Provided,2. No,Not Provided,YOUNG