Access Control,Alcohol Notalcohol,Area Type1,A Crash,A People,Basetypedesc,Begin Node Dsc,Belted Unbelted,Bikeage,Bikegen,Bikeinjurytype,Bikevehiclenumber,Bike Nonbike,BMP,B Crash,B People,Carspeedlimit,Collision Type,Comm Cargo Body Type Cd,Comm Vehicle Body Type Cd,Cotedrouteid,Coted Mp,Count App,CRASH_DT (copy),Crash Dt,Crash Event Type Dsc,Crash Military Tm,Crash Severity,Crash Year,Curbgutterdesc,C Crash,C People,Juris Name Used,Area Type Used,First Harmful Event of Entire Crash,MAINLINE,Time Slicing Used,Phy_Juris_Nm,Offset-Ft,Intersection Analysis,Clear,Calculation_9640323132123359,Day Of Week,Deer Nodeer,Direction Of Travel Cd,Distracted Notdistracted,VSP,TOTAL CRASH,Document Nbr,Driverage,Drivergen,Driverinjurytype,Drivervehiclenumber,Driver Action Type Cd,Driver Airbag Deployment,Driver Alcohol Test Type Cd,Driver Condition Type Cd,Driver Distraction Type Cd,Driver Drinking Type Cd,Driver Drug Use Cd,Driver Ejected From Vehicle,Driver Ems Transport Ind,Driver Fled Scene Ind,Driver Safety Equip Used,Driver Vis Obscured Type Cd,Drowsy Notdrowsy,Drug Nodrug,EMP,End Node,End Node Dsc,End Offset,Facility,FAC,First Crash Event Cd,First Harmful Event,Fourth Crash Event Cd,Functionalclass,FUN,Govcondesc,Gr Nogr,Hitrun Not Hitrun,Initial Veh Impact Area Cd,Injury Crashes,Intersection Type,Int Doc,Jurtype,K_CRASH,K People,LAT (copy),LAT,Leftshoulderwidth,Length,Lgtruck Nonlgtruck,Light Condition,Located Unlocated,LON (copy),LON,MAINLINE (group),Mainline Yn,Medianleftshoulderwidth,Medianrightshoulderwidth,Mediantypedesc,Medianwidthmax,Medianwidthmin,Median Type,Most Harmful Crash Event Cd,Motor Nonmotor,Node,Node Info,Node Totaadt2011,Node Totaadt2012,Node Totaadt2013,Node Totaadt2014,Node Totaadt2015,Numberoflane,Number of Records,Offset,Ownership,Passage,Passgen,Passinjurytype,Passvehiclenumber,Pass Airbag Deployment,Pass Ejected From Vehicle,Pass Ems Transport Ind,Pass Safety Equip Used,Pavementconditionvalue,Pavementroughnessvalue,Pavementwidth,Pdo Crash,Total People Killed & Injured,Pedage,Pedestrians Injured,Pedestrians Killed,Pedgen,Pedinjurytype,Pednumber,Ped Action,Ped Al Test,Ped Cond,Ped Drink,Ped Drug,Ped Nonped,Ped Rflct,Persons Injured,Persons Killed,Physical Juris Nm,PJR,VSP_Used,Rd Type,Relation To Roadway,Rightshoulderwidth,RNS_MP (0.25 mi bin),Rns Mp,Roadway Alignment,Roadway Defect,Roadway Description,Roadway Surface Cond,Roadway Surface Type,Route Or Street Nm,Rte Category Cd,Rte Cat,Rte Nm,Ruralurbandesc,School Zone,Second Crash Event Cd,Segtotaadt2011,Segtotaadt2012,Segtotaadt2013,Segtotaadt2014,Segtotaadt2015,Senior Notsenior,Sidewalkdesc,Speed Before,Speed Max Safe,Speed Notspeed,Speed Posted,Start Node,Start Offset,Summons Issued Cd,Surfacedesc,Third Crash Event Cd,Time Slicing,Total Crashes including Property Damage Only,Total Crash,Traffic Control Type,Trfc Ctrl Status Type,Truckcommr,Vehiclenumber,Vehicle Body Type Cd,Vehicle Make Nm,Vehicle Maneuver Type Cd,Vehicle Model Nm,Vehicle Year Nbr,District,District_Used ,Weather Condition,Work Zone Location,Work Zone Related,Work Zone Type,Young Notyoung
,Not ALCIHOL,Urban,0,0,,,Not UNBELTED,63,Female,B,2,BIKE,,1,1,,2. Angle,"Not Provided,Not Provided","Not Provided,Not Provided",,,,5/7/2011,5/7/2011,22. Bicycle,928,B.Visiible Injury,2011,,0,0,Chesapeake,Urban,22. Bicycle,MAIN,9AM TO 12PM,131.Chesapeake,,Not Intersection,Reset Filters,VDOT_OTHER,Saturday,Not DEER,"North,Not Provided",,5,1,111440855,"24,63","Female,Female","PDO,B","1,2","1. No Improper Action,1. No Improper Action","2. Not Deployed,3. Unavailable/Not Applicable","4. No Test,4. No Test","1. No Defects,1. No Defects","Not Applicable,Not Applicable","1. Had Not Been Drinking,1. Had Not Been Drinking","2. No,2. No","1. Not Ejected,3. Totally Ejected","NotProvided,Yes","No,No","3. Lap and Shoulder Belt,5. Helmet","1. Not Obscured,1. Not Obscured",,,,,,,,,"22,20",1. On Roadway,"0,0",,,,Not GUARDRAIL,Not HIT_RUN,"1,11",1,1. Not at Intersection,,C,0,0,36.636361,36.636361,,,Not LRTRUCK,2. Daylight,UNLOCATED,-76.158191,-76.158191,MAINLINE,,,,,,,,"22,20",Not MOTORCYCLE,,.,,,,,,,1,,SEC_URBAN,,,,,,,,,,,,0,1,,0,0,,,,,,,,,Not PED,,1,0,Chesapeake,131,5,NOT-RD,8. Non-Intersection,,,,1. Straight - Level,1. No Defects,"1. Two-Way, Not Divided",1. Dry,1. Concrete,2012 LONG RIDGE ROAD,UNKWN,SC,U-VA131SC99999UK,,3. No,"0,0",,,,,,Not SENIOR,,"35,5","45,45",Not SPEED,"45,45",,,"2. No,2. No",,"0,0",9AM TO 12PM,1,1,6. Traffic Lanes Marked,1. Yes - Working,,"1,2","2. Truck - Pick-up/Passenger Truck,9. Bicycle",FORD,"1. Going Straight Ahead,3. Making Left Turn","SUP DTYU F350,BICYCLE",1999,5,5.Hampton Roads,1. No Adverse Condition (Clear/Cloudy),Not Provided,2. No,Not Provided,Not YOUNG
No Access Control,Not ALCIHOL,Urban,0,0,"N/A, Unknown, or Unstabilized",SIXTH STRET(R)/,Not UNBELTED,28,Male,B,2,BIKE,303.83,1,1,,2. Angle,"Not Provided,Not Provided","Not Provided,Not Provided",US00060,303.873,3,5/7/2011,5/7/2011,22. Bicycle,1455,B.Visiible Injury,2011,Left and Right sides,0,0,Virginia Beach,Urban,22. Bicycle,MAIN,12PM TO 3PM,134.Virginia Beach,"1,758",Intersection,Reset Filters,VDOT_OTHER,Saturday,Not DEER,"South,South",,5,1,111335078,"19,28","Male,Male","PDO,B","1,2","42. Improper or Unsafe Lane Change,1. No Improper Action","2. Not Deployed,3. Unavailable/Not Applicable","4. No Test,4. No Test","1. No Defects,1. No Defects","Not Applicable,Not Applicable","1. Had Not Been Drinking,1. Had Not Been Drinking","2. No,2. No","1. Not Ejected,1. Not Ejected","No,Yes","No,No","3. Lap and Shoulder Belt,5. Helmet","1. Not Obscured,1. Not Obscured",,,304,541101,RUDEE INLET,0,1,"1.Divided, no control of access","22,20",1. On Roadway,"0,0",I,I.Urban Collector,Urban Extensions - Primary Routes,Not GUARDRAIL,Not HIT_RUN,"9,12",1,1. Not at Intersection,111335078,C,0,0,36.834117,36.834117,0,0.34,Not LRTRUCK,2. Daylight,LOCATED,-75.971207,-75.971207,MAINLINE,MAIN,0,0,Positive Barrier *_(PF1 FOR NOTE),2,2,Divided Roadway,"22,20",Not MOTORCYCLE,541104,541104.  US00060       US00060      13408724,9681,8609,8689,8373,7932,4,1,0.333,PRI_URBAN,,,,,,,,,0,218,54,0,1,,0,0,,,,,,,,,Not PED,,1,0,Virginia Beach,134,5,NOT-RD,1. Main-Line Roadway,0,303.75,303.87,1. Straight - Level,1. No Defects,"1. Two-Way, Not Divided",1. Dry,"2. Blacktop, Asphalt, Bituminous",510 ATLANTIC AVENUE,USPRI,US,R-VA   US00060EB,"Urbanized (Population 200,000 and over)",3. No,"0,0",7746,6878,6942,6690,6381,Not SENIOR,Left and Right sides,10,"25,25",Not SPEED,"25,25",541103,0,"1. Yes,2. No",0,"0,0",12PM TO 3PM,1,1,6. Traffic Lanes Marked,1. Yes - Working,Not a Parkway - Trucks and Commercial Vehicles Allowed,"1,2","22. Truck - Sport Utility Vehicle (SUV),9. Bicycle","Jeep,GT BICYCLE","14. Changing Lanes,1. Going Straight Ahead","Grand Cherokee,SPORT CARBIN",20002010,5,5.Hampton Roads,1. No Adverse Condition (Clear/Cloudy),Not Provided,2. No,Not Provided,YOUNG
,Not ALCIHOL,Urban,0,0,,,Not UNBELTED,11,Female,B,2,BIKE,,1,1,,2. Angle,"Not Provided,Not Provided","Not Provided,Not Provided",,,,5/9/2011,5/9/2011,22. Bicycle,1630,B.Visiible Injury,2011,,0,0,Virginia Beach,Urban,22. Bicycle,MAIN,3PM TO 6PM,134.Virginia Beach,,Not Intersection,Reset Filters,VDOT_OTHER,Monday,Not DEER,"South,West",,5,1,111345155,"33,11","Female,Female","PDO,B","1,2","11. Did Not Have Right-of-Way,1. No Improper Action","2. Not Deployed,3. Unavailable/Not Applicable","4. No Test,4. No Test","1. No Defects,1. No Defects","Not Applicable,Not Applicable","1. Had Not Been Drinking,1. Had Not Been Drinking","2. No,2. No","1. Not Ejected,1. Not Ejected","No,Yes","No,No","3. Lap and Shoulder Belt,9. Not Applicable","1. Not Obscured,1. Not Obscured",,,,,,,,,"22,20",1. On Roadway,"0,0",,,,Not GUARDRAIL,Not HIT_RUN,"11,1",1,4. Four Approaches,,C,0,0,36.756236,36.756236,,,Not LRTRUCK,2. Daylight,UNLOCATED,-76.007051,-76.007051,MAINLINE,,,,,,,,"22,20",Not MOTORCYCLE,,.,,,,,,,1,,SEC_URBAN,,,,,,,,,,,,0,1,,0,0,,,,,,,,,Not PED,,1,0,Virginia Beach,134,5,NOT-RD,9. Within Intersection,,,,1. Straight - Level,1. No Defects,"3. Two-Way, Divided, Positive Median Barrier",1. Dry,"2. Blacktop, Asphalt, Bituminous",2198 UPTON DRIVE,UNKWN,SC,U-VA134SC99999UK,,3. No,"0,0",,,,,,Not SENIOR,,"5,3","35,25",Not SPEED,"35,25",,,"1. Yes,2. No",,"0,0",3PM TO 6PM,1,1,3. Traffic Signal,1. Yes - Working,,"1,2","3. Van,9. Bicycle","HOND,HUFFY","2. Making Right Turn,1. Going Straight Ahead","ODYSSEY,BEACH CRUISER",2006,5,5.Hampton Roads,1. No Adverse Condition (Clear/Cloudy),Not Provided,2. No,Not Provided,Not YOUNG
No Access Control,Not ALCIHOL,Urban,0,0,"N/A, Unknown, or Unstabilized",KINGS POINT ROAD(L)/CLUB HOUSE ROAD(R)/,Not UNBELTED,22,Female,C,2,BIKE,0.83,0,0,,2. Angle,"Not Provided,Not Provided","Not Provided,Not Provided",13400013,0.832,3,5/10/2011,5/10/2011,22. Bicycle,1433,C.Non-Visible Injury,2011,Left and Right sides,1,1,Virginia Beach,Urban,22. Bicycle,MAIN,12PM TO 3PM,134.Virginia Beach,834,Intersection,Reset Filters,VDOT_OTHER,Tuesday,Not DEER,"West,South",DISTRACTED,5,1,111315199,"58,22","Female,Female","PDO,C","1,2","11. Did Not Have Right-of-Way,1. No Improper Action","2. Not Deployed,3. Unavailable/Not Applicable","4. No Test,4. No Test","1. No Defects,1. No Defects","11. Other,1. Looking at Roadside Incident","1. Had Not Been Drinking,1. Had Not Been Drinking","3. Unknown,3. Unknown","1. Not Ejected,1. Not Ejected","No,Yes","No,No","3. Lap and Shoulder Belt,9. Not Applicable","1. Not Obscured,1. Not Obscured",,,1,541287,134-08750(R)/SILINA DRIVE(L)/,0,1,"1.Divided, no control of access","22,20",1. On Roadway,"0,0",H,H.Urban Minor Arterial,Other City or Town Streets (not state maintained),Not GUARDRAIL,Not HIT_RUN,"12,10",1,4. Four Approaches,111315199,C,0,0,36.825536,36.825536,0,0.16,Not LRTRUCK,2. Daylight,LOCATED,-76.096281,-76.096281,MAINLINE,MAIN,0,0,Curbed Grass,14,4,Divided Roadway,"22,20",Not MOTORCYCLE,541287,541287. 13400013      13400013      13408750,33447,32468,32768,31579,31017,4,1,0.158,SEC_URBAN,,,,,,,,,0,0,52,0,1,,0,0,,,,,,,,,Not PED,,1,0,Virginia Beach,134,5,NOT-RD,9. Within Intersection,0,0.75,0.83,1. Straight - Level,1. No Defects,"2. Two-Way, Divided, Unprotected Median",1. Dry,"2. Blacktop, Asphalt, Bituminous",498 S ROSEMONT RD,URB,UR,R-VA134UR00013NB,"Urbanized (Population 200,000 and over)",3. No,"0,0",29476,28778,29044,27990,27526,Not SENIOR,Left and Right sides,"2,5","0,0",Not SPEED,"35,35",735003,0,"1. Yes,2. No",0,"0,0",12PM TO 3PM,1,1,4. Stop Sign,1. Yes - Working,Not a Parkway - Trucks and Commercial Vehicles Allowed,"1,2","1. Passenger car,9. Bicycle","CHEVY,MURRY","2. Making Right Turn,1. Going Straight Ahead","COBALT,AMERICAN CLASSIC",20102010,5,5.Hampton Roads,1. No Adverse Condition (Clear/Cloudy),Not Provided,2. No,Not Provided,Not YOUNG
No Access Control,Not ALCIHOL,Urban,0,0,Bituminous Concrete (Black Base),SHIP CHANDLER WF(R)/,Not UNBELTED,26,Male,C,2,BIKE,1.34,0,0,,2. Angle,"Not Provided,Not Provided","Not Provided,Not Provided",13408829,1.471,3,5/11/2011,5/11/2011,22. Bicycle,1836,C.Non-Visible Injury,2011,Left and Right sides,1,1,Virginia Beach,Urban,22. Bicycle,MAIN,6PM TO 9PM,134.Virginia Beach,48,Intersection,Reset Filters,VDOT_OTHER,Wednesday,Not DEER,"West,West",,5,1,111335004,"48,26","Male,Male","PDO,C","1,2","6. Overtaking at Intersection,6. Overtaking at Intersection","2. Not Deployed,3. Unavailable/Not Applicable","4. No Test,4. No Test","1. No Defects,1. No Defects","Not Applicable,Not Applicable","1. Had Not Been Drinking,1. Had Not Been Drinking","Not Applicable,Not Applicable","1. Not Ejected,1. Not Ejected","No,Yes","No,No","3. Lap and Shoulder Belt,9. Not Applicable","1. Not Obscured,1. Not Obscured",,,1,542254,134-08739(R)/GREEN RUN BLVD,0,0,"0.Two-way, non-divided","22,20",1. On Roadway,"0,0",I,I.Urban Collector,Other City or Town Streets (not state maintained),Not GUARDRAIL,Not HIT_RUN,"2,12",1,4. Four Approaches,111335004,C,0,0,36.800687,36.800687,0,0.14,Not LRTRUCK,2. Daylight,LOCATED,-76.099417,-76.099417,MAINLINE,MAIN,0,0,0,0,0,Undivided Roadway,"22,20",Not MOTORCYCLE,542254,542254. 13408739      13408829      13408829,16089,15028,15128,14661,13905,2,1,0.009,SEC_URBAN,,,,,,,,,0,0,36,0,1,,0,0,,,,,,,,,Not PED,,1,0,Virginia Beach,134,5,NOT-RD,9. Within Intersection,0,1.25,1.47,1. Straight - Level,1. No Defects,"1. Two-Way, Not Divided",1. Dry,"2. Blacktop, Asphalt, Bituminous",1300 DAHLIA DR,URB,UR,R-VA134UR08829WB,"Urbanized (Population 200,000 and over)",3. No,"0,0",6999,6567,6628,6387,5745,Not SENIOR,Left side,"15,5","35,35",Not SPEED,"35,35",542589,0,"2. No,2. No",0,"0,0",6PM TO 9PM,1,1,3. Traffic Signal,1. Yes - Working,Not a Parkway - Trucks and Commercial Vehicles Allowed,"1,2","2. Truck - Pick-up/Passenger Truck,9. Bicycle","Toyota,NEXT","2. Making Right Turn,1. Going Straight Ahead","Tacoma,BICYCLE",20052010,5,5.Hampton Roads,1. No Adverse Condition (Clear/Cloudy),Not Provided,2. No,Not Provided,Not YOUNG
No Access Control,Not ALCIHOL,Urban,0,0,Bituminous Concrete (Black Base),COMMERCE PKWY(R)/,Not UNBELTED,,Female,PDO,2,BIKE,3.7,0,0,,2. Angle,"Not Provided,Not Provided","Not Provided,Not Provided",13408685,3.7,4,5/11/2011,5/11/2011,22. Bicycle,1346,PDO.Property Damage Only,2011,Left and Right sides,0,0,Virginia Beach,Urban,22. Bicycle,MAIN,12PM TO 3PM,134.Virginia Beach,581,Intersection,Reset Filters,VDOT_OTHER,Wednesday,Not DEER,"North,West",,5,1,111325244,25,"Female,Female","PDO,PDO","1,2","1. No Improper Action,11. Did Not Have Right-of-Way","2. Not Deployed,Not Provided","Not Applicable,Not Applicable","1. No Defects,9. Unknown","Not Applicable,Not Applicable","1. Had Not Been Drinking,6. Unknown","2. No,3. Unknown","1. Not Ejected,Not Provided","No,No","No,Yes","3. Lap and Shoulder Belt,Not Provided","1. Not Obscured,Not Applicable",,,4,541073,SR-00279(U)/US-00058(B)/GR NECK RD,0,1,"1.Divided, no control of access","22,20",1. On Roadway,"0,0",H,H.Urban Minor Arterial,Other City or Town Streets (not state maintained),Not GUARDRAIL,HIT_RUN,"2,12",0,2. Two Approaches,111325244,C,0,0,36.839438,36.839438,0,0.11,Not LRTRUCK,2. Daylight,LOCATED,-76.049031,-76.049031,MAINLINE,MAIN,0,0,Curbed Grass,16,8,Divided Roadway,"22,20",Not MOTORCYCLE,541073,541073.  SR00279       US00058       US00058      13408685,72812,72157,72823,70180,68463,6,1,0.11,SEC_URBAN,,,,,,,,,0,0,76,1,0,,0,0,,,,,,,,,Not PED,,0,0,Virginia Beach,134,5,NOT-RD,9. Within Intersection,0,3.50,3.70,1. Straight - Level,1. No Defects,"2. Two-Way, Divided, Unprotected Median",1. Dry,"2. Blacktop, Asphalt, Bituminous",300 LONDON BRIDGE RD,URB,UR,R-VA134UR08685NB,"Urbanized (Population 200,000 and over)",3. No,"0,0",23617,32431,32730,31542,35516,Not SENIOR,Left and Right sides,40,45,Not SPEED,45,541674,0,"2. No,Not Provided",0,"0,0",12PM TO 3PM,1,1,6. Traffic Lanes Marked,1. Yes - Working,Not a Parkway - Trucks and Commercial Vehicles Allowed,"1,2","22. Truck - Sport Utility Vehicle (SUV),9. Bicycle",Nissan,"1. Going Straight Ahead,1. Going Straight Ahead","Xterra,BICYLCE",2005,5,5.Hampton Roads,1. No Adverse Condition (Clear/Cloudy),Not Provided,2. No,Not Provided,Not YOUNG
No Access Control,Not ALCIHOL,Urban,0,0,"N/A, Unknown, or Unstabilized",122-08572(B)/COLLEY AVE,Not UNBELTED,54,Male,B,2,BIKE,0.98,1,1,,2. Angle,"Not Provided,Not Provided","Not Provided,Not Provided",12208563,0.987,4,5/11/2011,5/11/2011,22. Bicycle,1910,B.Visiible Injury,2011,Left and Right sides,0,0,Norfolk,Urban,22. Bicycle,MAIN,6PM TO 9PM,122.Norfolk,37,Intersection,Reset Filters,VDOT_OTHER,Wednesday,Not DEER,"Not Provided,Not Provided",DISTRACTED,5,1,111460147,54,"Not Provided,Male","PDO,B","1,2","23. Driver Distraction,11. Did Not Have Right-of-Way","Not Provided,3. Unavailable/Not Applicable","4. No Test,4. No Test","9. Unknown,1. No Defects","6. Cell Phone,Not Applicable","6. Unknown,1. Had Not Been Drinking","3. Unknown,2. No","Not Provided,3. Totally Ejected","NotProvided,No","Yes,No","Not Provided,9. Not Applicable","Not Applicable,1. Not Obscured",,,1,485087,25TH STREET(B)/,0,1,"1.Divided, no control of access","22,0",1. On Roadway,"0,0",H,H.Urban Minor Arterial,Other City or Town Streets (not state maintained),Not GUARDRAIL,HIT_RUN,"12,0",1,1. Not at Intersection,111460147,C,0,0,36.87102,36.87102,0,0.2,Not LRTRUCK,2. Daylight,LOCATED,-76.296115,-76.296115,MAINLINE,MAIN,0,0,Curbed (solid raised),4,4,Divided Roadway,"22,0",Not MOTORCYCLE,485086,485086. 12208563      12208563      12208572      12208572,26250,26219,26461,25501,22565,4,1,0.007,SEC_URBAN,,,,,,,,,0,0,46,0,1,,0,0,,,,,,,,,Not PED,,1,0,Norfolk,122,5,NOT-RD,10. Intersection Related - Within 150 Feet,0,0.75,0.98,3. Grade - Straight,1. No Defects,"3. Two-Way, Divided, Positive Median Barrier",1. Dry,"2. Blacktop, Asphalt, Bituminous",2100 BLK COLLEY AVE,URB,UR,R-VA122UR08563NB,"Urbanized (Population 200,000 and over)",3. No,"0,0",16192,16027,16175,15588,14278,Not SENIOR,Left and Right sides,"25,0","25,0",Not SPEED,"25,0",485086,0,"2. No,2. No",0,"0,0",6PM TO 9PM,1,1,3. Traffic Signal,1. Yes - Working,Not a Parkway - Trucks and Commercial Vehicles Allowed,"1,2","3. Van,9. Bicycle",BICYCLE,"1. Going Straight Ahead,1. Going Straight Ahead",,,5,5.Hampton Roads,1. No Adverse Condition (Clear/Cloudy),Not Provided,2. No,Not Provided,Not YOUNG
,Not ALCIHOL,Urban,0,0,,,Not UNBELTED,33,Male,B,2,BIKE,,1,1,,2. Angle,"Not Provided,Not Provided","Not Provided,Not Provided",,,,5/13/2011,5/13/2011,22. Bicycle,1244,B.Visiible Injury,2011,,0,0,Virginia Beach,Urban,22. Bicycle,MAIN,12PM TO 3PM,134.Virginia Beach,,Not Intersection,Reset Filters,VDOT_OTHER,Friday,Not DEER,"Not Provided,Not Provided",DISTRACTED,5,1,111555143,"35,33","Male,Male","PDO,B","1,2","11. Did Not Have Right-of-Way,1. No Improper Action","2. Not Deployed,3. Unavailable/Not Applicable","Not Applicable,Not Applicable","1. No Defects,1. No Defects","11. Other,Not Applicable","1. Had Not Been Drinking,1. Had Not Been Drinking","2. No,2. No","1. Not Ejected,3. Totally Ejected","No,Yes","No,No","3. Lap and Shoulder Belt,9. Not Applicable","1. Not Obscured,1. Not Obscured",,,,,,,,,"20,22",1. On Roadway,"0,0",,,,Not GUARDRAIL,Not HIT_RUN,"12,12",1,4. Four Approaches,,C,0,0,36.805586,36.805586,,,Not LRTRUCK,2. Daylight,UNLOCATED,-76.100598,-76.100598,MAINLINE,,,,,,,,"20,22",Not MOTORCYCLE,,.,,,,,,,1,,SEC_URBAN,,,,,,,,,,,,0,1,,0,0,,,,,,,,,Not PED,,1,0,Virginia Beach,134,5,NOT-RD,9. Within Intersection,,,,1. Straight - Level,1. No Defects,"2. Two-Way, Divided, Unprotected Median",1. Dry,"2. Blacktop, Asphalt, Bituminous",3500 BLOCK CAMPION LN,UNKWN,SC,U-VA134SC99999UK,,3. No,"0,0",,,,,,Not SENIOR,,"2,5","5,35",Not SPEED,"25,35",,,"2. No,2. No",,"0,0",12PM TO 3PM,1,1,4. Stop Sign,1. Yes - Working,,"1,2","1. Passenger car,9. Bicycle","FORD,SCHWINN","2. Making Right Turn,1. Going Straight Ahead","FUSION,MOUNTAIN BIKE",20102010,5,5.Hampton Roads,1. No Adverse Condition (Clear/Cloudy),Not Provided,2. No,Not Provided,Not YOUNG
,Not ALCIHOL,Urban,1,1,,,UNBELTED,7,Female,A,2,BIKE,,0,0,,15. Backed Into,"Not Provided,Not Provided","Not Provided,Not Provided",,,,5/14/2011,5/14/2011,22. Bicycle,1416,A.Ambulatory Injury,2011,,0,0,Virginia Beach,Urban,22. Bicycle,MAIN,12PM TO 3PM,134.Virginia Beach,,Not Intersection,Reset Filters,VDOT_OTHER,Saturday,Not DEER,"North,North",DISTRACTED,5,1,111485118,"32,7","Female,Female","PDO,A","1,2","18. Improper Backing,1. No Improper Action","2. Not Deployed,3. Unavailable/Not Applicable","Not Applicable,Not Applicable","1. No Defects,1. No Defects","11. Other,Not Applicable","1. Had Not Been Drinking,1. Had Not Been Drinking","2. No,2. No","1. Not Ejected,2. Partially Ejected","No,Yes","No,No","8. No Restraint Used,8. No Restraint Used","13. Other,1. Not Obscured",,,,,,,,,"22,20",1. On Roadway,"0,0",,,,Not GUARDRAIL,Not HIT_RUN,"6,12",1,1. Not at Intersection,,C,0,0,36.797575,36.797575,,,Not LRTRUCK,2. Daylight,UNLOCATED,-76.097551,-76.097551,MAINLINE,,,,,,,,"22,20",Not MOTORCYCLE,,.,,,,,,,1,,SEC_URBAN,,,,,,,,,,,,0,1,,0,0,,,,,,,,,Not PED,,1,0,Virginia Beach,134,5,NOT-RD,8. Non-Intersection,,,,1. Straight - Level,1. No Defects,"1. Two-Way, Not Divided",1. Dry,"2. Blacktop, Asphalt, Bituminous",1300 SIERRA DRIVE,UNKWN,SC,U-VA134SC99999UK,,3. No,"0,0",,,,,,Not SENIOR,,"3,0","0,0",Not SPEED,"25,25",,,"3. Pending,2. No",,"0,0",12PM TO 3PM,1,1,1. No Traffic Control,6. No Traffic Control Device Present,,"1,2","22. Truck - Sport Utility Vehicle (SUV),9. Bicycle","Dodge,SHAN HAI","12. Backing,8. Stopped in Traffic Lane","Durango,AVIGO",20052011,5,5.Hampton Roads,1. No Adverse Condition (Clear/Cloudy),Not Provided,2. No,Not Provided,Not YOUNG
No Access Control,Not ALCIHOL,Urban,0,0,Portland Cement Concrete,122-08644(R)/GLENROCK RD,Not UNBELTED,17,Female,B,2,BIKE,496.28,1,2,55,2. Angle,"Not Provided,Not Provided","Not Provided,Not Provided",US00058,496.363,3,5/15/2011,5/15/2011,22. Bicycle,1135,B.Visiible Injury,2011,Left and Right sides,0,0,Norfolk,Urban,22. Bicycle,MAIN,9AM TO 12PM,122.Norfolk,438,Intersection,Reset Filters,VDOT_OTHER,Sunday,Not DEER,"East,West",DISTRACTED,5,1,111570204,"28,17","Male,Female","PDO,B","1,2","11. Did Not Have Right-of-Way,1. No Improper Action","2. Not Deployed,3. Unavailable/Not Applicable","4. No Test,4. No Test","1. No Defects,1. No Defects","11. Other,Not Applicable","1. Had Not Been Drinking,1. Had Not Been Drinking","2. No,2. No","1. Not Ejected,3. Totally Ejected","No,No","No,No","3. Lap and Shoulder Belt,5. Helmet","13. Other,1. Not Obscured",,,496,483118,122-08644(R)/GLENROCK RD,0.19,1,"1.Divided, no control of access","22,20",1. On Roadway,"0,0",E,E.Urban Other Principle Arterials; Connecting Links of Other Rural Principal Arterial,Urban Extensions - Primary Routes,Not GUARDRAIL,Not HIT_RUN,"1,11",1,1. Not at Intersection,111570204,C,0,0,36.855319,36.855319,0,0.19,Not LRTRUCK,2. Daylight,LOCATED,-76.201577,-76.201577,MAINLINE,MAIN,0,0,Curbed Grass,16,2,Divided Roadway,"22,20",Not MOTORCYCLE,483118,483118.  US00058       US00058      12208644,26770,29658,29932,28845,27478,6,1,0.083,PRI_URBAN,17,Female,B,2,3. Unavailable/Not Applicable,Not Provided,No,9. Not Applicable,0,192,92,0,2,,0,0,,,,,,,,,Not PED,,2,0,Norfolk,122,5,NOT-RD,8. Non-Intersection,0,496.25,496.47,1. Straight - Level,1. No Defects,"3. Two-Way, Divided, Positive Median Barrier",1. Dry,"2. Blacktop, Asphalt, Bituminous",5900 BLK E VA BEACH BLVD,USPRI,US,R-VA   US00058EB,"Urbanized (Population 200,000 and over)",3. No,"0,0",23876,26858,27106,26122,25001,Not SENIOR,None,"2,0","45,0",Not SPEED,"45,0",483118,0,"2. No,2. No",0,"0,0",9AM TO 12PM,1,1,4. Stop Sign,6. No Traffic Control Device Present,Not a Parkway - Trucks and Commercial Vehicles Allowed,"1,2","3. Van,9. Bicycle","DODGE,BICYCLE","2. Making Right Turn,1. Going Straight Ahead",VAN,2000,5,5.Hampton Roads,1. No Adverse Condition (Clear/Cloudy),Not Provided,2. No,Not Provided,YOUNG