Access Control,Alcohol Notalcohol,Area Type1,A Crash,A People,Basetypedesc,Begin Node Dsc,Belted Unbelted,Bikeage,Bikegen,Bikeinjurytype,Bikevehiclenumber,Bike Nonbike,BMP,B Crash,B People,Carspeedlimit,Collision Type,Comm Cargo Body Type Cd,Comm Vehicle Body Type Cd,Cotedrouteid,Coted Mp,Count App,CRASH_DT (copy),Crash Dt,Crash Event Type Dsc,Crash Military Tm,Crash Severity,Crash Year,Curbgutterdesc,C Crash,C People,Juris Name Used,Area Type Used,First Harmful Event of Entire Crash,MAINLINE,Time Slicing Used,Phy_Juris_Nm,Offset-Ft,Intersection Analysis,Clear,Calculation_9640323132123359,Day Of Week,Deer Nodeer,Direction Of Travel Cd,Distracted Notdistracted,VSP,TOTAL CRASH,Document Nbr,Driverage,Drivergen,Driverinjurytype,Drivervehiclenumber,Driver Action Type Cd,Driver Airbag Deployment,Driver Alcohol Test Type Cd,Driver Condition Type Cd,Driver Distraction Type Cd,Driver Drinking Type Cd,Driver Drug Use Cd,Driver Ejected From Vehicle,Driver Ems Transport Ind,Driver Fled Scene Ind,Driver Safety Equip Used,Driver Vis Obscured Type Cd,Drowsy Notdrowsy,Drug Nodrug,EMP,End Node,End Node Dsc,End Offset,Facility,FAC,First Crash Event Cd,First Harmful Event,Fourth Crash Event Cd,Functionalclass,FUN,Govcondesc,Gr Nogr,Hitrun Not Hitrun,Initial Veh Impact Area Cd,Injury Crashes,Intersection Type,Int Doc,Jurtype,K_CRASH,K People,LAT (copy),LAT,Leftshoulderwidth,Length,Lgtruck Nonlgtruck,Light Condition,Located Unlocated,LON (copy),LON,MAINLINE (group),Mainline Yn,Medianleftshoulderwidth,Medianrightshoulderwidth,Mediantypedesc,Medianwidthmax,Medianwidthmin,Median Type,Most Harmful Crash Event Cd,Motor Nonmotor,Node,Node Info,Node Totaadt2011,Node Totaadt2012,Node Totaadt2013,Node Totaadt2014,Node Totaadt2015,Numberoflane,Number of Records,Offset,Ownership,Passage,Passgen,Passinjurytype,Passvehiclenumber,Pass Airbag Deployment,Pass Ejected From Vehicle,Pass Ems Transport Ind,Pass Safety Equip Used,Pavementconditionvalue,Pavementroughnessvalue,Pavementwidth,Pdo Crash,Total People Killed & Injured,Pedage,Pedestrians Injured,Pedestrians Killed,Pedgen,Pedinjurytype,Pednumber,Ped Action,Ped Al Test,Ped Cond,Ped Drink,Ped Drug,Ped Nonped,Ped Rflct,Persons Injured,Persons Killed,Physical Juris Nm,PJR,VSP_Used,Rd Type,Relation To Roadway,Rightshoulderwidth,RNS_MP (0.25 mi bin),Rns Mp,Roadway Alignment,Roadway Defect,Roadway Description,Roadway Surface Cond,Roadway Surface Type,Route Or Street Nm,Rte Category Cd,Rte Cat,Rte Nm,Ruralurbandesc,School Zone,Second Crash Event Cd,Segtotaadt2011,Segtotaadt2012,Segtotaadt2013,Segtotaadt2014,Segtotaadt2015,Senior Notsenior,Sidewalkdesc,Speed Before,Speed Max Safe,Speed Notspeed,Speed Posted,Start Node,Start Offset,Summons Issued Cd,Surfacedesc,Third Crash Event Cd,Time Slicing,Total Crashes including Property Damage Only,Total Crash,Traffic Control Type,Trfc Ctrl Status Type,Truckcommr,Vehiclenumber,Vehicle Body Type Cd,Vehicle Make Nm,Vehicle Maneuver Type Cd,Vehicle Model Nm,Vehicle Year Nbr,District,District_Used ,Weather Condition,Work Zone Location,Work Zone Related,Work Zone Type,Young Notyoung
,Not ALCIHOL,Urban,0,0,,,Not UNBELTED,44,Male,B,1,BIKE,,1,1,,2. Angle,"Not Provided,Not Provided","Not Provided,Not Provided",,,,6/1/2011,6/1/2011,20. Motor Vehicle In Transport,2120,B.Visiible Injury,2011,,0,0,Virginia Beach,Urban,20. Motor Vehicle In Transport,MAIN,9PM TO 12AM,134.Virginia Beach,,Not Intersection,Reset Filters,VDOT_OTHER,Wednesday,Not DEER,"East,North",,5,1,111535043,"44,23","Male,Male","B,PDO","1,2","37. Other,1. No Improper Action","3. Unavailable/Not Applicable,2. Not Deployed","4. No Test,4. No Test","1. No Defects,1. No Defects","Not Applicable,Not Applicable","1. Had Not Been Drinking,1. Had Not Been Drinking","2. No,2. No","1. Not Ejected,1. Not Ejected","Yes,NotProvided","No,No","5. Helmet,3. Lap and Shoulder Belt","1. Not Obscured,1. Not Obscured",,,,,,,,,"20,22",1. On Roadway,"0,0",,,,Not GUARDRAIL,Not HIT_RUN,"1,11",1,4. Four Approaches,,C,0,0,36.843249,36.843249,,,Not LRTRUCK,4. Darkness - Road Lighted,UNLOCATED,-76.126598,-76.126598,MAINLINE,,,,,,,,"20,22",Not MOTORCYCLE,,.,,,,,,,1,,SEC_URBAN,,,,,,,,,,,,0,1,,0,0,,,,,,,,,Not PED,,1,0,Virginia Beach,134,5,NOT-RD,9. Within Intersection,,,,1. Straight - Level,1. No Defects,"3. Two-Way, Divided, Positive Median Barrier",1. Dry,"2. Blacktop, Asphalt, Bituminous",4401 VIRGINIA BEACH BOULEVARD,UNKWN,SC,U-VA134SC99999UK,,3. No,"0,0",,,,,,Not SENIOR,,"5,20","45,45",Not SPEED,"45,45",,,"2. No,2. No",,"0,0",9PM TO 12AM,1,1,3. Traffic Signal,1. Yes - Working,,"1,2","9. Bicycle,1. Passenger car","BICYCLE,DODG","1. Going Straight Ahead,2. Making Right Turn","BICYCLE,STRATUS",20112003,5,5.Hampton Roads,1. No Adverse Condition (Clear/Cloudy),Not Provided,2. No,Not Provided,Not YOUNG
No Access Control,Not ALCIHOL,Urban,1,1,"N/A, Unknown, or Unstabilized",EDSYL ST(B)/,Not UNBELTED,17,Male,A,1,BIKE,1.2,0,0,,2. Angle,"Not Provided,Not Provided","Not Provided,Not Provided",12100014,1.2,4,6/1/2011,6/1/2011,20. Motor Vehicle In Transport,1620,A.Ambulatory Injury,2011,Left and Right sides,0,0,Newport News,Urban,20. Motor Vehicle In Transport,MAIN,3PM TO 6PM,121.Newport News,845,Intersection,Reset Filters,VDOT_OTHER,Wednesday,Not DEER,"North,East",,5,1,111940473,"17,39","Male,Male","A,PDO","1,2","10. Wrong Side Of Road - Not Overtaking,1. No Improper Action","3. Unavailable/Not Applicable,2. Not Deployed","4. No Test,4. No Test","1. No Defects,1. No Defects","Not Applicable,Not Applicable","1. Had Not Been Drinking,1. Had Not Been Drinking","2. No,2. No","1. Not Ejected,1. Not Ejected","No,No","No,No","9. Not Applicable,3. Lap and Shoulder Belt","1. Not Obscured,1. Not Obscured",,,1,716522,MELVILLE DR(R)/,0,0,"0.Two-way, non-divided","20,22",1. On Roadway,"0,0",I,I.Urban Collector,Other City or Town Streets (not state maintained),Not GUARDRAIL,Not HIT_RUN,"9,12",1,1. Not at Intersection,111940473,C,0,0,37.112083,37.112083,0,0.05,Not LRTRUCK,2. Daylight,LOCATED,-76.527614,-76.527614,MAINLINE,MAIN,0,0,0,0,0,Undivided Roadway,"20,22",Not MOTORCYCLE,646454,646454. 12100014      12100014      12107040      12107040,12557,12280,11072,10678,10895,2,1,0.16,SEC_URBAN,,,,,,,,,0,0,44,0,1,,0,0,,,,,,,,,Not PED,,1,0,Newport News,121,5,NOT-RD,"13. Driveway, Alley-Access - Related",0,1.00,1.21,1. Straight - Level,1. No Defects,"1. Two-Way, Not Divided",1. Dry,"2. Blacktop, Asphalt, Bituminous",EASTWOOD DR,URB,UR,R-VA121UR00014WB,"Urbanized (Population 200,000 and over)",3. No,"0,0",2838,2776,2948,2843,2901,Not SENIOR,Right side,"2,2","0,25",Not SPEED,"25,25",716521,0,"2. No,2. No",0,"0,0",3PM TO 6PM,1,1,6. Traffic Lanes Marked,1. Yes - Working,Not a Parkway - Trucks and Commercial Vehicles Allowed,"1,2","9. Bicycle,22. Truck - Sport Utility Vehicle (SUV)",CHEVROLET,"1. Going Straight Ahead,16. Entering Street From Parking Lot",SUBURBAN,2003,5,5.Hampton Roads,1. No Adverse Condition (Clear/Cloudy),Not Provided,2. No,Not Provided,YOUNG
No Access Control,Not ALCIHOL,Rural,0,0,"Stabilized with Selected Material (Soil,Gravel,Stone,etc.)",47-01025(L)/,Not UNBELTED,48,Male,B,2,BIKE,0.57,1,1,,4. Sideswipe - Same Direction,"Not Provided,Not Provided","Not Provided,Not Provided",4700603,0.65,3,6/4/2011,6/4/2011,22. Bicycle,1309,B.Visiible Injury,2011,None,0,1,James City,Rural,22. Bicycle,MAIN,12PM TO 3PM,47.James City,422,Intersection,Reset Filters,VDOT_OTHER,Saturday,Not DEER,"East,East",,5,1,111660407,"59,48","Male,Male","C,B","1,2","41. Improper Passing,1. No Improper Action","2. Not Deployed,3. Unavailable/Not Applicable","4. No Test,4. No Test","1. No Defects,1. No Defects","Not Applicable,Not Applicable","1. Had Not Been Drinking,1. Had Not Been Drinking","2. No,2. No","1. Not Ejected,3. Totally Ejected","No,No","No,No","3. Lap and Shoulder Belt,5. Helmet","1. Not Obscured,1. Not Obscured",,,1,398015,47-00736(R)/,0,0,"0.Two-way, non-divided","36,20",1. On Roadway,"0,0",5,5.Rural Minor Collector,State Secondary,Not GUARDRAIL,Not HIT_RUN,"2,13",1,1. Not at Intersection,111660407,N,0,0,37.38363,37.38363,5,0.56,Not LRTRUCK,2. Daylight,LOCATED,-76.857988,-76.857988,MAINLINE,MAIN,0,0,0,0,0,Undivided Roadway,"22,20",Not MOTORCYCLE,731456,731456.  4700603       4700603       4701025,815,822,750,756,763,2,1,0.08,VDOT_SEC,,,,,,,,,0,0,0,0,2,,0,0,,,,,,,,,Not PED,,2,0,James City,47,5,NOT-RD,8. Non-Intersection,5,0.50,0.57,2. Curve - Level,1. No Defects,"2. Two-Way, Divided, Unprotected Median",1. Dry,"2. Blacktop, Asphalt, Bituminous",DIASCUND ROAD,SEC,SC,R-VA047SC00603NB,Rural,3. No,"22,0",758,765,691,697,704,Not SENIOR,None,"45,20","55,55",Not SPEED,"55,55",731456,0,"1. Yes,2. No",Paved (unofficial definition),"0,0",12PM TO 3PM,1,1,6. Traffic Lanes Marked,6. No Traffic Control Device Present,Not a Parkway - Trucks and Commercial Vehicles Allowed,"1,2","2. Truck - Pick-up/Passenger Truck,9. Bicycle",TOYT,"13. Passing,1. Going Straight Ahead",TUNDRA,2000,5,5.Hampton Roads,1. No Adverse Condition (Clear/Cloudy),Not Provided,2. No,Not Provided,Not YOUNG
No Access Control,Not ALCIHOL,Urban,1,1,Dual Type,WEST GATE - OCEANS NAVAL,Not UNBELTED,33,Not Provided,A,2,BIKE,297.27,0,0,,4. Sideswipe - Same Direction,"Not Provided,Not Provided","Not Provided,Not Provided",US00060,298.148,3,6/4/2011,6/4/2011,22. Bicycle,500,A.Ambulatory Injury,2011,None,0,0,Virginia Beach,Urban,22. Bicycle,MAIN,3AM TO 6AM,134.Virginia Beach,"2,598",Intersection,Reset Filters,VDOT_OTHER,Saturday,Not DEER,"East,East",DISTRACTED,5,1,111585135,33,"Not Provided,Not Provided","PDO,A","1,2","34. Hit and Run,1. No Improper Action","5. Unknown,3. Unavailable/Not Applicable","Not Applicable,4. No Test","9. Unknown,1. No Defects","11. Other,Not Applicable","6. Unknown,1. Had Not Been Drinking","3. Unknown,2. No","1. Not Ejected,3. Totally Ejected","NotProvided,Yes","Yes,No","9. Not Applicable,5. Helmet","13. Other,1. Not Obscured",,,298,728562,WEST GATE - OCEANS NAVAL,2.86,1,"1.Divided, no control of access","22,20",1. On Roadway,"0,0",E,E.Urban Other Principle Arterials; Connecting Links of Other Rural Principal Arterial,Urban Extensions - Primary Routes,Not GUARDRAIL,HIT_RUN,"1,8",1,1. Not at Intersection,111585135,C,0,0,36.909006,36.909006,6,1.16,Not LRTRUCK,5. Darkness - Road Not Lighted,LOCATED,-76.001745,-76.001745,MAINLINE,MAIN,1,1,Grass/Unprotected,36,36,Divided Roadway,"22,20",Not MOTORCYCLE,541117,541117.  US00060       US00060      13408669,14676,13328,13276,13148,13017,4,1,0.492,PRI_URBAN,,,,,,,,,0,99,47,0,1,,0,0,,,,,,,,,Not PED,,1,0,Virginia Beach,134,5,NOT-RD,1. Main-Line Roadway,6,298.00,298.15,1. Straight - Level,1. No Defects,"3. Two-Way, Divided, Positive Median Barrier",1. Dry,"2. Blacktop, Asphalt, Bituminous",1000 SHORE DR,USPRI,US,R-VA   US00060EB,"Urbanized (Population 200,000 and over)",3. No,"0,0",10944,10246,10186,10128,9226,Not SENIOR,None,25,"45,45",Not SPEED,"45,45",728562,1.7,"3. Pending,2. No",0,"0,0",3AM TO 6AM,1,1,6. Traffic Lanes Marked,1. Yes - Working,Not a Parkway - Trucks and Commercial Vehicles Allowed,"1,2","1. Passenger car,9. Bicycle","UNK,UNK","1. Going Straight Ahead,1. Going Straight Ahead","UNK,BICYCLE",,5,5.Hampton Roads,1. No Adverse Condition (Clear/Cloudy),Not Provided,2. No,Not Provided,Not YOUNG
No Access Control,Not ALCIHOL,Urban,0,0,Bituminous Concrete (Black Base),ADANKA LN(R)/,Not UNBELTED,69,Male,PDO,2,BIKE,20.13,0,0,,2. Angle,"Not Provided,Not Provided","Not Provided,Not Provided",13408669,20.249,4,6/9/2011,6/9/2011,22. Bicycle,817,PDO.Property Damage Only,2011,None,0,0,Virginia Beach,Urban,22. Bicycle,MAIN,6AM TO 9AM,134.Virginia Beach,586,Intersection,Reset Filters,VDOT_OTHER,Thursday,Not DEER,"East,North",DISTRACTED,5,1,111615034,"28,69","Male,Male","PDO,PDO","1,2","11. Did Not Have Right-of-Way,1. No Improper Action","2. Not Deployed,3. Unavailable/Not Applicable","Not Applicable,Not Applicable","1. No Defects,1. No Defects","11. Other,Not Applicable","1. Had Not Been Drinking,1. Had Not Been Drinking","2. No,2. No","1. Not Ejected,1. Not Ejected","No,NotProvided","No,No","3. Lap and Shoulder Belt,9. Not Applicable","1. Not Obscured,1. Not Obscured",,,20,541482,134-08723(B)/BIRDNECK ROAD,0,1,"1.Divided, no control of access","22,20",4. Roadside,"0,0",H,H.Urban Minor Arterial,Other City or Town Streets (not state maintained),Not GUARDRAIL,Not HIT_RUN,"1,11",0,1. Not at Intersection,111615034,C,0,0,36.809829,36.809829,8,0.23,Not LRTRUCK,2. Daylight,LOCATED,-75.990398,-75.990398,MAINLINE,MAIN,6,6,Grass/Unprotected,36,24,Divided Roadway,"22,20",Not MOTORCYCLE,541482,541482. 13408669      13408669      13408723      13408723,30985,31853,32314,31262,28218,4,1,0.111,SEC_URBAN,,,,,,,,,0,0,48,1,0,,0,0,,,,,,,,,Not PED,,0,0,Virginia Beach,134,5,NOT-RD,"13. Driveway, Alley-Access - Related",8,20.25,20.28,1. Straight - Level,1. No Defects,"1. Two-Way, Not Divided",1. Dry,"2. Blacktop, Asphalt, Bituminous",909 GENERAL BOOTH BLVD,URB,UR,R-VA134UR08669NB,"Urbanized (Population 200,000 and over)",3. No,"0,0",28876,26998,27247,26258,26135,SENIOR,None,5,45,Not SPEED,45,541481,0,"2. No,2. No",0,"0,0",6AM TO 9AM,1,1,14. Ped Crosswalk,6. No Traffic Control Device Present,Not a Parkway - Trucks and Commercial Vehicles Allowed,"1,2","2. Truck - Pick-up/Passenger Truck,9. Bicycle","Nissan,SIRRUS PRO","2. Making Right Turn,1. Going Straight Ahead","Titan,BIKE",2005,5,5.Hampton Roads,1. No Adverse Condition (Clear/Cloudy),Not Provided,2. No,Not Provided,Not YOUNG
,ALCOHOL,Urban,0,0,,,Not UNBELTED,53,Female,PDO,2,BIKE,,0,0,,3. Head On,"Not Provided,Not Provided","Not Provided,Not Provided",,,,6/10/2011,6/10/2011,22. Bicycle,1355,PDO.Property Damage Only,2011,,0,0,Virginia Beach,Urban,22. Bicycle,MAIN,12PM TO 3PM,134.Virginia Beach,,Not Intersection,Reset Filters,VDOT_OTHER,Friday,Not DEER,"East,West",,5,1,111755114,"17,53","Female,Female","PDO,PDO","1,2","1. No Improper Action,42. Improper or Unsafe Lane Change","2. Not Deployed,3. Unavailable/Not Applicable","4. No Test,4. No Test","1. No Defects,1. No Defects","Not Applicable,Not Applicable","1. Had Not Been Drinking,5. Drinking - Not Known Whether Impaired","2. No,2. No","1. Not Ejected,2. Partially Ejected","No,No","No,No","3. Lap and Shoulder Belt,9. Not Applicable","13. Other,1. Not Obscured",,,,,,,,,"22,20",1. On Roadway,"0,0",,,,Not GUARDRAIL,Not HIT_RUN,"12,12",0,4. Four Approaches,,C,0,0,36.906143,36.906143,,,Not LRTRUCK,2. Daylight,UNLOCATED,-76.08355,-76.08355,MAINLINE,,,,,,,,"22,20",Not MOTORCYCLE,,.,,,,,,,1,,SEC_URBAN,,,,,,,,,,,,1,0,,0,0,,,,,,,,,Not PED,,0,0,Virginia Beach,134,5,RD-UNKNOWN,9. Within Intersection,,,,2. Curve - Level,1. No Defects,"1. Two-Way, Not Divided",1. Dry,"2. Blacktop, Asphalt, Bituminous",3100 BLK LYNNHAVEN DR.,UNKWN,SC,U-VA134SC99999UK,,3. No,"0,0",,,,,,Not SENIOR,,"5,5","25,25",Not SPEED,"25,25",,,"2. No,1. Yes",,"0,0",12PM TO 3PM,1,1,1. No Traffic Control,6. No Traffic Control Device Present,,"1,2","1. Passenger car,9. Bicycle","Toyota,MANHATTEN","5. Slowing or Stopping,15. Other","Prius,AREO",2006,5,5.Hampton Roads,1. No Adverse Condition (Clear/Cloudy),Not Provided,2. No,Not Provided,YOUNG
No Access Control,Not ALCIHOL,Urban,0,0,"N/A, Unknown, or Unstabilized",SR-00168(B)/,Not UNBELTED,52,Male,C,1,BIKE,492.63,0,0,,3. Head On,"Not Provided,Not Provided","Not Provided,Not Provided",US00058,492.657,4,6/11/2011,6/11/2011,22. Bicycle,1147,C.Non-Visible Injury,2011,Left and Right sides,1,1,Norfolk,Urban,22. Bicycle,MAIN,9AM TO 12PM,122.Norfolk,"1,019",Intersection,Reset Filters,VDOT_OTHER,Saturday,Not DEER,"West,East",DISTRACTED,5,1,111720363,"52,49","Male,Female","C,PDO","1,2","10. Wrong Side Of Road - Not Overtaking,1. No Improper Action","3. Unavailable/Not Applicable,2. Not Deployed","4. No Test,4. No Test","1. No Defects,1. No Defects","11. Other,11. Other","1. Had Not Been Drinking,1. Had Not Been Drinking","Not Applicable,Not Applicable","1. Not Ejected,1. Not Ejected","No,No","No,No","9. Not Applicable,1. Lap Belt Only","1. Not Obscured,10. Parked Vehicle(s)",,,493,483128,SR-00166(B)/,0,1,"1.Divided, no control of access","22,20",1. On Roadway,"0,0",E,E.Urban Other Principle Arterials; Connecting Links of Other Rural Principal Arterial,Urban Extensions - Primary Routes,Not GUARDRAIL,Not HIT_RUN,"11,12",1,3. Three Approaches,111720363,C,0,0,36.852571,36.852571,0,0.22,Not LRTRUCK,2. Daylight,LOCATED,-76.268558,-76.268558,MAINLINE,MAIN,0,0,Curbed Grass,18,4,Divided Roadway,"22,20",Not MOTORCYCLE,483128,483128.  SR00166       SR00166       US00058       US00058,27056,29308,29578,28505,28382,4,1,0.193,PRI_URBAN,,,,,,,,,0,247,58,0,1,,0,0,,,,,,,,,Not PED,,1,0,Norfolk,122,5,NOT-RD,9. Within Intersection,0,492.75,492.77,1. Straight - Level,1. No Defects,"2. Two-Way, Divided, Unprotected Median",1. Dry,"2. Blacktop, Asphalt, Bituminous",7400 E. VIRGINIA BEACH BLVD,USPRI,US,R-VA   US00058EB,"Urbanized (Population 200,000 and over)",3. No,"0,0",13422,15039,15178,14627,14436,Not SENIOR,Left and Right sides,"3,10","30,30",Not SPEED,"30,30",483129,0.31,"1. Yes,Not Provided",0,"0,0",9AM TO 12PM,1,1,6. Traffic Lanes Marked,1. Yes - Working,Not a Parkway - Trucks and Commercial Vehicles Allowed,"1,2","9. Bicycle,1. Passenger car","KENT,INFINITI","1. Going Straight Ahead,2. Making Right Turn","GLENDALE 12,Q45",1999,5,5.Hampton Roads,1. No Adverse Condition (Clear/Cloudy),Not Provided,2. No,Not Provided,Not YOUNG
No Access Control,Not ALCIHOL,Urban,1,1,"N/A, Unknown, or Unstabilized",19TH ST(L)/,Not UNBELTED,28,Male,A,1,BIKE,0.14,0,0,,2. Angle,"Not Provided,Not Provided","Not Provided,Not Provided",13408719,0.187,3,6/12/2011,6/12/2011,22. Bicycle,1513,A.Ambulatory Injury,2011,Left and Right sides,0,0,Virginia Beach,Urban,22. Bicycle,MAIN,3PM TO 6PM,134.Virginia Beach,491,Intersection,Reset Filters,VDOT_OTHER,Sunday,Not DEER,"West,South",DISTRACTED,5,1,111685113,"28,21","Male,Male","A,PDO","1,2","11. Did Not Have Right-of-Way,3. Exceeded Safe Speed But Not Speed Limit","3. Unavailable/Not Applicable,2. Not Deployed","4. No Test,4. No Test","1. No Defects,1. No Defects","Not Applicable,3. Looking at Scenery","1. Had Not Been Drinking,1. Had Not Been Drinking","2. No,2. No","3. Totally Ejected,1. Not Ejected","Yes,No","No,No","9. Not Applicable,3. Lap and Shoulder Belt","1. Not Obscured,1. Not Obscured",,,0,541962,20TH ST(L)/,0,0,"0.Two-way, non-divided","20,22",1. On Roadway,"0,0",I,I.Urban Collector,Other City or Town Streets (not state maintained),Not GUARDRAIL,Not HIT_RUN,"1,12",1,1. Not at Intersection,111685113,C,0,0,36.847876,36.847876,0,0.07,Not LRTRUCK,2. Daylight,LOCATED,-75.974946,-75.974946,MAINLINE,MAIN,0,0,0,0,0,Undivided Roadway,"20,22",Not MOTORCYCLE,541659,541659. 13408684      13408719      13408719,11035,8682,8762,8444,8560,2,1,0.093,SEC_URBAN,,,,,,,,,0,0,50,0,1,,0,0,,,,,,,,,Not PED,,1,0,Virginia Beach,134,5,NOT-RD,10. Intersection Related - Within 150 Feet,0,0.00,0.18,1. Straight - Level,1. No Defects,"1. Two-Way, Not Divided",1. Dry,"2. Blacktop, Asphalt, Bituminous",1916 ATLANTIC AVE,URB,UR,R-VA134UR08719SB,"Urbanized (Population 200,000 and over)",3. No,"0,22",9020,6158,6215,5989,6539,Not SENIOR,Left and Right sides,"5,20","15,15",Not SPEED,"25,25",541961,0,"2. No,2. No",0,"0,0",3PM TO 6PM,1,1,1. No Traffic Control,6. No Traffic Control Device Present,Not a Parkway - Trucks and Commercial Vehicles Allowed,"1,2","9. Bicycle,1. Passenger car","LEADER,Infiniti","3. Making Left Turn,2. Making Right Turn","FIXED GEAR BIKE,G35 Coupe",20102004,5,5.Hampton Roads,1. No Adverse Condition (Clear/Cloudy),Not Provided,2. No,Not Provided,Not YOUNG
No Access Control,ALCOHOL,Urban,0,0,Portland Cement Concrete,134-08723(B)/BIRDNECK RD,Not UNBELTED,23,Female,B,2,BIKE,3.18,1,1,,1. Rear End,"Not Provided,Not Provided","Not Provided,Not Provided",C7US00058,3.192,4,6/12/2011,6/12/2011,20. Motor Vehicle In Transport,2153,B.Visiible Injury,2011,Left and Right sides,0,0,Virginia Beach,Urban,20. Motor Vehicle In Transport,MAIN,9PM TO 12AM,134.Virginia Beach,"2,070",Intersection,Reset Filters,VDOT_OTHER,Sunday,Not DEER,"South,South",,5,1,111665160,"21,23","Female,Female","PDO,B","1,2","34. Hit and Run,1. No Improper Action","1. Deployed - Front,3. Unavailable/Not Applicable","2. Breath,Not Applicable","1. No Defects,1. No Defects","Not Applicable,Not Applicable","2. Drinking - Obviously Drunk,1. Had Not Been Drinking","2. No,2. No","1. Not Ejected,3. Totally Ejected","No,Yes","Yes,No","3. Lap and Shoulder Belt,9. Not Applicable","1. Not Obscured,1. Not Obscured",,,3,541092,PARKS AVE(L)/,0,0,"0.Two-way, non-divided","22,20",1. On Roadway,"0,0",H,H.Urban Minor Arterial,Urban Extensions - Primary Routes,Not GUARDRAIL,HIT_RUN,"11,6",1,3. Three Approaches,111665160,C,0,0,36.842601,36.842601,0,0.26,Not LRTRUCK,4. Darkness - Road Lighted,LOCATED,-75.989135,-75.989135,MAINLINE,MAIN,0,0,0,0,0,Undivided Roadway,"22,20",Not MOTORCYCLE,541093,541093. 13408723      13408723     C7US00058     C7US00058,31884,31906,32201,31032,32535,4,1,0.392,PRI_URBAN,,,,,,,,,0,0,40,0,1,,0,0,,,,,,,,,Not PED,,1,0,Virginia Beach,134,5,NOT-RD,10. Intersection Related - Within 150 Feet,0,3.00,3.19,1. Straight - Level,1. No Defects,"2. Two-Way, Divided, Unprotected Median",1. Dry,"2. Blacktop, Asphalt, Bituminous",913 VIRGINIA BEACH BLVD.,USPRI,US,R-VA   US00058EBBUS007,"Urbanized (Population 200,000 and over)",3. No,"0,0",12948,11505,11611,11190,10783,Not SENIOR,Right side,"25,5","35,35",Not SPEED,"35,35",541093,0.38,"1. Yes,2. No",0,"0,0",9PM TO 12AM,1,1,6. Traffic Lanes Marked,1. Yes - Working,Not a Parkway - Trucks and Commercial Vehicles Allowed,"1,2","22. Truck - Sport Utility Vehicle (SUV),9. Bicycle","Jeep,BEACH","1. Going Straight Ahead,1. Going Straight Ahead","Grand Cherokee,CRUSIER",1999,5,5.Hampton Roads,1. No Adverse Condition (Clear/Cloudy),Not Provided,2. No,Not Provided,Not YOUNG
No Access Control,Not ALCIHOL,Urban,0,0,"N/A, Unknown, or Unstabilized",HILBER STREET(R)/,Not UNBELTED,34,Male,C,1,BIKE,1.64,0,0,,2. Angle,"Not Provided,Not Provided","Not Provided,Not Provided",13400013,1.661,3,6/13/2011,6/13/2011,22. Bicycle,1200,C.Non-Visible Injury,2011,Left and Right sides,1,1,Virginia Beach,Urban,22. Bicycle,MAIN,9AM TO 12PM,134.Virginia Beach,48,Intersection,Reset Filters,VDOT_OTHER,Monday,Not DEER,"North,East",,5,1,111655024,"34,78","Male,Male","C,PDO","1,2","10. Wrong Side Of Road - Not Overtaking,1. No Improper Action","3. Unavailable/Not Applicable,2. Not Deployed","Not Applicable,Not Applicable","1. No Defects,1. No Defects","Not Applicable,Not Applicable","1. Had Not Been Drinking,1. Had Not Been Drinking","2. No,2. No","1. Not Ejected,1. Not Ejected","No,No","No,No","8. No Restraint Used,3. Lap and Shoulder Belt","1. Not Obscured,10. Parked Vehicle(s)",,,2,541284,IS-00264-E018A(L)/FROM ROUTE 254 EAST,0,1,"1.Divided, no control of access","20,22",1. On Roadway,"0,0",H,H.Urban Minor Arterial,Other City or Town Streets (not state maintained),Not GUARDRAIL,Not HIT_RUN,"8,12",1,3. Three Approaches,111655024,C,0,0,36.837062,36.837062,0,0.03,Not LRTRUCK,2. Daylight,LOCATED,-76.096601,-76.096601,MAINLINE,MAIN,0,0,Curbed Grass,14,4,Divided Roadway,"20,22",Not MOTORCYCLE,541284,541284.  IS00264E018A 13400013      13400013,32096,31540,39605,38450,30108,4,1,0.009,SEC_URBAN,,,,,,,,,0,0,52,0,1,,0,0,,,,,,,,,Not PED,,1,0,Virginia Beach,134,5,NOT-RD,6. Intersection at end of Ramp,0,1.50,1.67,1. Straight - Level,1. No Defects,"2. Two-Way, Divided, Unprotected Median",1. Dry,"2. Blacktop, Asphalt, Bituminous",100 SOUTH ROSEMONT ROAD,URB,UR,R-VA134UR00013NB,"Urbanized (Population 200,000 and over)",3. No,"0,0",32096,31540,31831,30676,29087,SENIOR,Right side,10,"35,35",Not SPEED,"35,35",735002,0.01,"1. Yes,2. No",0,"0,0",9AM TO 12PM,1,1,3. Traffic Signal,1. Yes - Working,Not a Parkway - Trucks and Commercial Vehicles Allowed,"1,2","9. Bicycle,1. Passenger car","NEXT,MERZ","1. Going Straight Ahead,7. Starting From Parked Position","AVALON BICYCLE,4 DOOR",20091997,5,5.Hampton Roads,1. No Adverse Condition (Clear/Cloudy),Not Provided,2. No,Not Provided,Not YOUNG