Access Control,Alcohol Notalcohol,Area Type1,A Crash,A People,Basetypedesc,Begin Node Dsc,Belted Unbelted,Bikeage,Bikegen,Bikeinjurytype,Bikevehiclenumber,Bike Nonbike,BMP,B Crash,B People,Carspeedlimit,Collision Type,Comm Cargo Body Type Cd,Comm Vehicle Body Type Cd,Cotedrouteid,Coted Mp,Count App,CRASH_DT (copy),Crash Dt,Crash Event Type Dsc,Crash Military Tm,Crash Severity,Crash Year,Curbgutterdesc,C Crash,C People,Juris Name Used,Area Type Used,First Harmful Event of Entire Crash,MAINLINE,Time Slicing Used,Phy_Juris_Nm,Offset-Ft,Intersection Analysis,Clear,Calculation_9640323132123359,Day Of Week,Deer Nodeer,Direction Of Travel Cd,Distracted Notdistracted,VSP,TOTAL CRASH,Document Nbr,Driverage,Drivergen,Driverinjurytype,Drivervehiclenumber,Driver Action Type Cd,Driver Airbag Deployment,Driver Alcohol Test Type Cd,Driver Condition Type Cd,Driver Distraction Type Cd,Driver Drinking Type Cd,Driver Drug Use Cd,Driver Ejected From Vehicle,Driver Ems Transport Ind,Driver Fled Scene Ind,Driver Safety Equip Used,Driver Vis Obscured Type Cd,Drowsy Notdrowsy,Drug Nodrug,EMP,End Node,End Node Dsc,End Offset,Facility,FAC,First Crash Event Cd,First Harmful Event,Fourth Crash Event Cd,Functionalclass,FUN,Govcondesc,Gr Nogr,Hitrun Not Hitrun,Initial Veh Impact Area Cd,Injury Crashes,Intersection Type,Int Doc,Jurtype,K_CRASH,K People,LAT (copy),LAT,Leftshoulderwidth,Length,Lgtruck Nonlgtruck,Light Condition,Located Unlocated,LON (copy),LON,MAINLINE (group),Mainline Yn,Medianleftshoulderwidth,Medianrightshoulderwidth,Mediantypedesc,Medianwidthmax,Medianwidthmin,Median Type,Most Harmful Crash Event Cd,Motor Nonmotor,Node,Node Info,Node Totaadt2011,Node Totaadt2012,Node Totaadt2013,Node Totaadt2014,Node Totaadt2015,Numberoflane,Number of Records,Offset,Ownership,Passage,Passgen,Passinjurytype,Passvehiclenumber,Pass Airbag Deployment,Pass Ejected From Vehicle,Pass Ems Transport Ind,Pass Safety Equip Used,Pavementconditionvalue,Pavementroughnessvalue,Pavementwidth,Pdo Crash,Total People Killed & Injured,Pedage,Pedestrians Injured,Pedestrians Killed,Pedgen,Pedinjurytype,Pednumber,Ped Action,Ped Al Test,Ped Cond,Ped Drink,Ped Drug,Ped Nonped,Ped Rflct,Persons Injured,Persons Killed,Physical Juris Nm,PJR,VSP_Used,Rd Type,Relation To Roadway,Rightshoulderwidth,RNS_MP (0.25 mi bin),Rns Mp,Roadway Alignment,Roadway Defect,Roadway Description,Roadway Surface Cond,Roadway Surface Type,Route Or Street Nm,Rte Category Cd,Rte Cat,Rte Nm,Ruralurbandesc,School Zone,Second Crash Event Cd,Segtotaadt2011,Segtotaadt2012,Segtotaadt2013,Segtotaadt2014,Segtotaadt2015,Senior Notsenior,Sidewalkdesc,Speed Before,Speed Max Safe,Speed Notspeed,Speed Posted,Start Node,Start Offset,Summons Issued Cd,Surfacedesc,Third Crash Event Cd,Time Slicing,Total Crashes including Property Damage Only,Total Crash,Traffic Control Type,Trfc Ctrl Status Type,Truckcommr,Vehiclenumber,Vehicle Body Type Cd,Vehicle Make Nm,Vehicle Maneuver Type Cd,Vehicle Model Nm,Vehicle Year Nbr,District,District_Used ,Weather Condition,Work Zone Location,Work Zone Related,Work Zone Type,Young Notyoung
No Access Control,Not ALCIHOL,Urban,0,0,Bituminous Concrete (Black Base),SR-00165(B)/LANDSTOWN RD,Not UNBELTED,19,Male,B,1,BIKE,2.34,1,1,,1. Rear End,"Not Provided,Not Provided","Not Provided,Not Provided",13408779,2.425,4,6/14/2011,6/14/2011,22. Bicycle,1921,B.Visiible Injury,2011,Left and Right sides,0,0,Virginia Beach,Urban,22. Bicycle,MAIN,6PM TO 9PM,134.Virginia Beach,449,Intersection,Reset Filters,VDOT_OTHER,Tuesday,Not DEER,"East,East",,5,1,111675088,"19,49","Male,Male","B,PDO","1,2","37. Other,37. Other","3. Unavailable/Not Applicable,2. Not Deployed","4. No Test,4. No Test","1. No Defects,1. No Defects","Not Applicable,Not Applicable","1. Had Not Been Drinking,1. Had Not Been Drinking","Not Applicable,Not Applicable","1. Not Ejected,1. Not Ejected","Yes,No","No,No","5. Helmet,3. Lap and Shoulder Belt","1. Not Obscured,1. Not Obscured",,,3,542403,LANDSTOWN CT(L)/,0,1,"1.Divided, no control of access","20,22",1. On Roadway,"0,0",H,H.Urban Minor Arterial,Other City or Town Streets (not state maintained),Not GUARDRAIL,Not HIT_RUN,"6,12",1,1. Not at Intersection,111675088,C,0,0,36.776271,36.776271,0,0.18,Not LRTRUCK,2. Daylight,LOCATED,-76.089881,-76.089881,MAINLINE,MAIN,0,0,Curbed Grass,28,4,Divided Roadway,"20,22",Not MOTORCYCLE,541156,541156.  SR00165       SR00165      13408779      13408779,55220,54860,54974,53802,56348,6,1,0.085,SEC_URBAN,,,,,,,,,0,0,76,0,1,,0,0,,,,,,,,,Not PED,,1,0,Virginia Beach,134,5,NOT-RD,8. Non-Intersection,0,2.25,2.43,1. Straight - Level,1. No Defects,"3. Two-Way, Divided, Positive Median Barrier",1. Dry,"2. Blacktop, Asphalt, Bituminous",DAM NECK RD,URB,UR,R-VA134UR08779SB,"Urbanized (Population 200,000 and over)",3. No,"0,0",38478,40299,40671,39195,33563,Not SENIOR,Right side,"5,40","45,45",Not SPEED,"45,45",541156,0,"2. No,2. No",0,"0,0",6PM TO 9PM,1,1,6. Traffic Lanes Marked,6. No Traffic Control Device Present,Not a Parkway - Trucks and Commercial Vehicles Allowed,"1,2","9. Bicycle,22. Truck - Sport Utility Vehicle (SUV)","FORTE BICYCLE,Chevrolet","14. Changing Lanes,14. Changing Lanes","TITAN,Tahoe",20112007,5,5.Hampton Roads,1. No Adverse Condition (Clear/Cloudy),Not Provided,2. No,Not Provided,YOUNG
,Not ALCIHOL,Urban,0,0,,,Not UNBELTED,22,Female,B,2,BIKE,,1,1,,2. Angle,"Not Provided,Not Provided","Not Provided,Not Provided",,,,6/14/2011,6/14/2011,22. Bicycle,815,B.Visiible Injury,2011,,0,1,Virginia Beach,Urban,22. Bicycle,MAIN,6AM TO 9AM,134.Virginia Beach,,Not Intersection,Reset Filters,VDOT_OTHER,Tuesday,Not DEER,"South,West",,5,1,111665027,"68,22","Female,Female","C,B","1,2","22. Disregarded Stop or Yield Sign,1. No Improper Action","2. Not Deployed,3. Unavailable/Not Applicable","4. No Test,4. No Test","1. No Defects,1. No Defects","Not Applicable,Not Applicable","1. Had Not Been Drinking,1. Had Not Been Drinking","2. No,2. No","1. Not Ejected,1. Not Ejected","NotProvided,Yes","No,No","3. Lap and Shoulder Belt,9. Not Applicable","1. Not Obscured,1. Not Obscured",,,,,,,,,"22,20",1. On Roadway,"0,0",,,,Not GUARDRAIL,Not HIT_RUN,"12,4",1,4. Four Approaches,,C,0,0,36.867942,36.867942,,,Not LRTRUCK,2. Daylight,UNLOCATED,-76.12822,-76.12822,MAINLINE,,,,,,,,"22,20",Not MOTORCYCLE,,.,,,,,,,1,,SEC_URBAN,,,,,,,,,,,,0,2,,0,0,,,,,,,,,Not PED,,2,0,Virginia Beach,134,5,NOT-RD,9. Within Intersection,,,,1. Straight - Level,1. No Defects,"1. Two-Way, Not Divided",1. Dry,"2. Blacktop, Asphalt, Bituminous",4433 N. WITCHDUCK RD,UNKWN,SC,U-VA134SC99999UK,,3. No,"0,0",,,,,,SENIOR,,"10,3","25,25",Not SPEED,"25,25",,,"1. Yes,Not Provided",,"0,0",6AM TO 9AM,1,1,4. Stop Sign,1. Yes - Working,,"1,2","1. Passenger car,9. Bicycle","CHEV,LA JOLLA","2. Making Right Turn,1. Going Straight Ahead","CAVALIER,BICYCLE",19982005,5,5.Hampton Roads,1. No Adverse Condition (Clear/Cloudy),Not Provided,2. No,Not Provided,Not YOUNG
No Access Control,Not ALCIHOL,Urban,0,0,"N/A, Unknown, or Unstabilized",SR-00192(R)/CHESAPEAKE BLVD,Not UNBELTED,13,Male,B,2,BIKE,1.56,1,1,,2. Angle,"Not Provided,Not Provided","Not Provided,Not Provided",SR00170,1.584,3,6/15/2011,6/15/2011,22. Bicycle,1440,B.Visiible Injury,2011,Right side,0,0,Norfolk,Urban,22. Bicycle,MAIN,12PM TO 3PM,122.Norfolk,127,Intersection,Reset Filters,VDOT_OTHER,Wednesday,Not DEER,"West,South",DISTRACTED,5,1,111950070,"21,13","Female,Male","PDO,B","1,2","1. No Improper Action,11. Did Not Have Right-of-Way","2. Not Deployed,3. Unavailable/Not Applicable","Not Applicable,Not Applicable","1. No Defects,1. No Defects","Not Applicable,7. Eyes Not on Road","1. Had Not Been Drinking,1. Had Not Been Drinking","2. No,2. No","1. Not Ejected,3. Totally Ejected","No,No","No,No","3. Lap and Shoulder Belt,5. Helmet","16. Stopped Vehicle(s),16. Stopped Vehicle(s)",,,2,483457,TARPON PLACE(B)/,0,1,"1.Divided, no control of access","22,20",1. On Roadway,"0,0",E,E.Urban Other Principle Arterials; Connecting Links of Other Rural Principal Arterial,Urban Extensions - Primary Routes,Not GUARDRAIL,Not HIT_RUN,"0,0",1,1. Not at Intersection,111950070,C,0,0,36.915494,36.915494,10,0.14,Not LRTRUCK,2. Daylight,LOCATED,-76.211544,-76.211544,MAINLINE,MAIN,2,2,Grass/Unprotected,20,4,Divided Roadway,"22,20",Not MOTORCYCLE,483458,483458.  SR00170       SR00170       SR00192,29951,26576,26993,26315,27932,4,1,0.024,PRI_URBAN,,,,,,,,,0,165,58,0,1,,0,0,,,,,,,,,Not PED,,1,0,Norfolk,122,5,NOT-RD,10. Intersection Related - Within 150 Feet,0,1.50,1.58,1. Straight - Level,1. No Defects,"2. Two-Way, Divided, Unprotected Median",1. Dry,"2. Blacktop, Asphalt, Bituminous",2500 BLK E LITTLER CREEK ROAD,STPRI,SR,R-VA   SR00170WB,"Urbanized (Population 200,000 and over)",3. No,"0,0",22553,19551,19891,19448,21197,Not SENIOR,Right side,"25,0","40,0",Not SPEED,"40,0",483458,0,"2. No,Not Provided",0,"0,0",12PM TO 3PM,1,1,3. Traffic Signal,1. Yes - Working,Not a Parkway - Trucks and Commercial Vehicles Allowed,"1,2","1. Passenger car,9. Bicycle",MAZDA,"1. Going Straight Ahead,16. Entering Street From Parking Lot","626,BICYCLE",1998,5,5.Hampton Roads,1. No Adverse Condition (Clear/Cloudy),Not Provided,2. No,Not Provided,Not YOUNG
,Not ALCIHOL,Urban,0,0,,,Not UNBELTED,59,Female,C,2,BIKE,,0,0,,4. Sideswipe - Same Direction,"Not Provided,Not Provided","Not Provided,Not Provided",,,,6/16/2011,6/16/2011,22. Bicycle,1506,C.Non-Visible Injury,2011,,1,1,Virginia Beach,Urban,22. Bicycle,MAIN,3PM TO 6PM,134.Virginia Beach,,Not Intersection,Reset Filters,VDOT_OTHER,Thursday,Not DEER,"North,North",,5,1,111725035,"56,59","Female,Female","PDO,C","1,2","9. Other Improper Passing,13. Fail to Signal or Improper Signal","2. Not Deployed,3. Unavailable/Not Applicable","Not Applicable,Not Applicable","1. No Defects,1. No Defects","Not Applicable,Not Applicable","1. Had Not Been Drinking,1. Had Not Been Drinking","2. No,2. No","1. Not Ejected,1. Not Ejected","No,Yes","No,No","3. Lap and Shoulder Belt,9. Not Applicable","1. Not Obscured,1. Not Obscured",,,,,,,,,"22,20",1. On Roadway,"0,0",,,,Not GUARDRAIL,Not HIT_RUN,"4,11",1,4. Four Approaches,,C,0,0,36.844542,36.844542,,,Not LRTRUCK,2. Daylight,UNLOCATED,-75.981186,-75.981186,MAINLINE,,,,,,,,"22,20",Not MOTORCYCLE,,.,,,,,,,1,,SEC_URBAN,,,,,,,,,,,,0,1,,0,0,,,,,,,,,Not PED,,1,0,Virginia Beach,134,5,NOT-RD,10. Intersection Related - Within 150 Feet,,,,1. Straight - Level,1. No Defects,"1. Two-Way, Not Divided",1. Dry,"2. Blacktop, Asphalt, Bituminous",1703 MEDITERRANEAN AVE.,UNKWN,SC,U-VA134SC99999UK,,3. No,"0,0",,,,,,Not SENIOR,,"10,2","25,25",Not SPEED,"25,25",,,"2. No,2. No",,"0,0",3PM TO 6PM,1,1,6. Traffic Lanes Marked,1. Yes - Working,,"1,2","1. Passenger car,9. Bicycle","Lexus,CRUZZER","13. Passing,3. Making Left Turn","LS 400 Luxury Sdn,BICYCLE",19971990,5,5.Hampton Roads,1. No Adverse Condition (Clear/Cloudy),Not Provided,2. No,Not Provided,Not YOUNG
No Access Control,Not ALCIHOL,Urban,0,0,Bituminous Concrete (Black Base),US-00058(B)/LITTLE NECK RD,Not UNBELTED,18,Female,B,2,BIKE,3.26,1,1,,2. Angle,"Not Provided,Not Provided","Not Provided,Not Provided",13408733,3.26,4,6/17/2011,6/17/2011,20. Motor Vehicle In Transport,1530,B.Visiible Injury,2011,Left and Right sides,0,0,Virginia Beach,Urban,20. Motor Vehicle In Transport,MAIN,3PM TO 6PM,134.Virginia Beach,0,Intersection,Reset Filters,VDOT_OTHER,Friday,Not DEER,"South,East",,5,1,111795012,"33,18","Female,Female","PDO,B","1,2","1. No Improper Action,10. Wrong Side Of Road - Not Overtaking","2. Not Deployed,3. Unavailable/Not Applicable","Not Applicable,Not Applicable","1. No Defects,1. No Defects","Not Applicable,Not Applicable","1. Had Not Been Drinking,1. Had Not Been Drinking","2. No,2. No","1. Not Ejected,1. Not Ejected","No,No","No,No","3. Lap and Shoulder Belt,9. Not Applicable","16. Stopped Vehicle(s),1. Not Obscured",,,3,542166,ALCOTT ROAD(B)/,0,1,"1.Divided, no control of access","22,20",1. On Roadway,"0,0",I,I.Urban Collector,Other City or Town Streets (not state maintained),Not GUARDRAIL,Not HIT_RUN,"2,12",1,4. Four Approaches,111795012,C,0,0,36.841661,36.841661,0,0.2,Not LRTRUCK,2. Daylight,LOCATED,-76.091025,-76.091025,MAINLINE,MAIN,0,0,0,0,0,Divided Roadway,"22,20",Not MOTORCYCLE,541077,541077.  US00058       US00058      13408733      13408733,57557,57774,57854,56705,57707,4,1,0,SEC_URBAN,,,,,,,,,0,0,52,0,1,,0,0,,,,,,,,,Not PED,,1,0,Virginia Beach,134,5,NOT-RD,9. Within Intersection,0,3.25,3.27,1. Straight - Level,1. No Defects,"2. Two-Way, Divided, Unprotected Median",1. Dry,"2. Blacktop, Asphalt, Bituminous",301 LITTLE NECK RD,URB,UR,R-VA134UR08733SB,"Urbanized (Population 200,000 and over)",3. No,"0,0",16016,15704,15849,15274,15661,Not SENIOR,Left and Right sides,"5,5","35,35",Not SPEED,"35,35",541077,0,"2. No,2. No",0,"0,0",3PM TO 6PM,1,1,3. Traffic Signal,1. Yes - Working,Not a Parkway - Trucks and Commercial Vehicles Allowed,"1,2","22. Truck - Sport Utility Vehicle (SUV),9. Bicycle","CHEVROLET,SCHWINN","3. Making Left Turn,1. Going Straight Ahead","HHR,CONTINENTAL II",2010,5,5.Hampton Roads,1. No Adverse Condition (Clear/Cloudy),Not Provided,2. No,Not Provided,YOUNG
No Access Control,Not ALCIHOL,Urban,1,1,"N/A, Unknown, or Unstabilized",122-08576(B)/PRINCESS ANNE RD,Not UNBELTED,37,Male,A,1,BIKE,399.88,0,0,,2. Angle,"Not Provided,Not Provided","Not Provided,Not Provided",US00460,400.041,4,6/17/2011,6/17/2011,22. Bicycle,2010,A.Ambulatory Injury,2011,Left and Right sides,0,0,Norfolk,Urban,22. Bicycle,MAIN,6PM TO 9PM,122.Norfolk,850,Intersection,Reset Filters,VDOT_OTHER,Friday,Not DEER,"South,West",,5,1,111810063,"37,72","Male,Male","A,PDO","1,2","11. Did Not Have Right-of-Way,1. No Improper Action","3. Unavailable/Not Applicable,2. Not Deployed","Not Applicable,Not Applicable","1. No Defects,1. No Defects","Not Applicable,Not Applicable","1. Had Not Been Drinking,1. Had Not Been Drinking","2. No,2. No","3. Totally Ejected,1. Not Ejected","Yes,NotProvided","No,No","8. No Restraint Used,3. Lap and Shoulder Belt","1. Not Obscured,1. Not Obscured",,,400,483759,20TH STREET/,0,0,"0.Two-way, non-divided","22,22",1. On Roadway,"0,0",E,E.Urban Other Principle Arterials; Connecting Links of Other Rural Principal Arterial,Urban Extensions - Primary Routes,Not GUARDRAIL,Not HIT_RUN,"9,12",1,3. Three Approaches,111810063,C,0,0,36.86283,36.86283,0,0.43,Not LRTRUCK,2. Daylight,LOCATED,-76.286003,-76.286003,MAINLINE,MAIN,0,0,0,0,0,Undivided Roadway,"22,22",Not MOTORCYCLE,483760,483760.  US00460       US00460      12208576      12208576,25262,32224,32521,31341,28565,4,1,0.161,PRI_URBAN,,,,,,,,,0,350,58,0,1,,0,0,,,,,,,,,Not PED,,1,0,Norfolk,122,5,NOT-RD,9. Within Intersection,0,400.00,400.04,1. Straight - Level,1. No Defects,"1. Two-Way, Not Divided",1. Dry,"2. Blacktop, Asphalt, Bituminous",1500 MONTICELLO AVE,USPRI,US,R-VA   US00460WB,"Urbanized (Population 200,000 and over)",3. No,"0,0",16369,22662,22871,22041,20324,SENIOR,None,"0,10","0,25",Not SPEED,"0,25",483760,0,"2. No,2. No",0,"0,0",6PM TO 9PM,1,1,6. Traffic Lanes Marked,1. Yes - Working,Not a Parkway - Trucks and Commercial Vehicles Allowed,"1,2","9. Bicycle,1. Passenger car","NEX,ACURA","15. Other,3. Making Left Turn","BICYCLE,3.2 TL",1996,5,5.Hampton Roads,1. No Adverse Condition (Clear/Cloudy),Not Provided,2. No,Not Provided,Not YOUNG
No Access Control,Not ALCIHOL,Urban,0,0,"N/A, Unknown, or Unstabilized",WOODFORD STREET(L)/,Not UNBELTED,16,Female,B,2,BIKE,1.29,1,1,,3. Head On,"Not Provided,Not Provided","Not Provided,Not Provided",12208621,1.316,4,6/17/2011,6/17/2011,22. Bicycle,1305,B.Visiible Injury,2011,Left and Right sides,0,0,Norfolk,Urban,22. Bicycle,MAIN,12PM TO 3PM,122.Norfolk,285,Intersection,Reset Filters,VDOT_OTHER,Friday,Not DEER,"South,South",,5,1,111810059,16,"Female,Female","PDO,B","1,2","34. Hit and Run,1. No Improper Action","Not Provided,Not Provided","Not Applicable,Not Applicable","9. Unknown,1. No Defects","Not Applicable,Not Applicable","Not Applicable,Not Applicable","Not Applicable,Not Applicable","Not Provided,Not Provided","NotProvided,No","Yes,No","Not Provided,Not Provided","13. Other,1. Not Obscured",,,1,485538,122-08618(B)/(8618-BAY VIEW BLVD/8621-OLD OCE,0,0,"0.Two-way, non-divided","22,20",1. On Roadway,"0,0",I,I.Urban Collector,Other City or Town Streets (not state maintained),Not GUARDRAIL,HIT_RUN,"12,9",1,1. Not at Intersection,111810059,C,0,0,36.932785,36.932785,0,0.08,Not LRTRUCK,2. Daylight,LOCATED,-76.24639,-76.24639,MAINLINE,MAIN,0,0,0,0,0,Undivided Roadway,"22,20",Not MOTORCYCLE,485538,485538. 12208618      12208618      12208621      12208621,13909,13438,13561,13070,12082,2,1,0.054,SEC_URBAN,,,,,,,,,0,0,26,0,1,,0,0,,,,,,,,,Not PED,,1,0,Norfolk,122,5,NOT-RD,10. Intersection Related - Within 150 Feet,0,1.25,1.32,1. Straight - Level,1. No Defects,"1. Two-Way, Not Divided",1. Dry,"2. Blacktop, Asphalt, Bituminous",8500 BLK OLD OCEAN VIEW BLVD,URB,UR,R-VA122UR08621SB,"Urbanized (Population 200,000 and over)",3. No,"0,0",3673,3588,3621,3490,2096,Not SENIOR,Left and Right sides,"0,0","0,0",Not SPEED,"0,0",485604,0,"Not Provided,2. No",0,"0,0",12PM TO 3PM,1,1,1. No Traffic Control,6. No Traffic Control Device Present,Not a Parkway - Trucks and Commercial Vehicles Allowed,"1,2","22. Truck - Sport Utility Vehicle (SUV),9. Bicycle",,"1. Going Straight Ahead,3. Making Left Turn",,,5,5.Hampton Roads,1. No Adverse Condition (Clear/Cloudy),Not Provided,2. No,Not Provided,YOUNG
,Not ALCIHOL,Urban,0,0,,,Not UNBELTED,43,Male,B,2,BIKE,,1,1,,2. Angle,"Not Provided,Not Provided","Not Provided,Not Provided",,,,6/17/2011,6/17/2011,22. Bicycle,1757,B.Visiible Injury,2011,,0,0,Chesapeake,Urban,22. Bicycle,MAIN,3PM TO 6PM,131.Chesapeake,,Not Intersection,Reset Filters,VDOT_OTHER,Friday,Not DEER,"West,North",DISTRACTED,5,1,111790128,"26,43","Male,Male","PDO,B","1,2","1. No Improper Action,21. Disregarded Traffic Signal","2. Not Deployed,Not Provided","4. No Test,4. No Test","1. No Defects,1. No Defects","11. Other,7. Eyes Not on Road","1. Had Not Been Drinking,1. Had Not Been Drinking","2. No,2. No","1. Not Ejected,Not Provided","No,Yes","No,No","3. Lap and Shoulder Belt,5. Helmet","1. Not Obscured,1. Not Obscured",,,,,,,,,"22,20",1. On Roadway,"0,0",,,,Not GUARDRAIL,Not HIT_RUN,"12,3",1,4. Four Approaches,,C,0,0,36.848322,36.848322,,,Not LRTRUCK,2. Daylight,UNLOCATED,-76.4267,-76.4267,MAINLINE,,,,,,,,"22,20",Not MOTORCYCLE,,.,,,,,,,1,,SEC_URBAN,,,,,,,,,,,,0,1,,0,0,,,,,,,,,Not PED,,1,0,Chesapeake,131,5,NOT-RD,9. Within Intersection,,,,1. Straight - Level,1. No Defects,"3. Two-Way, Divided, Positive Median Barrier",1. Dry,"2. Blacktop, Asphalt, Bituminous",TAYLOR RD,UNKWN,SC,U-VA131SC99999UK,,3. No,"0,0",,,,,,Not SENIOR,,"10,3","10,0",Not SPEED,"40,40",,,"2. No,2. No",,"0,0",3PM TO 6PM,1,1,3. Traffic Signal,1. Yes - Working,,"1,2","1. Passenger car,9. Bicycle",MERCURY,"1. Going Straight Ahead,1. Going Straight Ahead","Sable,bicycle",20012010,5,5.Hampton Roads,1. No Adverse Condition (Clear/Cloudy),Not Provided,2. No,Not Provided,Not YOUNG
No Access Control,Not ALCIHOL,Urban,0,0,Bituminous Concrete (Black Base),SR-00306(L)/121-07027(R)/HARPERSVILLE RD,Not UNBELTED,26,Male,C,1,BIKE,54.13,0,0,,2. Angle,"Not Provided,Not Provided","Not Provided,Not Provided",US00017,54.644,4,6/18/2011,6/18/2011,22. Bicycle,1505,C.Non-Visible Injury,2011,Left and Right sides,1,1,Newport News,Urban,22. Bicycle,MAIN,3PM TO 6PM,121.Newport News,"2,714",Intersection,Reset Filters,VDOT_OTHER,Saturday,Not DEER,"North,South",,5,1,112910025,"26,24","Male,Male","C,PDO","1,2","20. Disregarded Officer or Flagger,1. No Improper Action","2. Not Deployed,2. Not Deployed","Not Applicable,Not Applicable","1. No Defects,1. No Defects","Not Applicable,Not Applicable","Not Applicable,Not Applicable","Not Applicable,Not Applicable","1. Not Ejected,1. Not Ejected","Yes,No","No,No","9. Not Applicable,3. Lap and Shoulder Belt","Not Applicable,1. Not Obscured",,,55,756306,US-00017-N055A(R)/RAMP TO US 17,0,1,"1.Divided, no control of access","22,22",4. Roadside,"0,0",E,E.Urban Other Principle Arterials; Connecting Links of Other Rural Principal Arterial,Urban Extensions - Primary Routes,Not GUARDRAIL,Not HIT_RUN,"9,12",1,1. Not at Intersection,112910025,C,0,0,37.06613,37.06613,0,1.09,Not LRTRUCK,2. Daylight,LOCATED,-76.470238,-76.470238,MAINLINE,MAIN,0,0,Curbed Grass,14,4,Divided Roadway,"22,22",Not MOTORCYCLE,646006,646006.  SR00306       US00017       US00017      12107027,60649,61968,58803,58409,58883,6,1,0.514,PRI_URBAN,,,,,,,,,0,179,72,0,1,,0,0,,,,,,,,,Not PED,,1,0,Newport News,121,5,NOT-RD,1. Main-Line Roadway,0,54.50,54.64,1. Straight - Level,1. No Defects,"3. Two-Way, Divided, Positive Median Barrier",1. Dry,"2. Blacktop, Asphalt, Bituminous",11309 JEFFERSON AVE,USPRI,US,R-VA   US00017SB,"Urbanized (Population 200,000 and over)",3. No,"0,0",47241,48276,47486,47670,47853,Not SENIOR,Left and Right sides,"1,2","45,45",Not SPEED,"45,45",646006,0,"2. No,2. No",0,"0,0",3PM TO 6PM,1,1,1. No Traffic Control,1. Yes - Working,Designated Truck Route - D2,"1,2","9. Bicycle,1. Passenger car",HYUNDAI,"1. Going Straight Ahead,2. Making Right Turn",SANTA FE,2004,5,5.Hampton Roads,1. No Adverse Condition (Clear/Cloudy),Not Provided,2. No,Not Provided,Not YOUNG
No Access Control,Not ALCIHOL,Urban,0,0,Bituminous Concrete (Black Base),BETHEL AVE(L)/,Not UNBELTED,37,Female,C,2,BIKE,1.27,0,0,,3. Head On,"Not Provided,Not Provided","Not Provided,Not Provided",11407037,1.305,3,6/18/2011,6/18/2011,22. Bicycle,1920,C.Non-Visible Injury,2011,Left and Right sides,1,1,Hampton,Urban,22. Bicycle,MAIN,6PM TO 9PM,114.Hampton,766,Intersection,Reset Filters,VDOT_OTHER,Saturday,Not DEER,"South,North",,5,1,111870142,"34,37","Female,Female","PDO,C","1,2","1. No Improper Action,11. Did Not Have Right-of-Way","2. Not Deployed,3. Unavailable/Not Applicable","Not Applicable,Not Applicable","1. No Defects,8. Other","Not Applicable,Not Applicable","1. Had Not Been Drinking,1. Had Not Been Drinking","2. No,Not Applicable","1. Not Ejected,1. Not Ejected","No,No","No,No","3. Lap and Shoulder Belt,9. Not Applicable","1. Not Obscured,1. Not Obscured",,,1,253422,PARKSIDE AVE(L)/,0,0,"0.Two-way, non-divided","22,20",1. On Roadway,"0,0",H,H.Urban Minor Arterial,Other City or Town Streets (not state maintained),Not GUARDRAIL,Not HIT_RUN,"1,12",1,1. Not at Intersection,111870142,C,0,0,37.038341,37.038341,0,0.06,Not LRTRUCK,2. Daylight,LOCATED,-76.349629,-76.349629,MAINLINE,MAIN,0,0,0,0,0,Undivided Roadway,"22,20",Not MOTORCYCLE,253424,253424. 11407037      11407039      11407039,18036,17637,18346,17693,18051,2,1,0.145,SEC_URBAN,,,,,,,,,0,0,36,0,1,,0,0,,,,,,,,,Not PED,,1,0,Hampton,114,5,RD-UNKNOWN,8. Non-Intersection,0,1.25,1.30,1. Straight - Level,1. No Defects,"1. Two-Way, Not Divided",1. Dry,"2. Blacktop, Asphalt, Bituminous",RIP RAP RD,URB,UR,R-VA114UR07037SB,"Urbanized (Population 200,000 and over)",3. No,"0,0",11746,11486,12222,11787,12026,Not SENIOR,None,"25,3","35,35",Not SPEED,"35,35",253421,0,"2. No,2. No",0,"0,0",6PM TO 9PM,1,1,6. Traffic Lanes Marked,6. No Traffic Control Device Present,Not a Parkway - Trucks and Commercial Vehicles Allowed,"1,2","1. Passenger car,9. Bicycle",ACURA,"1. Going Straight Ahead,1. Going Straight Ahead","3.2TL,BICYCLE",2002,5,5.Hampton Roads,1. No Adverse Condition (Clear/Cloudy),Not Provided,2. No,Not Provided,Not YOUNG