Access Control,Alcohol Notalcohol,Area Type1,A Crash,A People,Basetypedesc,Begin Node Dsc,Belted Unbelted,Bikeage,Bikegen,Bikeinjurytype,Bikevehiclenumber,Bike Nonbike,BMP,B Crash,B People,Carspeedlimit,Collision Type,Comm Cargo Body Type Cd,Comm Vehicle Body Type Cd,Cotedrouteid,Coted Mp,Count App,CRASH_DT (copy),Crash Dt,Crash Event Type Dsc,Crash Military Tm,Crash Severity,Crash Year,Curbgutterdesc,C Crash,C People,Juris Name Used,Area Type Used,First Harmful Event of Entire Crash,MAINLINE,Time Slicing Used,Phy_Juris_Nm,Offset-Ft,Intersection Analysis,Clear,Calculation_9640323132123359,Day Of Week,Deer Nodeer,Direction Of Travel Cd,Distracted Notdistracted,VSP,TOTAL CRASH,Document Nbr,Driverage,Drivergen,Driverinjurytype,Drivervehiclenumber,Driver Action Type Cd,Driver Airbag Deployment,Driver Alcohol Test Type Cd,Driver Condition Type Cd,Driver Distraction Type Cd,Driver Drinking Type Cd,Driver Drug Use Cd,Driver Ejected From Vehicle,Driver Ems Transport Ind,Driver Fled Scene Ind,Driver Safety Equip Used,Driver Vis Obscured Type Cd,Drowsy Notdrowsy,Drug Nodrug,EMP,End Node,End Node Dsc,End Offset,Facility,FAC,First Crash Event Cd,First Harmful Event,Fourth Crash Event Cd,Functionalclass,FUN,Govcondesc,Gr Nogr,Hitrun Not Hitrun,Initial Veh Impact Area Cd,Injury Crashes,Intersection Type,Int Doc,Jurtype,K_CRASH,K People,LAT (copy),LAT,Leftshoulderwidth,Length,Lgtruck Nonlgtruck,Light Condition,Located Unlocated,LON (copy),LON,MAINLINE (group),Mainline Yn,Medianleftshoulderwidth,Medianrightshoulderwidth,Mediantypedesc,Medianwidthmax,Medianwidthmin,Median Type,Most Harmful Crash Event Cd,Motor Nonmotor,Node,Node Info,Node Totaadt2011,Node Totaadt2012,Node Totaadt2013,Node Totaadt2014,Node Totaadt2015,Numberoflane,Number of Records,Offset,Ownership,Passage,Passgen,Passinjurytype,Passvehiclenumber,Pass Airbag Deployment,Pass Ejected From Vehicle,Pass Ems Transport Ind,Pass Safety Equip Used,Pavementconditionvalue,Pavementroughnessvalue,Pavementwidth,Pdo Crash,Total People Killed & Injured,Pedage,Pedestrians Injured,Pedestrians Killed,Pedgen,Pedinjurytype,Pednumber,Ped Action,Ped Al Test,Ped Cond,Ped Drink,Ped Drug,Ped Nonped,Ped Rflct,Persons Injured,Persons Killed,Physical Juris Nm,PJR,VSP_Used,Rd Type,Relation To Roadway,Rightshoulderwidth,RNS_MP (0.25 mi bin),Rns Mp,Roadway Alignment,Roadway Defect,Roadway Description,Roadway Surface Cond,Roadway Surface Type,Route Or Street Nm,Rte Category Cd,Rte Cat,Rte Nm,Ruralurbandesc,School Zone,Second Crash Event Cd,Segtotaadt2011,Segtotaadt2012,Segtotaadt2013,Segtotaadt2014,Segtotaadt2015,Senior Notsenior,Sidewalkdesc,Speed Before,Speed Max Safe,Speed Notspeed,Speed Posted,Start Node,Start Offset,Summons Issued Cd,Surfacedesc,Third Crash Event Cd,Time Slicing,Total Crashes including Property Damage Only,Total Crash,Traffic Control Type,Trfc Ctrl Status Type,Truckcommr,Vehiclenumber,Vehicle Body Type Cd,Vehicle Make Nm,Vehicle Maneuver Type Cd,Vehicle Model Nm,Vehicle Year Nbr,District,District_Used ,Weather Condition,Work Zone Location,Work Zone Related,Work Zone Type,Young Notyoung
No Access Control,Not ALCIHOL,Urban,0,0,Penetration Macadam and Water Bound Macadam,IS-00264-W021A(R)/134-00009- 000B(L)/FROM & T,Not UNBELTED,49,Female,C,2,BIKE,0.27,0,0,,2. Angle,"Not Provided,Not Provided","Not Provided,Not Provided",13400009,0.27,3,6/18/2011,6/18/2011,22. Bicycle,915,C.Non-Visible Injury,2011,Left and Right sides,1,1,Virginia Beach,Urban,22. Bicycle,MAIN,9AM TO 12PM,134.Virginia Beach,0,Intersection,Reset Filters,VDOT_OTHER,Saturday,Not DEER,"West,South",,5,1,111935238,"78,49","Female,Female","PDO,C","1,2","11. Did Not Have Right-of-Way,37. Other","2. Not Deployed,3. Unavailable/Not Applicable","4. No Test,4. No Test","1. No Defects,1. No Defects","Not Applicable,Not Applicable","1. Had Not Been Drinking,1. Had Not Been Drinking","2. No,2. No","1. Not Ejected,1. Not Ejected","NotProvided,No","No,No","3. Lap and Shoulder Belt,9. Not Applicable","1. Not Obscured,1. Not Obscured",,,0,734941,ENT TO SHOP CENTER(B)/,0,1,"1.Divided, no control of access","22,20",1. On Roadway,"0,0",H,H.Urban Minor Arterial,Other City or Town Streets (not state maintained),Not GUARDRAIL,Not HIT_RUN,"12,11",1,3. Three Approaches,111935238,C,0,0,36.846042,36.846042,0,0.08,Not LRTRUCK,2. Daylight,LOCATED,-76.020873,-76.020873,MAINLINE,MAIN,0,0,Curbed Grass,16,4,Divided Roadway,"22,20",Not MOTORCYCLE,541258,541258.  IS00264W021A 13400009      13400009,31993,30507,32592,31474,35041,4,1,0,SEC_URBAN,,,,,,,,,0,0,52,0,1,,0,0,,,,,,,,,Not PED,,1,0,Virginia Beach,134,5,NOT-RD,6. Intersection at end of Ramp,0,0.25,0.27,1. Straight - Level,1. No Defects,"2. Two-Way, Divided, Unprotected Median",1. Dry,"2. Blacktop, Asphalt, Bituminous",500 BLOCK FIRST COLONIAL ROAD,URB,UR,R-VA134UR00009NB,"Urbanized (Population 200,000 and over)",3. No,"0,0",31993,30507,30789,29671,33083,SENIOR,Left and Right sides,"5,5","25,25",Not SPEED,"25,25",541258,0,"2. No,2. No",0,"0,0",9AM TO 12PM,1,1,3. Traffic Signal,1. Yes - Working,Not a Parkway - Trucks and Commercial Vehicles Allowed,"1,2","1. Passenger car,9. Bicycle","Mercury,NEXT","1. Going Straight Ahead,2. Making Right Turn","Milan,X2",20062010,5,5.Hampton Roads,1. No Adverse Condition (Clear/Cloudy),Not Provided,2. No,Not Provided,Not YOUNG
No Access Control,Not ALCIHOL,Urban,1,1,Bituminous Concrete (Black Base),US-00060(B)/RICHMOND RD,Not UNBELTED,20,Female,A,1,BIKE,0,0,0,,2. Angle,"Not Provided,Not Provided,Not Provided","Not Provided,Not Provided,Not Provided",13707075,0.027,3,6/20/2011,6/20/2011,20. Motor Vehicle In Transport,1522,A.Ambulatory Injury,2011,Left and Right sides,0,0,Williamsburg,Urban,20. Motor Vehicle In Transport,MAIN,3PM TO 6PM,137.Williamsburg,143,Intersection,Reset Filters,VDOT_OTHER,Monday,Not DEER,"East,West,West",,5,1,111820281,"20,63,47","Female,Female,Female","A,PDO,PDO","1,2,3","40. Fail to Maintain Proper Control,1. No Improper Action,1. No Improper Action","3. Unavailable/Not Applicable,2. Not Deployed,2. Not Deployed","Not Applicable,Not Applicable,Not Applicable","1. No Defects,1. No Defects,Not Applicable","Not Applicable,Not Applicable,Not Applicable","Not Applicable,Not Applicable,Not Applicable","Not Applicable,Not Applicable,Not Applicable","3. Totally Ejected,1. Not Ejected,1. Not Ejected","Yes,No,No","No,No,No","9. Not Applicable,3. Lap and Shoulder Belt,3. Lap and Shoulder Belt","1. Not Obscured,1. Not Obscured,Not Applicable",,,0,724033,NEW HOPE RD(R)/,0,0,"0.Two-way, non-divided","20,0,0",1. On Roadway,"0,0,0",H,H.Urban Minor Arterial,Other City or Town Streets (not state maintained),Not GUARDRAIL,Not HIT_RUN,"12,5,12",1,1. Not at Intersection,111820281,C,0,0,37.286673,37.286673,0,0.08,Not LRTRUCK,2. Daylight,LOCATED,-76.721471,-76.721471,MAINLINE,MAIN,0,0,0,0,0,Undivided Roadway,"20,0,0",Not MOTORCYCLE,398767,398767.  US00060       US00060      13707075,33511,32769,33621,32423,33081,4,1,0.027,SEC_URBAN,,,,,,,,,0,0,52,0,1,,0,0,,,,,,,,,Not PED,,1,0,Williamsburg,137,5,NOT-RD,10. Intersection Related - Within 150 Feet,0,0.00,0.03,6. Hillcrest - Curve,1. No Defects,"2. Two-Way, Divided, Unprotected Median",1. Dry,"2. Blacktop, Asphalt, Bituminous",RICHMOND ROAD /BY PASS ROAD,URB,UR,R-VA137UR07075WB,"Urbanized (Population 200,000 and over)",3. No,"0,0,0",17873,17477,18549,17888,18251,Not SENIOR,Left and Right sides,"10,0,0","25,25,25",Not SPEED,"25,25,25",398767,0,"1. Yes,2. No,2. No",0,"0,0,0",3PM TO 6PM,1,1,6. Traffic Lanes Marked,1. Yes - Working,Not a Parkway - Trucks and Commercial Vehicles Allowed,"1,2,3","9. Bicycle,1. Passenger car,1. Passenger car","BVICYCLE,TOYOTA,NISSAN","3. Making Left Turn,8. Stopped in Traffic Lane,8. Stopped in Traffic Lane","SOLARA,ALTIMA",20062007,5,5.Hampton Roads,1. No Adverse Condition (Clear/Cloudy),Not Provided,2. No,Not Provided,YOUNG
,Not ALCIHOL,Rural,0,0,,,Not UNBELTED,23,Female,B,2,BIKE,,1,1,,2. Angle,"Not Provided,Not Provided","Not Provided,Not Provided",,,,6/23/2011,6/23/2011,22. Bicycle,1353,B.Visiible Injury,2011,,0,0,James City,Rural,22. Bicycle,MAIN,12PM TO 3PM,47.James City,,Not Intersection,Reset Filters,VDOT_OTHER,Thursday,Not DEER,"South,East",,5,1,111820450,"23,23","Female,Female","PDO,B","1,2","11. Did Not Have Right-of-Way,1. No Improper Action","2. Not Deployed,3. Unavailable/Not Applicable","Not Applicable,Not Applicable","1. No Defects,1. No Defects","Not Applicable,Not Applicable","1. Had Not Been Drinking,1. Had Not Been Drinking","2. No,2. No","1. Not Ejected,1. Not Ejected","No,Yes","No,No","3. Lap and Shoulder Belt,8. No Restraint Used","1. Not Obscured,1. Not Obscured",,,,,,,,,"22,20",1. On Roadway,"0,0",,,,Not GUARDRAIL,Not HIT_RUN,"12,0",1,4. Four Approaches,,,0,0,37.276441,37.276441,,,Not LRTRUCK,2. Daylight,UNLOCATED,-76.742097,-76.742097,MAINLINE,,,,,,,,"22,20",Not MOTORCYCLE,,.,,,,,,,1,,VDOT_SEC,,,,,,,,,,,,0,1,,0,0,,,,,,,,,Not PED,,1,0,James City,47,5,NOT-RD,10. Intersection Related - Within 150 Feet,,,,1. Straight - Level,1. No Defects,"2. Two-Way, Divided, Unprotected Median",1. Dry,"2. Blacktop, Asphalt, Bituminous",courthouse st,UNKWN,SC,U-VA047SC99999UK,,3. No,"0,0",,,,,,Not SENIOR,,"5,5","25,45",Not SPEED,"25,45",,,"2. No,2. No",,"0,0",12PM TO 3PM,1,1,3. Traffic Signal,1. Yes - Working,,"1,2","2. Truck - Pick-up/Passenger Truck,9. Bicycle",dodge,"2. Making Right Turn,1. Going Straight Ahead",pu,2005,5,5.Hampton Roads,1. No Adverse Condition (Clear/Cloudy),Not Provided,2. No,Not Provided,Not YOUNG
,Not ALCIHOL,Urban,0,0,,,Not UNBELTED,25,Male,B,2,BIKE,,1,1,,2. Angle,"Not Provided,Not Provided","Not Provided,Not Provided",,,,6/23/2011,6/23/2011,22. Bicycle,1140,B.Visiible Injury,2011,,0,0,Virginia Beach,Urban,22. Bicycle,MAIN,9AM TO 12PM,134.Virginia Beach,,Not Intersection,Reset Filters,VDOT_OTHER,Thursday,Not DEER,"East,North",,5,1,111745112,"37,25","Male,Male","PDO,B","1,2","37. Other,37. Other","2. Not Deployed,3. Unavailable/Not Applicable","Not Applicable,Not Applicable","1. No Defects,1. No Defects","Not Applicable,Not Applicable","1. Had Not Been Drinking,1. Had Not Been Drinking","2. No,2. No","1. Not Ejected,2. Partially Ejected","No,Yes","No,No","3. Lap and Shoulder Belt,5. Helmet","1. Not Obscured,1. Not Obscured",,,,,,,,,"22,20",1. On Roadway,"0,0",,,,Not GUARDRAIL,Not HIT_RUN,"12,10",1,4. Four Approaches,,C,0,0,36.876177,36.876177,,,Not LRTRUCK,2. Daylight,UNLOCATED,-76.17171,-76.17171,MAINLINE,,,,,,,,"22,20",Not MOTORCYCLE,,.,,,,,,,1,,SEC_URBAN,,,,,,,,,,,,0,1,,0,0,,,,,,,,,Not PED,,1,0,Virginia Beach,134,5,NOT-RD,9. Within Intersection,,,,1. Straight - Level,1. No Defects,"1. Two-Way, Not Divided",1. Dry,"2. Blacktop, Asphalt, Bituminous",VA. TECH TRAIL,UNKWN,SC,U-VA134SC99999UK,,3. No,"0,0",,,,,,Not SENIOR,,"3,10","25,25",Not SPEED,"25,25",,,"2. No,2. No",,"0,0",9AM TO 12PM,1,1,14. Ped Crosswalk,6. No Traffic Control Device Present,,"1,2","22. Truck - Sport Utility Vehicle (SUV),9. Bicycle","TOYT,BIKE","2. Making Right Turn,1. Going Straight Ahead","HIGHLANDER,DIAMOND BACK",2004,5,5.Hampton Roads,1. No Adverse Condition (Clear/Cloudy),Not Provided,2. No,Not Provided,Not YOUNG
No Access Control,ALCOHOL,Urban,1,1,Dual Type,WEST GATE - OCEANS NAVAL,Not UNBELTED,44,Male,A,3,BIKE,297.27,0,1,,1. Rear End,"Not Provided,Not Provided,Not Provided","Not Provided,Not Provided,Not Provided",US00060,297.64,3,6/25/2011,6/25/2011,30. Overturn (Rollover),1651,A.Ambulatory Injury,2011,None,0,0,Virginia Beach,Urban,30. Overturn (Rollover),MAIN,3PM TO 6PM,134.Virginia Beach,"5,280",Intersection,Reset Filters,VDOT_OTHER,Saturday,Not DEER,"West,West,West",DISTRACTED,5,1,111795026,"19,21,44","Male,Male,Male","B,PDO,A","1,2,3","31. Avoiding Other Vehicle,31. Avoiding Other Vehicle,1. No Improper Action","2. Not Deployed,2. Not Deployed,3. Unavailable/Not Applicable","Not Applicable,Not Applicable,Not Applicable","1. No Defects,1. No Defects,1. No Defects","Not Applicable,Not Applicable,3. Looking at Scenery","1. Had Not Been Drinking,1. Had Not Been Drinking,5. Drinking - Not Known Whether Impaired","2. No,2. No,2. No","1. Not Ejected,1. Not Ejected,3. Totally Ejected","No,No,Yes","No,No,No","3. Lap and Shoulder Belt,3. Lap and Shoulder Belt,9. Not Applicable","11. Moving Vehicle(s),11. Moving Vehicle(s),1. Not Obscured",,,298,728562,WEST GATE - OCEANS NAVAL,2.86,1,"1.Divided, no control of access","20,20,20",1. On Roadway,"28,0,0",E,E.Urban Other Principle Arterials; Connecting Links of Other Rural Principal Arterial,Urban Extensions - Primary Routes,Not GUARDRAIL,Not HIT_RUN,"6,12,7",1,1. Not at Intersection,111795026,C,0,0,36.913423,36.913423,6,1.16,Not LRTRUCK,2. Daylight,LOCATED,-76.009295,-76.009295,MAINLINE,MAIN,1,1,Grass/Unprotected,36,36,Divided Roadway,"30,20,20",Not MOTORCYCLE,541117,541117.  US00060       US00060      13408669,14676,13328,13276,13148,13017,4,1,1,PRI_URBAN,,,,,,,,,0,99,47,0,2,,0,0,,,,,,,,,Not PED,,2,0,Virginia Beach,134,5,NOT-RD,8. Non-Intersection,6,296.75,296.84,1. Straight - Level,1. No Defects,"2. Two-Way, Divided, Unprotected Median",1. Dry,"2. Blacktop, Asphalt, Bituminous",1000 SHORE DRIVE,USPRI,US,R-VA   US00060WB,"Urbanized (Population 200,000 and over)",3. No,"30,0,10",10944,10246,10186,10128,9226,Not SENIOR,None,"55,55,10","55,55,55",Not SPEED,"55,55,55",728562,1.7,"2. No,2. No,2. No",0,"22,0,0",3PM TO 6PM,1,1,6. Traffic Lanes Marked,1. Yes - Working,Not a Parkway - Trucks and Commercial Vehicles Allowed,"1,2,3","1. Passenger car,1. Passenger car,9. Bicycle","MINI,Ford,UNKNOWN","5. Slowing or Stopping,14. Changing Lanes,1. Going Straight Ahead","COOPER,Taurus,BICYCLE",201120011999,5,5.Hampton Roads,1. No Adverse Condition (Clear/Cloudy),Not Provided,2. No,Not Provided,YOUNG
,Not ALCIHOL,Urban,0,0,,,Not UNBELTED,13,Female,B,2,BIKE,,1,1,,2. Angle,"Not Provided,Not Provided","Not Provided,Not Provided",,,,6/28/2011,6/28/2011,22. Bicycle,1647,B.Visiible Injury,2011,,0,0,Virginia Beach,Urban,22. Bicycle,MAIN,3PM TO 6PM,134.Virginia Beach,,Not Intersection,Reset Filters,VDOT_OTHER,Tuesday,Not DEER,"South,East",DISTRACTED,5,1,111805199,"32,13","Female,Female","PDO,B","1,2","1. No Improper Action,11. Did Not Have Right-of-Way","2. Not Deployed,3. Unavailable/Not Applicable","Not Applicable,Not Applicable","1. No Defects,1. No Defects","4. Passenger(s),Not Applicable","1. Had Not Been Drinking,1. Had Not Been Drinking","2. No,2. No","1. Not Ejected,3. Totally Ejected","No,Yes","No,No","3. Lap and Shoulder Belt,8. No Restraint Used","5. Trees, Crops, etc.,1. Not Obscured",,,,,,,,,"22,20",1. On Roadway,"0,0",,,,Not GUARDRAIL,Not HIT_RUN,"12,11",1,3. Three Approaches,,C,0,0,36.779123,36.779123,,,Not LRTRUCK,2. Daylight,UNLOCATED,-76.146134,-76.146134,MAINLINE,,,,,,,,"22,20",Not MOTORCYCLE,,.,,,,,,,1,,SEC_URBAN,,,,,,,,,,,,0,1,,0,0,,,,,,,,,Not PED,,1,0,Virginia Beach,134,5,NOT-RD,9. Within Intersection,,,,1. Straight - Level,1. No Defects,"1. Two-Way, Not Divided",1. Dry,"2. Blacktop, Asphalt, Bituminous",1200 BLK NORTHVALE DRIVE,UNKWN,SC,U-VA134SC99999UK,,3. No,"0,0",,,,,,Not SENIOR,,"20,10","20,20",Not SPEED,"25,25",,,"Not Provided,Not Provided",,"0,0",3PM TO 6PM,1,1,4. Stop Sign,1. Yes - Working,,"1,2","1. Passenger car,9. Bicycle","NISSAN,MONGOOSE","1. Going Straight Ahead,2. Making Right Turn","WAGONEER,FS1",2010,5,5.Hampton Roads,1. No Adverse Condition (Clear/Cloudy),Not Provided,2. No,Not Provided,Not YOUNG
No Access Control,Not ALCIHOL,Urban,0,0,Bituminous Concrete (Black Base),POCAHONTAS DRIVE(R)(R)/ROAD(L)/,Not UNBELTED,48,Male,B,1,BIKE,2.59,1,1,,2. Angle,"Not Provided,Not Provided","Not Provided,Not Provided",SR00173,2.62,3,6/30/2011,6/30/2011,22. Bicycle,1834,B.Visiible Injury,2011,Left and Right sides,0,0,Newport News,Urban,22. Bicycle,MAIN,6PM TO 9PM,121.Newport News,106,Intersection,Reset Filters,VDOT_OTHER,Thursday,Not DEER,"East,West",DISTRACTED,5,1,112550067,"48,60","Male,Female","B,PDO","1,2","10. Wrong Side Of Road - Not Overtaking,1. No Improper Action","3. Unavailable/Not Applicable,2. Not Deployed","4. No Test,4. No Test","1. No Defects,1. No Defects","11. Other,Not Applicable","1. Had Not Been Drinking,1. Had Not Been Drinking","2. No,2. No","2. Partially Ejected,1. Not Ejected","Yes,No","No,No","9. Not Applicable,3. Lap and Shoulder Belt","1. Not Obscured,1. Not Obscured",,,3,910003,FR-00141(R)/121-00019(L)/RICHNECK RD,0,0,"0.Two-way, non-divided","20,22",1. On Roadway,"0,0",H,H.Urban Minor Arterial,Urban Extensions - Primary Routes,Not GUARDRAIL,Not HIT_RUN,"9,12",1,2. Two Approaches,112550067,C,0,0,37.136019,37.136019,0,0.05,Not LRTRUCK,2. Daylight,LOCATED,-76.525071,-76.525071,MAINLINE,MAIN,0,0,0,0,0,Undivided Roadway,"20,19",Not MOTORCYCLE,910003,910003.  SR00173       SR00173      12100019,29722,28957,30250,30194,30878,4,1,0.02,PRI_URBAN,,,,,,,,,0,0,64,0,1,,0,0,,,,,,,,,Not PED,,1,0,Newport News,121,5,NOT-RD,9. Within Intersection,0,2.50,2.62,1. Straight - Level,1. No Defects,"2. Two-Way, Divided, Unprotected Median",1. Dry,"2. Blacktop, Asphalt, Bituminous",DENBIGH BLVD,STPRI,SR,R-VA   SR00173EB,"Urbanized (Population 200,000 and over)",3. No,"0,19",28116,27386,28515,28521,29171,Not SENIOR,Left and Right sides,"2,5","35,35",Not SPEED,"35,35",646155,0.37,"1. Yes,2. No",0,"0,0",6PM TO 9PM,1,1,4. Stop Sign,1. Yes - Working,Not a Parkway - Trucks and Commercial Vehicles Allowed,"1,2","9. Bicycle,1. Passenger car",TOYOTA,"1. Going Straight Ahead,2. Making Right Turn",CAMRY,1998,5,5.Hampton Roads,1. No Adverse Condition (Clear/Cloudy),Not Provided,2. No,Not Provided,Not YOUNG
No Access Control,Not ALCIHOL,Urban,0,0,Bituminous Concrete (Black Base),LAKE JAMES DRIVE(R)/KEMP'S RIVER ROAD(L)/,Not UNBELTED,15,Female,B,1,BIKE,2.82,1,1,,2. Angle,"Not Provided,Not Provided","Not Provided,Not Provided",13400007,2.84,3,7/1/2011,7/1/2011,20. Motor Vehicle In Transport,1253,B.Visiible Injury,2011,Left and Right sides,0,0,Virginia Beach,Urban,20. Motor Vehicle In Transport,MAIN,12PM TO 3PM,134.Virginia Beach,"1,267",Intersection,Reset Filters,VDOT_OTHER,Friday,Not DEER,"South,East",,5,1,111845077,"15,48","Female,Female","B,PDO","1,2","37. Other,1. No Improper Action","3. Unavailable/Not Applicable,2. Not Deployed","4. No Test,4. No Test","1. No Defects,1. No Defects","Not Applicable,Not Applicable","1. Had Not Been Drinking,1. Had Not Been Drinking","2. No,2. No","1. Not Ejected,1. Not Ejected","Yes,No","No,No","9. Not Applicable,3. Lap and Shoulder Belt","1. Not Obscured,1. Not Obscured",,,3,734933,LILA LANE(R)/CENTER LANE(L)/,0,1,"1.Divided, no control of access","20,22",1. On Roadway,"0,0",H,H.Urban Minor Arterial,Other City or Town Streets (not state maintained),Not GUARDRAIL,Not HIT_RUN,"1,11",1,4. Four Approaches,111845077,C,0,0,36.799477,36.799477,0,0.15,Not LRTRUCK,2. Daylight,LOCATED,-76.179104,-76.179104,MAINLINE,MAIN,0,0,Curbed Grass,14,4,Divided Roadway,"20,22",Not MOTORCYCLE,715394,715394. 13400005      13400007      13400007,70113,65467,66071,63674,66689,6,1,0.24,SEC_URBAN,,,,,,,,,3.7,0,78,0,1,,0,0,,,,,,,,,Not PED,,1,0,Virginia Beach,134,5,NOT-RD,10. Intersection Related - Within 150 Feet,0,2.75,2.82,1. Straight - Level,1. No Defects,"3. Two-Way, Divided, Positive Median Barrier",1. Dry,"2. Blacktop, Asphalt, Bituminous",5441 INDIAN RIVER ROAD,URB,UR,R-VA134UR00007EB,"Urbanized (Population 200,000 and over)",3. No,"0,0",60744,55824,56339,54295,57633,Not SENIOR,Left and Right sides,"5,40","45,45",Not SPEED,"45,45",734931,0,"2. No,2. No",0,"0,0",12PM TO 3PM,1,1,3. Traffic Signal,1. Yes - Working,Not a Parkway - Trucks and Commercial Vehicles Allowed,"1,2","9. Bicycle,1. Passenger car","UNKNOWN,Toyota","1. Going Straight Ahead,1. Going Straight Ahead","BICYCLE,Prius",20102006,5,5.Hampton Roads,1. No Adverse Condition (Clear/Cloudy),Not Provided,2. No,Not Provided,YOUNG
No Access Control,Not ALCIHOL,Urban,1,1,Dual Type,ROAD TO VILLAGE SHOPS(L)/,Not UNBELTED,21,Female,A,2,BIKE,243.33,0,0,45,1. Rear End,"Not Provided,Not Provided","Not Provided,Not Provided",US00060,243.348,3,7/2/2011,7/2/2011,20. Motor Vehicle In Transport,110,A.Ambulatory Injury,2011,None,0,0,York,Urban,20. Motor Vehicle In Transport,MAIN,0AM TO 3AM,99.York,"2,154",Intersection,Reset Filters,VDOT_OTHER,Saturday,Not DEER,"East,East",,5,1,111855009,"40,21","Female,Female","PDO,A","1,2","1. No Improper Action,1. No Improper Action","2. Not Deployed,3. Unavailable/Not Applicable","Not Applicable,Not Applicable","1. No Defects,1. No Defects","Not Applicable,Not Applicable","1. Had Not Been Drinking,1. Had Not Been Drinking","2. No,2. No","1. Not Ejected,1. Not Ejected","NotProvided,Yes","No,No","3. Lap and Shoulder Belt,8. No Restraint Used","1. Not Obscured,1. Not Obscured",,,243,719770,ROAD TO VILLAGE SHOPS(L)/,0.02,1,"1.Divided, no control of access","22,20",1. On Roadway,"0,0",E,E.Urban Other Principle Arterials; Connecting Links of Other Rural Principal Arterial,State Primary and Interstate,Not GUARDRAIL,Not HIT_RUN,"1,6",1,1. Not at Intersection,111855009,N,0,0,37.245413,37.245413,5,0.02,Not LRTRUCK,5. Darkness - Road Not Lighted,LOCATED,-76.657057,-76.657057,MAINLINE,MAIN,2,2,Grass/Unprotected,36,36,Divided Roadway,"22,20",Not MOTORCYCLE,672184,672184.  SR00199E012A  US00060       US00060,7600,7432,8057,7770,7928,4,1,0.408,VDOT_PRI,,,,,,,,,0,90,44,0,1,,0,0,,,,,,,,,Not PED,,1,0,York,99,5,NOT-RD,8. Non-Intersection,10,243.25,243.27,1. Straight - Level,1. No Defects,"2. Two-Way, Divided, Unprotected Median",1. Dry,"2. Blacktop, Asphalt, Bituminous",POCAHONTAS TRAIL,USPRI,US,R-VA   US00060WB,"Urbanized (Population 200,000 and over)",3. No,"0,0",10465,10233,10514,10140,10345,Not SENIOR,None,"45,8","45,45",Not SPEED,"45,45",719770,0,"2. No,2. No",0,"0,0",0AM TO 3AM,1,1,6. Traffic Lanes Marked,1. Yes - Working,Designated Truck Route - D2,"1,2","3. Van,9. Bicycle","Dodge,UNK","1. Going Straight Ahead,1. Going Straight Ahead","Caravan,UNK",1998,5,5.Hampton Roads,1. No Adverse Condition (Clear/Cloudy),Not Provided,2. No,Not Provided,Not YOUNG
No Access Control,Not ALCIHOL,Urban,0,0,"N/A, Unknown, or Unstabilized",JEFFERSON STREET(B)/,Not UNBELTED,6,Male,B,1,BIKE,1.72,1,1,,2. Angle,"Not Provided,Not Provided","Not Provided,Not Provided",13108771,1.783,4,7/2/2011,7/2/2011,22. Bicycle,1447,B.Visiible Injury,2011,Left and Right sides,0,0,Chesapeake,Urban,22. Bicycle,MAIN,12PM TO 3PM,131.Chesapeake,861,Intersection,Reset Filters,VDOT_OTHER,Saturday,Not DEER,"West,North",,5,1,112300000,"6,54","Male,Female","B,PDO","1,2","37. Other,1. No Improper Action","3. Unavailable/Not Applicable,2. Not Deployed","Not Applicable,Not Applicable","Not Applicable,Not Applicable","Not Applicable,Not Applicable","1. Had Not Been Drinking,1. Had Not Been Drinking","3. Unknown,3. Unknown","3. Totally Ejected,1. Not Ejected","No,NotProvided","No,No","8. No Restraint Used,3. Lap and Shoulder Belt","Not Applicable,10. Parked Vehicle(s)",,,2,484961,OHIO STREET(B)/,0,0,"0.Two-way, non-divided","20,22",1. On Roadway,"0,0",I,I.Urban Collector,Other City or Town Streets (not state maintained),Not GUARDRAIL,Not HIT_RUN,"12,1",1,1. Not at Intersection,112300000,C,0,0,36.815314,36.815314,0,0.1,Not LRTRUCK,2. Daylight,LOCATED,-76.271865,-76.271865,MAINLINE,MAIN,0,0,0,0,0,Undivided Roadway,"20,22",Not MOTORCYCLE,484959,484959. 13108771      13108771      13108776      13108776,4720,4616,4642,4395,4483,2,1,0.163,SEC_URBAN,,,,,,,,,0,0,36,0,1,,0,0,,,,,,,,,Not PED,,1,0,Chesapeake,131,5,NOT-RD,8. Non-Intersection,0,1.75,1.78,1. Straight - Level,1. No Defects,"1. Two-Way, Not Divided",1. Dry,1. Concrete,CHESAPEAKE AV,URB,UR,R-VA131UR08771SB,"Urbanized (Population 200,000 and over)",3. No,"0,0",1878,1836,1847,1855,1892,Not SENIOR,Left and Right sides,"3,20","25,25",Not SPEED,"25,25",484960,0,"2. No,2. No",0,"0,0",12PM TO 3PM,1,1,6. Traffic Lanes Marked,1. Yes - Working,Not a Parkway - Trucks and Commercial Vehicles Allowed,"1,2","9. Bicycle,1. Passenger car","BICYCLE,FORD","1. Going Straight Ahead,1. Going Straight Ahead","BICYCLE,TAURUS",20112004,5,5.Hampton Roads,1. No Adverse Condition (Clear/Cloudy),Not Provided,2. No,Not Provided,Not YOUNG