Access Control,Alcohol Notalcohol,Area Type1,A Crash,A People,Basetypedesc,Begin Node Dsc,Belted Unbelted,Bikeage,Bikegen,Bikeinjurytype,Bikevehiclenumber,Bike Nonbike,BMP,B Crash,B People,Carspeedlimit,Collision Type,Comm Cargo Body Type Cd,Comm Vehicle Body Type Cd,Cotedrouteid,Coted Mp,Count App,CRASH_DT (copy),Crash Dt,Crash Event Type Dsc,Crash Military Tm,Crash Severity,Crash Year,Curbgutterdesc,C Crash,C People,Juris Name Used,Area Type Used,First Harmful Event of Entire Crash,MAINLINE,Time Slicing Used,Phy_Juris_Nm,Offset-Ft,Intersection Analysis,Clear,Calculation_9640323132123359,Day Of Week,Deer Nodeer,Direction Of Travel Cd,Distracted Notdistracted,VSP,TOTAL CRASH,Document Nbr,Driverage,Drivergen,Driverinjurytype,Drivervehiclenumber,Driver Action Type Cd,Driver Airbag Deployment,Driver Alcohol Test Type Cd,Driver Condition Type Cd,Driver Distraction Type Cd,Driver Drinking Type Cd,Driver Drug Use Cd,Driver Ejected From Vehicle,Driver Ems Transport Ind,Driver Fled Scene Ind,Driver Safety Equip Used,Driver Vis Obscured Type Cd,Drowsy Notdrowsy,Drug Nodrug,EMP,End Node,End Node Dsc,End Offset,Facility,FAC,First Crash Event Cd,First Harmful Event,Fourth Crash Event Cd,Functionalclass,FUN,Govcondesc,Gr Nogr,Hitrun Not Hitrun,Initial Veh Impact Area Cd,Injury Crashes,Intersection Type,Int Doc,Jurtype,K_CRASH,K People,LAT (copy),LAT,Leftshoulderwidth,Length,Lgtruck Nonlgtruck,Light Condition,Located Unlocated,LON (copy),LON,MAINLINE (group),Mainline Yn,Medianleftshoulderwidth,Medianrightshoulderwidth,Mediantypedesc,Medianwidthmax,Medianwidthmin,Median Type,Most Harmful Crash Event Cd,Motor Nonmotor,Node,Node Info,Node Totaadt2011,Node Totaadt2012,Node Totaadt2013,Node Totaadt2014,Node Totaadt2015,Numberoflane,Number of Records,Offset,Ownership,Passage,Passgen,Passinjurytype,Passvehiclenumber,Pass Airbag Deployment,Pass Ejected From Vehicle,Pass Ems Transport Ind,Pass Safety Equip Used,Pavementconditionvalue,Pavementroughnessvalue,Pavementwidth,Pdo Crash,Total People Killed & Injured,Pedage,Pedestrians Injured,Pedestrians Killed,Pedgen,Pedinjurytype,Pednumber,Ped Action,Ped Al Test,Ped Cond,Ped Drink,Ped Drug,Ped Nonped,Ped Rflct,Persons Injured,Persons Killed,Physical Juris Nm,PJR,VSP_Used,Rd Type,Relation To Roadway,Rightshoulderwidth,RNS_MP (0.25 mi bin),Rns Mp,Roadway Alignment,Roadway Defect,Roadway Description,Roadway Surface Cond,Roadway Surface Type,Route Or Street Nm,Rte Category Cd,Rte Cat,Rte Nm,Ruralurbandesc,School Zone,Second Crash Event Cd,Segtotaadt2011,Segtotaadt2012,Segtotaadt2013,Segtotaadt2014,Segtotaadt2015,Senior Notsenior,Sidewalkdesc,Speed Before,Speed Max Safe,Speed Notspeed,Speed Posted,Start Node,Start Offset,Summons Issued Cd,Surfacedesc,Third Crash Event Cd,Time Slicing,Total Crashes including Property Damage Only,Total Crash,Traffic Control Type,Trfc Ctrl Status Type,Truckcommr,Vehiclenumber,Vehicle Body Type Cd,Vehicle Make Nm,Vehicle Maneuver Type Cd,Vehicle Model Nm,Vehicle Year Nbr,District,District_Used ,Weather Condition,Work Zone Location,Work Zone Related,Work Zone Type,Young Notyoung
Partial Access Control,Not ALCIHOL,Urban,0,0,Dual Type,134-08713(L)/REGENCY DR,Not UNBELTED,19,Female,C,1,BIKE,506.76,0,0,,2. Angle,"Not Provided,Not Provided","Not Provided,Not Provided",US00058,506.8,4,7/8/2011,7/8/2011,20. Motor Vehicle In Transport,1450,C.Non-Visible Injury,2011,Left and Right sides,1,1,Virginia Beach,Urban,20. Motor Vehicle In Transport,MAIN,12PM TO 3PM,134.Virginia Beach,158,Intersection,Reset Filters,VDOT_OTHER,Friday,Not DEER,"West,South",DISTRACTED,5,1,112985274,"19,47","Female,Female","C,PDO","1,2","11. Did Not Have Right-of-Way,1. No Improper Action","3. Unavailable/Not Applicable,2. Not Deployed","Not Applicable,Not Applicable","1. No Defects,1. No Defects","11. Other,4. Passenger(s)","1. Had Not Been Drinking,1. Had Not Been Drinking","2. No,2. No","3. Totally Ejected,1. Not Ejected","Yes,No","No,No","9. Not Applicable,3. Lap and Shoulder Belt","11. Moving Vehicle(s),1. Not Obscured",,,507,541066,134-00009(B)/,0,2,"2.Divided, partial control of access","20,20",1. On Roadway,"0,0",E,E.Urban Other Principle Arterials; Connecting Links of Other Rural Principal Arterial,Urban Extensions - Primary Routes,Not GUARDRAIL,Not HIT_RUN,"3,12",1,"5. Five-Point, or More",112985274,C,0,0,36.850533,36.850533,0,0.07,Not LRTRUCK,2. Daylight,LOCATED,-76.022236,-76.022236,MAINLINE,MAIN,0,0,Grass/Unprotected,34,14,Divided Roadway,"20,20",Not MOTORCYCLE,541066,541066.  US00058       US00058      13400009      13400009,63023,61504,62556,60804,62575,4,1,0.03,PRI_URBAN,,,,,,,,,0,224,44,0,1,,0,0,,,,,,,,,Not PED,,1,0,Virginia Beach,134,5,NOT-RD,9. Within Intersection,0,506.75,506.91,1. Straight - Level,1. No Defects,"2. Two-Way, Divided, Unprotected Median",1. Dry,"2. Blacktop, Asphalt, Bituminous",1701 LASKIN RD,USPRI,US,R-VA   US00058EB,"Urbanized (Population 200,000 and over)",3. No,"0,0",29331,29198,29955,29391,29183,Not SENIOR,None,"5,15","35,35",Not SPEED,"35,35",541067,0.61,"2. No,2. No",0,"0,0",12PM TO 3PM,1,1,3. Traffic Signal,1. Yes - Working,Not a Parkway - Trucks and Commercial Vehicles Allowed,"1,2","9. Bicycle,22. Truck - Sport Utility Vehicle (SUV)","HUFFY,Isuzu","1. Going Straight Ahead,1. Going Straight Ahead","BEACH CRUISER,Rodeo",20002002,5,5.Hampton Roads,1. No Adverse Condition (Clear/Cloudy),Not Provided,2. No,Not Provided,YOUNG
No Access Control,Not ALCIHOL,Urban,0,0,Bituminous Concrete (Black Base),CARVER AVE(L)/,Not UNBELTED,22,Male,B,2,BIKE,3.16,1,1,,2. Angle,"Not Provided,Not Provided","Not Provided,Not Provided",13408723,3.16,3,7/9/2011,7/9/2011,22. Bicycle,1754,B.Visiible Injury,2011,Left and Right sides,0,0,Virginia Beach,Urban,22. Bicycle,MAIN,3PM TO 6PM,134.Virginia Beach,475,Intersection,Reset Filters,VDOT_OTHER,Saturday,Not DEER,"East,North",,5,1,112055195,"62,22","Male,Male","PDO,B","1,2","11. Did Not Have Right-of-Way,1. No Improper Action","2. Not Deployed,3. Unavailable/Not Applicable","4. No Test,4. No Test","1. No Defects,1. No Defects","Not Applicable,Not Applicable","1. Had Not Been Drinking,1. Had Not Been Drinking","2. No,2. No","1. Not Ejected,1. Not Ejected","NotProvided,No","No,No","3. Lap and Shoulder Belt,9. Not Applicable","1. Not Obscured,1. Not Obscured",,,3,542025,134-08818(R)/AMERICUS AVE(L)/VA BEACH BLVD,0,1,"1.Divided, no control of access","22,20",1. On Roadway,"0,0",H,H.Urban Minor Arterial,Other City or Town Streets (not state maintained),Not GUARDRAIL,Not HIT_RUN,"12,10",1,3. Three Approaches,112055195,C,0,0,36.843069,36.843069,0,0.09,Not LRTRUCK,2. Daylight,LOCATED,-75.996192,-75.996192,MAINLINE,MAIN,0,0,Grass/Unprotected,14,3,Divided Roadway,"22,20",Not MOTORCYCLE,542025,542025. 13408723      13408723      13408818,27349,28044,28302,27276,30192,4,1,0.09,SEC_URBAN,,,,,,,,,0,0,56,0,1,,0,0,,,,,,,,,Not PED,,1,0,Virginia Beach,134,5,NOT-RD,9. Within Intersection,0,2.75,2.85,1. Straight - Level,1. No Defects,"2. Two-Way, Divided, Unprotected Median",1. Dry,"2. Blacktop, Asphalt, Bituminous",300 BLOCK BIRDNECK RD,URB,UR,R-VA134UR08723NB,"Urbanized (Population 200,000 and over)",3. No,"0,0",25641,26357,26600,25635,28421,Not SENIOR,Left and Right sides,"10,8","25,25",Not SPEED,"25,25",542024,0,"2. No,Not Provided",0,"0,0",3PM TO 6PM,1,1,4. Stop Sign,1. Yes - Working,Not a Parkway - Trucks and Commercial Vehicles Allowed,"1,2","2. Truck - Pick-up/Passenger Truck,9. Bicycle","Chevrolet,HUFFY","1. Going Straight Ahead,1. Going Straight Ahead","Silverado 1500,MOUNTAIN BIKE",20022000,5,5.Hampton Roads,1. No Adverse Condition (Clear/Cloudy),Not Provided,2. No,Not Provided,Not YOUNG
,Not ALCIHOL,Urban,0,0,,,Not UNBELTED,20,Male,B,2,BIKE,,1,1,,2. Angle,"Not Provided,Not Provided","Not Provided,Not Provided",,,,7/13/2011,7/13/2011,22. Bicycle,1308,B.Visiible Injury,2011,,0,0,Virginia Beach,Urban,22. Bicycle,MAIN,12PM TO 3PM,134.Virginia Beach,,Not Intersection,Reset Filters,VDOT_OTHER,Wednesday,Not DEER,"North,West",,5,1,112005044,"52,20","Male,Male","PDO,B","1,2","11. Did Not Have Right-of-Way,1. No Improper Action","2. Not Deployed,3. Unavailable/Not Applicable","Not Applicable,Not Applicable","1. No Defects,1. No Defects","Not Applicable,Not Applicable","1. Had Not Been Drinking,1. Had Not Been Drinking","2. No,2. No","1. Not Ejected,1. Not Ejected","No,Yes","No,No","3. Lap and Shoulder Belt,9. Not Applicable","1. Not Obscured,1. Not Obscured",,,,,,,,,"22,20",1. On Roadway,"0,0",,,,Not GUARDRAIL,Not HIT_RUN,"12,11",1,2. Two Approaches,,C,0,0,36.814936,36.814936,,,Not LRTRUCK,2. Daylight,UNLOCATED,-76.10435,-76.10435,MAINLINE,,,,,,,,"22,20",Not MOTORCYCLE,,.,,,,,,,1,,SEC_URBAN,,,,,,,,,,,,0,1,,0,0,,,,,,,,,Not PED,,1,0,Virginia Beach,134,5,NOT-RD,9. Within Intersection,,,,1. Straight - Level,1. No Defects,"1. Two-Way, Not Divided",1. Dry,"2. Blacktop, Asphalt, Bituminous",700 BLK CHASEWAY ST,UNKWN,SC,U-VA134SC99999UK,,3. No,"0,0",,,,,,Not SENIOR,,"5,5","25,5",Not SPEED,"25,5",,,"2. No,2. No",,"0,0",12PM TO 3PM,1,1,4. Stop Sign,1. Yes - Working,,"1,2","1. Passenger car,9. Bicycle","Ford,FUJI","1. Going Straight Ahead,1. Going Straight Ahead","Taurus,MX460",20052011,5,5.Hampton Roads,1. No Adverse Condition (Clear/Cloudy),Not Provided,2. No,Not Provided,YOUNG
No Access Control,Not ALCIHOL,Urban,0,0,Bituminous Concrete (Black Base),134-08740(B)/CONSTITUTION DR,Not UNBELTED,47,Female,C,2,BIKE,500.37,0,0,55,2. Angle,"Not Provided,Not Provided","Not Provided,Not Provided",US00058,501.174,3,7/13/2011,7/13/2011,22. Bicycle,1521,C.Non-Visible Injury,2011,Left and Right sides,1,1,Virginia Beach,Urban,22. Bicycle,MAIN,3PM TO 6PM,134.Virginia Beach,"1,352",Intersection,Reset Filters,VDOT_OTHER,Wednesday,Not DEER,"South,West",DISTRACTED,5,1,111985185,"26,47","Female,Female","PDO,C","1,2","11. Did Not Have Right-of-Way,1. No Improper Action","2. Not Deployed,2. Not Deployed","4. No Test,4. No Test","1. No Defects,1. No Defects","11. Other,Not Applicable","1. Had Not Been Drinking,1. Had Not Been Drinking","2. No,2. No","1. Not Ejected,2. Partially Ejected","No,Yes","No,No","3. Lap and Shoulder Belt,9. Not Applicable","1. Not Obscured,1. Not Obscured",,,501,541081,134-08732(L)/THALIA RD,0,1,"1.Divided, no control of access","22,20",1. On Roadway,"0,0",E,E.Urban Other Principle Arterials; Connecting Links of Other Rural Principal Arterial,Urban Extensions - Primary Routes,Not GUARDRAIL,Not HIT_RUN,"12,4",1,1. Not at Intersection,111985185,C,0,0,36.843388,36.843388,0,1.06,Not LRTRUCK,2. Daylight,LOCATED,-76.123396,-76.123396,MAINLINE,MAIN,0,0,Curbed Grass,28,4,Divided Roadway,"22,20",Not MOTORCYCLE,541081,541081.  US00058       US00058      13408732,49708,50006,50468,48636,43575,8,1,0.256,PRI_URBAN,,,,,,,,,0,151,99,0,1,,0,0,,,,,,,,,Not PED,,1,0,Virginia Beach,134,5,NOT-RD,8. Non-Intersection,0,501.25,501.43,1. Straight - Level,1. No Defects,"2. Two-Way, Divided, Unprotected Median",1. Dry,"2. Blacktop, Asphalt, Bituminous",4300 BLOCK VIRGINIA BEACH BLVD,USPRI,US,R-VA   US00058WB,"Urbanized (Population 200,000 and over)",3. No,"0,0",47515,47865,48307,46554,41500,Not SENIOR,Left and Right sides,"2,5","45,45",Not SPEED,"45,45",541082,0,"2. No,2. No",0,"0,0",3PM TO 6PM,1,1,6. Traffic Lanes Marked,1. Yes - Working,Not a Parkway - Trucks and Commercial Vehicles Allowed,"1,2","1. Passenger car,9. Bicycle","Scion,MT. FURY","2. Making Right Turn,1. Going Straight Ahead","tC,ROADMASTER",20092005,5,5.Hampton Roads,1. No Adverse Condition (Clear/Cloudy),Not Provided,2. No,Not Provided,Not YOUNG
No Access Control,Not ALCIHOL,Urban,0,0,Bituminous Concrete (Black Base),134-08817(B)/OLD DOMINION PKWY,Not UNBELTED,18,Male,C,1,BIKE,1.57,0,0,,2. Angle,"Not Provided,Not Provided","Not Provided,Not Provided",SR00279,1.57,4,7/15/2011,7/15/2011,20. Motor Vehicle In Transport,1124,C.Non-Visible Injury,2011,Left and Right sides,1,1,Virginia Beach,Urban,20. Motor Vehicle In Transport,MAIN,9AM TO 12PM,134.Virginia Beach,0,Intersection,Reset Filters,VDOT_OTHER,Friday,Not DEER,"East,South",,5,1,113185049,"18,59","Male,Male","C,PDO","1,2","21. Disregarded Traffic Signal,1. No Improper Action","3. Unavailable/Not Applicable,2. Not Deployed","Not Applicable,Not Applicable","8. Other,1. No Defects","Not Applicable,Not Applicable","Not Applicable,Not Applicable","Not Applicable,Not Applicable","3. Totally Ejected,1. Not Ejected","Yes,No","No,No","5. Helmet,3. Lap and Shoulder Belt","1. Not Obscured,1. Not Obscured",,,2,541228,COACH LA(R)TANGLEWOOD TR(L)/,0,1,"1.Divided, no control of access","20,22",1. On Roadway,"0,0",H,H.Urban Minor Arterial,Urban Extensions - Primary Routes,Not GUARDRAIL,Not HIT_RUN,"12,3",1,4. Four Approaches,113185049,C,0,0,36.86404,36.86404,0,0.49,Not LRTRUCK,2. Daylight,LOCATED,-76.04569,-76.04569,MAINLINE,MAIN,4,4,Grass/Unprotected,40,40,Divided Roadway,"20,22",Not MOTORCYCLE,541227,541227.  SR00279       SR00279      13408817      13408817,47053,43753,44156,42554,33411,4,1,0,PRI_URBAN,,,,,,,,,0,0,52,0,1,,0,0,,,,,,,,,Not PED,,1,0,Virginia Beach,134,5,NOT-RD,9. Within Intersection,0,1.50,1.57,1. Straight - Level,1. No Defects,"2. Two-Way, Divided, Unprotected Median",1. Dry,"2. Blacktop, Asphalt, Bituminous",999 GREAT NECK RD,STPRI,SR,R-VA   SR00279SB,"Urbanized (Population 200,000 and over)",3. No,"0,0",42549,38938,39297,37871,29030,Not SENIOR,Left and Right sides,"5,35","35,45",Not SPEED,"35,45",541227,0,"1. Yes,2. No",0,"0,0",9AM TO 12PM,1,1,3. Traffic Signal,1. Yes - Working,Not a Parkway - Trucks and Commercial Vehicles Allowed,"1,2","9. Bicycle,22. Truck - Sport Utility Vehicle (SUV)","BICYCLE,GMC","1. Going Straight Ahead,1. Going Straight Ahead","BICYCLE,Jimmy",20102001,5,5.Hampton Roads,1. No Adverse Condition (Clear/Cloudy),Not Provided,2. No,Not Provided,YOUNG
No Access Control,Not ALCIHOL,Urban,0,0,"N/A, Unknown, or Unstabilized",CYPRESS AVE(B)/,Not UNBELTED,18,Male,B,1,BIKE,0.69,1,1,,2. Angle,"Not Provided,Not Provided","Not Provided,Not Provided",13408818,0.695,4,7/15/2011,7/15/2011,20. Motor Vehicle In Transport,1440,B.Visiible Injury,2011,Left and Right sides,0,0,Virginia Beach,Urban,20. Motor Vehicle In Transport,MAIN,12PM TO 3PM,134.Virginia Beach,"1,082",Intersection,Reset Filters,VDOT_OTHER,Friday,Not DEER,"North,East",,5,1,112015111,"18,59","Male,Male","B,PDO","1,2","21. Disregarded Traffic Signal,1. No Improper Action","3. Unavailable/Not Applicable,2. Not Deployed","4. No Test,4. No Test","1. No Defects,1. No Defects","Not Applicable,Not Applicable","1. Had Not Been Drinking,1. Had Not Been Drinking","2. No,2. No","1. Not Ejected,1. Not Ejected","Yes,No","No,No","6. Other,3. Lap and Shoulder Belt","1. Not Obscured,1. Not Obscured",,,1,542475,SHOREHAME CT(R)/,0,0,"0.Two-way, non-divided","20,20",1. On Roadway,"0,0",I,I.Urban Collector,Other City or Town Streets (not state maintained),Not GUARDRAIL,Not HIT_RUN,"12,2",1,4. Four Approaches,112015111,C,0,0,36.845733,36.845733,0,0.05,Not LRTRUCK,2. Daylight,LOCATED,-75.983444,-75.983444,MAINLINE,MAIN,0,0,0,0,0,Undivided Roadway,"20,20",Not MOTORCYCLE,541982,541982. 13408721      13408721      13408818      13408818,13139,9889,9980,9618,6234,4,1,0.205,SEC_URBAN,,,,,,,,,0,0,52,0,1,,0,0,,,,,,,,,Not PED,,1,0,Virginia Beach,134,5,NOT-RD,9. Within Intersection,0,0.50,0.70,1. Straight - Level,1. No Defects,"1. Two-Way, Not Divided",1. Dry,"2. Blacktop, Asphalt, Bituminous",620 19TH ST.,URB,UR,R-VA134UR08818WB,"Urbanized (Population 200,000 and over)",3. No,"0,0",5284,3405,3436,3312,4014,Not SENIOR,Left and Right sides,"15,15","25,25",Not SPEED,"25,25",542474,0,"1. Yes,2. No",0,"0,0",12PM TO 3PM,1,1,3. Traffic Signal,1. Yes - Working,Not a Parkway - Trucks and Commercial Vehicles Allowed,"1,2","9. Bicycle,15. Bus - Commercial Bus","BICYCLE,MCI","1. Going Straight Ahead,1. Going Straight Ahead","BICYCLE,BUS",20001980,5,5.Hampton Roads,1. No Adverse Condition (Clear/Cloudy),Not Provided,2. No,Not Provided,YOUNG
No Access Control,Not ALCIHOL,Urban,0,0,Bituminous Concrete (Black Base),BERKNOR DR(L)/,Not UNBELTED,55,Male,B,2,BIKE,19.4,1,1,,4. Sideswipe - Same Direction,"Not Provided,Not Provided","Not Provided,Not Provided",13408669,19.82,4,7/16/2011,7/16/2011,20. Motor Vehicle In Transport,1250,B.Visiible Injury,2011,None,0,0,Virginia Beach,Urban,20. Motor Vehicle In Transport,MAIN,12PM TO 3PM,134.Virginia Beach,"2,851",Intersection,Reset Filters,VDOT_OTHER,Saturday,Not DEER,"North,North",,5,1,112015132,"50,55","Male,Male","PDO,B","1,2","1. No Improper Action,42. Improper or Unsafe Lane Change","2. Not Deployed,3. Unavailable/Not Applicable","Not Applicable,Not Applicable","1. No Defects,1. No Defects","Not Applicable,Not Applicable","1. Had Not Been Drinking,1. Had Not Been Drinking","2. No,2. No","1. Not Ejected,1. Not Ejected","NotProvided,Yes","No,No","3. Lap and Shoulder Belt,5. Helmet","1. Not Obscured,1. Not Obscured",,,20,541481,ADANKA LN(R)/,0,1,"1.Divided, no control of access","22,20",1. On Roadway,"0,0",H,H.Urban Minor Arterial,Other City or Town Streets (not state maintained),Not GUARDRAIL,Not HIT_RUN,"1,9",1,1. Not at Intersection,112015132,C,0,0,36.803452,36.803452,8,0.73,Not LRTRUCK,2. Daylight,LOCATED,-75.992096,-75.992096,MAINLINE,MAIN,6,6,Grass/Unprotected,36,24,Divided Roadway,"22,20",Not MOTORCYCLE,541482,541482. 13408669      13408669      13408723      13408723,30985,31853,32314,31262,28218,4,1,0.54,SEC_URBAN,,,,,,,,,0,0,48,0,1,,0,0,,,,,,,,,Not PED,,1,0,Virginia Beach,134,5,NOT-RD,8. Non-Intersection,8,19.75,19.83,1. Straight - Level,1. No Defects,"2. Two-Way, Divided, Unprotected Median",1. Dry,"2. Blacktop, Asphalt, Bituminous",1100 GENERAL BOOTH BLVD,URB,UR,R-VA134UR08669NB,"Urbanized (Population 200,000 and over)",3. No,"0,0",28876,26998,27247,26258,26135,Not SENIOR,None,"25,15","45,45",Not SPEED,"45,45",541480,0,"2. No,1. Yes",0,"0,0",12PM TO 3PM,1,1,6. Traffic Lanes Marked,1. Yes - Working,Not a Parkway - Trucks and Commercial Vehicles Allowed,"1,2","22. Truck - Sport Utility Vehicle (SUV),9. Bicycle","Chrysler,TREK","1. Going Straight Ahead,14. Changing Lanes","Pacifica,7200",2004,5,5.Hampton Roads,1. No Adverse Condition (Clear/Cloudy),Not Provided,2. No,Not Provided,Not YOUNG
No Access Control,Not ALCIHOL,Urban,0,0,Bituminous Concrete (Black Base),26TH ST(B)/,Not UNBELTED,25,Male,B,2,BIKE,0.65,1,1,,2. Angle,"Not Provided,Not Provided","Not Provided,Not Provided",13408719,0.65,3,7/16/2011,7/16/2011,22. Bicycle,1935,B.Visiible Injury,2011,Left and Right sides,0,0,Virginia Beach,Urban,22. Bicycle,MAIN,6PM TO 9PM,134.Virginia Beach,"1,637",Intersection,Reset Filters,VDOT_OTHER,Saturday,Not DEER,"West,North",,5,1,112175200,"23,25","Male,Male","PDO,B","1,2","11. Did Not Have Right-of-Way,1. No Improper Action","2. Not Deployed,3. Unavailable/Not Applicable","Not Applicable,Not Applicable","1. No Defects,1. No Defects","Not Applicable,Not Applicable","1. Had Not Been Drinking,1. Had Not Been Drinking","2. No,2. No","1. Not Ejected,1. Not Ejected","No,Yes","No,No","3. Lap and Shoulder Belt,9. Not Applicable","1. Not Obscured,1. Not Obscured",,,1,541968,27TH ST(B)/,0,0,"0.Two-way, non-divided","22,20",1. On Roadway,"0,0",I,I.Urban Collector,Other City or Town Streets (not state maintained),Not GUARDRAIL,Not HIT_RUN,"11,1",1,3. Three Approaches,112175200,C,0,0,36.854504,36.854504,0,0.07,Not LRTRUCK,2. Daylight,LOCATED,-75.97696,-75.97696,MAINLINE,MAIN,0,0,0,0,0,Undivided Roadway,"22,20",Not MOTORCYCLE,541963,541963. 13408719      13408719      13408722,9733,8949,9032,8704,8322,2,1,0.31,SEC_URBAN,,,,,,,,,0,0,38,0,1,,0,0,,,,,,,,,Not PED,,1,0,Virginia Beach,134,5,NOT-RD,9. Within Intersection,0,0.50,0.65,1. Straight - Level,1. No Defects,"2. Two-Way, Divided, Unprotected Median",1. Dry,"2. Blacktop, Asphalt, Bituminous",2500 BLOCK ATLANTIC AVE,URB,UR,R-VA134UR08719NB,"Urbanized (Population 200,000 and over)",3. No,"0,0",8390,7490,7559,7285,6867,Not SENIOR,Left and Right sides,"10,5","25,25",Not SPEED,"25,25",541967,0,"1. Yes,2. No",0,"0,0",6PM TO 9PM,1,1,14. Ped Crosswalk,1. Yes - Working,Not a Parkway - Trucks and Commercial Vehicles Allowed,"1,2","1. Passenger car,9. Bicycle","Buick,SUN","3. Making Left Turn,1. Going Straight Ahead","LeSabre,BICYCLE",1997,5,5.Hampton Roads,1. No Adverse Condition (Clear/Cloudy),Not Provided,2. No,Not Provided,Not YOUNG
,Not ALCIHOL,Urban,1,1,,,Not UNBELTED,9,Female,A,2,BIKE,,0,0,,2. Angle,"Not Provided,Not Provided","Not Provided,Not Provided",,,,7/18/2011,7/18/2011,22. Bicycle,1846,A.Ambulatory Injury,2011,,0,0,Virginia Beach,Urban,22. Bicycle,MAIN,6PM TO 9PM,134.Virginia Beach,,Not Intersection,Reset Filters,VDOT_OTHER,Monday,Not DEER,"South,West",,5,1,112055192,"50,9","Female,Female","PDO,A","1,2","1. No Improper Action,11. Did Not Have Right-of-Way","2. Not Deployed,3. Unavailable/Not Applicable","Not Applicable,Not Applicable","1. No Defects,1. No Defects","Not Applicable,Not Applicable","1. Had Not Been Drinking,1. Had Not Been Drinking","2. No,2. No","1. Not Ejected,3. Totally Ejected","No,Yes","No,No","3. Lap and Shoulder Belt,9. Not Applicable","10. Parked Vehicle(s),10. Parked Vehicle(s)",,,,,,,,,"22,20",1. On Roadway,"0,0",,,,Not GUARDRAIL,Not HIT_RUN,"11,1",1,1. Not at Intersection,,C,0,0,36.808523,36.808523,,,Not LRTRUCK,2. Daylight,UNLOCATED,-76.168521,-76.168521,MAINLINE,,,,,,,,"22,20",Not MOTORCYCLE,,.,,,,,,,1,,SEC_URBAN,,,,,,,,,,,,0,1,,0,0,,,,,,,,,Not PED,,1,0,Virginia Beach,134,5,NOT-RD,"13. Driveway, Alley-Access - Related",,,,1. Straight - Level,9. Other,"1. Two-Way, Not Divided",1. Dry,"2. Blacktop, Asphalt, Bituminous",5400 GLENVILLE CIRCLE,UNKWN,SC,U-VA134SC99999UK,,3. No,"0,0",,,,,,Not SENIOR,,"5,5","15,0",Not SPEED,"25,25",,,"2. No,Not Provided",,"0,0",6PM TO 9PM,1,1,1. No Traffic Control,6. No Traffic Control Device Present,,"1,2","22. Truck - Sport Utility Vehicle (SUV),9. Bicycle","FORD,HUFFY","1. Going Straight Ahead,15. Other","ESCAPE,20"" BICYCLE",20112011,5,5.Hampton Roads,1. No Adverse Condition (Clear/Cloudy),Not Provided,2. No,Not Provided,Not YOUNG
No Access Control,Not ALCIHOL,Urban,1,1,Bituminous Concrete (Black Base),PARKER AVE(R)/,Not UNBELTED,20,Not Provided,A,1,BIKE,0.12,0,0,,2. Angle,"Not Provided,Not Provided","Not Provided,Not Provided",12208560,0.247,3,7/18/2011,7/18/2011,22. Bicycle,1115,A.Ambulatory Injury,2011,Left and Right sides,0,0,Norfolk,Urban,22. Bicycle,MAIN,9AM TO 12PM,122.Norfolk,"1,304",Intersection,Reset Filters,VDOT_OTHER,Monday,Not DEER,"East,South",DISTRACTED,5,1,112100190,"20,21","Not Provided,Not Provided","A,PDO","1,2","3. Exceeded Safe Speed But Not Speed Limit,1. No Improper Action","3. Unavailable/Not Applicable,2. Not Deployed","4. No Test,4. No Test","1. No Defects,1. No Defects","11. Other,Not Applicable","1. Had Not Been Drinking,1. Had Not Been Drinking","2. No,2. No","3. Totally Ejected,1. Not Ejected","Yes,No","No,No","9. Not Applicable,3. Lap and Shoulder Belt","1. Not Obscured,1. Not Obscured",,,0,485045,ELKHORN AVE(R)/,0,0,"0.Two-way, non-divided","20,22",1. On Roadway,"0,0",I,I.Urban Collector,Other City or Town Streets (not state maintained),Not GUARDRAIL,Not HIT_RUN,"0,1",1,3. Three Approaches,112100190,C,0,0,36.887457,36.887457,0,0.13,Not LRTRUCK,2. Daylight,LOCATED,-76.308252,-76.308252,MAINLINE,MAIN,0,0,0,0,0,Undivided Roadway,"20,22",Not MOTORCYCLE,485043,485043. 12208560      12208564      12208564,7859,8802,8883,8561,8715,2,1,0.247,SEC_URBAN,,,,,,,,,0,0,33,0,1,,0,0,,,,,,,,,Not PED,,1,0,Norfolk,122,5,NOT-RD,9. Within Intersection,0,0.00,0.25,1. Straight - Level,1. No Defects,"1. Two-Way, Not Divided",1. Dry,"2. Blacktop, Asphalt, Bituminous",1300 BLK OF W 49TH STREET,URB,UR,R-VA122UR08560WB,"Urbanized (Population 200,000 and over)",3. No,"0,0",3964,5628,5680,5474,4682,Not SENIOR,Right side,"10,0","0,25",Not SPEED,"10,25",485044,0,"1. Yes,2. No",0,"0,0",9AM TO 12PM,1,1,14. Ped Crosswalk,6. No Traffic Control Device Present,Not a Parkway - Trucks and Commercial Vehicles Allowed,"1,2","9. Bicycle,1. Passenger car",NISSAN,"1. Going Straight Ahead,3. Making Left Turn",GXE,2001,5,5.Hampton Roads,1. No Adverse Condition (Clear/Cloudy),Not Provided,2. No,Not Provided,YOUNG