Access Control,Alcohol Notalcohol,Area Type1,A Crash,A People,Basetypedesc,Begin Node Dsc,Belted Unbelted,Bikeage,Bikegen,Bikeinjurytype,Bikevehiclenumber,Bike Nonbike,BMP,B Crash,B People,Carspeedlimit,Collision Type,Comm Cargo Body Type Cd,Comm Vehicle Body Type Cd,Cotedrouteid,Coted Mp,Count App,CRASH_DT (copy),Crash Dt,Crash Event Type Dsc,Crash Military Tm,Crash Severity,Crash Year,Curbgutterdesc,C Crash,C People,Juris Name Used,Area Type Used,First Harmful Event of Entire Crash,MAINLINE,Time Slicing Used,Phy_Juris_Nm,Offset-Ft,Intersection Analysis,Clear,Calculation_9640323132123359,Day Of Week,Deer Nodeer,Direction Of Travel Cd,Distracted Notdistracted,VSP,TOTAL CRASH,Document Nbr,Driverage,Drivergen,Driverinjurytype,Drivervehiclenumber,Driver Action Type Cd,Driver Airbag Deployment,Driver Alcohol Test Type Cd,Driver Condition Type Cd,Driver Distraction Type Cd,Driver Drinking Type Cd,Driver Drug Use Cd,Driver Ejected From Vehicle,Driver Ems Transport Ind,Driver Fled Scene Ind,Driver Safety Equip Used,Driver Vis Obscured Type Cd,Drowsy Notdrowsy,Drug Nodrug,EMP,End Node,End Node Dsc,End Offset,Facility,FAC,First Crash Event Cd,First Harmful Event,Fourth Crash Event Cd,Functionalclass,FUN,Govcondesc,Gr Nogr,Hitrun Not Hitrun,Initial Veh Impact Area Cd,Injury Crashes,Intersection Type,Int Doc,Jurtype,K_CRASH,K People,LAT (copy),LAT,Leftshoulderwidth,Length,Lgtruck Nonlgtruck,Light Condition,Located Unlocated,LON (copy),LON,MAINLINE (group),Mainline Yn,Medianleftshoulderwidth,Medianrightshoulderwidth,Mediantypedesc,Medianwidthmax,Medianwidthmin,Median Type,Most Harmful Crash Event Cd,Motor Nonmotor,Node,Node Info,Node Totaadt2011,Node Totaadt2012,Node Totaadt2013,Node Totaadt2014,Node Totaadt2015,Numberoflane,Number of Records,Offset,Ownership,Passage,Passgen,Passinjurytype,Passvehiclenumber,Pass Airbag Deployment,Pass Ejected From Vehicle,Pass Ems Transport Ind,Pass Safety Equip Used,Pavementconditionvalue,Pavementroughnessvalue,Pavementwidth,Pdo Crash,Total People Killed & Injured,Pedage,Pedestrians Injured,Pedestrians Killed,Pedgen,Pedinjurytype,Pednumber,Ped Action,Ped Al Test,Ped Cond,Ped Drink,Ped Drug,Ped Nonped,Ped Rflct,Persons Injured,Persons Killed,Physical Juris Nm,PJR,VSP_Used,Rd Type,Relation To Roadway,Rightshoulderwidth,RNS_MP (0.25 mi bin),Rns Mp,Roadway Alignment,Roadway Defect,Roadway Description,Roadway Surface Cond,Roadway Surface Type,Route Or Street Nm,Rte Category Cd,Rte Cat,Rte Nm,Ruralurbandesc,School Zone,Second Crash Event Cd,Segtotaadt2011,Segtotaadt2012,Segtotaadt2013,Segtotaadt2014,Segtotaadt2015,Senior Notsenior,Sidewalkdesc,Speed Before,Speed Max Safe,Speed Notspeed,Speed Posted,Start Node,Start Offset,Summons Issued Cd,Surfacedesc,Third Crash Event Cd,Time Slicing,Total Crashes including Property Damage Only,Total Crash,Traffic Control Type,Trfc Ctrl Status Type,Truckcommr,Vehiclenumber,Vehicle Body Type Cd,Vehicle Make Nm,Vehicle Maneuver Type Cd,Vehicle Model Nm,Vehicle Year Nbr,District,District_Used ,Weather Condition,Work Zone Location,Work Zone Related,Work Zone Type,Young Notyoung
No Access Control,Not ALCIHOL,Urban,0,0,Bituminous Concrete (Black Base),BOXLEY DR(R)/,Not UNBELTED,41,Female,C,2,BIKE,3.26,0,0,,2. Angle,"Not Provided,Not Provided","Not Provided,Not Provided",13408717,3.26,4,7/19/2011,7/19/2011,20. Motor Vehicle In Transport,1000,C.Non-Visible Injury,2011,Left and Right sides,1,1,Virginia Beach,Urban,20. Motor Vehicle In Transport,MAIN,9AM TO 12PM,134.Virginia Beach,"4,330",Intersection,Reset Filters,VDOT_OTHER,Tuesday,Not DEER,"West,South",,5,1,112015206,"31,41","Female,Female","PDO,C","1,2","11. Did Not Have Right-of-Way,1. No Improper Action","2. Not Deployed,3. Unavailable/Not Applicable","Not Applicable,Not Applicable","1. No Defects,1. No Defects","Not Applicable,Not Applicable","1. Had Not Been Drinking,1. Had Not Been Drinking","3. Unknown,3. Unknown","1. Not Ejected,1. Not Ejected","NotProvided,Yes","No,No","3. Lap and Shoulder Belt,5. Helmet","5. Trees, Crops, etc.,1. Not Obscured",,,4,541930,ROUND HILL DR(B)/,0,1,"1.Divided, no control of access","22,20",1. On Roadway,"0,0",H,H.Urban Minor Arterial,Other City or Town Streets (not state maintained),Not GUARDRAIL,Not HIT_RUN,"11,7",1,3. Three Approaches,112015206,C,0,0,36.78804,36.78804,0,0.25,Not LRTRUCK,2. Daylight,LOCATED,-76.139697,-76.139697,MAINLINE,MAIN,0,0,Curbed Grass,16,4,Divided Roadway,"22,20",Not MOTORCYCLE,541442,541442. 13408667      13408667      13408717      13408717,36626,34457,34776,33514,33668,4,1,0.82,SEC_URBAN,,,,,,,,,0,0,52,0,1,,0,0,,,,,,,,,Not PED,,1,0,Virginia Beach,134,5,NOT-RD,9. Within Intersection,0,3.25,3.26,1. Straight - Level,1. No Defects,"2. Two-Way, Divided, Unprotected Median",1. Dry,"2. Blacktop, Asphalt, Bituminous",2262 LYNNHAVEN PWY,URB,UR,R-VA134UR08717WB,"Urbanized (Population 200,000 and over)",3. No,"0,0",21241,20529,20719,19967,19828,Not SENIOR,Left and Right sides,"2,5","0,0",Not SPEED,"25,25",541929,0,"1. Yes,2. No",0,"0,0",9AM TO 12PM,1,1,14. Ped Crosswalk,1. Yes - Working,Not a Parkway - Trucks and Commercial Vehicles Allowed,"1,2","1. Passenger car,9. Bicycle","Toyota,SCHWINN","2. Making Right Turn,1. Going Straight Ahead","Camry,SIERRO",20012008,5,5.Hampton Roads,1. No Adverse Condition (Clear/Cloudy),Not Provided,2. No,Not Provided,Not YOUNG
No Access Control,Not ALCIHOL,Urban,0,0,"N/A, Unknown, or Unstabilized",19TH ST(L)/,Not UNBELTED,25,Not Provided,B,2,BIKE,0.14,1,1,,1. Rear End,"2. Bus (Seats For 16 People or More, Including Driver),Not Provided","4. Bus (Seats for 16 People or More, Including Driver),Not Provided",13408719,0.14,3,7/20/2011,7/20/2011,22. Bicycle,1805,B.Visiible Injury,2011,Left and Right sides,0,0,Virginia Beach,Urban,22. Bicycle,MAIN,6PM TO 9PM,134.Virginia Beach,739,Intersection,Reset Filters,VDOT_OTHER,Wednesday,Not DEER,"South,South",DISTRACTED,5,1,112035187,25,"Not Provided,Not Provided","PDO,B","1,2","1. No Improper Action,12. Following Too Close","Not Provided,3. Unavailable/Not Applicable","4. No Test,4. No Test","1. No Defects,1. No Defects","Not Applicable,3. Looking at Scenery","1. Had Not Been Drinking,1. Had Not Been Drinking","3. Unknown,3. Unknown","Not Provided,1. Not Ejected","Yes,Yes","Yes,No","Not Provided,8. No Restraint Used","Not Applicable,1. Not Obscured",,,0,541962,20TH ST(L)/,0,0,"0.Two-way, non-divided","22,0",1. On Roadway,"0,0",I,I.Urban Collector,Other City or Town Streets (not state maintained),Not GUARDRAIL,HIT_RUN,"6,12",1,3. Three Approaches,112035187,C,0,0,36.847326,36.847326,0,0.07,Not LRTRUCK,2. Daylight,LOCATED,-75.974795,-75.974795,MAINLINE,MAIN,0,0,0,0,0,Undivided Roadway,"22,0",Not MOTORCYCLE,541659,541659. 13408684      13408719      13408719,11035,8682,8762,8444,8560,2,1,0.14,SEC_URBAN,,,,,,,,,0,0,50,0,1,,0,0,,,,,,,,,Not PED,,1,0,Virginia Beach,134,5,NOT-RD,9. Within Intersection,0,0.00,0.14,1. Straight - Level,1. No Defects,"1. Two-Way, Not Divided",1. Dry,"2. Blacktop, Asphalt, Bituminous",1826 ATLANTIC AVENUE,URB,UR,R-VA134UR08719SB,"Urbanized (Population 200,000 and over)",3. No,"0,0",9020,6158,6215,5989,6539,Not SENIOR,Left and Right sides,"0,10","25,25",Not SPEED,"25,25",541961,0,"Not Provided,2. No",0,"0,0",6PM TO 9PM,1,1,3. Traffic Signal,1. Yes - Working,Not a Parkway - Trucks and Commercial Vehicles Allowed,"1,2","14. Bus - City Transit Bus/Privately Owned Church Bus,9. Bicycle","GILLING,GIANT","8. Stopped in Traffic Lane,1. Going Straight Ahead","HYBRID,SIMPLE SINGLE",,5,5.Hampton Roads,1. No Adverse Condition (Clear/Cloudy),Not Provided,2. No,Not Provided,Not YOUNG
No Access Control,Not ALCIHOL,Urban,0,0,Dual Type,121-07034(B)/HARPERSVILLE RD,Not UNBELTED,49,Male,B,1,BIKE,57.33,1,1,,3. Head On,"Not Provided,Not Provided","Not Provided,Not Provided",US00017,57.355,4,7/21/2011,7/21/2011,22. Bicycle,2015,B.Visiible Injury,2011,Left and Right sides,0,0,Newport News,Urban,22. Bicycle,MAIN,6PM TO 9PM,121.Newport News,132,Intersection,Reset Filters,VDOT_OTHER,Thursday,Not DEER,"East,West",,5,1,112910029,"49,19","Male,Male","B,PDO","1,2","20. Disregarded Officer or Flagger,1. No Improper Action","3. Unavailable/Not Applicable,2. Not Deployed","Not Applicable,Not Applicable","1. No Defects,1. No Defects","Not Applicable,Not Applicable","Not Applicable,Not Applicable","Not Applicable,Not Applicable","3. Totally Ejected,1. Not Ejected","No,No","No,No","5. Helmet,3. Lap and Shoulder Belt","Not Applicable,1. Not Obscured",,,58,646001,121-07034(B)/HARPERSVILLE RD,0.17,1,"1.Divided, no control of access","20,22",1. On Roadway,"0,0",E,E.Urban Other Principle Arterials; Connecting Links of Other Rural Principal Arterial,Urban Extensions - Primary Routes,Not GUARDRAIL,Not HIT_RUN,"12,12",1,4. Four Approaches,112910029,C,0,0,37.098335,37.098335,0,0.17,Not LRTRUCK,3. Dusk,LOCATED,-76.458747,-76.458747,MAINLINE,MAIN,3,3,Grass/Unprotected,38,14,Divided Roadway,"20,22",Not MOTORCYCLE,646001,646001.  US00017       US00017      12107034      12107034,46521,46458,46055,45850,46181,4,1,0.025,PRI_URBAN,,,,,,,,,0,95,46,0,1,,0,0,,,,,,,,,Not PED,,1,0,Newport News,121,5,NOT-RD,9. Within Intersection,0,57.25,57.35,1. Straight - Level,1. No Defects,"3. Two-Way, Divided, Positive Median Barrier",1. Dry,"2. Blacktop, Asphalt, Bituminous",HARPERSVILLE RD,USPRI,US,R-VA   US00017NB,"Urbanized (Population 200,000 and over)",3. No,"0,0",35195,35330,34760,34894,35029,Not SENIOR,Right side,"2,2","45,45",Not SPEED,"45,45",646001,0,"2. No,2. No",0,"0,0",6PM TO 9PM,1,1,3. Traffic Signal,1. Yes - Working,Designated Truck Route - D1,"1,2","9. Bicycle,1. Passenger car",DODGE,"1. Going Straight Ahead,2. Making Right Turn",NEON,2005,5,5.Hampton Roads,1. No Adverse Condition (Clear/Cloudy),Not Provided,2. No,Not Provided,YOUNG
No Access Control,Not ALCIHOL,Urban,0,0,Bituminous Concrete (Black Base),SKI LODGE RD(R)/,Not UNBELTED,8,Male,B,2,BIKE,5.49,1,1,,2. Angle,"Not Provided,Not Provided","Not Provided,Not Provided",13408717,5.493,4,7/25/2011,7/25/2011,22. Bicycle,1704,B.Visiible Injury,2011,Left and Right sides,0,0,Virginia Beach,Urban,22. Bicycle,MAIN,3PM TO 6PM,134.Virginia Beach,"1,441",Intersection,Reset Filters,VDOT_OTHER,Monday,Not DEER,"North,West",,5,1,112145250,"33,8","Male,Male","PDO,B","1,2","1. No Improper Action,11. Did Not Have Right-of-Way","2. Not Deployed,3. Unavailable/Not Applicable","Not Applicable,Not Applicable","1. No Defects,1. No Defects","Not Applicable,Not Applicable","1. Had Not Been Drinking,1. Had Not Been Drinking","2. No,2. No","1. Not Ejected,3. Totally Ejected","No,No","No,No","3. Lap and Shoulder Belt,9. Not Applicable","11. Moving Vehicle(s),11. Moving Vehicle(s)",,,6,541938,WINDMILL POINT CRES(L)/,0,1,"1.Divided, no control of access","22,20",1. On Roadway,"0,0",H,H.Urban Minor Arterial,Other City or Town Streets (not state maintained),Not GUARDRAIL,Not HIT_RUN,"1,10",1,4. Four Approaches,112145250,C,0,0,36.794538,36.794538,0,0.07,Not LRTRUCK,2. Daylight,LOCATED,-76.103822,-76.103822,MAINLINE,MAIN,0,0,Curbed Grass,16,4,Divided Roadway,"22,20",Not MOTORCYCLE,541348,541348. 13408627      13408627      13408717      13408717,53306,52116,52597,50688,51879,4,1,0.273,SEC_URBAN,,,,,,,,,0,0,52,0,1,,0,0,,,,,,,,,Not PED,,1,0,Virginia Beach,134,5,NOT-RD,9. Within Intersection,0,5.25,5.49,1. Straight - Level,1. No Defects,"2. Two-Way, Divided, Unprotected Median",1. Dry,"2. Blacktop, Asphalt, Bituminous",1600 LYNNHAVEN PAKWAY,URB,UR,R-VA134UR08717WB,"Urbanized (Population 200,000 and over)",3. No,"0,0",30315,31523,31814,30659,30957,Not SENIOR,Left and Right sides,"5,5","25,25",Not SPEED,"25,25",541937,0,"2. No,2. No",0,"0,0",3PM TO 6PM,1,1,4. Stop Sign,1. Yes - Working,Not a Parkway - Trucks and Commercial Vehicles Allowed,"1,2","2. Truck - Pick-up/Passenger Truck,9. Bicycle","Nissan,AVIGO","2. Making Right Turn,1. Going Straight Ahead","Frontier 2WD,BICYCLE",20052010,5,5.Hampton Roads,1. No Adverse Condition (Clear/Cloudy),Not Provided,2. No,Not Provided,Not YOUNG
No Access Control,Not ALCIHOL,Urban,0,0,Bituminous Concrete (Black Base),122-08581(B)/(8581-FISHERMANS RD/8618-BAY VIE,Not UNBELTED,13,Male,B,2,BIKE,1.55,1,1,,2. Angle,"Not Provided,Not Provided","Not Provided,Not Provided",12208618,1.554,4,7/26/2011,7/26/2011,22. Bicycle,1130,B.Visiible Injury,2011,Left and Right sides,0,0,Norfolk,Urban,22. Bicycle,MAIN,9AM TO 12PM,122.Norfolk,21,Intersection,Reset Filters,VDOT_OTHER,Tuesday,Not DEER,"East,North",,5,1,112210202,"38,13","Male,Male","PDO,B","1,2","1. No Improper Action,11. Did Not Have Right-of-Way","2. Not Deployed,3. Unavailable/Not Applicable","Not Applicable,Not Applicable","1. No Defects,1. No Defects","Not Applicable,Not Applicable","1. Had Not Been Drinking,1. Had Not Been Drinking","2. No,2. No","1. Not Ejected,3. Totally Ejected","No,No","No,No","3. Lap and Shoulder Belt,9. Not Applicable","1. Not Obscured,1. Not Obscured",,,2,485544,WILLOW TERRACE(L)/,0,0,"0.Two-way, non-divided","22,20",1. On Roadway,"0,0",H,H.Urban Minor Arterial,Other City or Town Streets (not state maintained),Not GUARDRAIL,Not HIT_RUN,"12,11",1,4. Four Approaches,112210202,C,0,0,36.934552,36.934552,0,0.13,Not LRTRUCK,2. Daylight,LOCATED,-76.236723,-76.236723,MAINLINE,MAIN,0,0,0,0,0,Undivided Roadway,"22,20",Not MOTORCYCLE,485377,485377. 12208581      12208581      12208618      12208618,7872,7073,7138,6879,6402,2,1,0.004,SEC_URBAN,,,,,,,,,0,0,34,0,1,,0,0,,,,,,,,,Not PED,,1,0,Norfolk,122,5,NOT-RD,9. Within Intersection,0,1.50,1.55,1. Straight - Level,1. No Defects,"1. Two-Way, Not Divided",1. Dry,"2. Blacktop, Asphalt, Bituminous",1400 BLK EAST BAYVIEW BLVD,URB,UR,R-VA122UR08618WB,"Urbanized (Population 200,000 and over)",1. Yes,"0,0",6816,6050,6106,5884,5502,Not SENIOR,Left and Right sides,"25,5","25,25",Not SPEED,"25,25",485377,0,"2. No,2. No",0,"0,0",9AM TO 12PM,1,1,4. Stop Sign,1. Yes - Working,Not a Parkway - Trucks and Commercial Vehicles Allowed,"1,2","2. Truck - Pick-up/Passenger Truck,9. Bicycle",TOYOTA,"1. Going Straight Ahead,1. Going Straight Ahead",TACOMA,2002,5,5.Hampton Roads,1. No Adverse Condition (Clear/Cloudy),Not Provided,2. No,Not Provided,Not YOUNG
No Access Control,Not ALCIHOL,Urban,1,1,Dual Type,134-00009(L)/134-08726(R)/Gap Terminus/1ST CO,Not UNBELTED,41,Male,A,2,BIKE,1.4,0,0,,2. Angle,"Not Provided,Not Provided","Not Provided,Not Provided",C7US00058,1.405,4,7/26/2011,7/26/2011,22. Bicycle,643,A.Ambulatory Injury,2011,Left and Right sides,0,0,Virginia Beach,Urban,22. Bicycle,MAIN,6AM TO 9AM,134.Virginia Beach,26,Intersection,Reset Filters,VDOT_OTHER,Tuesday,Not DEER,"East,North",,5,1,112165114,"25,41","Male,Male","PDO,A","1,2","11. Did Not Have Right-of-Way,1. No Improper Action","2. Not Deployed,3. Unavailable/Not Applicable","Not Applicable,Not Applicable","1. No Defects,1. No Defects","Not Applicable,Not Applicable","1. Had Not Been Drinking,1. Had Not Been Drinking","2. No,2. No","1. Not Ejected,3. Totally Ejected","No,Yes","No,No","3. Lap and Shoulder Belt,9. Not Applicable","1. Not Obscured,1. Not Obscured",,,2,541095,134-00009(L)/134-08726(R)/Gap Terminus/1ST CO,0.1,0,"0.Two-way, non-divided","22,20",1. On Roadway,"0,0",H,H.Urban Minor Arterial,Urban Extensions - Primary Routes,Not GUARDRAIL,Not HIT_RUN,"1,9",1,4. Four Approaches,112165114,C,0,0,36.842573,36.842573,0,0.1,Not LRTRUCK,2. Daylight,LOCATED,-76.021015,-76.021015,MAINLINE,MAIN,0,0,0,0,0,Undivided Roadway,"22,20",Not MOTORCYCLE,541095,541095. 13400009      13408726     C7US00058     C7US00058,42867,39753,40120,38664,39701,4,1,0.005,PRI_URBAN,,,,,,,,,0,201,44,0,1,,0,0,,,,,,,,,Not PED,,1,0,Virginia Beach,134,5,NOT-RD,9. Within Intersection,0,1.25,1.40,1. Straight - Level,1. No Defects,"2. Two-Way, Divided, Unprotected Median",1. Dry,"2. Blacktop, Asphalt, Bituminous",VIRGINIA BEACH BOULEVARD 1700 BLOCK,USPRI,US,R-VA   US00058WBBUS007,"Urbanized (Population 200,000 and over)",3. No,"0,0",19559,17660,17823,17176,18006,Not SENIOR,Left and Right sides,"5,5","35,35",Not SPEED,"35,35",541095,0,"1. Yes,2. No",0,"0,0",6AM TO 9AM,1,1,3. Traffic Signal,1. Yes - Working,Truck Access System,"1,2","22. Truck - Sport Utility Vehicle (SUV),9. Bicycle","Ford,UNK","2. Making Right Turn,1. Going Straight Ahead","Expedition,BICYCLE",1999,5,5.Hampton Roads,1. No Adverse Condition (Clear/Cloudy),Not Provided,2. No,Not Provided,Not YOUNG
Partial Access Control,Not ALCIHOL,Urban,0,0,Dual Type,134-00009(B)/,Not UNBELTED,20,Female,B,2,BIKE,506.97,1,1,,2. Angle,"Not Provided,Not Provided","Not Provided,Not Provided",US00058,507.024,4,7/26/2011,7/26/2011,20. Motor Vehicle In Transport,1654,B.Visiible Injury,2011,None,0,0,Virginia Beach,Urban,20. Motor Vehicle In Transport,MAIN,3PM TO 6PM,134.Virginia Beach,"1,024",Intersection,Reset Filters,VDOT_OTHER,Tuesday,Not DEER,"West,South",,5,1,112115079,"23,20","Female,Female","PDO,B","1,2","1. No Improper Action,21. Disregarded Traffic Signal","2. Not Deployed,3. Unavailable/Not Applicable","4. No Test,4. No Test","1. No Defects,1. No Defects","Not Applicable,Not Applicable","1. Had Not Been Drinking,1. Had Not Been Drinking","Not Applicable,Not Applicable","1. Not Ejected,2. Partially Ejected","No,Yes","No,No","3. Lap and Shoulder Belt,6. Other","1. Not Obscured,11. Moving Vehicle(s)",,,507,541065,134-08727(L)/LINWOOD DR,0,2,"2.Divided, partial control of access","20,20",1. On Roadway,"0,0",E,E.Urban Other Principle Arterials; Connecting Links of Other Rural Principal Arterial,Urban Extensions - Primary Routes,Not GUARDRAIL,Not HIT_RUN,"3,12",1,4. Four Approaches,112115079,C,0,0,36.85136,36.85136,3,0.38,Not LRTRUCK,2. Daylight,LOCATED,-76.017407,-76.017407,MAINLINE,MAIN,0,0,Curbed Grass,34,14,Divided Roadway,"20,20",Not MOTORCYCLE,541066,541066.  US00058       US00058      13400009      13400009,63023,61504,62556,60804,62575,4,1,0.194,PRI_URBAN,,,,,,,,,0,187,44,0,1,,0,0,,,,,,,,,Not PED,,1,0,Virginia Beach,134,5,NOT-RD,9. Within Intersection,3,507.00,507.02,1. Straight - Level,1. No Defects,"2. Two-Way, Divided, Unprotected Median",1. Dry,1. Concrete,1600BLK LASKIN ROAD,USPRI,US,R-VA   US00058WB,"Urbanized (Population 200,000 and over)",3. No,"0,0",28196,28746,29491,28936,27742,Not SENIOR,None,"2,2","45,45",Not SPEED,"45,45",541066,0.14,"2. No,2. No",0,"0,0",3PM TO 6PM,1,1,3. Traffic Signal,1. Yes - Working,Not a Parkway - Trucks and Commercial Vehicles Allowed,"1,2","1. Passenger car,9. Bicycle","TOYOTA,SCHWINN","3. Making Left Turn,1. Going Straight Ahead","SCION,LADIES",20082009,5,5.Hampton Roads,1. No Adverse Condition (Clear/Cloudy),Not Provided,2. No,Not Provided,YOUNG
No Access Control,Not ALCIHOL,Urban,0,0,"N/A, Unknown, or Unstabilized",CAMBRIDGE RD(R)/,Not UNBELTED,12,Female,C,1,BIKE,0.34,0,0,,2. Angle,"Not Provided,Not Provided","Not Provided,Not Provided",13408714,0.74,3,7/26/2011,7/26/2011,22. Bicycle,1731,C.Non-Visible Injury,2011,Left and Right sides,1,1,Virginia Beach,Urban,22. Bicycle,MAIN,3PM TO 6PM,134.Virginia Beach,264,Intersection,Reset Filters,VDOT_OTHER,Tuesday,Not DEER,"West,West",DISTRACTED,5,1,112115082,"12,48","Female,Female","C,PDO","1,2","42. Improper or Unsafe Lane Change,1. No Improper Action","3. Unavailable/Not Applicable,2. Not Deployed","Not Applicable,Not Applicable","1. No Defects,1. No Defects","7. Eyes Not on Road,Not Applicable","1. Had Not Been Drinking,1. Had Not Been Drinking","2. No,2. No","1. Not Ejected,1. Not Ejected","Yes,NotProvided","No,No","9. Not Applicable,3. Lap and Shoulder Belt","1. Not Obscured,1. Not Obscured",,,1,541871,CAMBRIDGE RD(R)/,0.42,0,"0.Two-way, non-divided","20,22",1. On Roadway,"0,0",I,I.Urban Collector,Other City or Town Streets (not state maintained),Not GUARDRAIL,Not HIT_RUN,"9,12",1,1. Not at Intersection,112115082,C,0,0,36.854356,36.854356,0,0.42,Not LRTRUCK,2. Daylight,LOCATED,-76.035606,-76.035606,MAINLINE,MAIN,0,0,0,0,0,Undivided Roadway,"20,22",Not MOTORCYCLE,541860,541860. 13408713      13408714      13408714,7167,6790,6807,6656,6199,2,1,0.05,SEC_URBAN,,,,,,,,,0,0,46,0,1,,0,0,,,,,,,,,Not PED,,1,0,Virginia Beach,134,5,NOT-RD,10. Intersection Related - Within 150 Feet,0,0.50,0.74,1. Straight - Level,1. No Defects,"2. Two-Way, Divided, Unprotected Median",1. Dry,"2. Blacktop, Asphalt, Bituminous",1953 WOLFSNARE RD,URB,UR,R-VA134UR08714WB,"Urbanized (Population 200,000 and over)",3. No,"0,0",4615,4287,4327,4170,4010,Not SENIOR,Right side,"5,35","35,35",Not SPEED,"35,35",541871,0,"2. No,2. No",0,"0,0",3PM TO 6PM,1,1,6. Traffic Lanes Marked,1. Yes - Working,Not a Parkway - Trucks and Commercial Vehicles Allowed,"1,2","9. Bicycle,3. Van","BICYCLE,GMC","1. Going Straight Ahead,1. Going Straight Ahead","UNK,Savana Cargo Van",2007,5,5.Hampton Roads,1. No Adverse Condition (Clear/Cloudy),Not Provided,2. No,Not Provided,Not YOUNG
,Not ALCIHOL,Urban,0,0,,,Not UNBELTED,12,Male,B,1,BIKE,,1,1,,12. Ped,"Not Provided,Not Provided","Not Provided,Not Provided",,,,7/26/2011,7/26/2011,19. Ped,1443,B.Visiible Injury,2011,,0,0,Newport News,Urban,19. Ped,MAIN,12PM TO 3PM,121.Newport News,,Not Intersection,Reset Filters,VDOT_OTHER,Tuesday,Not DEER,"West,South",DISTRACTED,5,1,112910030,"12,31","Male,Male","B,PDO","1,2","2. Exceeded Speed Limit,1. No Improper Action","3. Unavailable/Not Applicable,2. Not Deployed","Not Applicable,Not Applicable","8. Other,1. No Defects","7. Eyes Not on Road,Not Applicable","1. Had Not Been Drinking,1. Had Not Been Drinking","Not Applicable,Not Applicable","3. Totally Ejected,1. Not Ejected","No,No","No,No","9. Not Applicable,3. Lap and Shoulder Belt","1. Not Obscured,1. Not Obscured",,,,,,,,,"20,22",1. On Roadway,"0,0",,,,Not GUARDRAIL,Not HIT_RUN,"12,11",1,4. Four Approaches,,C,0,0,37.129945,37.129945,,,Not LRTRUCK,2. Daylight,UNLOCATED,-76.538348,-76.538348,MAINLINE,,,,,,,,"20,22",Not MOTORCYCLE,,.,,,,,,,1,,SEC_URBAN,,,,,,,,,,,,0,1,,0,0,,,,,,,,,Not PED,,1,0,Newport News,121,5,NOT-RD,9. Within Intersection,,,,1. Straight - Level,1. No Defects,"3. Two-Way, Divided, Positive Median Barrier",1. Dry,1. Concrete,ORIANA RD,UNKWN,SC,U-VA121SC99999UK,,3. No,"0,0",,,,,,Not SENIOR,,"5,30","0,45",SPEED,"0,45",,,"2. No,2. No",,"0,0",12PM TO 3PM,1,1,3. Traffic Signal,1. Yes - Working,,"1,2","9. Bicycle,1. Passenger car",NISSAN,"1. Going Straight Ahead,1. Going Straight Ahead",SENTRA,2005,5,5.Hampton Roads,1. No Adverse Condition (Clear/Cloudy),Not Provided,2. No,Not Provided,Not YOUNG
No Access Control,Not ALCIHOL,Urban,0,0,Bituminous Concrete (Black Base),114-07019(R)/CHESTNUT AVE,Not UNBELTED,41,Male,B,2,BIKE,60.5,1,1,,8. Non-Collision,"Not Provided,Not Provided","Not Provided,Not Provided",US00258,60.968,4,7/28/2011,7/28/2011,41. Non-Collision Unknown,1514,B.Visiible Injury,2011,Left and Right sides,0,0,Hampton,Urban,41. Non-Collision Unknown,MAIN,3PM TO 6PM,114.Hampton,275,Intersection,Reset Filters,VDOT_OTHER,Thursday,Not DEER,"North,West",,5,1,113460414,"56,41","Male,Male","PDO,B","1,2","1. No Improper Action,11. Did Not Have Right-of-Way","2. Not Deployed,3. Unavailable/Not Applicable","4. No Test,4. No Test","1. No Defects,1. No Defects","Not Applicable,Not Applicable","1. Had Not Been Drinking,1. Had Not Been Drinking","3. Unknown,3. Unknown","1. Not Ejected,1. Not Ejected","No,No","No,No","3. Lap and Shoulder Belt,9. Not Applicable","1. Not Obscured,1. Not Obscured",,,61,253133,114-07021(B)/BIG BETHEL RD,0,1,"1.Divided, no control of access","41,41",1. On Roadway,"0,0",E,E.Urban Other Principle Arterials; Connecting Links of Other Rural Principal Arterial,Urban Extensions - Primary Routes,Not GUARDRAIL,Not HIT_RUN,"0,0",1,1. Not at Intersection,113460414,C,0,0,37.030438,37.030438,0,0.52,Not LRTRUCK,2. Daylight,LOCATED,-76.421796,-76.421796,MAINLINE,MAIN,0,0,Curbed Grass,16,4,Divided Roadway,"41,41",Not MOTORCYCLE,253133,253133.  US00258       US00258      11407021      11407021,62930,60554,56708,56896,58310,8,1,0.052,PRI_URBAN,,,,,,,,,0,150,102,0,1,,0,0,,,,,,,,,Not PED,,1,0,Hampton,114,5,NOT-RD,"13. Driveway, Alley-Access - Related",0,60.75,60.97,1. Straight - Level,5. Loose Material,"1. Two-Way, Not Divided",1. Dry,1. Concrete,3327 W MERCURY BLVD,USPRI,US,R-VA   US00258EB,"Urbanized (Population 200,000 and over)",3. No,"0,0",48804,48655,47010,47528,48747,Not SENIOR,Left and Right sides,"0,0","45,0",Not SPEED,"45,0",253132,0,"2. No,3. Pending",0,"0,0",3PM TO 6PM,1,1,1. No Traffic Control,6. No Traffic Control Device Present,Truck Access System,"1,2","1. Passenger car,9. Bicycle","TOYOTA,BICYCLE","2. Making Right Turn,15. Other",COROLLA,2004,5,5.Hampton Roads,1. No Adverse Condition (Clear/Cloudy),Not Provided,2. No,Not Provided,Not YOUNG