Access Control,Alcohol Notalcohol,Area Type1,A Crash,A People,Basetypedesc,Begin Node Dsc,Belted Unbelted,Bikeage,Bikegen,Bikeinjurytype,Bikevehiclenumber,Bike Nonbike,BMP,B Crash,B People,Carspeedlimit,Collision Type,Comm Cargo Body Type Cd,Comm Vehicle Body Type Cd,Cotedrouteid,Coted Mp,Count App,CRASH_DT (copy),Crash Dt,Crash Event Type Dsc,Crash Military Tm,Crash Severity,Crash Year,Curbgutterdesc,C Crash,C People,Juris Name Used,Area Type Used,First Harmful Event of Entire Crash,MAINLINE,Time Slicing Used,Phy_Juris_Nm,Offset-Ft,Intersection Analysis,Clear,Calculation_9640323132123359,Day Of Week,Deer Nodeer,Direction Of Travel Cd,Distracted Notdistracted,VSP,TOTAL CRASH,Document Nbr,Driverage,Drivergen,Driverinjurytype,Drivervehiclenumber,Driver Action Type Cd,Driver Airbag Deployment,Driver Alcohol Test Type Cd,Driver Condition Type Cd,Driver Distraction Type Cd,Driver Drinking Type Cd,Driver Drug Use Cd,Driver Ejected From Vehicle,Driver Ems Transport Ind,Driver Fled Scene Ind,Driver Safety Equip Used,Driver Vis Obscured Type Cd,Drowsy Notdrowsy,Drug Nodrug,EMP,End Node,End Node Dsc,End Offset,Facility,FAC,First Crash Event Cd,First Harmful Event,Fourth Crash Event Cd,Functionalclass,FUN,Govcondesc,Gr Nogr,Hitrun Not Hitrun,Initial Veh Impact Area Cd,Injury Crashes,Intersection Type,Int Doc,Jurtype,K_CRASH,K People,LAT (copy),LAT,Leftshoulderwidth,Length,Lgtruck Nonlgtruck,Light Condition,Located Unlocated,LON (copy),LON,MAINLINE (group),Mainline Yn,Medianleftshoulderwidth,Medianrightshoulderwidth,Mediantypedesc,Medianwidthmax,Medianwidthmin,Median Type,Most Harmful Crash Event Cd,Motor Nonmotor,Node,Node Info,Node Totaadt2011,Node Totaadt2012,Node Totaadt2013,Node Totaadt2014,Node Totaadt2015,Numberoflane,Number of Records,Offset,Ownership,Passage,Passgen,Passinjurytype,Passvehiclenumber,Pass Airbag Deployment,Pass Ejected From Vehicle,Pass Ems Transport Ind,Pass Safety Equip Used,Pavementconditionvalue,Pavementroughnessvalue,Pavementwidth,Pdo Crash,Total People Killed & Injured,Pedage,Pedestrians Injured,Pedestrians Killed,Pedgen,Pedinjurytype,Pednumber,Ped Action,Ped Al Test,Ped Cond,Ped Drink,Ped Drug,Ped Nonped,Ped Rflct,Persons Injured,Persons Killed,Physical Juris Nm,PJR,VSP_Used,Rd Type,Relation To Roadway,Rightshoulderwidth,RNS_MP (0.25 mi bin),Rns Mp,Roadway Alignment,Roadway Defect,Roadway Description,Roadway Surface Cond,Roadway Surface Type,Route Or Street Nm,Rte Category Cd,Rte Cat,Rte Nm,Ruralurbandesc,School Zone,Second Crash Event Cd,Segtotaadt2011,Segtotaadt2012,Segtotaadt2013,Segtotaadt2014,Segtotaadt2015,Senior Notsenior,Sidewalkdesc,Speed Before,Speed Max Safe,Speed Notspeed,Speed Posted,Start Node,Start Offset,Summons Issued Cd,Surfacedesc,Third Crash Event Cd,Time Slicing,Total Crashes including Property Damage Only,Total Crash,Traffic Control Type,Trfc Ctrl Status Type,Truckcommr,Vehiclenumber,Vehicle Body Type Cd,Vehicle Make Nm,Vehicle Maneuver Type Cd,Vehicle Model Nm,Vehicle Year Nbr,District,District_Used ,Weather Condition,Work Zone Location,Work Zone Related,Work Zone Type,Young Notyoung
No Access Control,Not ALCIHOL,Rural,0,0,"Stabilized with Selected Material (Soil,Gravel,Stone,etc.)",US-00060(B)/JB-47-99/@ JAMES CITY - YORK COUN,Not UNBELTED,17,Male,B,1,BIKE,0.07,1,1,45,4. Sideswipe - Same Direction,"Not Provided,Not Provided","Not Provided,Not Provided",9900646,0.135,3,7/29/2011,7/29/2011,22. Bicycle,1200,B.Visiible Injury,2011,None,0,0,York,Rural,22. Bicycle,MAIN,9AM TO 12PM,99.York,185,Intersection,Reset Filters,VDOT_OTHER,Friday,Not DEER,"South,South",,5,1,112115065,17,"Male,Male","B,PDO","1,2","1. No Improper Action,34. Hit and Run","3. Unavailable/Not Applicable,Not Provided","Not Applicable,Not Applicable","1. No Defects,9. Unknown","Not Applicable,Not Applicable","1. Had Not Been Drinking,6. Unknown","2. No,3. Unknown","3. Totally Ejected,Not Provided","No,NotProvided","No,Yes","Not Provided,Not Provided","1. Not Obscured,Not Applicable",,,0,671016,99-01408(R)/,0,0,"0.Two-way, non-divided","20,22",1. On Roadway,"0,0",4,4.Rural Major Collector,State Secondary,Not GUARDRAIL,HIT_RUN,"7,1",1,1. Not at Intersection,112115065,N,0,0,37.340991,37.340991,8,0.1,Not LRTRUCK,2. Daylight,LOCATED,-76.752329,-76.752329,MAINLINE,MAIN,0,0,0,0,0,Undivided Roadway,"20,22",Not MOTORCYCLE,671016,671016.  9900646       9900646       9901408,10829,10919,10822,10912,11002,2,1,0.035,VDOT_SEC,,,,,,,,,0,0,0,0,1,,0,0,,,,,,,,,Not PED,,1,0,York,99,5,NOT-RD,8. Non-Intersection,8,0.00,0.17,1. Straight - Level,1. No Defects,"1. Two-Way, Not Divided",1. Dry,"2. Blacktop, Asphalt, Bituminous",ROUTE 646 (SB) / LIGHTFOOT RD,SEC,SC,R-VA099SC00646NB,Rural,3. No,"0,0",9765,9855,9772,9862,9952,Not SENIOR,None,5,"5,5",Not SPEED,"45,45",860030,0.07,"2. No,Not Provided",Paved (unofficial definition),"0,0",9AM TO 12PM,1,1,6. Traffic Lanes Marked,1. Yes - Working,Not a Parkway - Trucks and Commercial Vehicles Allowed,"1,2","9. Bicycle,1. Passenger car","UNK,NISSAN","1. Going Straight Ahead,13. Passing",UNK,,5,5.Hampton Roads,1. No Adverse Condition (Clear/Cloudy),Not Provided,2. No,Not Provided,YOUNG
No Access Control,Not ALCIHOL,Urban,1,1,Bituminous Concrete (Black Base),122-08585(B)/MAIN & BANK ST,Not UNBELTED,53,Male,A,2,BIKE,0,0,0,,2. Angle,"Not Provided,Not Provided","Not Provided,Not Provided",12200002,0.006,2,8/3/2011,8/3/2011,20. Motor Vehicle In Transport,1720,A.Ambulatory Injury,2011,Left and Right sides,0,0,Norfolk,Urban,20. Motor Vehicle In Transport,MAIN,3PM TO 6PM,122.Norfolk,32,Intersection,Reset Filters,VDOT_OTHER,Wednesday,Not DEER,"East,West",,5,1,112350030,"89,53","Male,Male","PDO,A","1,2","11. Did Not Have Right-of-Way,1. No Improper Action","2. Not Deployed,3. Unavailable/Not Applicable","Not Applicable,Not Applicable","1. No Defects,1. No Defects","Not Applicable,Not Applicable","1. Had Not Been Drinking,1. Had Not Been Drinking","2. No,2. No","1. Not Ejected,3. Totally Ejected","No,Yes","No,No","3. Lap and Shoulder Belt,5. Helmet","1. Not Obscured,1. Not Obscured",,,0,727350,122-08586(B)/PLUME STREET,0,0,"0.Two-way, non-divided","22,20",1. On Roadway,"0,0",I,I.Urban Collector,Other City or Town Streets (not state maintained),Not GUARDRAIL,Not HIT_RUN,"12,9",1,4. Four Approaches,112350030,C,0,0,36.845817,36.845817,0,0.07,Not LRTRUCK,2. Daylight,LOCATED,-76.2885,-76.2885,MAINLINE,MAIN,0,0,0,0,0,Undivided Roadway,"22,20",Not MOTORCYCLE,485390,485390. 12208585      12208585,4416,4062,4096,4015,3457,2,1,0.006,SEC_URBAN,,,,,,,,,0,0,40,0,1,,0,0,,,,,,,,,Not PED,,1,0,Norfolk,122,5,NOT-RD,9. Within Intersection,0,0.00,0.01,1. Straight - Level,1. No Defects,"1. Two-Way, Not Divided",1. Dry,"4. Slag, Gravel, Stone",E MAIN ST,URB,UR,R-VA122UR00002NB,"Urbanized (Population 200,000 and over)",3. No,"0,39",,,,,,SENIOR,Left and Right sides,"10,0","25,25",Not SPEED,"25,25",485390,0,"1. Yes,Not Provided",0,"0,0",3PM TO 6PM,1,1,4. Stop Sign,1. Yes - Working,Not a Parkway - Trucks and Commercial Vehicles Allowed,"1,2","2. Truck - Pick-up/Passenger Truck,9. Bicycle","CHEVROLET,SEROTTA","3. Making Left Turn,1. Going Straight Ahead","PU,CLASSIQUE T1",2008,5,5.Hampton Roads,1. No Adverse Condition (Clear/Cloudy),Not Provided,2. No,Not Provided,Not YOUNG
No Access Control,Not ALCIHOL,Urban,0,0,"N/A, Unknown, or Unstabilized",25TH STREET(R)/,Not UNBELTED,20,Female,C,1,BIKE,302.49,0,0,,2. Angle,"Not Provided,Not Provided","Not Provided,Not Provided",US00060,302.545,4,8/4/2011,8/4/2011,22. Bicycle,1845,C.Non-Visible Injury,2011,Left and Right sides,1,1,Virginia Beach,Urban,22. Bicycle,MAIN,6PM TO 9PM,134.Virginia Beach,713,Intersection,Reset Filters,VDOT_OTHER,Thursday,Not DEER,"East,South",,5,1,112175210,"20,51","Female,Female","C,PDO","1,2","22. Disregarded Stop or Yield Sign,1. No Improper Action","3. Unavailable/Not Applicable,2. Not Deployed","4. No Test,4. No Test","1. No Defects,1. No Defects","Not Applicable,Not Applicable","1. Had Not Been Drinking,1. Had Not Been Drinking","2. No,2. No","3. Totally Ejected,1. Not Ejected","Yes,No","No,No","9. Not Applicable,3. Lap and Shoulder Belt","1. Not Obscured,1. Not Obscured",,,303,541108,134-08722(B)/22SD ST,0,1,"1.Divided, no control of access","20,22",1. On Roadway,"0,0",E,E.Urban Other Principle Arterials; Connecting Links of Other Rural Principal Arterial,Urban Extensions - Primary Routes,Not GUARDRAIL,Not HIT_RUN,"11,1",1,4. Four Approaches,112175210,C,0,0,36.851858,36.851858,0,0.19,Not LRTRUCK,2. Daylight,LOCATED,-75.977371,-75.977371,MAINLINE,MAIN,0,0,Curbed (solid raised),2,2,Divided Roadway,"20,22",Not MOTORCYCLE,541108,541108.  US00060       US00060      13408722      13408722,25340,24166,24141,23764,24222,4,1,0.135,PRI_URBAN,,,,,,,,,0,235,44,0,1,,0,0,,,,,,,,,Not PED,,1,0,Virginia Beach,134,5,NOT-RD,9. Within Intersection,0,302.50,302.54,1. Straight - Level,1. No Defects,"1. Two-Way, Not Divided",1. Dry,"2. Blacktop, Asphalt, Bituminous",2300 BLOCK PACIFIC AVENUE,USPRI,US,R-VA   US00060EB,"Urbanized (Population 200,000 and over)",3. No,"0,0",16522,15296,15206,15119,15239,Not SENIOR,Left and Right sides,"3,10","35,35",Not SPEED,"35,35",541109,0.05,"1. Yes,2. No",0,"0,0",6PM TO 9PM,1,1,4. Stop Sign,1. Yes - Working,Not a Parkway - Trucks and Commercial Vehicles Allowed,"1,2","9. Bicycle,3. Van","FUJI,Mazda","1. Going Straight Ahead,3. Making Left Turn","BICYCLE,MPV",2005,5,5.Hampton Roads,1. No Adverse Condition (Clear/Cloudy),Not Provided,2. No,Not Provided,YOUNG
No Access Control,Not ALCIHOL,Urban,0,0,"N/A, Unknown, or Unstabilized",20TH ST(L)/,Not UNBELTED,28,Male,C,2,BIKE,0.21,0,0,,5. Sideswipe - Opposite Direction,"Not Provided,Not Provided","Not Provided,Not Provided",13408719,0.21,3,8/6/2011,8/6/2011,22. Bicycle,2040,C.Non-Visible Injury,2011,Left and Right sides,1,1,Virginia Beach,Urban,22. Bicycle,MAIN,6PM TO 9PM,134.Virginia Beach,370,Intersection,Reset Filters,VDOT_OTHER,Saturday,Not DEER,"South,North",,5,1,112345139,"62,28","Male,Male","PDO,C","1,2","1. No Improper Action,1. No Improper Action","2. Not Deployed,3. Unavailable/Not Applicable","4. No Test,4. No Test","1. No Defects,1. No Defects","Not Applicable,Not Applicable","1. Had Not Been Drinking,1. Had Not Been Drinking","2. No,2. No","1. Not Ejected,2. Partially Ejected","No,No","No,No","3. Lap and Shoulder Belt,9. Not Applicable","1. Not Obscured,1. Not Obscured",,,0,541659,134-08684(L)/VA-BEACH-NORFOLK EXPWY,0,0,"0.Two-way, non-divided","22,20",1. On Roadway,"0,0",I,I.Urban Collector,Other City or Town Streets (not state maintained),Not GUARDRAIL,Not HIT_RUN,"3,3",1,1. Not at Intersection,112345139,C,0,0,36.848291,36.848291,0,0.07,Not LRTRUCK,4. Darkness - Road Lighted,LOCATED,-75.975002,-75.975002,MAINLINE,MAIN,0,0,0,0,0,Undivided Roadway,"22,20",Not MOTORCYCLE,541659,541659. 13408684      13408719      13408719,11035,8682,8762,8444,8560,2,1,0.07,SEC_URBAN,,,,,,,,,0,0,50,0,1,,0,0,,,,,,,,,Not PED,,1,0,Virginia Beach,134,5,RD-UNKNOWN,1. Main-Line Roadway,0,0.00,0.21,1. Straight - Level,1. No Defects,"1. Two-Way, Not Divided",1. Dry,"2. Blacktop, Asphalt, Bituminous",2000 PACIFIC AVE.,URB,UR,R-VA134UR08719SB,"Urbanized (Population 200,000 and over)",3. No,"0,0",9020,6158,6215,5989,6539,Not SENIOR,Left and Right sides,"30,7","35,35",Not SPEED,"35,35",541962,0,"2. No,2. No",0,"0,0",6PM TO 9PM,1,1,6. Traffic Lanes Marked,1. Yes - Working,Not a Parkway - Trucks and Commercial Vehicles Allowed,"1,2","1. Passenger car,9. Bicycle","Toyota,SUNBICYCLES","1. Going Straight Ahead,1. Going Straight Ahead","Camry,CRUZ 26IN",20072011,5,5.Hampton Roads,1. No Adverse Condition (Clear/Cloudy),Not Provided,2. No,Not Provided,Not YOUNG
No Access Control,ALCOHOL,Urban,1,1,Portland Cement Concrete,122-08592(B)/BERKLEY AVE(B)/WILSON ROAD(R)/,Not UNBELTED,45,Male,A,2,BIKE,396.92,0,0,,4. Sideswipe - Same Direction,"Not Provided,Not Provided","Not Provided,Not Provided",US00460,396.979,4,8/8/2011,8/8/2011,22. Bicycle,545,A.Ambulatory Injury,2011,Left and Right sides,0,0,Norfolk,Urban,22. Bicycle,MAIN,3AM TO 6AM,122.Norfolk,312,Intersection,Reset Filters,VDOT_OTHER,Monday,Not DEER,"South,South",DISTRACTED,5,1,112370155,"77,45","Male,Male","PDO,A","1,2","1. No Improper Action,9. Other Improper Passing","2. Not Deployed,3. Unavailable/Not Applicable","Not Applicable,4. No Test","1. No Defects,8. Other","1. Looking at Roadside Incident,Not Applicable","Not Applicable,3. Drinking - Ability Impaired","Not Applicable,Not Applicable","1. Not Ejected,2. Partially Ejected","No,Yes","No,No","3. Lap and Shoulder Belt,Not Provided","Not Applicable,1. Not Obscured",,,397,483772,122-08590(B)/WILSON ROAD,0,0,"0.Two-way, non-divided","22,20",1. On Roadway,"0,0",H,H.Urban Minor Arterial,Urban Extensions - Primary Routes,Not GUARDRAIL,Not HIT_RUN,"3,11",1,3. Three Approaches,112370155,C,0,0,36.82631,36.82631,0,0.41,Not LRTRUCK,4. Darkness - Road Lighted,LOCATED,-76.267774,-76.267774,MAINLINE,MAIN,0,0,0,0,0,Undivided Roadway,"22,20",Not MOTORCYCLE,483773,483773.  US00460       US00460      12208592      12208592,11707,11508,11614,11193,12247,2,1,0.059,PRI_URBAN,,,,,,,,,0,275,36,0,1,,0,0,,,,,,,,,Not PED,,1,0,Norfolk,122,5,NOT-RD,1. Main-Line Roadway,0,396.75,396.98,1. Straight - Level,1. No Defects,"1. Two-Way, Not Divided",1. Dry,"2. Blacktop, Asphalt, Bituminous",1700 BLK WILSON ROAD,USPRI,US,R-VA   US00460EB,"Urbanized (Population 200,000 and over)",3. No,"0,0",7936,8007,8081,7788,8705,SENIOR,None,"20,0","25,0",Not SPEED,"25,0",483773,0,"Not Provided,Not Provided",0,"0,0",3AM TO 6AM,1,1,6. Traffic Lanes Marked,1. Yes - Working,Not a Parkway - Trucks and Commercial Vehicles Allowed,"1,2","2. Truck - Pick-up/Passenger Truck,9. Bicycle",DODGE,"1. Going Straight Ahead,1. Going Straight Ahead","PU,BICYCLE",2001,5,5.Hampton Roads,1. No Adverse Condition (Clear/Cloudy),Not Provided,2. No,Not Provided,Not YOUNG
No Access Control,Not ALCIHOL,Urban,0,0,"N/A, Unknown, or Unstabilized",CHESTER ST(R)/MARINERS WAY(L)/,Not UNBELTED,8,Male,B,1,BIKE,5.05,1,1,,2. Angle,"Not Provided,Not Provided","Not Provided,Not Provided",SR00194,5.056,3,8/12/2011,8/12/2011,20. Motor Vehicle In Transport,2030,B.Visiible Injury,2011,Left side,0,0,Norfolk,Urban,20. Motor Vehicle In Transport,MAIN,6PM TO 9PM,122.Norfolk,454,Intersection,Reset Filters,VDOT_OTHER,Friday,Not DEER,"West,North",,5,1,112380175,"8,23","Male,Male","B,PDO","1,2","11. Did Not Have Right-of-Way,1. No Improper Action","3. Unavailable/Not Applicable,2. Not Deployed","4. No Test,4. No Test","1. No Defects,1. No Defects","Not Applicable,Not Applicable","1. Had Not Been Drinking,1. Had Not Been Drinking","2. No,2. No","2. Partially Ejected,1. Not Ejected","No,No","No,No","9. Not Applicable,3. Lap and Shoulder Belt","1. Not Obscured,1. Not Obscured",,,5,483494,WARWICK AVE(B)/,0,1,"1.Divided, no control of access","22,20",1. On Roadway,"0,0",H,H.Urban Minor Arterial,Urban Extensions - Primary Routes,Not GUARDRAIL,Not HIT_RUN,"12,0",1,4. Four Approaches,112380175,C,0,0,36.939455,36.939455,0,0.09,Not LRTRUCK,4. Darkness - Road Lighted,LOCATED,-76.24516,-76.24516,MAINLINE,MAIN,3,3,Grass/Unprotected,48,36,Divided Roadway,"22,20",Not MOTORCYCLE,483496,483496.  SR00194       SR00194      12208619,13426,12072,12184,11741,12437,4,1,0.086,PRI_URBAN,,,,,,,,,0,0,56,0,1,,0,0,,,,,,,,,Not PED,,1,0,Norfolk,122,5,NOT-RD,9. Within Intersection,6,5.00,5.06,1. Straight - Level,1. No Defects,"2. Two-Way, Divided, Unprotected Median",1. Dry,"2. Blacktop, Asphalt, Bituminous",8900 CHESAPEAKE BLVD,STPRI,SR,R-VA   SR00194NB,"Urbanized (Population 200,000 and over)",3. No,"0,0",12932,11570,11677,11253,11963,Not SENIOR,Left and Right sides,"2,5","25,35",Not SPEED,"25,35",483495,0,"2. No,2. No",0,"0,0",6PM TO 9PM,1,1,4. Stop Sign,1. Yes - Working,Not a Parkway - Trucks and Commercial Vehicles Allowed,"1,2","9. Bicycle,22. Truck - Sport Utility Vehicle (SUV)","NEXT,FORD","1. Going Straight Ahead,1. Going Straight Ahead","20,EXCURSION",2000,5,5.Hampton Roads,1. No Adverse Condition (Clear/Cloudy),Not Provided,2. No,Not Provided,Not YOUNG
No Access Control,Not ALCIHOL,Urban,0,0,Portland Cement Concrete,PARKS AVE(L)/,Not UNBELTED,13,Male,B,1,BIKE,3.44,1,1,,5. Sideswipe - Opposite Direction,"Not Provided,Not Provided","Not Provided,Not Provided",C7US00058,3.535,3,8/12/2011,8/12/2011,22. Bicycle,1445,B.Visiible Injury,2011,Left and Right sides,0,0,Virginia Beach,Urban,22. Bicycle,MAIN,12PM TO 3PM,134.Virginia Beach,"1,135",Intersection,Reset Filters,VDOT_OTHER,Friday,Not DEER,"West,North",,5,1,112475166,"13,37","Male,Male","B,PDO","1,2","11. Did Not Have Right-of-Way,1. No Improper Action","5. Unknown,2. Not Deployed","Not Applicable,Not Applicable","1. No Defects,1. No Defects","Not Applicable,Not Applicable","1. Had Not Been Drinking,1. Had Not Been Drinking","Not Applicable,Not Applicable","1. Not Ejected,1. Not Ejected","Yes,No","No,No","9. Not Applicable,3. Lap and Shoulder Belt","1. Not Obscured,1. Not Obscured",,,4,541091,134-08721(L)/BALTIC AV,0,0,"0.Two-way, non-divided","22,20",1. On Roadway,"0,0",H,H.Urban Minor Arterial,Urban Extensions - Primary Routes,Not GUARDRAIL,Not HIT_RUN,"9,12",1,4. Four Approaches,112475166,C,0,0,36.8439,36.8439,0,0.31,Not LRTRUCK,2. Daylight,LOCATED,-75.9831,-75.9831,MAINLINE,MAIN,0,0,0,0,0,Undivided Roadway,"22,20",Not MOTORCYCLE,541091,541091. 13408721     C7US00058     C7US00058,16876,14747,14883,14343,11893,4,1,0.215,PRI_URBAN,,,,,,,,,0,0,40,0,1,,0,0,,,,,,,,,Not PED,,1,0,Virginia Beach,134,5,RD-UNKNOWN,9. Within Intersection,0,3.50,3.54,1. Straight - Level,1. No Defects,"1. Two-Way, Not Divided",1. Dry,"2. Blacktop, Asphalt, Bituminous",700 VIRGINIA BEACH BLVD,USPRI,US,R-VA   US00058EBBUS007,"Urbanized (Population 200,000 and over)",3. No,"0,0",12948,11505,11611,11190,10783,Not SENIOR,Left and Right sides,10,35,Not SPEED,35,541092,0,"2. No,2. No",0,"0,0",12PM TO 3PM,1,1,3. Traffic Signal,1. Yes - Working,Not a Parkway - Trucks and Commercial Vehicles Allowed,"1,2","9. Bicycle,2. Truck - Pick-up/Passenger Truck","MONGOOSE,Chevrolet","1. Going Straight Ahead,1. Going Straight Ahead","BMX BICYCLE,Silverado 2500HD",20092005,5,5.Hampton Roads,1. No Adverse Condition (Clear/Cloudy),Not Provided,2. No,Not Provided,Not YOUNG
No Access Control,ALCOHOL,Urban,1,1,"N/A, Unknown, or Unstabilized",ARTIC CRES (L) 14TH ST (R)/,Not UNBELTED,53,Not Provided,A,1,BIKE,22.87,0,0,,2. Angle,"Not Provided,Not Provided","Not Provided,Not Provided",13408669,22.87,4,8/12/2011,8/12/2011,22. Bicycle,245,A.Ambulatory Injury,2011,Right side,0,0,Virginia Beach,Urban,22. Bicycle,MAIN,0AM TO 3AM,134.Virginia Beach,"1,109",Intersection,Reset Filters,VDOT_OTHER,Friday,Not DEER,"East,West",DISTRACTED,5,1,112345183,"53,49","Not Provided,Male","A,PDO","1,2","8. Cutting In,1. No Improper Action","3. Unavailable/Not Applicable,2. Not Deployed","2. Breath,4. No Test","8. Other,1. No Defects","9. Eating/Drinking,2. Driver Fatigue","5. Drinking - Not Known Whether Impaired,1. Had Not Been Drinking","3. Unknown,2. No","1. Not Ejected,1. Not Ejected","Yes,No","No,No","9. Not Applicable,2. Shoulder Belt Only","1. Not Obscured,1. Not Obscured",,,23,541498,15TH ST(B)/,0,0,"0.Two-way, non-divided","20,20",1. On Roadway,"0,0",H,H.Urban Minor Arterial,Other City or Town Streets (not state maintained),Not GUARDRAIL,Not HIT_RUN,"9,1",1,3. Three Approaches,112345183,C,0,0,36.842631,36.842631,0,0.07,Not LRTRUCK,4. Darkness - Road Lighted,LOCATED,-75.974832,-75.974832,MAINLINE,MAIN,0,0,0,0,0,Undivided Roadway,"20,22",Not MOTORCYCLE,541089,541089.  US00060       US00060      13408669     C7US00058,28916,25846,25964,25266,24156,4,1,0.21,SEC_URBAN,,,,,,,,,4.6,0,0,0,1,,0,0,,,,,,,,,Not PED,,1,0,Virginia Beach,134,5,NOT-RD,9. Within Intersection,0,22.75,22.90,1. Straight - Level,1. No Defects,"2. Two-Way, Divided, Unprotected Median",1. Dry,"2. Blacktop, Asphalt, Bituminous",1400 PACIFIC AVENUE,URB,UR,R-VA134UR08669NB,"Urbanized (Population 200,000 and over)",3. No,"0,22",19418,17275,17434,16802,16426,Not SENIOR,Right side,"5,35","10,35",Not SPEED,"35,35",541497,0,"2. No,2. No",0,"0,0",0AM TO 3AM,1,1,4. Stop Sign,1. Yes - Working,Not a Parkway - Trucks and Commercial Vehicles Allowed,"1,2","9. Bicycle,3. Van","SCHWINN,Chrysler","16. Entering Street From Parking Lot,1. Going Straight Ahead","WINDWOOD,Town & Country",2002,5,5.Hampton Roads,1. No Adverse Condition (Clear/Cloudy),Not Provided,2. No,Not Provided,Not YOUNG
,Not ALCIHOL,Urban,0,0,,,Not UNBELTED,7,Male,C,2,BIKE,,0,0,,2. Angle,"Not Provided,Not Provided","Not Provided,Not Provided",,,,8/17/2011,8/17/2011,22. Bicycle,1715,C.Non-Visible Injury,2011,,1,1,Norfolk,Urban,22. Bicycle,MAIN,3PM TO 6PM,122.Norfolk,,Not Intersection,Reset Filters,VDOT_OTHER,Wednesday,Not DEER,"North,East",,5,1,112430257,"31,7","Female,Male","PDO,C","1,2","1. No Improper Action,37. Other","2. Not Deployed,3. Unavailable/Not Applicable","Not Applicable,Not Applicable","1. No Defects,1. No Defects","Not Applicable,Not Applicable","1. Had Not Been Drinking,1. Had Not Been Drinking","2. No,2. No","1. Not Ejected,2. Partially Ejected","No,No","No,No","3. Lap and Shoulder Belt,9. Not Applicable","1. Not Obscured,6. Building",,,,,,,,,"22,20",7. In Parking Lane or Zone,"0,0",,,,Not GUARDRAIL,Not HIT_RUN,"12,0",1,4. Four Approaches,,C,0,0,36.855631,36.855631,,,Not LRTRUCK,2. Daylight,UNLOCATED,-76.283794,-76.283794,MAINLINE,,,,,,,,"22,20",Not MOTORCYCLE,,.,,,,,,,1,,SEC_URBAN,,,,,,,,,,,,0,1,,0,0,,,,,,,,,Not PED,,1,0,Norfolk,122,5,NOT-RD,9. Within Intersection,,,,1. Straight - Level,1. No Defects,"1. Two-Way, Not Divided",1. Dry,"2. Blacktop, Asphalt, Bituminous",500 E.OLNEY ROAD,UNKWN,SC,U-VA122SC99999UK,,1. Yes,"0,0",,,,,,Not SENIOR,,"0,5","5,5",Not SPEED,"5,5",,,"2. No,2. No",,"0,0",3PM TO 6PM,1,1,1. No Traffic Control,6. No Traffic Control Device Present,,"1,2","22. Truck - Sport Utility Vehicle (SUV),9. Bicycle","FORD,FREESTYLE","1. Going Straight Ahead,15. Other",EXPLORER,2001,5,5.Hampton Roads,1. No Adverse Condition (Clear/Cloudy),Not Provided,2. No,Not Provided,Not YOUNG
No Access Control,Not ALCIHOL,Urban,1,2,Dual Type,WEST GATE - OCEANS NAVAL,Not UNBELTED,50,Male,A,2,BIKE,297.27,0,0,,4. Sideswipe - Same Direction,"Not Provided,Not Provided","Not Provided,Not Provided",US00060,298.149,3,8/17/2011,8/17/2011,22. Bicycle,745,A.Ambulatory Injury,2011,None,0,0,Virginia Beach,Urban,22. Bicycle,MAIN,6AM TO 9AM,134.Virginia Beach,"2,592",Intersection,Reset Filters,VDOT_OTHER,Wednesday,Not DEER,"East,East",DISTRACTED,5,1,112365143,"30,50","Male,Male","A,A","1,2","23. Driver Distraction,1. No Improper Action","2. Not Deployed,3. Unavailable/Not Applicable","4. No Test,4. No Test","1. No Defects,1. No Defects","5. Radio/CD, etc.,Not Applicable","1. Had Not Been Drinking,1. Had Not Been Drinking","2. No,2. No","1. Not Ejected,3. Totally Ejected","No,Yes","No,No","3. Lap and Shoulder Belt,5. Helmet","1. Not Obscured,1. Not Obscured",,,298,728562,WEST GATE - OCEANS NAVAL,2.86,1,"1.Divided, no control of access","22,20",1. On Roadway,"0,0",E,E.Urban Other Principle Arterials; Connecting Links of Other Rural Principal Arterial,Urban Extensions - Primary Routes,Not GUARDRAIL,Not HIT_RUN,"1,6",1,1. Not at Intersection,112365143,C,0,0,36.909025,36.909025,6,1.16,Not LRTRUCK,2. Daylight,LOCATED,-76.001717,-76.001717,MAINLINE,MAIN,1,1,Grass/Unprotected,36,36,Divided Roadway,"22,20",Not MOTORCYCLE,541117,541117.  US00060       US00060      13408669,14676,13328,13276,13148,13017,4,1,0.491,PRI_URBAN,,,,,,,,,0,99,47,0,2,,0,0,,,,,,,,,Not PED,,2,0,Virginia Beach,134,5,NOT-RD,8. Non-Intersection,6,298.00,298.15,1. Straight - Level,1. No Defects,"3. Two-Way, Divided, Positive Median Barrier",1. Dry,"2. Blacktop, Asphalt, Bituminous",2500 BLK. SHORE DRIVE,USPRI,US,R-VA   US00060EB,"Urbanized (Population 200,000 and over)",3. No,"0,0",10944,10246,10186,10128,9226,Not SENIOR,None,"55,15","55,55",Not SPEED,"55,55",728562,1.7,"1. Yes,2. No",0,"0,0",6AM TO 9AM,1,1,1. No Traffic Control,6. No Traffic Control Device Present,Not a Parkway - Trucks and Commercial Vehicles Allowed,"1,2","2. Truck - Pick-up/Passenger Truck,9. Bicycle","Nissan,CERVELO","1. Going Straight Ahead,1. Going Straight Ahead","Frontier,P2",2007,5,5.Hampton Roads,1. No Adverse Condition (Clear/Cloudy),Not Provided,2. No,Not Provided,Not YOUNG