Access Control,Alcohol Notalcohol,Area Type1,A Crash,A People,Basetypedesc,Begin Node Dsc,Belted Unbelted,Bikeage,Bikegen,Bikeinjurytype,Bikevehiclenumber,Bike Nonbike,BMP,B Crash,B People,Carspeedlimit,Collision Type,Comm Cargo Body Type Cd,Comm Vehicle Body Type Cd,Cotedrouteid,Coted Mp,Count App,CRASH_DT (copy),Crash Dt,Crash Event Type Dsc,Crash Military Tm,Crash Severity,Crash Year,Curbgutterdesc,C Crash,C People,Juris Name Used,Area Type Used,First Harmful Event of Entire Crash,MAINLINE,Time Slicing Used,Phy_Juris_Nm,Offset-Ft,Intersection Analysis,Clear,Calculation_9640323132123359,Day Of Week,Deer Nodeer,Direction Of Travel Cd,Distracted Notdistracted,VSP,TOTAL CRASH,Document Nbr,Driverage,Drivergen,Driverinjurytype,Drivervehiclenumber,Driver Action Type Cd,Driver Airbag Deployment,Driver Alcohol Test Type Cd,Driver Condition Type Cd,Driver Distraction Type Cd,Driver Drinking Type Cd,Driver Drug Use Cd,Driver Ejected From Vehicle,Driver Ems Transport Ind,Driver Fled Scene Ind,Driver Safety Equip Used,Driver Vis Obscured Type Cd,Drowsy Notdrowsy,Drug Nodrug,EMP,End Node,End Node Dsc,End Offset,Facility,FAC,First Crash Event Cd,First Harmful Event,Fourth Crash Event Cd,Functionalclass,FUN,Govcondesc,Gr Nogr,Hitrun Not Hitrun,Initial Veh Impact Area Cd,Injury Crashes,Intersection Type,Int Doc,Jurtype,K_CRASH,K People,LAT (copy),LAT,Leftshoulderwidth,Length,Lgtruck Nonlgtruck,Light Condition,Located Unlocated,LON (copy),LON,MAINLINE (group),Mainline Yn,Medianleftshoulderwidth,Medianrightshoulderwidth,Mediantypedesc,Medianwidthmax,Medianwidthmin,Median Type,Most Harmful Crash Event Cd,Motor Nonmotor,Node,Node Info,Node Totaadt2011,Node Totaadt2012,Node Totaadt2013,Node Totaadt2014,Node Totaadt2015,Numberoflane,Number of Records,Offset,Ownership,Passage,Passgen,Passinjurytype,Passvehiclenumber,Pass Airbag Deployment,Pass Ejected From Vehicle,Pass Ems Transport Ind,Pass Safety Equip Used,Pavementconditionvalue,Pavementroughnessvalue,Pavementwidth,Pdo Crash,Total People Killed & Injured,Pedage,Pedestrians Injured,Pedestrians Killed,Pedgen,Pedinjurytype,Pednumber,Ped Action,Ped Al Test,Ped Cond,Ped Drink,Ped Drug,Ped Nonped,Ped Rflct,Persons Injured,Persons Killed,Physical Juris Nm,PJR,VSP_Used,Rd Type,Relation To Roadway,Rightshoulderwidth,RNS_MP (0.25 mi bin),Rns Mp,Roadway Alignment,Roadway Defect,Roadway Description,Roadway Surface Cond,Roadway Surface Type,Route Or Street Nm,Rte Category Cd,Rte Cat,Rte Nm,Ruralurbandesc,School Zone,Second Crash Event Cd,Segtotaadt2011,Segtotaadt2012,Segtotaadt2013,Segtotaadt2014,Segtotaadt2015,Senior Notsenior,Sidewalkdesc,Speed Before,Speed Max Safe,Speed Notspeed,Speed Posted,Start Node,Start Offset,Summons Issued Cd,Surfacedesc,Third Crash Event Cd,Time Slicing,Total Crashes including Property Damage Only,Total Crash,Traffic Control Type,Trfc Ctrl Status Type,Truckcommr,Vehiclenumber,Vehicle Body Type Cd,Vehicle Make Nm,Vehicle Maneuver Type Cd,Vehicle Model Nm,Vehicle Year Nbr,District,District_Used ,Weather Condition,Work Zone Location,Work Zone Related,Work Zone Type,Young Notyoung
No Access Control,Not ALCIHOL,Urban,0,0,Penetration Macadam and Water Bound Macadam,FERNWOOD FARMS ROAD(R)/,Not UNBELTED,37,Male,B,2,BIKE,2.92,1,1,,2. Angle,"Not Provided,Not Provided","Not Provided,Not Provided",SR00190,3.513,4,9/15/2011,9/15/2011,20. Motor Vehicle In Transport,710,B.Visiible Injury,2011,None,0,0,Chesapeake,Urban,20. Motor Vehicle In Transport,MAIN,6AM TO 9AM,131.Chesapeake,"1,146",Intersection,Reset Filters,VDOT_OTHER,Thursday,Not DEER,"North,East",DISTRACTED,5,1,112700212,"27,37","Male,Male","PDO,B","1,2","11. Did Not Have Right-of-Way,1. No Improper Action","2. Not Deployed,3. Unavailable/Not Applicable","4. No Test,4. No Test","1. No Defects,1. No Defects","11. Other,Not Applicable","1. Had Not Been Drinking,1. Had Not Been Drinking","2. No,2. No","1. Not Ejected,1. Not Ejected","No,No","No,No","3. Lap and Shoulder Belt,5. Helmet","12. Sun or Headlight Glare,1. Not Obscured",,,4,483468,FERNWOOD FARMS ROAD(R)/,2.09,0,"0.Two-way, non-divided","22,20",1. On Roadway,"0,0",H,H.Urban Minor Arterial,Urban Extensions - Primary Routes,Not GUARDRAIL,Not HIT_RUN,"11,12",1,3. Three Approaches,112700212,C,0,0,36.73473,36.73473,4,0.74,Not LRTRUCK,1. Dawn,LOCATED,-76.243862,-76.243862,MAINLINE,MAIN,0,0,0,0,0,Undivided Roadway,"22,20",Not MOTORCYCLE,483450,483450.  SR00190       SR00190     C1SR00168     C1SR00168,53800,52653,52829,55768,56876,2,1,0.217,PRI_URBAN,,,,,,,,,0,120,24,0,1,,0,0,,,,,,,,,Not PED,,1,0,Chesapeake,131,5,NOT-RD,9. Within Intersection,4,3.50,3.51,1. Straight - Level,1. No Defects,"1. Two-Way, Not Divided",1. Dry,"2. Blacktop, Asphalt, Bituminous",GREAT BRIDGE BL,STPRI,SR,R-VA   SR00190EB,"Urbanized (Population 200,000 and over)",3. No,"0,0",12517,12240,12309,11618,11849,Not SENIOR,None,"10,25","0,35",Not SPEED,"35,35",483468,1.35,"2. No,2. No",0,"0,0",6AM TO 9AM,1,1,4. Stop Sign,1. Yes - Working,Not a Parkway - Trucks and Commercial Vehicles Allowed,"1,2","3. Van,9. Bicycle","FORD,QUINTANA R","16. Entering Street From Parking Lot,1. Going Straight Ahead","ECO CARGO VAN,CALIENTE",20052009,5,5.Hampton Roads,1. No Adverse Condition (Clear/Cloudy),Not Provided,2. No,Not Provided,Not YOUNG
,Not ALCIHOL,Urban,0,0,,,Not UNBELTED,11,Male,B,2,BIKE,,1,1,,2. Angle,"Not Provided,Not Provided","Not Provided,Not Provided",,,,9/18/2011,9/18/2011,22. Bicycle,1226,B.Visiible Injury,2011,,0,0,Virginia Beach,Urban,22. Bicycle,MAIN,12PM TO 3PM,134.Virginia Beach,,Not Intersection,Reset Filters,VDOT_OTHER,Sunday,Not DEER,"East,South",DISTRACTED,5,1,112735235,"25,11","Male,Male","PDO,B","1,2","37. Other,37. Other","2. Not Deployed,3. Unavailable/Not Applicable","Not Applicable,Not Applicable","1. No Defects,1. No Defects","11. Other,11. Other","1. Had Not Been Drinking,1. Had Not Been Drinking","2. No,2. No","1. Not Ejected,1. Not Ejected","No,Yes","No,No","3. Lap and Shoulder Belt,8. No Restraint Used","1. Not Obscured,1. Not Obscured",,,,,,,,,"22,20",1. On Roadway,"0,0",,,,Not GUARDRAIL,Not HIT_RUN,"12,3",1,1. Not at Intersection,,C,0,0,36.850231,36.850231,,,Not LRTRUCK,2. Daylight,UNLOCATED,-75.999677,-75.999677,MAINLINE,,,,,,,,"22,20",Not MOTORCYCLE,,.,,,,,,,1,,SEC_URBAN,,,,,,,,,,,,0,1,,0,0,,,,,,,,,Not PED,,1,0,Virginia Beach,134,5,NOT-RD,8. Non-Intersection,,,,1. Straight - Level,1. No Defects,"1. Two-Way, Not Divided",1. Dry,"2. Blacktop, Asphalt, Bituminous",1199 WATERFRONT DRIVE,UNKWN,SC,U-VA134SC99999UK,,3. No,"0,0",,,,,,Not SENIOR,,"20,5","25,25",Not SPEED,"25,25",,,"2. No,2. No",,"0,0",12PM TO 3PM,1,1,1. No Traffic Control,6. No Traffic Control Device Present,,"1,2","1. Passenger car,9. Bicycle","Chrysler,NIRVE","1. Going Straight Ahead,1. Going Straight Ahead","300-Series,BEACH CRUISER",20072009,5,5.Hampton Roads,1. No Adverse Condition (Clear/Cloudy),Not Provided,2. No,Not Provided,Not YOUNG
No Access Control,Not ALCIHOL,Urban,0,0,Bituminous Concrete (Black Base),IS-00664-W011B(R)/FROM I-664,Not UNBELTED,21,Not Provided,C,2,BIKE,14.53,0,0,,2. Angle,"Not Provided,Not Provided","Not Provided,Not Provided",SR00337,14.825,3,9/19/2011,9/19/2011,20. Motor Vehicle In Transport,2115,C.Non-Visible Injury,2011,Left and Right sides,1,1,Chesapeake,Urban,20. Motor Vehicle In Transport,MAIN,9PM TO 12AM,131.Chesapeake,"1,558",Intersection,Reset Filters,VDOT_OTHER,Monday,Not DEER,"West,East",,5,1,112710329,21,"Not Provided,Not Provided","PDO,C","1,2","11. Did Not Have Right-of-Way,1. No Improper Action","5. Unknown,3. Unavailable/Not Applicable","Not Applicable,Not Applicable","9. Unknown,1. No Defects","Not Applicable,Not Applicable","6. Unknown,1. Had Not Been Drinking","3. Unknown,2. No","Not Provided,1. Not Ejected","NotProvided,No","No,No","Not Provided,9. Not Applicable","1. Not Obscured,1. Not Obscured",,,15,708855,IS-00664-W011B(R)/FROM I-664,0.36,1,"1.Divided, no control of access","20,20",1. On Roadway,"0,0",H,H.Urban Minor Arterial,Urban Extensions - Primary Routes,Not GUARDRAIL,Not HIT_RUN,"1,1",1,1. Not at Intersection,112710329,C,0,0,36.821537,36.821537,0,0.36,Not LRTRUCK,4. Darkness - Road Lighted,LOCATED,-76.423029,-76.423029,MAINLINE,MAIN,4,4,Grass/Unprotected,32,8,Divided Roadway,"20,20",Not MOTORCYCLE,708855,708855.  IS00664W011B  SR00337       SR00337,31586,30886,34356,32718,33302,4,1,0.295,PRI_URBAN,,,,,,,,,0,148,48,0,1,,0,0,,,,,,,,,Not PED,,1,0,Chesapeake,131,5,NOT-RD,"13. Driveway, Alley-Access - Related",0,14.75,14.82,1. Straight - Level,1. No Defects,"2. Two-Way, Divided, Unprotected Median",1. Dry,1. Concrete,4424 portsmouth bl,STPRI,SR,R-VA   SR00337EB,"Urbanized (Population 200,000 and over)",3. No,"0,0",31586,30886,31061,29423,30007,Not SENIOR,Left and Right sides,"0,10","0,10",Not SPEED,"0,45",708855,0,"Not Provided,2. No",0,"0,0",9PM TO 12AM,1,1,6. Traffic Lanes Marked,1. Yes - Working,Not a Parkway - Trucks and Commercial Vehicles Allowed,"1,2","2. Truck - Pick-up/Passenger Truck,9. Bicycle",BIKE,"2. Making Right Turn,1. Going Straight Ahead",BIKE,2011,5,5.Hampton Roads,1. No Adverse Condition (Clear/Cloudy),Not Provided,2. No,Not Provided,Not YOUNG
No Access Control,ALCOHOL,Urban,0,0,"N/A, Unknown, or Unstabilized",SR-00351(B)/NORTH KING STREET(U)/KING ST,Not UNBELTED,38,Female,PDO,2,BIKE,0,0,0,,5. Sideswipe - Opposite Direction,"Not Provided,Not Provided","Not Provided,Not Provided",11407039,0.082,3,9/19/2011,9/19/2011,22. Bicycle,1925,C.Non-Visible Injury,2011,Left and Right sides,1,1,Hampton,Urban,22. Bicycle,MAIN,6PM TO 9PM,114.Hampton,433,Intersection,Reset Filters,VDOT_OTHER,Monday,Not DEER,"South,North",,5,1,112980203,"20,38","Female,Female","PDO,PDO","1,2","1. No Improper Action,10. Wrong Side Of Road - Not Overtaking","2. Not Deployed,5. Unknown","Not Applicable,4. No Test","1. No Defects,8. Other","Not Applicable,Not Applicable","1. Had Not Been Drinking,2. Drinking - Obviously Drunk","2. No,2. No","1. Not Ejected,Not Provided","No,No","No,No","3. Lap and Shoulder Belt,Not Provided","1. Not Obscured,1. Not Obscured",,,0,253173,SR-00351(B)/NORTH KING STREET(U)/KING ST,0.09,0,"0.Two-way, non-divided","22,20",1. On Roadway,"0,0",H,H.Urban Minor Arterial,Other City or Town Streets (not state maintained),Not GUARDRAIL,Not HIT_RUN,"0,12",1,1. Not at Intersection,112980203,C,0,0,37.031333,37.031333,0,0.09,Not LRTRUCK,4. Darkness - Road Lighted,LOCATED,-76.345888,-76.345888,MAINLINE,MAIN,0,0,0,0,0,Undivided Roadway,"22,20",Not MOTORCYCLE,253173,253173.  SR00351       SR00351      11407039,13796,13491,12764,12310,12559,3,1,0.082,SEC_URBAN,4,Male,C,2,3. Unavailable/Not Applicable,3. Totally Ejected,No,8. No Restraint Used,0,0,32,0,1,,0,0,,,,,,,,,Not PED,,1,0,Hampton,114,5,RD-UNKNOWN,8. Non-Intersection,0,0.00,0.08,1. Straight - Level,1. No Defects,"1. Two-Way, Not Divided",1. Dry,"2. Blacktop, Asphalt, Bituminous",400 BLK N. KING STREET,URB,UR,R-VA114UR07039NB,"Urbanized (Population 200,000 and over)",3. No,"0,0",7783,7611,7423,7159,7304,Not SENIOR,Left and Right sides,"30,5","30,0",Not SPEED,"30,30",253173,0,"2. No,1. Yes",0,"0,0",6PM TO 9PM,1,1,6. Traffic Lanes Marked,1. Yes - Working,Not a Parkway - Trucks and Commercial Vehicles Allowed,"1,2","1. Passenger car,9. Bicycle","PONTIAC,Bicycle","1. Going Straight Ahead,15. Other",2DR,2004,5,5.Hampton Roads,1. No Adverse Condition (Clear/Cloudy),Not Provided,2. No,Not Provided,YOUNG
,ALCOHOL,Urban,0,0,,,Not UNBELTED,24,Male,C,2,BIKE,,0,0,,5. Sideswipe - Opposite Direction,"Not Provided,Not Provided","Not Provided,Not Provided",,,,9/21/2011,9/21/2011,20. Motor Vehicle In Transport,545,C.Non-Visible Injury,2011,,1,1,Chesapeake,Urban,20. Motor Vehicle In Transport,MAIN,3AM TO 6AM,131.Chesapeake,,Not Intersection,Reset Filters,VDOT_OTHER,Wednesday,Not DEER,"North,South",,5,1,112770270,"59,24","Male,Male","PDO,C","1,2","1. No Improper Action,10. Wrong Side Of Road - Not Overtaking","2. Not Deployed,3. Unavailable/Not Applicable","Not Applicable,4. No Test","1. No Defects,1. No Defects","Not Applicable,Not Applicable","Not Applicable,5. Drinking - Not Known Whether Impaired","Not Applicable,Not Applicable","1. Not Ejected,1. Not Ejected","No,No","No,No","3. Lap and Shoulder Belt,9. Not Applicable","2. Rain, Snow, etc. on Windshield,2. Rain, Snow, etc. on Windshield",,,,,,,,,"22,20",1. On Roadway,"0,0",,,,Not GUARDRAIL,Not HIT_RUN,"12,1",1,1. Not at Intersection,,C,0,0,36.739372,36.739372,,,Not LRTRUCK,4. Darkness - Road Lighted,UNLOCATED,-76.187202,-76.187202,MAINLINE,,,,,,,,"22,20",Not MOTORCYCLE,,.,,,,,,,1,,SEC_URBAN,,,,,,,,,,,,0,1,,0,0,,,,,,,,,Not PED,,1,0,Chesapeake,131,5,RD-UNKNOWN,8. Non-Intersection,,,,1. Straight - Level,1. No Defects,"1. Two-Way, Not Divided",2. Wet,"2. Blacktop, Asphalt, Bituminous",1928 ELBOW ROAD,UNKWN,SC,U-VA131SC99999UK,,3. No,"0,28",,,,,,Not SENIOR,,"40,5","45,45",Not SPEED,"45,45",,,"2. No,2. No",,"0,0",3AM TO 6AM,1,1,6. Traffic Lanes Marked,1. Yes - Working,,"1,2","2. Truck - Pick-up/Passenger Truck,9. Bicycle","FORD,MAGMA","1. Going Straight Ahead,1. Going Straight Ahead","F150,BICYCLE",20052011,5,5.Hampton Roads,5. Rain,Not Provided,2. No,Not Provided,Not YOUNG
No Access Control,ALCOHOL,Urban,1,1,Bituminous Concrete (Black Base),DE LAURA DR(R)/,Not UNBELTED,41,Female,A,2,BIKE,1.25,0,0,,2. Angle,"Not Provided,Not Provided","Not Provided,Not Provided",12100010,1.287,3,9/27/2011,9/27/2011,19. Ped,615,A.Ambulatory Injury,2011,Left and Right sides,0,0,Newport News,Urban,19. Ped,MAIN,6AM TO 9AM,121.Newport News,597,Intersection,Reset Filters,VDOT_OTHER,Tuesday,Not DEER,"South,West",DISTRACTED,5,1,113630000,"28,41","Female,Female","PDO,A","1,2","1. No Improper Action,20. Disregarded Officer or Flagger","2. Not Deployed,3. Unavailable/Not Applicable","2. Breath,Not Applicable","1. No Defects,1. No Defects","1. Looking at Roadside Incident,Not Applicable","4. Drinking - Ability Not Impaired,1. Had Not Been Drinking","2. No,2. No","1. Not Ejected,1. Not Ejected","No,No","No,No","3. Lap and Shoulder Belt,9. Not Applicable","Not Applicable,Not Applicable",,,1,731480,ROSEMAN COURT(R)/,0,1,"1.Divided, no control of access","22,20",1. On Roadway,"0,0",I,I.Urban Collector,Other City or Town Streets (not state maintained),Not GUARDRAIL,Not HIT_RUN,"12,3",1,2. Two Approaches,113630000,C,0,0,37.136327,37.136327,0,0.04,Not LRTRUCK,4. Darkness - Road Lighted,LOCATED,-76.547305,-76.547305,MAINLINE,MAIN,0,0,Curbed Grass,16,4,Divided Roadway,"22,20",Not MOTORCYCLE,646060,646060.  US00060       US00060      12100010,43015,42064,45515,43894,44783,4,1,0.113,SEC_URBAN,,,,,,,,,0,0,48,0,1,,0,0,,,,,,,,,Not PED,,1,0,Newport News,121,5,NOT-RD,1. Main-Line Roadway,0,1.25,1.29,1. Straight - Level,1. No Defects,"3. Two-Way, Divided, Positive Median Barrier",1. Dry,"2. Blacktop, Asphalt, Bituminous",beehmont dr,URB,UR,R-VA121UR00010WB,"Urbanized (Population 200,000 and over)",3. No,"0,0",8518,8330,7946,7663,7818,Not SENIOR,Left and Right sides,"10,0","25,0",Not SPEED,"25,0",716492,0,"2. No,2. No",0,"0,0",6AM TO 9AM,1,1,1. No Traffic Control,6. No Traffic Control Device Present,Not a Parkway - Trucks and Commercial Vehicles Allowed,"1,2","1. Passenger car,9. Bicycle","chrysler, bicycle","1. Going Straight Ahead,1. Going Straight Ahead",town & country,2005,5,5.Hampton Roads,1. No Adverse Condition (Clear/Cloudy),Not Provided,2. No,Not Provided,Not YOUNG
No Access Control,Not ALCIHOL,Urban,0,0,Dual Type,133-01307(B)/,Not UNBELTED,54,Male,B,1,BIKE,1.84,1,1,35,4. Sideswipe - Same Direction,"Not Provided,Not Provided","Not Provided,Not Provided",SR00337,1.86,4,10/1/2011,10/1/2011,22. Bicycle,2013,B.Visiible Injury,2011,Left and Right sides,0,0,Suffolk,Urban,22. Bicycle,MAIN,6PM TO 9PM,133.Suffolk,106,Intersection,Reset Filters,VDOT_OTHER,Saturday,Not DEER,"East,East",,5,1,113180103,54,"Male,Male","B,PDO","1,2","1. No Improper Action,34. Hit and Run","2. Not Deployed,Not Provided","4. No Test,Not Applicable","1. No Defects,9. Unknown","Not Applicable,Not Applicable","1. Had Not Been Drinking,Not Applicable","2. No,3. Unknown","3. Totally Ejected,Not Provided","Yes,NotProvided","No,Yes","9. Not Applicable,Not Provided","1. Not Obscured,Not Applicable",,,2,468629,133-01308(B)/,0,0,"0.Two-way, non-divided","22,22",1. On Roadway,"0,0",H,H.Urban Minor Arterial,Urban Extensions - Primary Routes,Not GUARDRAIL,HIT_RUN,"10,1",1,1. Not at Intersection,113180103,C,0,0,36.725813,36.725813,0,0.05,Not LRTRUCK,4. Darkness - Road Lighted,LOCATED,-76.567411,-76.567411,MAINLINE,MAIN,0,0,0,0,0,Undivided Roadway,"22,22",Not MOTORCYCLE,468625,468625.  SR00337       SR00337      13301307      13301307,12291,12031,12096,10725,10927,2,1,0.02,PRI_URBAN,,,,,,,,,0,226,40,0,1,,0,0,,,,,,,,,Not PED,,1,0,Suffolk,133,5,NOT-RD,1. Main-Line Roadway,0,1.75,1.84,1. Straight - Level,1. No Defects,"2. Two-Way, Divided, Unprotected Median",2. Wet,"2. Blacktop, Asphalt, Bituminous",E WASHINGTON ST,STPRI,SR,R-VA   SR00337EB,"Urbanized (Population 200,000 and over)",3. No,"0,0",11726,11466,11531,10160,10362,Not SENIOR,Left and Right sides,"5,0","25,25",Not SPEED,"25,25",468625,0,"Not Provided,Not Provided",0,"0,0",6PM TO 9PM,1,1,6. Traffic Lanes Marked,1. Yes - Working,Not a Parkway - Trucks and Commercial Vehicles Allowed,"1,2","9. Bicycle,1. Passenger car",,"1. Going Straight Ahead,1. Going Straight Ahead",,,5,5.Hampton Roads,1. No Adverse Condition (Clear/Cloudy),Not Provided,2. No,Not Provided,Not YOUNG
,ALCOHOL,Urban,0,0,,,Not UNBELTED,62,Female,B,2,BIKE,,1,1,,2. Angle,"Not Provided,Not Provided","Not Provided,Not Provided",,,,10/1/2011,10/1/2011,22. Bicycle,1721,B.Visiible Injury,2011,,0,0,Chesapeake,Urban,22. Bicycle,MAIN,3PM TO 6PM,131.Chesapeake,,Not Intersection,Reset Filters,VDOT_OTHER,Saturday,Not DEER,"East,South",,5,1,112860081,"74,62","Female,Female","PDO,B","1,2","11. Did Not Have Right-of-Way,1. No Improper Action","2. Not Deployed,3. Unavailable/Not Applicable","4. No Test,4. No Test","1. No Defects,1. No Defects","Not Applicable,Not Applicable","1. Had Not Been Drinking,4. Drinking - Ability Not Impaired","2. No,2. No","1. Not Ejected,1. Not Ejected","No,Yes","No,No","3. Lap and Shoulder Belt,6. Other","1. Not Obscured,1. Not Obscured",,,,,,,,,"22,20",1. On Roadway,"0,0",,,,Not GUARDRAIL,Not HIT_RUN,"12,3",1,4. Four Approaches,,C,0,0,36.861361,36.861361,,,Not LRTRUCK,2. Daylight,UNLOCATED,-76.405611,-76.405611,MAINLINE,,,,,,,,"22,20",Not MOTORCYCLE,,.,,,,,,,1,,SEC_URBAN,,,,,,,,,,,,0,1,,0,0,,,,,,,,,Not PED,,1,0,Chesapeake,131,5,NOT-RD,9. Within Intersection,,,,1. Straight - Level,1. No Defects,"1. Two-Way, Not Divided",1. Dry,1. Concrete,GREENDELL RD,UNKWN,SC,U-VA131SC99999UK,,3. No,"0,0",,,,,,SENIOR,,"15,10","25,25",Not SPEED,"25,25",,,"1. Yes,2. No",,"0,0",3PM TO 6PM,1,1,4. Stop Sign,1. Yes - Working,,"1,2","1. Passenger car,9. Bicycle","SCION,BICYCLE","5. Slowing or Stopping,1. Going Straight Ahead","XD,BICYCLE",20082011,5,5.Hampton Roads,1. No Adverse Condition (Clear/Cloudy),Not Provided,2. No,Not Provided,Not YOUNG
No Access Control,Not ALCIHOL,Urban,0,0,Bituminous Concrete (Black Base),134-08734(L)/Gap Terminus/WINDSOR OAKS BLVD,Not UNBELTED,14,Female,B,2,BIKE,4.16,1,1,,2. Angle,"Not Provided,Not Provided","Not Provided,Not Provided",13408627,4.16,3,10/3/2011,10/3/2011,22. Bicycle,722,B.Visiible Injury,2011,Left and Right sides,0,0,Virginia Beach,Urban,22. Bicycle,MAIN,6AM TO 9AM,134.Virginia Beach,0,Intersection,Reset Filters,VDOT_OTHER,Monday,Not DEER,"East,North",,5,1,112785035,"49,14","Female,Female","PDO,B","1,2","1. No Improper Action,11. Did Not Have Right-of-Way","2. Not Deployed,3. Unavailable/Not Applicable","4. No Test,4. No Test","1. No Defects,1. No Defects","Not Applicable,Not Applicable","1. Had Not Been Drinking,1. Had Not Been Drinking","2. No,2. No","1. Not Ejected,1. Not Ejected","No,Yes","No,No","3. Lap and Shoulder Belt,9. Not Applicable","11. Moving Vehicle(s),11. Moving Vehicle(s)",,,4,541354,134-08833(R)/FOXWOOD DRIVE(L)/,0,1,"1.Divided, no control of access","22,20",1. On Roadway,"0,0",H,H.Urban Minor Arterial,Other City or Town Streets (not state maintained),Not GUARDRAIL,Not HIT_RUN,"12,3",1,4. Four Approaches,112785035,C,0,0,36.806334,36.806334,0,0.24,Not LRTRUCK,1. Dawn,LOCATED,-76.117331,-76.117331,MAINLINE,MAIN,6,6,Grass/Unprotected,40,24,Divided Roadway,"22,20",Not MOTORCYCLE,541353,541353. 13408627      13408627      13408734,28532,27991,28249,27224,28151,4,1,0,SEC_URBAN,,,,,,,,,0,0,52,0,1,,0,0,,,,,,,,,Not PED,,1,0,Virginia Beach,134,5,NOT-RD,9. Within Intersection,0,4.00,4.17,1. Straight - Level,1. No Defects,"2. Two-Way, Divided, Unprotected Median",1. Dry,"2. Blacktop, Asphalt, Bituminous",SOUTH INDEPENDENCE BLVD,URB,UR,R-VA134UR08627SB,"Urbanized (Population 200,000 and over)",3. No,"0,0",24984,25066,25297,24379,25174,Not SENIOR,Left and Right sides,"10,1","45,25",Not SPEED,"45,25",541353,0,"2. No,3. Pending",0,"0,0",6AM TO 9AM,1,1,3. Traffic Signal,1. Yes - Working,Not a Parkway - Trucks and Commercial Vehicles Allowed,"1,2","1. Passenger car,9. Bicycle","TOYT,NEXT","1. Going Straight Ahead,1. Going Straight Ahead","CAMARY,POWER CLIMBER",2010,5,5.Hampton Roads,1. No Adverse Condition (Clear/Cloudy),Not Provided,2. No,Not Provided,Not YOUNG
No Access Control,Not ALCIHOL,Urban,0,0,Bituminous Concrete (Black Base),BALTHROPE ROAD(L)/,Not UNBELTED,15,Male,C,2,BIKE,3.38,0,0,,2. Angle,"Not Provided,Not Provided","Not Provided,Not Provided",SR00173,3.458,3,10/4/2011,10/4/2011,22. Bicycle,650,C.Non-Visible Injury,2011,Left and Right sides,1,1,Newport News,Urban,22. Bicycle,MAIN,6AM TO 9AM,121.Newport News,11,Intersection,Reset Filters,VDOT_OTHER,Tuesday,Not DEER,"East,South",,5,1,120580266,15,"Male,Male","PDO,C","1,2","21. Disregarded Traffic Signal,1. No Improper Action","2. Not Deployed,3. Unavailable/Not Applicable","Not Applicable,Not Applicable","9. Unknown,1. No Defects","Not Applicable,Not Applicable","6. Unknown,1. Had Not Been Drinking","3. Unknown,2. No","1. Not Ejected,1. Not Ejected","No,No","Yes,No","9. Not Applicable,9. Not Applicable","Not Applicable,1. Not Obscured",,,3,646158,121-00016(R)/MCMANUS BLVD,0,1,"1.Divided, no control of access","22,20",1. On Roadway,"0,0",H,H.Urban Minor Arterial,Urban Extensions - Primary Routes,Not GUARDRAIL,HIT_RUN,"7,12",1,3. Three Approaches,120580266,C,0,0,37.144297,37.144297,0,0.08,Not LRTRUCK,1. Dawn,LOCATED,-76.514642,-76.514642,MAINLINE,MAIN,0,0,Curbed Grass,20,4,Divided Roadway,"22,20",Not MOTORCYCLE,646158,646158.  SR00173       SR00173      12100016,32491,31666,34201,34036,34801,4,1,0.002,PRI_URBAN,,,,,,,,,0,0,54,0,1,,0,0,,,,,,,,,Not PED,,1,0,Newport News,121,5,NOT-RD,9. Within Intersection,0,3.25,3.46,1. Straight - Level,1. No Defects,"3. Two-Way, Divided, Positive Median Barrier",1. Dry,"2. Blacktop, Asphalt, Bituminous",DENBIGH BLVD,STPRI,SR,R-VA   SR00173EB,"Urbanized (Population 200,000 and over)",3. No,"0,0",27675,26957,29404,29410,30081,Not SENIOR,Left and Right sides,"0,5","45,15",Not SPEED,"45,45",646157,0,"2. No,2. No",0,"0,0",6AM TO 9AM,1,1,3. Traffic Signal,1. Yes - Working,Not a Parkway - Trucks and Commercial Vehicles Allowed,"1,2","22. Truck - Sport Utility Vehicle (SUV),9. Bicycle",,"1. Going Straight Ahead,3. Making Left Turn",,,5,5.Hampton Roads,1. No Adverse Condition (Clear/Cloudy),Not Provided,2. No,Not Provided,YOUNG