Access Control,Alcohol Notalcohol,Area Type1,A Crash,A People,Basetypedesc,Begin Node Dsc,Belted Unbelted,Bikeage,Bikegen,Bikeinjurytype,Bikevehiclenumber,Bike Nonbike,BMP,B Crash,B People,Carspeedlimit,Collision Type,Comm Cargo Body Type Cd,Comm Vehicle Body Type Cd,Cotedrouteid,Coted Mp,Count App,CRASH_DT (copy),Crash Dt,Crash Event Type Dsc,Crash Military Tm,Crash Severity,Crash Year,Curbgutterdesc,C Crash,C People,Juris Name Used,Area Type Used,First Harmful Event of Entire Crash,MAINLINE,Time Slicing Used,Phy_Juris_Nm,Offset-Ft,Intersection Analysis,Clear,Calculation_9640323132123359,Day Of Week,Deer Nodeer,Direction Of Travel Cd,Distracted Notdistracted,VSP,TOTAL CRASH,Document Nbr,Driverage,Drivergen,Driverinjurytype,Drivervehiclenumber,Driver Action Type Cd,Driver Airbag Deployment,Driver Alcohol Test Type Cd,Driver Condition Type Cd,Driver Distraction Type Cd,Driver Drinking Type Cd,Driver Drug Use Cd,Driver Ejected From Vehicle,Driver Ems Transport Ind,Driver Fled Scene Ind,Driver Safety Equip Used,Driver Vis Obscured Type Cd,Drowsy Notdrowsy,Drug Nodrug,EMP,End Node,End Node Dsc,End Offset,Facility,FAC,First Crash Event Cd,First Harmful Event,Fourth Crash Event Cd,Functionalclass,FUN,Govcondesc,Gr Nogr,Hitrun Not Hitrun,Initial Veh Impact Area Cd,Injury Crashes,Intersection Type,Int Doc,Jurtype,K_CRASH,K People,LAT (copy),LAT,Leftshoulderwidth,Length,Lgtruck Nonlgtruck,Light Condition,Located Unlocated,LON (copy),LON,MAINLINE (group),Mainline Yn,Medianleftshoulderwidth,Medianrightshoulderwidth,Mediantypedesc,Medianwidthmax,Medianwidthmin,Median Type,Most Harmful Crash Event Cd,Motor Nonmotor,Node,Node Info,Node Totaadt2011,Node Totaadt2012,Node Totaadt2013,Node Totaadt2014,Node Totaadt2015,Numberoflane,Number of Records,Offset,Ownership,Passage,Passgen,Passinjurytype,Passvehiclenumber,Pass Airbag Deployment,Pass Ejected From Vehicle,Pass Ems Transport Ind,Pass Safety Equip Used,Pavementconditionvalue,Pavementroughnessvalue,Pavementwidth,Pdo Crash,Total People Killed & Injured,Pedage,Pedestrians Injured,Pedestrians Killed,Pedgen,Pedinjurytype,Pednumber,Ped Action,Ped Al Test,Ped Cond,Ped Drink,Ped Drug,Ped Nonped,Ped Rflct,Persons Injured,Persons Killed,Physical Juris Nm,PJR,VSP_Used,Rd Type,Relation To Roadway,Rightshoulderwidth,RNS_MP (0.25 mi bin),Rns Mp,Roadway Alignment,Roadway Defect,Roadway Description,Roadway Surface Cond,Roadway Surface Type,Route Or Street Nm,Rte Category Cd,Rte Cat,Rte Nm,Ruralurbandesc,School Zone,Second Crash Event Cd,Segtotaadt2011,Segtotaadt2012,Segtotaadt2013,Segtotaadt2014,Segtotaadt2015,Senior Notsenior,Sidewalkdesc,Speed Before,Speed Max Safe,Speed Notspeed,Speed Posted,Start Node,Start Offset,Summons Issued Cd,Surfacedesc,Third Crash Event Cd,Time Slicing,Total Crashes including Property Damage Only,Total Crash,Traffic Control Type,Trfc Ctrl Status Type,Truckcommr,Vehiclenumber,Vehicle Body Type Cd,Vehicle Make Nm,Vehicle Maneuver Type Cd,Vehicle Model Nm,Vehicle Year Nbr,District,District_Used ,Weather Condition,Work Zone Location,Work Zone Related,Work Zone Type,Young Notyoung
No Access Control,ALCOHOL,Urban,1,1,"N/A, Unknown, or Unstabilized",OLD HARPERSVILLE ROAD(R)/,Not UNBELTED,21,Male,A,1,BIKE,0.29,0,0,,1. Rear End,"Not Provided,Not Provided","Not Provided,Not Provided",SR00306,0.535,4,10/4/2011,10/4/2011,22. Bicycle,247,A.Ambulatory Injury,2011,None,0,0,Newport News,Urban,22. Bicycle,MAIN,0AM TO 3AM,121.Newport News,"1,822",Intersection,Reset Filters,VDOT_OTHER,Tuesday,Not DEER,"West,West",,5,1,112910254,"21,24","Male,Male","A,PDO","1,2","28. Driving Without Lights,1. No Improper Action","3. Unavailable/Not Applicable,2. Not Deployed","4. No Test,4. No Test","1. No Defects,1. No Defects","Not Applicable,Not Applicable","5. Drinking - Not Known Whether Impaired,4. Drinking - Ability Not Impaired","3. Unknown,2. No","3. Totally Ejected,1. Not Ejected","Yes,No","No,No","8. No Restraint Used,3. Lap and Shoulder Belt","1. Not Obscured,1. Not Obscured",,,1,646167,OLD HARPERSVILLE ROAD(R)/,0.65,0,"0.Two-way, non-divided","20,22",1. On Roadway,"0,0",H,H.Urban Minor Arterial,Urban Extensions - Primary Routes,Not GUARDRAIL,Not HIT_RUN,"6,1",1,1. Not at Intersection,112910254,C,0,0,37.056067,37.056067,2,0.41,Not LRTRUCK,4. Darkness - Road Lighted,LOCATED,-76.470429,-76.470429,MAINLINE,MAIN,0,0,0,0,0,Undivided Roadway,"20,22",Not MOTORCYCLE,646006,646006.  SR00306       US00017       US00017      12107027,60649,61968,58803,58409,58883,2,1,0.345,PRI_URBAN,,,,,,,,,0,0,22,0,1,,0,0,,,,,,,,,Not PED,,1,0,Newport News,121,5,NOT-RD,8. Non-Intersection,2,0.50,0.57,6. Hillcrest - Curve,1. No Defects,"3. Two-Way, Divided, Positive Median Barrier",1. Dry,"2. Blacktop, Asphalt, Bituminous",500 BLK J CYLDE MORRIS BLVD,STPRI,SR,R-VA   SR00306EB,"Urbanized (Population 200,000 and over)",3. No,"0,0",8973,8774,9573,9232,9419,Not SENIOR,None,"0,40","0,45",Not SPEED,"0,45",646167,0.24,"1. Yes,2. No",0,"0,0",0AM TO 3AM,1,1,1. No Traffic Control,6. No Traffic Control Device Present,Not a Parkway - Trucks and Commercial Vehicles Allowed,"1,2","9. Bicycle,1. Passenger car",FORD,"1. Going Straight Ahead,1. Going Straight Ahead",MUSTANG,2007,5,5.Hampton Roads,1. No Adverse Condition (Clear/Cloudy),Not Provided,2. No,Not Provided,Not YOUNG
No Access Control,Not ALCIHOL,Urban,0,0,Bituminous Concrete (Black Base),134-08708(B)/,Not UNBELTED,47,Female,C,2,BIKE,1.28,0,0,,16. Other,"Not Provided,Not Provided","Not Provided,Not Provided",SR00225,1.45,4,10/7/2011,10/7/2011,22. Bicycle,900,C.Non-Visible Injury,2011,Left and Right sides,1,1,Virginia Beach,Urban,22. Bicycle,MAIN,6AM TO 9AM,134.Virginia Beach,"1,320",Intersection,Reset Filters,VDOT_OTHER,Friday,Not DEER,"East,North",,5,1,112875177,"44,47","Female,Female","PDO,C","1,2","37. Other,37. Other","2. Not Deployed,3. Unavailable/Not Applicable","4. No Test,4. No Test","1. No Defects,1. No Defects","Not Applicable,Not Applicable","1. Had Not Been Drinking,1. Had Not Been Drinking","2. No,2. No","1. Not Ejected,1. Not Ejected","No,No","No,No","3. Lap and Shoulder Belt,9. Not Applicable","1. Not Obscured,1. Not Obscured",,,2,541204,134-08740(B)/,0,1,"1.Divided, no control of access","22,20",1. On Roadway,"0,0",E,E.Urban Other Principle Arterials; Connecting Links of Other Rural Principal Arterial,Urban Extensions - Primary Routes,Not GUARDRAIL,Not HIT_RUN,"1,12",1,4. Four Approaches,112875177,C,0,0,36.852148,36.852148,0,0.42,Not LRTRUCK,2. Daylight,LOCATED,-76.136623,-76.136623,MAINLINE,MAIN,6,6,Grass/Unprotected,16,4,Divided Roadway,"22,20",Not MOTORCYCLE,541204,541204.  SR00225       SR00225      13408740      13408740,56640,56033,56374,54980,55126,6,1,0.25,PRI_URBAN,,,,,,,,,0,115,76,0,1,,0,0,,,,,,,,,Not PED,,1,0,Virginia Beach,134,5,NOT-RD,9. Within Intersection,0,1.25,1.45,1. Straight - Level,1. No Defects,"1. Two-Way, Not Divided",1. Dry,"2. Blacktop, Asphalt, Bituminous",599 INDEPENDENCE BLVD,STPRI,SR,R-VA   SR00225SB,"Urbanized (Population 200,000 and over)",3. No,"0,0",50298,49624,49906,48747,49030,Not SENIOR,Left and Right sides,"3,5","25,25",Not SPEED,"25,25",541203,0.14,"2. No,2. No",0,"0,0",6AM TO 9AM,1,1,4. Stop Sign,1. Yes - Working,Not a Parkway - Trucks and Commercial Vehicles Allowed,"1,2","1. Passenger car,9. Bicycle","SUBA,BICYCLE","2. Making Right Turn,1. Going Straight Ahead","BAJ,UNK",2004,5,5.Hampton Roads,1. No Adverse Condition (Clear/Cloudy),Not Provided,2. No,Not Provided,Not YOUNG
No Access Control,Not ALCIHOL,Urban,0,0,"N/A, Unknown, or Unstabilized",114-07053(L)/ANDREWS BLVD,Not UNBELTED,36,Not Provided,B,2,BIKE,3.54,1,1,,1. Rear End,"Not Provided,Not Provided","Not Provided,Not Provided",SR00169,3.553,3,10/8/2011,10/8/2011,22. Bicycle,1134,B.Visiible Injury,2011,Left and Right sides,0,0,Hampton,Urban,22. Bicycle,MAIN,9AM TO 12PM,114.Hampton,69,Intersection,Reset Filters,VDOT_OTHER,Saturday,Not DEER,"South,South",,5,1,113010026,36,"Not Provided,Not Provided","PDO,B","1,2","34. Hit and Run,1. No Improper Action","Not Provided,3. Unavailable/Not Applicable","4. No Test,4. No Test","9. Unknown,1. No Defects","Not Applicable,Not Applicable","6. Unknown,1. Had Not Been Drinking","3. Unknown,2. No","Not Provided,1. Not Ejected","NotProvided,No","No,No","Not Provided,9. Not Applicable","Not Applicable,1. Not Obscured",,,4,253109,114-07053(L)/ANDREWS BLVD,0.21,0,"0.Two-way, non-divided","22,20",1. On Roadway,"0,0",I,I.Urban Collector,Urban Extensions - Primary Routes,Not GUARDRAIL,HIT_RUN,"12,6",1,3. Three Approaches,113010026,C,0,0,37.051483,37.051483,0,0.21,Not LRTRUCK,2. Daylight,LOCATED,-76.300317,-76.300317,MAINLINE,MAIN,0,0,0,0,0,Undivided Roadway,"22,20",Not MOTORCYCLE,253109,253109.  SR00169       SR00169      11407053,8857,8661,7730,7454,7605,2,1,0.013,PRI_URBAN,,,,,,,,,0,0,35,0,1,,0,0,,,,,,,,,Not PED,,1,0,Hampton,114,5,NOT-RD,9. Within Intersection,0,3.50,3.55,1. Straight - Level,1. No Defects,"1. Two-Way, Not Divided",1. Dry,"2. Blacktop, Asphalt, Bituminous",OLD BUCKROE ROAD,STPRI,SR,R-VA   SR00169NB,"Urbanized (Population 200,000 and over)",3. No,"0,0",6315,6175,5530,5333,5441,Not SENIOR,None,"0,0","0,0",Not SPEED,"0,0",253109,0,"Not Provided,2. No",0,"0,0",9AM TO 12PM,1,1,1. No Traffic Control,6. No Traffic Control Device Present,Not a Parkway - Trucks and Commercial Vehicles Allowed,"1,2","1. Passenger car,9. Bicycle",SOOH,"2. Making Right Turn,1. Going Straight Ahead",PLASMA BIVA,,5,5.Hampton Roads,1. No Adverse Condition (Clear/Cloudy),Not Provided,2. No,Not Provided,Not YOUNG
No Access Control,Not ALCIHOL,Urban,0,0,Penetration Macadam and Water Bound Macadam,134-08817(L)/OLD DOMINION PKWY,Not UNBELTED,31,Female,B,2,BIKE,1.7,1,1,,2. Angle,"Not Provided,Not Provided","Not Provided,Not Provided",13400009,1.703,3,10/8/2011,10/8/2011,22. Bicycle,1651,B.Visiible Injury,2011,Left and Right sides,0,0,Virginia Beach,Urban,22. Bicycle,MAIN,3PM TO 6PM,134.Virginia Beach,16,Intersection,Reset Filters,VDOT_OTHER,Saturday,Not DEER,"East,North",DISTRACTED,5,1,112985275,"26,31","Female,Female","PDO,B","1,2","11. Did Not Have Right-of-Way,1. No Improper Action","2. Not Deployed,3. Unavailable/Not Applicable","4. No Test,4. No Test","1. No Defects,1. No Defects","11. Other,11. Other","1. Had Not Been Drinking,1. Had Not Been Drinking","2. No,2. No","1. Not Ejected,3. Totally Ejected","NotProvided,Yes","No,No","3. Lap and Shoulder Belt,9. Not Applicable","1. Not Obscured,1. Not Obscured",,,2,734946,CAMELOT DRIVE(R)/,0,1,"1.Divided, no control of access","22,20",1. On Roadway,"0,0",H,H.Urban Minor Arterial,Other City or Town Streets (not state maintained),Not GUARDRAIL,Not HIT_RUN,"11,7",1,4. Four Approaches,112985275,C,0,0,36.865513,36.865513,0,0.11,Not LRTRUCK,2. Daylight,LOCATED,-76.029196,-76.029196,MAINLINE,MAIN,0,0,Curbed Grass,16,4,Divided Roadway,"22,20",Not MOTORCYCLE,541256,541256. 13400009      13400009      13408817,39677,37941,38291,36901,38313,4,1,0.003,SEC_URBAN,,,,,,,,,0,0,52,0,1,,0,0,,,,,,,,,Not PED,,1,0,Virginia Beach,134,5,NOT-RD,9. Within Intersection,0,1.50,1.69,1. Straight - Level,1. No Defects,"2. Two-Way, Divided, Unprotected Median",1. Dry,"2. Blacktop, Asphalt, Bituminous",1100 FIRST COLONIAL RD,URB,UR,R-VA134UR00009SB,"Urbanized (Population 200,000 and over)",3. No,"0,0",36525,34557,34876,33610,35142,Not SENIOR,Left and Right sides,"5,5","35,35",Not SPEED,"35,35",541256,0,"1. Yes,2. No",0,"0,0",3PM TO 6PM,1,1,3. Traffic Signal,1. Yes - Working,Not a Parkway - Trucks and Commercial Vehicles Allowed,"1,2","1. Passenger car,9. Bicycle","Toyota,IRON HOUSE","2. Making Right Turn,1. Going Straight Ahead","Corolla,WARRIOR 6.0",2001,5,5.Hampton Roads,1. No Adverse Condition (Clear/Cloudy),Not Provided,2. No,Not Provided,Not YOUNG
,Not ALCIHOL,Urban,0,0,,,Not UNBELTED,10,Male,B,2,BIKE,,1,1,,2. Angle,"Not Provided,Not Provided","Not Provided,Not Provided",,,,10/8/2011,10/8/2011,22. Bicycle,1735,B.Visiible Injury,2011,,0,0,Virginia Beach,Urban,22. Bicycle,MAIN,3PM TO 6PM,134.Virginia Beach,,Not Intersection,Reset Filters,VDOT_OTHER,Saturday,Not DEER,"West,North",DISTRACTED,5,1,112825156,"16,10","Male,Male","PDO,B","1,2","1. No Improper Action,1. No Improper Action","2. Not Deployed,3. Unavailable/Not Applicable","4. No Test,4. No Test","1. No Defects,1. No Defects","11. Other,11. Other","1. Had Not Been Drinking,1. Had Not Been Drinking","2. No,2. No","1. Not Ejected,2. Partially Ejected","No,Yes","No,No","3. Lap and Shoulder Belt,9. Not Applicable","12. Sun or Headlight Glare,12. Sun or Headlight Glare",,,,,,,,,"22,20",1. On Roadway,"0,0",,,,Not GUARDRAIL,Not HIT_RUN,"11,12",1,4. Four Approaches,,C,0,0,36.770609,36.770609,,,Not LRTRUCK,2. Daylight,UNLOCATED,-76.17766,-76.17766,MAINLINE,,,,,,,,"22,20",Not MOTORCYCLE,,.,,,,,,,1,,SEC_URBAN,,,,,,,,,,,,0,1,,0,0,,,,,,,,,Not PED,,1,0,Virginia Beach,134,5,NOT-RD,9. Within Intersection,,,,1. Straight - Level,1. No Defects,"1. Two-Way, Not Divided",1. Dry,"2. Blacktop, Asphalt, Bituminous",1800 BLK HEALD WAY,UNKWN,SC,U-VA134SC99999UK,,3. No,"0,0",,,,,,Not SENIOR,,"25,3","25,25",Not SPEED,"25,25",,,"2. No,2. No",,"0,0",3PM TO 6PM,1,1,6. Traffic Lanes Marked,1. Yes - Working,,"1,2","1. Passenger car,9. Bicycle","Hyundai,UNK","1. Going Straight Ahead,1. Going Straight Ahead","Tiburon,BICYCLE",2004,5,5.Hampton Roads,1. No Adverse Condition (Clear/Cloudy),Not Provided,2. No,Not Provided,YOUNG
,ALCOHOL,Urban,0,0,,,Not UNBELTED,26,Male,C,2,BIKE,,0,0,,5. Sideswipe - Opposite Direction,"Not Provided,Not Provided","Not Provided,Not Provided",,,,10/9/2011,10/9/2011,22. Bicycle,1945,C.Non-Visible Injury,2011,,1,1,Virginia Beach,Urban,22. Bicycle,MAIN,6PM TO 9PM,134.Virginia Beach,,Not Intersection,Reset Filters,VDOT_OTHER,Sunday,Not DEER,"East,West",,5,1,112995179,"22,26","Male,Male","PDO,C","1,2","1. No Improper Action,28. Driving Without Lights","2. Not Deployed,3. Unavailable/Not Applicable","4. No Test,4. No Test","1. No Defects,8. Other","Not Applicable,Not Applicable","1. Had Not Been Drinking,3. Drinking - Ability Impaired","2. No,2. No","1. Not Ejected,2. Partially Ejected","NotProvided,No","No,No","3. Lap and Shoulder Belt,9. Not Applicable","13. Other,1. Not Obscured",,,,,,,,,"22,20",1. On Roadway,"0,0",,,,Not GUARDRAIL,Not HIT_RUN,"5,11",1,3. Three Approaches,,C,0,0,36.899381,36.899381,,,Not LRTRUCK,6. Darkness - Unknown Road Lighting,UNLOCATED,-76.176268,-76.176268,MAINLINE,,,,,,,,"22,20",Not MOTORCYCLE,,.,,,,,,,1,,SEC_URBAN,,,,,,,,,,,,0,1,,0,0,,,,,,,,,Not PED,,1,0,Virginia Beach,134,5,NOT-RD,9. Within Intersection,,,,1. Straight - Level,1. No Defects,"1. Two-Way, Not Divided",1. Dry,1. Concrete,1700 KING WILLIAM,UNKWN,SC,U-VA134SC99999UK,,3. No,"0,0",,,,,,Not SENIOR,,"10,1","15,25",Not SPEED,"25,25",,,"3. Pending,2. No",,"0,0",6PM TO 9PM,1,1,4. Stop Sign,1. Yes - Working,,"1,2","2. Truck - Pick-up/Passenger Truck,9. Bicycle","Ford,BICYCLE","3. Making Left Turn,1. Going Straight Ahead","F-250,BICYLCE",1996,5,5.Hampton Roads,1. No Adverse Condition (Clear/Cloudy),Not Provided,2. No,Not Provided,Not YOUNG
,Not ALCIHOL,Urban,0,0,,,Not UNBELTED,18,Male,B,2,BIKE,,1,1,,2. Angle,"Not Provided,Not Provided","Not Provided,Not Provided",,,,10/13/2011,10/13/2011,22. Bicycle,2247,B.Visiible Injury,2011,,0,0,Norfolk,Urban,22. Bicycle,MAIN,9PM TO 12AM,122.Norfolk,,Not Intersection,Reset Filters,VDOT_OTHER,Thursday,Not DEER,"North,South",DISTRACTED,5,1,113040054,"20,18","Female,Male","PDO,B","1,2","9. Other Improper Passing,28. Driving Without Lights","2. Not Deployed,3. Unavailable/Not Applicable","Not Applicable,Not Applicable","1. No Defects,1. No Defects","8. Daydreaming,Not Applicable","Not Applicable,Not Applicable","3. Unknown,3. Unknown","1. Not Ejected,1. Not Ejected","No,No","No,No","3. Lap and Shoulder Belt,9. Not Applicable","Not Applicable,Not Applicable",,,,,,,,,"22,0",7. In Parking Lane or Zone,"0,0",,,,Not GUARDRAIL,Not HIT_RUN,"1,11",1,"5. Five-Point, or More",,C,0,0,36.885431,36.885431,,,Not LRTRUCK,4. Darkness - Road Lighted,UNLOCATED,-76.300353,-76.300353,MAINLINE,,,,,,,,"22,0",Not MOTORCYCLE,,.,,,,,,,1,,SEC_URBAN,,,,,,,,,,,,0,1,,0,0,,,,,,,,,Not PED,,1,0,Norfolk,122,5,NOT-RD,11. Intersection Related - Outside 150 Feet,,,,1. Straight - Level,1. No Defects,"2. Two-Way, Divided, Unprotected Median",2. Wet,"2. Blacktop, Asphalt, Bituminous",4516 MONARCH WAY,UNKWN,SC,U-VA122SC99999UK,,3. No,"0,0",,,,,,Not SENIOR,,"5,0","25,0",Not SPEED,"25,0",,,"2. No,2. No",,"0,0",9PM TO 12AM,1,1,6. Traffic Lanes Marked,1. Yes - Working,,"1,2","1. Passenger car,9. Bicycle",CHEVY,"3. Making Left Turn,1. Going Straight Ahead",,2006,5,5.Hampton Roads,9. Other,Not Provided,2. No,Not Provided,YOUNG
No Access Control,Not ALCIHOL,Urban,0,0,"N/A, Unknown, or Unstabilized",WESTERFIELD RD(B)/,Not UNBELTED,10,Male,B,2,BIKE,0.61,1,1,,2. Angle,"Not Provided,Not Provided","Not Provided,Not Provided",13408680,0.61,3,10/14/2011,10/14/2011,20. Motor Vehicle In Transport,1545,B.Visiible Injury,2011,None,0,1,Virginia Beach,Urban,20. Motor Vehicle In Transport,MAIN,3PM TO 6PM,134.Virginia Beach,370,Intersection,Reset Filters,VDOT_OTHER,Friday,Not DEER,"North,East",DISTRACTED,5,1,112975198,"45,10","Female,Male","C,B","1,2","1. No Improper Action,22. Disregarded Stop or Yield Sign","3. Unavailable/Not Applicable,3. Unavailable/Not Applicable","4. No Test,4. No Test","1. No Defects,1. No Defects","Not Applicable,11. Other","Not Applicable,Not Applicable","Not Applicable,Not Applicable","1. Not Ejected,1. Not Ejected","No,No","No,No","3. Lap and Shoulder Belt,5. Helmet","1. Not Obscured,1. Not Obscured",,,1,541618,134-08709(R)/FIVE FORKS RD(L)/(8680-HERMITAGE,0,0,"0.Two-way, non-divided","20,20",1. On Roadway,"0,0",I,I.Urban Collector,Other City or Town Streets (not state maintained),Not GUARDRAIL,Not HIT_RUN,"10,12",1,4. Four Approaches,112975198,C,0,0,36.89237,36.89237,4,0.07,Not LRTRUCK,2. Daylight,LOCATED,-76.13028,-76.13028,MAINLINE,MAIN,0,0,0,0,0,Undivided Roadway,"20,20",Not MOTORCYCLE,541618,541618. 13408680      13408680      13408709,1940,1628,1643,1584,1712,2,1,0.07,SEC_URBAN,,,,,,,,,0,0,20,0,2,,0,0,,,,,,,,,Not PED,,2,0,Virginia Beach,134,5,NOT-RD,9. Within Intersection,4,0.50,0.61,1. Straight - Level,1. No Defects,"1. Two-Way, Not Divided",1. Dry,"2. Blacktop, Asphalt, Bituminous",4599 HERMITAGE RD,URB,UR,R-VA134UR08680WB,"Urbanized (Population 200,000 and over)",3. No,"0,0",1373,1109,1119,1079,1176,Not SENIOR,None,25,"25,25",Not SPEED,"25,25",541617,0,"2. No,2. No",0,"0,0",3PM TO 6PM,1,1,4. Stop Sign,1. Yes - Working,Not a Parkway - Trucks and Commercial Vehicles Allowed,"1,2","1. Passenger car,9. Bicycle","Toyota,XXX","1. Going Straight Ahead,1. Going Straight Ahead","Prius,XXX",20072000,5,5.Hampton Roads,1. No Adverse Condition (Clear/Cloudy),Not Provided,2. No,Not Provided,Not YOUNG
No Access Control,ALCOHOL,Urban,1,1,"N/A, Unknown, or Unstabilized",122-08575(B)/CHURCH ST,Not UNBELTED,20,Male,A,1,BIKE,492.03,0,0,,2. Angle,"Not Provided,16. Not Applicable/No Cargo Body","Not Provided,8. Truck Tractor (Bobtail)",US00058,492.309,4,10/15/2011,10/15/2011,20. Motor Vehicle In Transport,1858,A.Ambulatory Injury,2011,Left and Right sides,0,0,Norfolk,Urban,20. Motor Vehicle In Transport,MAIN,6PM TO 9PM,122.Norfolk,58,Intersection,Reset Filters,VDOT_OTHER,Saturday,Not DEER,"West,South",,5,1,113050169,"20,56","Male,Male","A,PDO","1,2","21. Disregarded Traffic Signal,1. No Improper Action","3. Unavailable/Not Applicable,2. Not Deployed","Not Applicable,Not Applicable","9. Unknown,1. No Defects","Not Applicable,Not Applicable","5. Drinking - Not Known Whether Impaired,1. Had Not Been Drinking","2. No,2. No","3. Totally Ejected,1. Not Ejected","Yes,No","No,No","9. Not Applicable,3. Lap and Shoulder Belt","1. Not Obscured,1. Not Obscured",,,492,483129,SR-00168(B)/,0,1,"1.Divided, no control of access","22,20",1. On Roadway,"0,0",E,E.Urban Other Principle Arterials; Connecting Links of Other Rural Principal Arterial,Urban Extensions - Primary Routes,Not GUARDRAIL,Not HIT_RUN,"12,8",1,4. Four Approaches,113050169,C,0,0,36.854703,36.854703,0,0.29,Not LRTRUCK,4. Darkness - Road Lighted,LOCATED,-76.274479,-76.274479,MAINLINE,MAIN,0,0,Curbed Grass,18,4,Divided Roadway,"22,20",Not MOTORCYCLE,483129,483129.  SR00168       SR00168       US00058       US00058,43125,44451,45103,43891,47012,4,1,0.011,PRI_URBAN,,,,,,,,,0,207,60,0,1,,0,0,,,,,,,,,Not PED,,1,0,Norfolk,122,5,NOT-RD,9. Within Intersection,0,492.25,492.31,1. Straight - Level,1. No Defects,"3. Two-Way, Divided, Positive Median Barrier",1. Dry,"2. Blacktop, Asphalt, Bituminous",E VA BEACH BLVD,USPRI,US,R-VA   US00058WB,"Urbanized (Population 200,000 and over)",3. No,"0,0",11736,14368,14501,13974,14020,Not SENIOR,Left and Right sides,"10,35","30,35",Not SPEED,"30,35",483130,0,"2. No,2. No",0,"0,0",6PM TO 9PM,1,1,3. Traffic Signal,1. Yes - Working,Not a Parkway - Trucks and Commercial Vehicles Allowed,"1,2","9. Bicycle,25. Truck - Truck Tractor (Bobtail-No Trailer)","MONGOOSE,FRHT","1. Going Straight Ahead,1. Going Straight Ahead","MGX,SEMITRK",2003,5,5.Hampton Roads,1. No Adverse Condition (Clear/Cloudy),Not Provided,2. No,Not Provided,YOUNG
No Access Control,Not ALCIHOL,Urban,1,1,Bituminous Concrete (Black Base),122-08638/JB-75-64-122-134/NORFOLK-PRINCESS A,Not UNBELTED,20,Female,A,2,BIKE,0.34,0,0,,2. Angle,"Not Provided,Not Provided","Not Provided,Not Provided",13408638,0.408,4,10/16/2011,10/16/2011,22. Bicycle,2025,A.Ambulatory Injury,2011,Left and Right sides,0,0,Virginia Beach,Urban,22. Bicycle,MAIN,6PM TO 9PM,134.Virginia Beach,63,Intersection,Reset Filters,VDOT_OTHER,Sunday,Not DEER,"South,East",,5,1,113025294,"30,20","Female,Female","PDO,A","1,2","1. No Improper Action,10. Wrong Side Of Road - Not Overtaking","2. Not Deployed,3. Unavailable/Not Applicable","Not Applicable,Not Applicable","1. No Defects,1. No Defects","Not Applicable,Not Applicable","1. Had Not Been Drinking,1. Had Not Been Drinking","2. No,2. No","1. Not Ejected,1. Not Ejected","No,Yes","No,No","3. Lap and Shoulder Belt,8. No Restraint Used","1. Not Obscured,1. Not Obscured",,,0,541360,134-08651(B)/BAKER RD,0,1,"1.Divided, no control of access","22,20",1. On Roadway,"0,0",H,H.Urban Minor Arterial,Other City or Town Streets (not state maintained),Not GUARDRAIL,Not HIT_RUN,"1,11",1,4. Four Approaches,113025294,C,0,0,36.871282,36.871282,0,0.08,Not LRTRUCK,4. Darkness - Road Lighted,LOCATED,-76.181412,-76.181412,MAINLINE,MAIN,0,0,Grass/Unprotected,24,4,Divided Roadway,"22,20",Not MOTORCYCLE,541360,541360. 13408638      13408638      13408651      13408651,22563,20041,20226,19492,20766,3,1,0.012,SEC_URBAN,,,,,,,,,0,0,40,0,1,,0,0,,,,,,,,,Not PED,,1,0,Virginia Beach,134,5,NOT-RD,9. Within Intersection,0,0.25,0.41,1. Straight - Level,1. No Defects,"1. Two-Way, Not Divided",1. Dry,"2. Blacktop, Asphalt, Bituminous",5600 WESLEYAN ROAD,URB,UR,R-VA134UR08638WB,"Urbanized (Population 200,000 and over)",3. No,"0,0",19727,15965,16112,15528,18381,Not SENIOR,Left and Right sides,10,"35,35",Not SPEED,"35,35",877017,0.34,"2. No,2. No",0,"0,0",6PM TO 9PM,1,1,3. Traffic Signal,1. Yes - Working,Not a Parkway - Trucks and Commercial Vehicles Allowed,"1,2","22. Truck - Sport Utility Vehicle (SUV),9. Bicycle","Chevrolet,ROADMASTER","2. Making Right Turn,1. Going Straight Ahead","Equinox,MT. FURY",20072005,5,5.Hampton Roads,1. No Adverse Condition (Clear/Cloudy),Not Provided,2. No,Not Provided,YOUNG
,ALCOHOL,Urban,0,0,,,Not UNBELTED,25,Not Provided,B,2,BIKE,,1,1,,2. Angle,"Not Provided,Not Provided","Not Provided,Not Provided",,,,10/16/2011,10/16/2011,22. Bicycle,2345,B.Visiible Injury,2011,,0,0,Virginia Beach,Urban,22. Bicycle,MAIN,9PM TO 12AM,134.Virginia Beach,,Not Intersection,Reset Filters,VDOT_OTHER,Sunday,Not DEER,"East,West",,5,1,113015191,25,"Not Provided,Not Provided","PDO,B","1,2","34. Hit and Run,1. No Improper Action","Not Provided,3. Unavailable/Not Applicable","Not Applicable,4. No Test","9. Unknown,1. No Defects","Not Applicable,Not Applicable","6. Unknown,2. Drinking - Obviously Drunk","3. Unknown,3. Unknown","Not Provided,1. Not Ejected","NotProvided,No","Yes,No","Not Provided,8. No Restraint Used","Not Applicable,1. Not Obscured",,,,,,,,,"22,20",1. On Roadway,"0,0",,,,Not GUARDRAIL,HIT_RUN,"1,13",1,4. Four Approaches,,C,0,0,36.86169,36.86169,,,Not LRTRUCK,6. Darkness - Unknown Road Lighting,UNLOCATED,-75.981921,-75.981921,MAINLINE,,,,,,,,"22,20",Not MOTORCYCLE,,.,,,,,,,1,,SEC_URBAN,,,,,,,,,,,,0,1,,0,0,,,,,,,,,Not PED,,1,0,Virginia Beach,134,5,NOT-RD,9. Within Intersection,,,,1. Straight - Level,1. No Defects,"1. Two-Way, Not Divided",1. Dry,"2. Blacktop, Asphalt, Bituminous",34TH ST,UNKWN,SC,U-VA134SC99999UK,,3. No,"0,0",,,,,,Not SENIOR,,"15,5","25,25",Not SPEED,"25,25",,,"2. No,2. No",,"0,0",9PM TO 12AM,1,1,4. Stop Sign,1. Yes - Working,,"1,2","2. Truck - Pick-up/Passenger Truck,9. Bicycle","FORD,UNK","2. Making Right Turn,15. Other","F150,BICYCLE",,5,5.Hampton Roads,1. No Adverse Condition (Clear/Cloudy),Not Provided,2. No,Not Provided,Not YOUNG