Access Control,Alcohol Notalcohol,Area Type1,A Crash,A People,Basetypedesc,Begin Node Dsc,Belted Unbelted,Bikeage,Bikegen,Bikeinjurytype,Bikevehiclenumber,Bike Nonbike,BMP,B Crash,B People,Carspeedlimit,Collision Type,Comm Cargo Body Type Cd,Comm Vehicle Body Type Cd,Cotedrouteid,Coted Mp,Count App,CRASH_DT (copy),Crash Dt,Crash Event Type Dsc,Crash Military Tm,Crash Severity,Crash Year,Curbgutterdesc,C Crash,C People,Juris Name Used,Area Type Used,First Harmful Event of Entire Crash,MAINLINE,Time Slicing Used,Phy_Juris_Nm,Offset-Ft,Intersection Analysis,Clear,Calculation_9640323132123359,Day Of Week,Deer Nodeer,Direction Of Travel Cd,Distracted Notdistracted,VSP,TOTAL CRASH,Document Nbr,Driverage,Drivergen,Driverinjurytype,Drivervehiclenumber,Driver Action Type Cd,Driver Airbag Deployment,Driver Alcohol Test Type Cd,Driver Condition Type Cd,Driver Distraction Type Cd,Driver Drinking Type Cd,Driver Drug Use Cd,Driver Ejected From Vehicle,Driver Ems Transport Ind,Driver Fled Scene Ind,Driver Safety Equip Used,Driver Vis Obscured Type Cd,Drowsy Notdrowsy,Drug Nodrug,EMP,End Node,End Node Dsc,End Offset,Facility,FAC,First Crash Event Cd,First Harmful Event,Fourth Crash Event Cd,Functionalclass,FUN,Govcondesc,Gr Nogr,Hitrun Not Hitrun,Initial Veh Impact Area Cd,Injury Crashes,Intersection Type,Int Doc,Jurtype,K_CRASH,K People,LAT (copy),LAT,Leftshoulderwidth,Length,Lgtruck Nonlgtruck,Light Condition,Located Unlocated,LON (copy),LON,MAINLINE (group),Mainline Yn,Medianleftshoulderwidth,Medianrightshoulderwidth,Mediantypedesc,Medianwidthmax,Medianwidthmin,Median Type,Most Harmful Crash Event Cd,Motor Nonmotor,Node,Node Info,Node Totaadt2011,Node Totaadt2012,Node Totaadt2013,Node Totaadt2014,Node Totaadt2015,Numberoflane,Number of Records,Offset,Ownership,Passage,Passgen,Passinjurytype,Passvehiclenumber,Pass Airbag Deployment,Pass Ejected From Vehicle,Pass Ems Transport Ind,Pass Safety Equip Used,Pavementconditionvalue,Pavementroughnessvalue,Pavementwidth,Pdo Crash,Total People Killed & Injured,Pedage,Pedestrians Injured,Pedestrians Killed,Pedgen,Pedinjurytype,Pednumber,Ped Action,Ped Al Test,Ped Cond,Ped Drink,Ped Drug,Ped Nonped,Ped Rflct,Persons Injured,Persons Killed,Physical Juris Nm,PJR,VSP_Used,Rd Type,Relation To Roadway,Rightshoulderwidth,RNS_MP (0.25 mi bin),Rns Mp,Roadway Alignment,Roadway Defect,Roadway Description,Roadway Surface Cond,Roadway Surface Type,Route Or Street Nm,Rte Category Cd,Rte Cat,Rte Nm,Ruralurbandesc,School Zone,Second Crash Event Cd,Segtotaadt2011,Segtotaadt2012,Segtotaadt2013,Segtotaadt2014,Segtotaadt2015,Senior Notsenior,Sidewalkdesc,Speed Before,Speed Max Safe,Speed Notspeed,Speed Posted,Start Node,Start Offset,Summons Issued Cd,Surfacedesc,Third Crash Event Cd,Time Slicing,Total Crashes including Property Damage Only,Total Crash,Traffic Control Type,Trfc Ctrl Status Type,Truckcommr,Vehiclenumber,Vehicle Body Type Cd,Vehicle Make Nm,Vehicle Maneuver Type Cd,Vehicle Model Nm,Vehicle Year Nbr,District,District_Used ,Weather Condition,Work Zone Location,Work Zone Related,Work Zone Type,Young Notyoung
No Access Control,Not ALCIHOL,Urban,0,0,Bituminous Concrete (Black Base),WINE STREET(L)/,Not UNBELTED,20,Female,B,1,BIKE,273.74,1,1,,4. Sideswipe - Same Direction,"Not Provided,Not Provided","Not Provided,Not Provided",US00060,273.74,3,10/17/2011,10/17/2011,22. Bicycle,1520,B.Visiible Injury,2011,Left and Right sides,0,0,Hampton,Urban,22. Bicycle,MAIN,3PM TO 6PM,114.Hampton,"2,059",Intersection,Reset Filters,VDOT_OTHER,Monday,Not DEER,"West,West",,5,1,113460537,"20,60","Female,Female","B,PDO","1,2","11. Did Not Have Right-of-Way,1. No Improper Action","2. Not Deployed,2. Not Deployed","4. No Test,4. No Test","1. No Defects,1. No Defects","Not Applicable,Not Applicable","1. Had Not Been Drinking,1. Had Not Been Drinking","2. No,2. No","1. Not Ejected,1. Not Ejected","No,No","No,No","9. Not Applicable,3. Lap and Shoulder Belt","1. Not Obscured,1. Not Obscured",,,274,253004,EATON STREET(B)/,0,1,"1.Divided, no control of access","20,22",1. On Roadway,"0,0",H,H.Urban Minor Arterial,Urban Extensions - Primary Routes,Not GUARDRAIL,Not HIT_RUN,"1,11",1,4. Four Approaches,113460537,C,0,0,37.024904,37.024904,0,0.07,Not LRTRUCK,2. Daylight,LOCATED,-76.342809,-76.342809,MAINLINE,MAIN,0,0,Curbed Grass,16,3,Divided Roadway,"20,22",Not MOTORCYCLE,718601,718601.  SR00134       US00060       US00060,20481,20028,17866,17229,17578,4,1,0.39,PRI_URBAN,,,,,,,,,0,200,52,0,1,,0,0,,,,,,,,,Not PED,,1,0,Hampton,114,5,NOT-RD,9. Within Intersection,0,273.50,273.74,1. Straight - Level,1. No Defects,"3. Two-Way, Divided, Positive Median Barrier",1. Dry,"2. Blacktop, Asphalt, Bituminous",SETTLERS LANDING,USPRI,US,R-VA   US00060WB,"Urbanized (Population 200,000 and over)",3. No,"0,0",12831,12547,11394,10988,11211,Not SENIOR,Left and Right sides,"3,25","25,25",Not SPEED,"25,25",253006,0,"2. No,2. No",0,"0,0",3PM TO 6PM,1,1,3. Traffic Signal,1. Yes - Working,Truck Access System,"1,2","9. Bicycle,1. Passenger car","RALLEY,HONDA","14. Changing Lanes,1. Going Straight Ahead","BICYCLE,4DR",2010,5,5.Hampton Roads,1. No Adverse Condition (Clear/Cloudy),Not Provided,2. No,Not Provided,YOUNG
No Access Control,Not ALCIHOL,Urban,0,0,"T.B. Macadam, Crushed Aggregate and Graded Aggregate",133-02306(R)/,Not UNBELTED,40,Male,B,2,BIKE,1.03,1,1,,8. Non-Collision,"Not Provided,Not Provided","Not Provided,Not Provided",13302300,1.03,3,10/17/2011,10/17/2011,42. Other Non-Collision,1840,B.Visiible Injury,2011,Left and Right sides,0,0,Suffolk,Urban,42. Other Non-Collision,MAIN,6PM TO 9PM,133.Suffolk,0,Intersection,Reset Filters,VDOT_OTHER,Monday,Not DEER,"West,East",DISTRACTED,5,1,113330074,"29,40","Female,Male","PDO,B","1,2","11. Did Not Have Right-of-Way,31. Avoiding Other Vehicle","2. Not Deployed,3. Unavailable/Not Applicable","4. No Test,4. No Test","1. No Defects,1. No Defects","10. Adjusting Vehicle Controls,11. Other","1. Had Not Been Drinking,1. Had Not Been Drinking","3. Unknown,3. Unknown","1. Not Ejected,1. Not Ejected","No,Yes","No,No","Not Provided,5. Helmet","1. Not Obscured,1. Not Obscured",,,1,730849,133-02303(R)/,0,0,"0.Two-way, non-divided","42,42",1. On Roadway,"0,0",J,J.Urban Local,Other City or Town Streets (not state maintained),Not GUARDRAIL,Not HIT_RUN,"0,12",1,1. Not at Intersection,113330074,C,0,0,36.869099,36.869099,0,0.18,Not LRTRUCK,2. Daylight,LOCATED,-76.450392,-76.450392,MAINLINE,MAIN,0,0,0,0,0,Undivided Roadway,"42,42",Not MOTORCYCLE,730848,730848. 13302300      13302300      13302306,300,300,300,300,300,2,1,0,SEC_URBAN,,,,,,,,,0,0,0,0,1,,0,0,,,,,,,,,Not PED,,1,0,Suffolk,133,5,NOT-RD,1. Main-Line Roadway,0,1.00,1.06,1. Straight - Level,1. No Defects,"1. Two-Way, Not Divided",1. Dry,"2. Blacktop, Asphalt, Bituminous",5041 s links cir,URB,UR,R-VA133UR02300EB,"Urbanized (Population 200,000 and over)",3. No,"0,0",196,196,196,196,196,Not SENIOR,None,"5,25","25,25",Not SPEED,"25,25",730848,0,"1. Yes,Not Provided",0,"0,0",6PM TO 9PM,1,1,1. No Traffic Control,6. No Traffic Control Device Present,Not a Parkway - Trucks and Commercial Vehicles Allowed,"1,2","22. Truck - Sport Utility Vehicle (SUV),9. Bicycle",TOYT,"3. Making Left Turn,1. Going Straight Ahead",highlander,2011,5,5.Hampton Roads,1. No Adverse Condition (Clear/Cloudy),Not Provided,2. No,Not Provided,Not YOUNG
No Access Control,Not ALCIHOL,Urban,1,1,"N/A, Unknown, or Unstabilized",US-00058(L)/122-00005(R)/BRAMBLETON AVE @ DUK,Not UNBELTED,48,Male,A,2,BIKE,27.84,0,0,,2. Angle,"Not Provided,Not Provided","Not Provided,Not Provided",SR00337,27.925,4,10/18/2011,10/18/2011,22. Bicycle,700,A.Ambulatory Injury,2011,Left and Right sides,0,0,Norfolk,Urban,22. Bicycle,MAIN,6AM TO 9AM,122.Norfolk,449,Intersection,Reset Filters,VDOT_OTHER,Tuesday,Not DEER,"East,South",,5,1,113050195,"51,48","Male,Male","PDO,A","1,2","1. No Improper Action,21. Disregarded Traffic Signal","2. Not Deployed,3. Unavailable/Not Applicable","Not Applicable,Not Applicable","1. No Defects,1. No Defects","Not Applicable,Not Applicable","Not Applicable,Not Applicable","Not Applicable,Not Applicable","1. Not Ejected,3. Totally Ejected","No,Yes","No,No","3. Lap and Shoulder Belt,9. Not Applicable","1. Not Obscured,1. Not Obscured",,,28,483135,US-00058(L)/122-00005(R)/BRAMBLETON AVE @ DUK,0.34,1,"1.Divided, no control of access","22,22",1. On Roadway,"0,0",E,E.Urban Other Principle Arterials; Connecting Links of Other Rural Principal Arterial,Urban Extensions - Primary Routes,Not GUARDRAIL,Not HIT_RUN,"12,3",1,4. Four Approaches,113050195,C,0,0,36.853567,36.853567,0,0.34,Not LRTRUCK,2. Daylight,LOCATED,-76.296076,-76.296076,MAINLINE,MAIN,0,0,0,14,14,Divided Roadway,"22,22",Not MOTORCYCLE,483135,483135.  SR00337       SR00337       US00058      12200005,43088,40466,39667,37459,37101,6,1,0.085,PRI_URBAN,,,,,,,,,0,267,0,0,1,,0,0,,,,,,,,,Not PED,,1,0,Norfolk,122,5,NOT-RD,9. Within Intersection,0,27.75,27.92,1. Straight - Level,1. No Defects,"3. Two-Way, Divided, Positive Median Barrier",1. Dry,1. Concrete,300 wW. BRAMBLETON AVE,STPRI,SR,R-VA   SR00337WB,"Urbanized (Population 200,000 and over)",3. No,"0,0",36486,34917,34067,32062,32254,Not SENIOR,Left and Right sides,"25,5","25,25",Not SPEED,"25,25",483135,0,"2. No,2. No",0,"0,0",6AM TO 9AM,1,1,3. Traffic Signal,1. Yes - Working,Designated Truck Route - D1,"1,2","22. Truck - Sport Utility Vehicle (SUV),9. Bicycle","TOYOTA,SPECIAL","1. Going Straight Ahead,1. Going Straight Ahead","SEQUOIA,ROCK HAPPER BIK",2002,5,5.Hampton Roads,1. No Adverse Condition (Clear/Cloudy),Not Provided,2. No,Not Provided,Not YOUNG
,Not ALCIHOL,Urban,0,0,,,Not UNBELTED,12,Female,B,2,BIKE,,1,1,,3. Head On,"Not Provided,Not Provided","Not Provided,Not Provided",,,,10/18/2011,10/18/2011,20. Motor Vehicle In Transport,845,B.Visiible Injury,2011,,0,0,Virginia Beach,Urban,20. Motor Vehicle In Transport,MAIN,6AM TO 9AM,134.Virginia Beach,,Not Intersection,Reset Filters,VDOT_OTHER,Tuesday,Not DEER,"South,East",,5,1,112985080,"46,12","Female,Female","PDO,B","1,2","22. Disregarded Stop or Yield Sign,10. Wrong Side Of Road - Not Overtaking","1. Deployed - Front,3. Unavailable/Not Applicable","4. No Test,4. No Test","1. No Defects,1. No Defects","Not Applicable,Not Applicable","Not Applicable,Not Applicable","2. No,2. No","1. Not Ejected,1. Not Ejected","No,Yes","No,No","3. Lap and Shoulder Belt,8. No Restraint Used","1. Not Obscured,1. Not Obscured",,,,,,,,,"22,20",1. On Roadway,"0,0",,,,Not GUARDRAIL,Not HIT_RUN,"11,1",1,4. Four Approaches,,C,0,0,36.880166,36.880166,,,Not LRTRUCK,2. Daylight,UNLOCATED,-76.131548,-76.131548,MAINLINE,,,,,,,,"22,20",Not MOTORCYCLE,,.,,,,,,,1,,SEC_URBAN,,,,,,,,,,,,0,1,,0,0,,,,,,,,,Not PED,,1,0,Virginia Beach,134,5,NOT-RD,9. Within Intersection,,,,1. Straight - Level,1. No Defects,"1. Two-Way, Not Divided",1. Dry,"2. Blacktop, Asphalt, Bituminous",1300 WAKEFIELD DRIVE,UNKWN,SC,U-VA134SC99999UK,,3. No,"0,0",,,,,,Not SENIOR,,"10,5","25,25",Not SPEED,"25,25",,,"1. Yes,1. Yes",,"0,0",6AM TO 9AM,1,1,4. Stop Sign,4. Yes - Not Working and Obscured,,"1,2","1. Passenger car,9. Bicycle","Honda,GIANT","2. Making Right Turn,1. Going Straight Ahead","ACCORD SDN,BMX BIKE",20032009,5,5.Hampton Roads,1. No Adverse Condition (Clear/Cloudy),Not Provided,2. No,Not Provided,Not YOUNG
,Not ALCIHOL,Urban,0,0,,,Not UNBELTED,8,Male,B,2,BIKE,,1,1,,2. Angle,"Not Provided,Not Provided","Not Provided,Not Provided",,,,10/21/2011,10/21/2011,22. Bicycle,1530,B.Visiible Injury,2011,,0,0,Norfolk,Urban,22. Bicycle,MAIN,3PM TO 6PM,122.Norfolk,,Not Intersection,Reset Filters,VDOT_OTHER,Friday,Not DEER,"North,West",,5,1,113260017,"38,8","Male,Male","PDO,B","1,2","1. No Improper Action,37. Other","2. Not Deployed,3. Unavailable/Not Applicable","Not Applicable,Not Applicable","1. No Defects,1. No Defects","Not Applicable,Not Applicable","1. Had Not Been Drinking,1. Had Not Been Drinking","2. No,2. No","1. Not Ejected,Not Provided","No,No","No,No","3. Lap and Shoulder Belt,5. Helmet","1. Not Obscured,1. Not Obscured",,,,,,,,,"22,20",1. On Roadway,"0,0",,,,Not GUARDRAIL,Not HIT_RUN,"12,9",1,1. Not at Intersection,,C,0,0,36.919693,36.919693,,,Not LRTRUCK,2. Daylight,UNLOCATED,-76.199113,-76.199113,MAINLINE,,,,,,,,"22,20",Not MOTORCYCLE,,.,,,,,,,1,,SEC_URBAN,,,,,,,,,,,,0,1,,0,0,,,,,,,,,Not PED,,1,0,Norfolk,122,5,NOT-RD,8. Non-Intersection,,,,1. Straight - Level,1. No Defects,"1. Two-Way, Not Divided",1. Dry,"2. Blacktop, Asphalt, Bituminous",7900 BLK REDMON ROAD,UNKWN,SC,U-VA122SC99999UK,,3. No,"0,0",,,,,,Not SENIOR,,"10,0","25,0",Not SPEED,"25,0",,,"2. No,2. No",,"0,0",3PM TO 6PM,1,1,1. No Traffic Control,6. No Traffic Control Device Present,,"1,2","1. Passenger car,9. Bicycle","BMW,BICYLE","1. Going Straight Ahead,1. Going Straight Ahead",328I,1999,5,5.Hampton Roads,1. No Adverse Condition (Clear/Cloudy),Not Provided,2. No,Not Provided,Not YOUNG
,Not ALCIHOL,Urban,0,0,,,Not UNBELTED,51,Male,C,1,BIKE,,0,0,,2. Angle,"Not Provided,Not Provided","Not Provided,Not Provided",,,,10/21/2011,10/21/2011,20. Motor Vehicle In Transport,1432,C.Non-Visible Injury,2011,,1,1,Newport News,Urban,20. Motor Vehicle In Transport,MAIN,12PM TO 3PM,121.Newport News,,Not Intersection,Reset Filters,VDOT_OTHER,Friday,Not DEER,"West,East",,5,1,113470024,"51,73","Male,Male","C,PDO","1,2","14. Improper Turn - Wide Right Turn,1. No Improper Action","3. Unavailable/Not Applicable,2. Not Deployed","Not Applicable,Not Applicable","1. No Defects,1. No Defects","Not Applicable,Not Applicable","1. Had Not Been Drinking,1. Had Not Been Drinking","2. No,2. No","3. Totally Ejected,1. Not Ejected","No,No","No,No","9. Not Applicable,3. Lap and Shoulder Belt","1. Not Obscured,1. Not Obscured",,,,,,,,,"20,22",1. On Roadway,"0,0",,,,Not GUARDRAIL,Not HIT_RUN,"9,12",1,1. Not at Intersection,,C,0,0,36.982238,36.982238,,,Not LRTRUCK,2. Daylight,UNLOCATED,-76.41507,-76.41507,MAINLINE,,,,,,,,"20,22",Not MOTORCYCLE,,.,,,,,,,1,,SEC_URBAN,,,,,,,,,,,,0,1,,0,0,,,,,,,,,Not PED,,1,0,Newport News,121,5,NOT-RD,1. Main-Line Roadway,,,,1. Straight - Level,1. No Defects,"1. Two-Way, Not Divided",1. Dry,"2. Blacktop, Asphalt, Bituminous",23RD ST,UNKWN,SC,U-VA121SC99999UK,,3. No,"0,0",,,,,,SENIOR,,"2,15","25,25",Not SPEED,"25,25",,,"2. No,2. No",,"0,0",12PM TO 3PM,1,1,1. No Traffic Control,6. No Traffic Control Device Present,,"1,2","9. Bicycle,1. Passenger car",OLDSMOBI,"1. Going Straight Ahead,1. Going Straight Ahead",SUPREME,1987,5,5.Hampton Roads,1. No Adverse Condition (Clear/Cloudy),Not Provided,2. No,Not Provided,Not YOUNG
No Access Control,Not ALCIHOL,Urban,0,0,Bituminous Concrete (Black Base),WILLOW OAKS BLVD(R)/,Not UNBELTED,23,Male,C,2,BIKE,5.65,0,0,,2. Angle,"Not Provided,Not Provided","Not Provided,Not Provided",SR00169,5.877,3,10/21/2011,10/21/2011,22. Bicycle,1444,C.Non-Visible Injury,2011,Left and Right sides,1,1,Hampton,Urban,22. Bicycle,MAIN,12PM TO 3PM,114.Hampton,"1,177",Intersection,Reset Filters,VDOT_OTHER,Friday,Not DEER,"West,East",,5,1,120060003,23,"Not Provided,Male","PDO,C","1,2","34. Hit and Run,1. No Improper Action","Not Provided,5. Unknown","Not Applicable,4. No Test","9. Unknown,1. No Defects","Not Applicable,Not Applicable","Not Applicable,1. Had Not Been Drinking","Not Applicable,Not Applicable","Not Provided,3. Totally Ejected","NotProvided,No","Yes,No","Not Provided,9. Not Applicable","16. Stopped Vehicle(s),1. Not Obscured",,,6,253116,WILLOW OAKS BLVD(R)/,0.29,0,"0.Two-way, non-divided","22,22",1. On Roadway,"0,0",H,H.Urban Minor Arterial,Urban Extensions - Primary Routes,Not GUARDRAIL,HIT_RUN,"1,10",1,2. Two Approaches,120060003,C,0,0,37.056065,37.056065,0,0.29,Not LRTRUCK,2. Daylight,LOCATED,-76.329028,-76.329028,MAINLINE,MAIN,0,0,0,0,0,Undivided Roadway,"22,22",Not MOTORCYCLE,253117,253117.  SR00169       SR00169      11407041,24131,23597,23540,22701,23162,4,1,0.223,PRI_URBAN,,,,,,,,,3.5,0,64,0,1,,0,0,,,,,,,,,Not PED,,1,0,Hampton,114,5,NOT-RD,"15. Other Crossing (Crossing for Bikes, School, etc.)",0,5.75,5.88,1. Straight - Level,1. No Defects,"2. Two-Way, Divided, Unprotected Median",1. Dry,"2. Blacktop, Asphalt, Bituminous",217 FOXHILL ROAD,STPRI,SR,R-VA   SR00169NB,"Urbanized (Population 200,000 and over)",3. No,"0,0",20308,19858,18942,18267,18638,Not SENIOR,Left side,"0,5","0,35",Not SPEED,"0,35",253116,0,"Not Provided,2. No",0,"0,0",12PM TO 3PM,1,1,4. Stop Sign,1. Yes - Working,Not a Parkway - Trucks and Commercial Vehicles Allowed,"1,2","22. Truck - Sport Utility Vehicle (SUV),9. Bicycle","GMC,BICYLE","2. Making Right Turn,1. Going Straight Ahead",SUV,,5,5.Hampton Roads,1. No Adverse Condition (Clear/Cloudy),Not Provided,2. No,Not Provided,Not YOUNG
No Access Control,Not ALCIHOL,Urban,0,0,"N/A, Unknown, or Unstabilized",RAINTREE ROAD(R)/,Not UNBELTED,50,Female,B,2,BIKE,1.09,1,1,,2. Angle,"Not Provided,Not Provided","Not Provided,Not Provided",13400013,1.141,4,10/24/2011,10/24/2011,20. Motor Vehicle In Transport,1201,B.Visiible Injury,2011,Left and Right sides,0,0,Virginia Beach,Urban,20. Motor Vehicle In Transport,MAIN,12PM TO 3PM,134.Virginia Beach,153,Intersection,Reset Filters,VDOT_OTHER,Monday,Not DEER,"East,North",,5,1,112985044,"38,50","Female,Female","PDO,B","1,2","11. Did Not Have Right-of-Way,10. Wrong Side Of Road - Not Overtaking","2. Not Deployed,3. Unavailable/Not Applicable","4. No Test,4. No Test","1. No Defects,1. No Defects","Not Applicable,Not Applicable","1. Had Not Been Drinking,1. Had Not Been Drinking","2. No,2. No","1. Not Ejected,1. Not Ejected","No,Yes","No,No","3. Lap and Shoulder Belt,9. Not Applicable","1. Not Obscured,1. Not Obscured",,,1,541286,134-08733(B)/S PLAZA TR,0,1,"1.Divided, no control of access","22,20",4. Roadside,"0,0",H,H.Urban Minor Arterial,Other City or Town Streets (not state maintained),Not GUARDRAIL,Not HIT_RUN,"1,11",1,1. Not at Intersection,112985044,C,0,0,36.829679,36.829679,0,0.08,Not LRTRUCK,2. Daylight,LOCATED,-76.095463,-76.095463,MAINLINE,MAIN,0,0,Curbed Grass,14,4,Divided Roadway,"22,20",Not MOTORCYCLE,541286,541286. 13400013      13400013      13408733      13408733,43037,39820,40188,38729,37669,4,1,0.029,SEC_URBAN,,,,,,,,,0,0,52,0,1,,0,0,,,,,,,,,Not PED,,1,0,Virginia Beach,134,5,NOT-RD,"13. Driveway, Alley-Access - Related",0,1.00,1.17,1. Straight - Level,1. No Defects,"2. Two-Way, Divided, Unprotected Median",1. Dry,1. Concrete,ROSEMONT ROAD,URB,UR,R-VA134UR00013SB,"Urbanized (Population 200,000 and over)",3. No,"0,0",29476,28778,29044,27990,27526,Not SENIOR,Left and Right sides,"5,2","35,35",Not SPEED,"35,35",735006,0,"3. Pending,3. Pending",0,"0,0",12PM TO 3PM,1,1,1. No Traffic Control,6. No Traffic Control Device Present,Not a Parkway - Trucks and Commercial Vehicles Allowed,"1,2","1. Passenger car,9. Bicycle","Pontiac,HUFFY","2. Making Right Turn,1. Going Straight Ahead","Bonneville,GOOD VIBRATIONS",20042011,5,5.Hampton Roads,1. No Adverse Condition (Clear/Cloudy),Not Provided,2. No,Not Provided,Not YOUNG
No Access Control,Not ALCIHOL,Urban,1,1,"N/A, Unknown, or Unstabilized",122-08564(L)/42ND STREET(R)/,Not UNBELTED,29,Female,A,2,BIKE,401.58,0,0,,2. Angle,"Not Provided,Not Provided","Not Provided,Not Provided",US00460,401.609,3,10/24/2011,10/24/2011,20. Motor Vehicle In Transport,1113,A.Ambulatory Injury,2011,Left and Right sides,0,0,Norfolk,Urban,20. Motor Vehicle In Transport,MAIN,9AM TO 12PM,122.Norfolk,153,Intersection,Reset Filters,VDOT_OTHER,Monday,Not DEER,"West,South",DISTRACTED,5,1,113190417,"58,29","Female,Female","PDO,A","1,2","11. Did Not Have Right-of-Way,1. No Improper Action","2. Not Deployed,3. Unavailable/Not Applicable","4. No Test,4. No Test","1. No Defects,1. No Defects","Not Applicable,7. Eyes Not on Road","1. Had Not Been Drinking,1. Had Not Been Drinking","2. No,2. No","1. Not Ejected,2. Partially Ejected","No,Yes","No,No","3. Lap and Shoulder Belt,9. Not Applicable","1. Not Obscured,1. Not Obscured",,,402,483750,122-08567(L)/LLEWELLYN AV,0,0,"0.Two-way, non-divided","22,20",1. On Roadway,"0,0",E,E.Urban Other Principle Arterials; Connecting Links of Other Rural Principal Arterial,Urban Extensions - Primary Routes,Not GUARDRAIL,Not HIT_RUN,"4,12",1,1. Not at Intersection,113190417,C,0,0,36.886343,36.886343,0,0.08,Not LRTRUCK,2. Daylight,LOCATED,-76.28125,-76.28125,MAINLINE,MAIN,0,0,0,0,0,Undivided Roadway,"22,20",Not MOTORCYCLE,483751,483751.  US00460       US00460      12208564,25177,26202,26444,25484,25139,4,1,0.029,PRI_URBAN,,,,,,,,,0,300,58,0,1,,0,0,,,,,,,,,Not PED,,1,0,Norfolk,122,5,NOT-RD,10. Intersection Related - Within 150 Feet,0,401.50,401.61,3. Grade - Straight,1. No Defects,"1. Two-Way, Not Divided",1. Dry,"2. Blacktop, Asphalt, Bituminous",4200 BLK GRANBY STREET,USPRI,US,R-VA   US00460WB,"Urbanized (Population 200,000 and over)",3. No,"0,0",24297,25185,25418,24495,24278,Not SENIOR,None,"10,15","30,30",Not SPEED,"30,30",483751,0,"1. Yes,2. No",0,"0,0",9AM TO 12PM,1,1,6. Traffic Lanes Marked,1. Yes - Working,Not a Parkway - Trucks and Commercial Vehicles Allowed,"1,2","1. Passenger car,9. Bicycle","FORD,TREK","3. Making Left Turn,1. Going Straight Ahead","TAURUS,BICYCLE",2005,5,5.Hampton Roads,1. No Adverse Condition (Clear/Cloudy),Not Provided,2. No,Not Provided,Not YOUNG
No Access Control,Not ALCIHOL,Urban,0,0,Dual Type,122-08611(L)/KINGSLEY LN,Not UNBELTED,24,Male,B,2,BIKE,402.61,1,1,,2. Angle,"Not Provided,Not Provided","Not Provided,Not Provided",US00460,403.252,3,10/25/2011,10/25/2011,22. Bicycle,708,B.Visiible Injury,2011,Left and Right sides,0,0,Norfolk,Urban,22. Bicycle,MAIN,6AM TO 9AM,122.Norfolk,834,Intersection,Reset Filters,VDOT_OTHER,Tuesday,Not DEER,"East,South",,5,1,113330111,"63,24","Male,Male","PDO,B","1,2","22. Disregarded Stop or Yield Sign,1. No Improper Action","2. Not Deployed,3. Unavailable/Not Applicable","Not Applicable,Not Applicable","1. No Defects,1. No Defects","Not Applicable,Not Applicable","1. Had Not Been Drinking,1. Had Not Been Drinking","2. No,2. No","1. Not Ejected,2. Partially Ejected","No,Yes","No,No","3. Lap and Shoulder Belt,5. Helmet","1. Not Obscured,1. Not Obscured",,,403,483747,122-08626(R)/THOLE ST,0,1,"1.Divided, no control of access","22,20",1. On Roadway,"0,0",E,E.Urban Other Principle Arterials; Connecting Links of Other Rural Principal Arterial,Urban Extensions - Primary Routes,Not GUARDRAIL,Not HIT_RUN,"12,0",1,2. Two Approaches,113330111,C,0,0,36.904834,36.904834,0,0.8,Not LRTRUCK,2. Daylight,LOCATED,-76.277046,-76.277046,MAINLINE,MAIN,0,0,Curbed Grass,48,48,Divided Roadway,"22,20",Not MOTORCYCLE,483747,483747.  US00460       US00460      12208626,37055,37537,37883,36509,34750,6,1,0.158,PRI_URBAN,,,,,,,,,0,200,66,0,1,,0,0,,,,,,,,,Not PED,,1,0,Norfolk,122,5,NOT-RD,9. Within Intersection,0,403.25,403.25,1. Straight - Level,1. No Defects,"1. Two-Way, Not Divided",1. Dry,"2. Blacktop, Asphalt, Bituminous",7001 GRANBY ST,USPRI,US,R-VA   US00460WB,"Urbanized (Population 200,000 and over)",3. No,"0,0",35083,33514,33823,32596,33254,Not SENIOR,None,"5,5","25,0",SPEED,"25,0",483748,0,"1. Yes,2. No",0,"0,0",6AM TO 9AM,1,1,4. Stop Sign,6. No Traffic Control Device Present,Not a Parkway - Trucks and Commercial Vehicles Allowed,"1,2","22. Truck - Sport Utility Vehicle (SUV),9. Bicycle","TOYOTA,CANNONDALE","2. Making Right Turn,1. Going Straight Ahead","4RUNNER,TRAIL SL",2010,5,5.Hampton Roads,1. No Adverse Condition (Clear/Cloudy),Not Provided,2. No,Not Provided,Not YOUNG