Access Control,Alcohol Notalcohol,Area Type1,A Crash,A People,Basetypedesc,Begin Node Dsc,Belted Unbelted,Bikeage,Bikegen,Bikeinjurytype,Bikevehiclenumber,Bike Nonbike,BMP,B Crash,B People,Carspeedlimit,Collision Type,Comm Cargo Body Type Cd,Comm Vehicle Body Type Cd,Cotedrouteid,Coted Mp,Count App,CRASH_DT (copy),Crash Dt,Crash Event Type Dsc,Crash Military Tm,Crash Severity,Crash Year,Curbgutterdesc,C Crash,C People,Juris Name Used,Area Type Used,First Harmful Event of Entire Crash,MAINLINE,Time Slicing Used,Phy_Juris_Nm,Offset-Ft,Intersection Analysis,Clear,Calculation_9640323132123359,Day Of Week,Deer Nodeer,Direction Of Travel Cd,Distracted Notdistracted,VSP,TOTAL CRASH,Document Nbr,Driverage,Drivergen,Driverinjurytype,Drivervehiclenumber,Driver Action Type Cd,Driver Airbag Deployment,Driver Alcohol Test Type Cd,Driver Condition Type Cd,Driver Distraction Type Cd,Driver Drinking Type Cd,Driver Drug Use Cd,Driver Ejected From Vehicle,Driver Ems Transport Ind,Driver Fled Scene Ind,Driver Safety Equip Used,Driver Vis Obscured Type Cd,Drowsy Notdrowsy,Drug Nodrug,EMP,End Node,End Node Dsc,End Offset,Facility,FAC,First Crash Event Cd,First Harmful Event,Fourth Crash Event Cd,Functionalclass,FUN,Govcondesc,Gr Nogr,Hitrun Not Hitrun,Initial Veh Impact Area Cd,Injury Crashes,Intersection Type,Int Doc,Jurtype,K_CRASH,K People,LAT (copy),LAT,Leftshoulderwidth,Length,Lgtruck Nonlgtruck,Light Condition,Located Unlocated,LON (copy),LON,MAINLINE (group),Mainline Yn,Medianleftshoulderwidth,Medianrightshoulderwidth,Mediantypedesc,Medianwidthmax,Medianwidthmin,Median Type,Most Harmful Crash Event Cd,Motor Nonmotor,Node,Node Info,Node Totaadt2011,Node Totaadt2012,Node Totaadt2013,Node Totaadt2014,Node Totaadt2015,Numberoflane,Number of Records,Offset,Ownership,Passage,Passgen,Passinjurytype,Passvehiclenumber,Pass Airbag Deployment,Pass Ejected From Vehicle,Pass Ems Transport Ind,Pass Safety Equip Used,Pavementconditionvalue,Pavementroughnessvalue,Pavementwidth,Pdo Crash,Total People Killed & Injured,Pedage,Pedestrians Injured,Pedestrians Killed,Pedgen,Pedinjurytype,Pednumber,Ped Action,Ped Al Test,Ped Cond,Ped Drink,Ped Drug,Ped Nonped,Ped Rflct,Persons Injured,Persons Killed,Physical Juris Nm,PJR,VSP_Used,Rd Type,Relation To Roadway,Rightshoulderwidth,RNS_MP (0.25 mi bin),Rns Mp,Roadway Alignment,Roadway Defect,Roadway Description,Roadway Surface Cond,Roadway Surface Type,Route Or Street Nm,Rte Category Cd,Rte Cat,Rte Nm,Ruralurbandesc,School Zone,Second Crash Event Cd,Segtotaadt2011,Segtotaadt2012,Segtotaadt2013,Segtotaadt2014,Segtotaadt2015,Senior Notsenior,Sidewalkdesc,Speed Before,Speed Max Safe,Speed Notspeed,Speed Posted,Start Node,Start Offset,Summons Issued Cd,Surfacedesc,Third Crash Event Cd,Time Slicing,Total Crashes including Property Damage Only,Total Crash,Traffic Control Type,Trfc Ctrl Status Type,Truckcommr,Vehiclenumber,Vehicle Body Type Cd,Vehicle Make Nm,Vehicle Maneuver Type Cd,Vehicle Model Nm,Vehicle Year Nbr,District,District_Used ,Weather Condition,Work Zone Location,Work Zone Related,Work Zone Type,Young Notyoung
No Access Control,Not ALCIHOL,Urban,0,0,Bituminous Concrete (Black Base),ROLLINS CIRCLE(R)/,Not UNBELTED,25,Male,C,2,BIKE,0.63,0,0,,2. Angle,"Not Provided,Not Provided","Not Provided,Not Provided",11407053,0.647,4,10/27/2011,10/27/2011,22. Bicycle,855,C.Non-Visible Injury,2011,Left and Right sides,1,1,Hampton,Urban,22. Bicycle,MAIN,6AM TO 9AM,114.Hampton,618,Intersection,Reset Filters,VDOT_OTHER,Thursday,Not DEER,"East,South",,5,1,120060042,"51,25","Male,Male","PDO,C","1,2","11. Did Not Have Right-of-Way,1. No Improper Action","2. Not Deployed,3. Unavailable/Not Applicable","Not Applicable,Not Applicable","1. No Defects,1. No Defects","Not Applicable,Not Applicable","1. Had Not Been Drinking,1. Had Not Been Drinking","2. No,2. No","1. Not Ejected,1. Not Ejected","No,No","No,No","3. Lap and Shoulder Belt,8. No Restraint Used","1. Not Obscured,1. Not Obscured",,,1,253538,ADDISON ROAD(L)/,0,1,"1.Divided, no control of access","22,20",1. On Roadway,"0,0",I,I.Urban Collector,Other City or Town Streets (not state maintained),Not GUARDRAIL,Not HIT_RUN,"12,5",1,4. Four Approaches,120060042,C,0,0,37.04279,37.04279,0,0.02,Not LRTRUCK,2. Daylight,LOCATED,-76.31948,-76.31948,MAINLINE,MAIN,0,0,Curbed Grass,16,3,Divided Roadway,"22,20",Not MOTORCYCLE,253501,253501. 11407049      11407049      11407053      11407053,16676,16307,16407,15822,16143,2,1,0.117,SEC_URBAN,,,,,,,,,0,0,50,0,1,,0,0,,,,,,,,,Not PED,,1,0,Hampton,114,5,NOT-RD,9. Within Intersection,0,0.50,0.65,1. Straight - Level,1. No Defects,"1. Two-Way, Not Divided",1. Dry,1. Concrete,ANDREWS BLVD,URB,UR,R-VA114UR07053WB,"Urbanized (Population 200,000 and over)",3. No,"0,0",5083,4971,4399,4242,4328,Not SENIOR,Left side,"2,0","25,30",Not SPEED,"25,30",253537,0,"1. Yes,2. No",0,"0,0",6AM TO 9AM,1,1,4. Stop Sign,1. Yes - Working,Not a Parkway - Trucks and Commercial Vehicles Allowed,"1,2","2. Truck - Pick-up/Passenger Truck,9. Bicycle","DODGE,RALLEY","2. Making Right Turn,1. Going Straight Ahead","RAM PU,BICYCLE",1994,5,5.Hampton Roads,1. No Adverse Condition (Clear/Cloudy),Not Provided,2. No,Not Provided,Not YOUNG
Partial Access Control,Not ALCIHOL,Urban,0,0,Dual Type,BAYWAY ROAD(R)/,Not UNBELTED,22,Male,B,2,BIKE,508.02,1,1,,4. Sideswipe - Same Direction,"Not Provided,Not Provided","Not Provided,Not Provided",US00058,508.098,3,10/27/2011,10/27/2011,22. Bicycle,1238,B.Visiible Injury,2011,None,0,0,Virginia Beach,Urban,22. Bicycle,MAIN,12PM TO 3PM,134.Virginia Beach,908,Intersection,Reset Filters,VDOT_OTHER,Thursday,Not DEER,"West,West",DISTRACTED,5,1,113015063,"97,22","Male,Male","PDO,B","1,2","40. Fail to Maintain Proper Control,1. No Improper Action","2. Not Deployed,3. Unavailable/Not Applicable","4. No Test,4. No Test","2. Eyesight Defective,1. No Defects","11. Other,Not Applicable","1. Had Not Been Drinking,1. Had Not Been Drinking","2. No,2. No","1. Not Ejected,3. Totally Ejected","No,Yes","No,No","3. Lap and Shoulder Belt,9. Not Applicable","1. Not Obscured,1. Not Obscured",,,508,541061,134-08723(L)/BIRDNECK & CARDINAL RDS,0,2,"2.Divided, partial control of access","22,20",1. On Roadway,"0,0",E,E.Urban Other Principle Arterials; Connecting Links of Other Rural Principal Arterial,Urban Extensions - Primary Routes,Not GUARDRAIL,Not HIT_RUN,"2,7",1,1. Not at Intersection,113015063,C,0,0,36.853228,36.853228,4,0.25,Not LRTRUCK,2. Daylight,LOCATED,-76.001574,-76.001574,MAINLINE,MAIN,0,0,Curbed Grass,4,4,Divided Roadway,"22,20",Not MOTORCYCLE,541061,541061.  US00058       US00058      13408723,29355,29839,30594,29999,28985,4,1,0.172,PRI_URBAN,,,,,,,,,0,190,48,0,1,,0,0,,,,,,,,,Not PED,,1,0,Virginia Beach,134,5,NOT-RD,1. Main-Line Roadway,4,508.00,508.10,1. Straight - Level,1. No Defects,"2. Two-Way, Divided, Unprotected Median",1. Dry,"2. Blacktop, Asphalt, Bituminous",1260 LASKIN RD,USPRI,US,R-VA   US00058WB,"Urbanized (Population 200,000 and over)",3. No,"0,0",28196,28746,29491,28936,27742,SENIOR,None,"25,10","35,35",Not SPEED,"35,35",541063,0.24,"1. Yes,2. No",0,"0,0",12PM TO 3PM,1,1,6. Traffic Lanes Marked,1. Yes - Working,Not a Parkway - Trucks and Commercial Vehicles Allowed,"1,2","1. Passenger car,9. Bicycle","Toyota,UNK","1. Going Straight Ahead,1. Going Straight Ahead","Avalon,UNK",2003,5,5.Hampton Roads,1. No Adverse Condition (Clear/Cloudy),Not Provided,2. No,Not Provided,Not YOUNG
No Access Control,Not ALCIHOL,Urban,0,0,Bituminous Concrete (Black Base),121-00021(R)/SHOE LN,Not UNBELTED,17,Male,C,2,BIKE,260.41,0,0,,2. Angle,"Not Provided,Not Provided","Not Provided,Not Provided",US00060,260.426,3,10/29/2011,10/29/2011,22. Bicycle,1713,C.Non-Visible Injury,2011,Left and Right sides,1,1,Newport News,Urban,22. Bicycle,MAIN,3PM TO 6PM,121.Newport News,84,Intersection,Reset Filters,VDOT_OTHER,Saturday,Not DEER,"North,South",,5,1,113470083,"63,17","Male,Male","PDO,C","1,2","37. Other,37. Other","2. Not Deployed,3. Unavailable/Not Applicable","4. No Test,4. No Test","1. No Defects,1. No Defects","Not Applicable,Not Applicable","1. Had Not Been Drinking,1. Had Not Been Drinking","2. No,2. No","1. Not Ejected,1. Not Ejected","No,No","No,No","3. Lap and Shoulder Belt,8. No Restraint Used","1. Not Obscured,1. Not Obscured",,,261,716351,121-00021(R)/SHOE LN,0.15,1,"1.Divided, no control of access","22,20",9. Outside Right-of-Way,"0,0",H,H.Urban Minor Arterial,Urban Extensions - Primary Routes,Not GUARDRAIL,Not HIT_RUN,"1,12",1,1. Not at Intersection,113470083,C,0,0,37.062817,37.062817,0,0.15,Not LRTRUCK,3. Dusk,LOCATED,-76.488737,-76.488737,MAINLINE,MAIN,0,0,Curbed Grass,14,14,Divided Roadway,"22,20",Not MOTORCYCLE,716351,716351.  US00060       US00060      12100021,34400,33640,41776,40288,41104,4,1,0.016,PRI_URBAN,,,,,,,,,0,255,48,0,1,,0,0,,,,,,,,,Not PED,,1,0,Newport News,121,5,NOT-RD,"13. Driveway, Alley-Access - Related",0,260.25,260.39,1. Straight - Level,1. No Defects,"2. Two-Way, Divided, Unprotected Median",1. Dry,"2. Blacktop, Asphalt, Bituminous",WARWICK BLVD,USPRI,US,R-VA   US00060WB,"Urbanized (Population 200,000 and over)",3. No,"0,0",31484,30788,39115,37722,38486,Not SENIOR,Left and Right sides,"2,5","15,5",Not SPEED,"15,5",716351,0,"2. No,2. No",0,"0,0",3PM TO 6PM,1,1,1. No Traffic Control,6. No Traffic Control Device Present,Not a Parkway - Trucks and Commercial Vehicles Allowed,"1,2","1. Passenger car,9. Bicycle",SATURN,"16. Entering Street From Parking Lot,15. Other",ION,2005,5,5.Hampton Roads,1. No Adverse Condition (Clear/Cloudy),Not Provided,2. No,Not Provided,YOUNG
No Access Control,ALCOHOL,Urban,1,1,Bituminous Concrete (Black Base),S EVA BLVD(L)KEATS ST(R)/,Not UNBELTED,44,Male,A,2,BIKE,0.34,0,0,,1. Rear End,"Not Provided,Not Provided","Not Provided,Not Provided",13108763,0.837,3,10/29/2011,10/29/2011,20. Motor Vehicle In Transport,2205,A.Ambulatory Injury,2011,None,0,0,Chesapeake,Urban,20. Motor Vehicle In Transport,MAIN,9PM TO 12AM,131.Chesapeake,"2,075",Intersection,Reset Filters,VDOT_OTHER,Saturday,Not DEER,"North,North",,5,1,113180478,"17,44","Female,Male","PDO,A","1,2","1. No Improper Action,28. Driving Without Lights","2. Not Deployed,3. Unavailable/Not Applicable","Not Applicable,4. No Test","1. No Defects,1. No Defects","Not Applicable,Not Applicable","1. Had Not Been Drinking,5. Drinking - Not Known Whether Impaired","2. No,2. No","1. Not Ejected,1. Not Ejected","NotProvided,Yes","No,No","3. Lap and Shoulder Belt,9. Not Applicable","1. Not Obscured,1. Not Obscured",,,1,484932,BURNS STREET(R)/,0,0,"0.Two-way, non-divided","22,20",1. On Roadway,"0,0",H,H.Urban Minor Arterial,Other City or Town Streets (not state maintained),Not GUARDRAIL,Not HIT_RUN,"12,6",1,1. Not at Intersection,113180478,C,0,0,36.772109,36.772109,6,0.51,Not LRTRUCK,5. Darkness - Road Not Lighted,LOCATED,-76.271544,-76.271544,MAINLINE,MAIN,0,0,0,0,0,Undivided Roadway,"22,20",Not MOTORCYCLE,484909,484909. 13108695      13108763      13108763,7146,6987,7027,7537,7686,2,1,0.393,SEC_URBAN,,,,,,,,,0,0,24,0,1,,0,0,,,,,,,,,Not PED,,1,0,Chesapeake,131,5,NOT-RD,8. Non-Intersection,6,0.75,0.84,1. Straight - Level,1. No Defects,"1. Two-Way, Not Divided",1. Dry,1. Concrete,CAMPOSTELLA RD,URB,UR,R-VA131UR08763SB,"Urbanized (Population 200,000 and over)",3. No,"0,0",5366,5247,5277,5864,5980,Not SENIOR,None,"35,5","35,35",Not SPEED,"35,35",484931,0,"2. No,2. No",0,"0,0",9PM TO 12AM,1,1,6. Traffic Lanes Marked,1. Yes - Working,Not a Parkway - Trucks and Commercial Vehicles Allowed,"1,2","22. Truck - Sport Utility Vehicle (SUV),9. Bicycle","Ford,MAGNA","1. Going Straight Ahead,1. Going Straight Ahead","Explorer,854895",19982010,5,5.Hampton Roads,1. No Adverse Condition (Clear/Cloudy),Not Provided,2. No,Not Provided,YOUNG
No Access Control,Not ALCIHOL,Urban,0,0,Bituminous Concrete (Black Base),REON DRIVE(R)/,Not UNBELTED,30,Female,B,2,BIKE,1.11,1,1,,2. Angle,"Not Provided,Not Provided","Not Provided,Not Provided",13400010,1.115,4,10/30/2011,10/30/2011,22. Bicycle,1254,B.Visiible Injury,2011,Left and Right sides,0,0,Virginia Beach,Urban,22. Bicycle,MAIN,12PM TO 3PM,134.Virginia Beach,"1,980",Intersection,Reset Filters,VDOT_OTHER,Sunday,Not DEER,"East,North",,5,1,113045066,"49,30","Female,Female","PDO,B","1,2","1. No Improper Action,37. Other","2. Not Deployed,3. Unavailable/Not Applicable","Not Applicable,Not Applicable","1. No Defects,1. No Defects","Not Applicable,Not Applicable","Not Applicable,1. Had Not Been Drinking","Not Applicable,3. Unknown","1. Not Ejected,1. Not Ejected","No,Yes","No,No","3. Lap and Shoulder Belt,9. Not Applicable","1. Not Obscured,1. Not Obscured",,,1,734951,REON DRIVE(R)/,0.03,1,"1.Divided, no control of access","22,22",1. On Roadway,"0,0",H,H.Urban Minor Arterial,Other City or Town Streets (not state maintained),Not GUARDRAIL,Not HIT_RUN,"2,12",1,4. Four Approaches,113045066,C,0,0,36.812766,36.812766,0,0.03,Not LRTRUCK,2. Daylight,LOCATED,-76.199307,-76.199307,MAINLINE,MAIN,0,0,Curbed Grass,16,4,Divided Roadway,"22,22",Not MOTORCYCLE,541244,541244. 13400007      13400007      13400010      13400010,49011,47565,48004,46262,55011,4,1,0.375,SEC_URBAN,,,,,,,,,0,0,54,0,1,,0,0,,,,,,,,,Not PED,,1,0,Virginia Beach,134,5,NOT-RD,9. Within Intersection,0,1.00,1.11,1. Straight - Level,1. No Defects,"2. Two-Way, Divided, Unprotected Median",1. Dry,"2. Blacktop, Asphalt, Bituminous",5951 PROVIDENCE RD,URB,UR,R-VA134UR00010EB,"Urbanized (Population 200,000 and over)",3. No,"0,0",20998,18443,18613,17938,20716,Not SENIOR,Left and Right sides,35,45,Not SPEED,45,734951,0,"2. No,Not Provided",0,"0,0",12PM TO 3PM,1,1,3. Traffic Signal,1. Yes - Working,Not a Parkway - Trucks and Commercial Vehicles Allowed,"1,2","22. Truck - Sport Utility Vehicle (SUV),9. Bicycle","MITS,BIKE","1. Going Straight Ahead,15. Other","MONTERO,UNK",1999,5,5.Hampton Roads,1. No Adverse Condition (Clear/Cloudy),Not Provided,2. No,Not Provided,Not YOUNG
,Not ALCIHOL,Urban,0,0,,,Not UNBELTED,55,Female,C,2,BIKE,,0,0,,16. Other,"Not Provided,Not Provided","Not Provided,Not Provided",,,,10/30/2011,10/30/2011,22. Bicycle,1545,C.Non-Visible Injury,2011,,1,1,Virginia Beach,Urban,22. Bicycle,MAIN,3PM TO 6PM,134.Virginia Beach,,Not Intersection,Reset Filters,VDOT_OTHER,Sunday,Not DEER,"South,East",,5,1,113045317,"34,55","Female,Female","PDO,C","1,2","11. Did Not Have Right-of-Way,1. No Improper Action","2. Not Deployed,3. Unavailable/Not Applicable","4. No Test,4. No Test","1. No Defects,1. No Defects","Not Applicable,Not Applicable","1. Had Not Been Drinking,1. Had Not Been Drinking","3. Unknown,3. Unknown","1. Not Ejected,1. Not Ejected","No,Yes","No,No","3. Lap and Shoulder Belt,9. Not Applicable","1. Not Obscured,1. Not Obscured",,,,,,,,,"22,20",1. On Roadway,"0,0",,,,Not GUARDRAIL,Not HIT_RUN,"12,9",1,3. Three Approaches,,C,0,0,36.843874,36.843874,,,Not LRTRUCK,2. Daylight,UNLOCATED,-76.143877,-76.143877,MAINLINE,,,,,,,,"22,20",Not MOTORCYCLE,,.,,,,,,,1,,SEC_URBAN,,,,,,,,,,,,0,1,,0,0,,,,,,,,,Not PED,,1,0,Virginia Beach,134,5,NOT-RD,10. Intersection Related - Within 150 Feet,,,,1. Straight - Level,1. No Defects,"1. Two-Way, Not Divided",1. Dry,"2. Blacktop, Asphalt, Bituminous",HORACE AVE,UNKWN,SC,U-VA134SC99999UK,,3. No,"0,0",,,,,,Not SENIOR,,"5,1","25,5",Not SPEED,"25,5",,,"1. Yes,2. No",,"0,0",3PM TO 6PM,1,1,4. Stop Sign,1. Yes - Working,,"1,2","1. Passenger car,9. Bicycle","TOYOTA,BIKE","2. Making Right Turn,1. Going Straight Ahead","CAMRY HYBRID,HUFFY",20072003,5,5.Hampton Roads,1. No Adverse Condition (Clear/Cloudy),Not Provided,2. No,Not Provided,Not YOUNG
No Access Control,Not ALCIHOL,Urban,0,0,"N/A, Unknown, or Unstabilized",SR-00247(B)/,Not UNBELTED,57,Male,C,1,BIKE,25.4,0,0,,2. Angle,"Not Provided,Not Provided","Not Provided,Not Provided",SR00168,25.405,4,10/31/2011,10/31/2011,22. Bicycle,1230,C.Non-Visible Injury,2011,Left and Right sides,1,1,Norfolk,Urban,22. Bicycle,MAIN,12PM TO 3PM,122.Norfolk,26,Intersection,Reset Filters,VDOT_OTHER,Monday,Not DEER,"North,South",,5,1,113330251,"57,82","Male,Male","C,PDO","1,2","10. Wrong Side Of Road - Not Overtaking,1. No Improper Action","3. Unavailable/Not Applicable,2. Not Deployed","4. No Test,4. No Test","1. No Defects,1. No Defects","Not Applicable,Not Applicable","1. Had Not Been Drinking,1. Had Not Been Drinking","2. No,2. No","3. Totally Ejected,1. Not Ejected","No,No","No,No","9. Not Applicable,3. Lap and Shoulder Belt","1. Not Obscured,1. Not Obscured",,,26,483419,SR-00247(B)/,0.81,0,"0.Two-way, non-divided","20,22",1. On Roadway,"0,0",E,E.Urban Other Principle Arterials; Connecting Links of Other Rural Principal Arterial,Urban Extensions - Primary Routes,Not GUARDRAIL,Not HIT_RUN,"12,1",1,4. Four Approaches,113330251,C,0,0,36.877733,36.877733,0,0.81,Not LRTRUCK,2. Daylight,LOCATED,-76.263635,-76.263635,MAINLINE,MAIN,0,0,0,0,0,Undivided Roadway,"20,22",Not MOTORCYCLE,483419,483419.  SR00168       SR00168       SR00247       SR00247,50170,46601,47285,46016,50378,4,1,0.005,PRI_URBAN,,,,,,,,,0,266,60,0,1,,0,0,,,,,,,,,Not PED,,1,0,Norfolk,122,5,NOT-RD,9. Within Intersection,0,25.25,25.41,1. Straight - Level,1. No Defects,"1. Two-Way, Not Divided",1. Dry,"2. Blacktop, Asphalt, Bituminous",3200 TIDEWATER DRIVE,STPRI,SR,R-VA   SR00168SB,"Urbanized (Population 200,000 and over)",3. No,"0,0",36293,36793,37432,36601,38256,SENIOR,Left and Right sides,"5,10","35,35",Not SPEED,"35,35",483419,0,"1. Yes,2. No",0,"0,0",12PM TO 3PM,1,1,3. Traffic Signal,1. Yes - Working,Not a Parkway - Trucks and Commercial Vehicles Allowed,"1,2","9. Bicycle,1. Passenger car","HUFFY,MERCURY","1. Going Straight Ahead,2. Making Right Turn","26"",SABLE",2004,5,5.Hampton Roads,1. No Adverse Condition (Clear/Cloudy),Not Provided,2. No,Not Provided,Not YOUNG
No Access Control,Not ALCIHOL,Urban,1,1,"N/A, Unknown, or Unstabilized",US-00058(L)/122-00005(R)/BRAMBLETON AVE @ DUK,Not UNBELTED,43,Male,A,1,BIKE,28.31,0,0,,2. Angle,"Not Provided,Not Provided","Not Provided,Not Provided",SR00337,28.528,3,11/3/2011,11/3/2011,20. Motor Vehicle In Transport,745,A.Ambulatory Injury,2011,Left and Right sides,0,0,Norfolk,Urban,20. Motor Vehicle In Transport,MAIN,6AM TO 9AM,122.Norfolk,750,Intersection,Reset Filters,VDOT_OTHER,Thursday,Not DEER,"South,East",,5,1,113360142,"43,27","Male,Male","A,PDO","1,2","11. Did Not Have Right-of-Way,1. No Improper Action","3. Unavailable/Not Applicable,2. Not Deployed","4. No Test,4. No Test","1. No Defects,1. No Defects","Not Applicable,Not Applicable","1. Had Not Been Drinking,1. Had Not Been Drinking","2. No,2. No","3. Totally Ejected,1. Not Ejected","Yes,NotProvided","No,No","5. Helmet,3. Lap and Shoulder Belt","1. Not Obscured,1. Not Obscured",,,29,483135,US-00058(L)/122-00005(R)/BRAMBLETON AVE @ DUK,0.77,1,"1.Divided, no control of access","20,22",1. On Roadway,"0,0",E,E.Urban Other Principle Arterials; Connecting Links of Other Rural Principal Arterial,Urban Extensions - Primary Routes,Not GUARDRAIL,Not HIT_RUN,"5,12",1,4. Four Approaches,113360142,C,0,0,36.858602,36.858602,0,0.3,Not LRTRUCK,2. Daylight,LOCATED,-76.303123,-76.303123,MAINLINE,MAIN,0,0,0,14,14,Divided Roadway,"20,22",Not MOTORCYCLE,483662,483662.  SR00337       SR00337      12208563,41840,39399,38706,36609,35803,6,1,0.142,PRI_URBAN,,,,,,,,,0,288,0,0,1,,0,0,,,,,,,,,Not PED,,1,0,Norfolk,122,5,NOT-RD,9. Within Intersection,0,28.50,28.53,1. Straight - Level,1. No Defects,"3. Two-Way, Divided, Positive Median Barrier",1. Dry,1. Concrete,800 W BRAMBLETON AVE,STPRI,SR,R-VA   SR00337EB,"Urbanized (Population 200,000 and over)",3. No,"0,0",36486,34917,34067,32062,32254,Not SENIOR,None,"0,35","0,35",Not SPEED,"0,35",483135,0.47,"2. No,2. No",0,"0,0",6AM TO 9AM,1,1,3. Traffic Signal,1. Yes - Working,Designated Truck Route - D1,"1,2","9. Bicycle,1. Passenger car","BICYCLE,VOLKSWAGON","1. Going Straight Ahead,1. Going Straight Ahead","BICYCLE,JETTA",2003,5,5.Hampton Roads,1. No Adverse Condition (Clear/Cloudy),Not Provided,2. No,Not Provided,Not YOUNG
No Access Control,Not ALCIHOL,Urban,0,0,Bituminous Concrete (Black Base),134-00010(L)/134-08640(R)/Gap Terminus/PROVID,Not UNBELTED,13,Male,B,2,BIKE,11.13,1,1,,2. Angle,"Not Provided,Not Provided","Not Provided,Not Provided",SR00190,11.195,4,5/19/2012,5/19/2012,20. Motor Vehicle In Transport,1433,B.Visiible Injury,2012,Left and Right sides,0,0,Virginia Beach,Urban,20. Motor Vehicle In Transport,MAIN,12PM TO 3PM,134.Virginia Beach,343,Intersection,Reset Filters,VDOT_OTHER,Saturday,Not DEER,"North,West",,5,1,121415076,"60,13","Male,Male","PDO,B","1,2","1. No Improper Action,11. Did Not Have Right-of-Way","2. Not Deployed,2. Not Deployed","Not Applicable,Not Applicable","1. No Defects,1. No Defects","14. No Driver Distraction,14. No Driver Distraction","1. Had Not Been Drinking,1. Had Not Been Drinking","2. No,2. No","1. Not Ejected,1. Not Ejected","NotProvided,No","No,No","3. Lap and Shoulder Belt,8. No Restraint Used","1. Not Obscured,1. Not Obscured",,,11,541175,LOCKE LANE(B)/,0,1,"1.Divided, no control of access","22,20",1. On Roadway,"0,0",H,H.Urban Minor Arterial,Urban Extensions - Primary Routes,Not GUARDRAIL,Not HIT_RUN,"2,12",1,3. Three Approaches,121415076,C,0,0,36.814096,36.814096,0,0.27,Not LRTRUCK,2. Daylight,LOCATED,-76.164934,-76.164934,MAINLINE,MAIN,0,0,Curbed Grass,16,4,Divided Roadway,"22,39",Not MOTORCYCLE,541174,541174.  SR00190       SR00190      13400010      13408640,48566,44998,45413,43765,44158,4,1,0.065,PRI_URBAN,,,,,,,,,0,265,54,0,1,,0,0,,,,,,,,,Not PED,,1,0,Virginia Beach,134,5,NOT-RD,9. Within Intersection,0,11.00,11.20,1. Straight - Level,1. No Defects,"2. Two-Way, Divided, Unprotected Median",1. Dry,"2. Blacktop, Asphalt, Bituminous",5100 BELLAMY MANOR DRIVE,STPRI,SR,R-VA   SR00190EB,"Urbanized (Population 200,000 and over)",3. No,"0,39",31529,29632,29906,28820,27832,Not SENIOR,Left and Right sides,"30,5","35,35",Not SPEED,"35,35",541174,0,"2. No,2. No",0,"0,0",12PM TO 3PM,1,1,4. Stop Sign,1. Yes - Working,Not a Parkway - Trucks and Commercial Vehicles Allowed,"1,2","1. Passenger car,9. Bicycle","TOYOTA,HUFFY","1. Going Straight Ahead,1. Going Straight Ahead","AVALON,BICYCLE",2000,5,5.Hampton Roads,1. No Adverse Condition (Clear/Cloudy),Not Provided,2. No,Not Provided,Not YOUNG
Partial Access Control,Not ALCIHOL,Urban,1,1,"N/A, Unknown, or Unstabilized",114-07026-E002A(L)/RAMP FROM RT 7026,UNBELTED,42,Male,A,1,BIKE,6.97,0,0,,2. Angle,"Not Provided,Not Provided","Not Provided,Not Provided",SR00134,7.149,3,5/19/2012,5/19/2012,22. Bicycle,1012,A.Ambulatory Injury,2012,None,0,0,Hampton,Urban,22. Bicycle,MAIN,9AM TO 12PM,114.Hampton,5,Intersection,Reset Filters,VDOT_OTHER,Saturday,Not DEER,"North,South",,5,1,121980219,"42,35","Male,Male","A,PDO","1,2","11. Did Not Have Right-of-Way,1. No Improper Action","3. Unavailable/Not Applicable,2. Not Deployed","4. No Test,4. No Test","1. No Defects,1. No Defects","Not Applicable,Not Applicable","1. Had Not Been Drinking,1. Had Not Been Drinking","3. Unknown,3. Unknown","1. Not Ejected,1. Not Ejected","Yes,No","No,No","9. Not Applicable,8. No Restraint Used","1. Not Obscured,1. Not Obscured",,,7,702864,1SR-00134-P(L)/HARDY CASH DR(L)/ENTERPRIZE PA,0,2,"2.Divided, partial control of access","20,22",1. On Roadway,"0,0",E,E.Urban Other Principle Arterials; Connecting Links of Other Rural Principal Arterial,Urban Extensions - Primary Routes,Not GUARDRAIL,Not HIT_RUN,"1,9",1,4. Four Approaches,121980219,C,0,0,37.057048,37.057048,6,0.18,Not LRTRUCK,2. Daylight,LOCATED,-76.402831,-76.402831,MAINLINE,MAIN,4,4,Grass/Unprotected,40,40,Divided Roadway,"20,22",Not MOTORCYCLE,702864,702864.  SR00134       SR00134      1SR00134P,37667,22831,38147,38136,39419,4,1,0.001,PRI_URBAN,,,,,,,,,0,136,44,0,1,,0,0,,,,,,,,,Not PED,,1,0,Hampton,114,5,NOT-RD,1. Main-Line Roadway,6,7.00,7.15,1. Straight - Level,5. Loose Material,"2. Two-Way, Divided, Unprotected Median",1. Dry,1. Concrete,MAGUIDES BLVD,STPRI,SR,R-VA   SR00134EB,"Urbanized (Population 200,000 and over)",3. No,"0,0",30850,,31892,31857,33115,Not SENIOR,None,10,"0,55",Not SPEED,"0,55",702863,0,"1. Yes,2. No",0,"0,0",9AM TO 12PM,1,1,3. Traffic Signal,1. Yes - Working,Truck Access System,"1,2","9. Bicycle,1. Passenger car",CHRY,"1. Going Straight Ahead,1. Going Straight Ahead",CONCORD,1999,5,5.Hampton Roads,1. No Adverse Condition (Clear/Cloudy),Not Provided,2. No,Not Provided,Not YOUNG