Access Control,Alcohol Notalcohol,Area Type1,A Crash,A People,Basetypedesc,Begin Node Dsc,Belted Unbelted,Bikeage,Bikegen,Bikeinjurytype,Bikevehiclenumber,Bike Nonbike,BMP,B Crash,B People,Carspeedlimit,Collision Type,Comm Cargo Body Type Cd,Comm Vehicle Body Type Cd,Cotedrouteid,Coted Mp,Count App,CRASH_DT (copy),Crash Dt,Crash Event Type Dsc,Crash Military Tm,Crash Severity,Crash Year,Curbgutterdesc,C Crash,C People,Juris Name Used,Area Type Used,First Harmful Event of Entire Crash,MAINLINE,Time Slicing Used,Phy_Juris_Nm,Offset-Ft,Intersection Analysis,Clear,Calculation_9640323132123359,Day Of Week,Deer Nodeer,Direction Of Travel Cd,Distracted Notdistracted,VSP,TOTAL CRASH,Document Nbr,Driverage,Drivergen,Driverinjurytype,Drivervehiclenumber,Driver Action Type Cd,Driver Airbag Deployment,Driver Alcohol Test Type Cd,Driver Condition Type Cd,Driver Distraction Type Cd,Driver Drinking Type Cd,Driver Drug Use Cd,Driver Ejected From Vehicle,Driver Ems Transport Ind,Driver Fled Scene Ind,Driver Safety Equip Used,Driver Vis Obscured Type Cd,Drowsy Notdrowsy,Drug Nodrug,EMP,End Node,End Node Dsc,End Offset,Facility,FAC,First Crash Event Cd,First Harmful Event,Fourth Crash Event Cd,Functionalclass,FUN,Govcondesc,Gr Nogr,Hitrun Not Hitrun,Initial Veh Impact Area Cd,Injury Crashes,Intersection Type,Int Doc,Jurtype,K_CRASH,K People,LAT (copy),LAT,Leftshoulderwidth,Length,Lgtruck Nonlgtruck,Light Condition,Located Unlocated,LON (copy),LON,MAINLINE (group),Mainline Yn,Medianleftshoulderwidth,Medianrightshoulderwidth,Mediantypedesc,Medianwidthmax,Medianwidthmin,Median Type,Most Harmful Crash Event Cd,Motor Nonmotor,Node,Node Info,Node Totaadt2011,Node Totaadt2012,Node Totaadt2013,Node Totaadt2014,Node Totaadt2015,Numberoflane,Number of Records,Offset,Ownership,Passage,Passgen,Passinjurytype,Passvehiclenumber,Pass Airbag Deployment,Pass Ejected From Vehicle,Pass Ems Transport Ind,Pass Safety Equip Used,Pavementconditionvalue,Pavementroughnessvalue,Pavementwidth,Pdo Crash,Total People Killed & Injured,Pedage,Pedestrians Injured,Pedestrians Killed,Pedgen,Pedinjurytype,Pednumber,Ped Action,Ped Al Test,Ped Cond,Ped Drink,Ped Drug,Ped Nonped,Ped Rflct,Persons Injured,Persons Killed,Physical Juris Nm,PJR,VSP_Used,Rd Type,Relation To Roadway,Rightshoulderwidth,RNS_MP (0.25 mi bin),Rns Mp,Roadway Alignment,Roadway Defect,Roadway Description,Roadway Surface Cond,Roadway Surface Type,Route Or Street Nm,Rte Category Cd,Rte Cat,Rte Nm,Ruralurbandesc,School Zone,Second Crash Event Cd,Segtotaadt2011,Segtotaadt2012,Segtotaadt2013,Segtotaadt2014,Segtotaadt2015,Senior Notsenior,Sidewalkdesc,Speed Before,Speed Max Safe,Speed Notspeed,Speed Posted,Start Node,Start Offset,Summons Issued Cd,Surfacedesc,Third Crash Event Cd,Time Slicing,Total Crashes including Property Damage Only,Total Crash,Traffic Control Type,Trfc Ctrl Status Type,Truckcommr,Vehiclenumber,Vehicle Body Type Cd,Vehicle Make Nm,Vehicle Maneuver Type Cd,Vehicle Model Nm,Vehicle Year Nbr,District,District_Used ,Weather Condition,Work Zone Location,Work Zone Related,Work Zone Type,Young Notyoung
No Access Control,Not ALCIHOL,Urban,0,0,Bituminous Concrete (Black Base),ENGLE AVE(R)/,Not UNBELTED,22,Male,B,2,BIKE,2.1,1,1,,2. Angle,"Not Provided,Not Provided","Not Provided,Not Provided",13108640,2.1,4,6/1/2012,6/1/2012,20. Motor Vehicle In Transport,1111,B.Visiible Injury,2012,Left and Right sides,0,0,Chesapeake,Urban,20. Motor Vehicle In Transport,MAIN,9AM TO 12PM,131.Chesapeake,528,Intersection,Reset Filters,VDOT_OTHER,Friday,Not DEER,"North,West",,5,1,121780134,"53,22","Male,Male","PDO,B","1,2","1. No Improper Action,37. Other","2. Not Deployed,Not Provided","Not Applicable,Not Applicable","1. No Defects,1. No Defects","14. No Driver Distraction,14. No Driver Distraction","1. Had Not Been Drinking,1. Had Not Been Drinking","2. No,2. No","1. Not Ejected,Not Provided","No,Yes","No,No","3. Lap and Shoulder Belt,6. Other","1. Not Obscured,1. Not Obscured",,,2,484712,LOCKARD AVE(R)/,0,1,"1.Divided, no control of access","22,20",1. On Roadway,"0,0",H,H.Urban Minor Arterial,Other City or Town Streets (not state maintained),Not GUARDRAIL,Not HIT_RUN,"1,11",1,3. Three Approaches,121780134,C,0,0,36.80809943,36.80809943,0,0.05,Not LRTRUCK,2. Daylight,LOCATED,-76.22649297,-76.22649297,MAINLINE,MAIN,0,0,0,4,4,Divided Roadway,"22,20",Not MOTORCYCLE,484713,484713. 13108640      13108640      13108645      13108645,23308,22792,22921,20893,21310,4,1,0.1,SEC_URBAN,,,,,,,,,0,0,50,0,1,,0,0,,,,,,,,,Not PED,,1,0,Chesapeake,131,5,NOT-RD,9. Within Intersection,0,2.00,2.10,1. Straight - Level,1. No Defects,"1. Two-Way, Not Divided",1. Dry,"2. Blacktop, Asphalt, Bituminous",ENGLE AVE,URB,UR,R-VA131UR08640EB,"Urbanized (Population 200,000 and over)",3. No,"0,0",16435,16071,16162,14282,14566,Not SENIOR,Left and Right sides,"5,0","45,45",Not SPEED,"45,45",484711,0,"2. No,3. Pending",0,"0,0",9AM TO 12PM,1,1,4. Stop Sign,1. Yes - Working,Not a Parkway - Trucks and Commercial Vehicles Allowed,"1,2","2. Truck - Pick-up/Passenger Truck,9. Bicycle","Ford,ROADMASTER","2. Making Right Turn,1. Going Straight Ahead","F150,MT FURY",20002003,5,5.Hampton Roads,1. No Adverse Condition (Clear/Cloudy),Not Provided,2. No,Not Provided,Not YOUNG
No Access Control,ALCOHOL,Urban,0,0,"N/A, Unknown, or Unstabilized",134-08723(B)/SOUTHERN BLVD(U)/,Not UNBELTED,37,Male,B,1,BIKE,0,1,1,,16. Other,"Not Provided,Not Provided","Not Provided,Not Provided",13408724,0.01,3,6/1/2012,6/1/2012,22. Bicycle,2005,B.Visiible Injury,2012,Left and Right sides,0,0,Virginia Beach,Urban,22. Bicycle,MAIN,6PM TO 9PM,134.Virginia Beach,53,Intersection,Reset Filters,VDOT_OTHER,Friday,Not DEER,"South,West",DISTRACTED,5,1,121565222,"37,36","Male,Male","B,PDO","1,2","11. Did Not Have Right-of-Way,1. No Improper Action","3. Unavailable/Not Applicable,2. Not Deployed","Not Applicable,Not Applicable","8. Other,1. No Defects","7. Eyes Not on Road,11. Other","5. Drinking - Not Known Whether Impaired,1. Had Not Been Drinking","Not Applicable,Not Applicable","3. Totally Ejected,1. Not Ejected","Yes,No","No,No","6. Other,3. Lap and Shoulder Belt","1. Not Obscured,1. Not Obscured",,,0,715445,BURFORD AVE.(R)/,0,0,"0.Two-way, non-divided","20,22",1. On Roadway,"0,0",I,I.Urban Collector,Other City or Town Streets (not state maintained),Not GUARDRAIL,Not HIT_RUN,"9,12",1,4. Four Approaches,121565222,C,0,0,36.838124,36.838124,0,0.11,Not LRTRUCK,3. Dusk,LOCATED,-75.998432,-75.998432,MAINLINE,MAIN,0,0,0,0,0,Undivided Roadway,"20,22",Not MOTORCYCLE,542019,542019. 13408723      13408723      13408724,17300,19878,20062,19334,19644,2,1,0.01,SEC_URBAN,,,,,,,,,0,0,36,0,1,,0,0,,,,,,,,,Not PED,,1,0,Virginia Beach,134,5,NOT-RD,9. Within Intersection,0,0.00,0.01,1. Straight - Level,1. No Defects,"2. Two-Way, Divided, Unprotected Median",1. Dry,"2. Blacktop, Asphalt, Bituminous",100 S. BIRDNECK RD,URB,UR,R-VA134UR08724WB,"Urbanized (Population 200,000 and over)",3. No,"0,0",11311,11846,11955,11521,11747,Not SENIOR,Right side,"5,6","35,35",Not SPEED,"35,35",542019,0,"1. Yes,2. No",0,"0,0",6PM TO 9PM,1,1,3. Traffic Signal,1. Yes - Working,Not a Parkway - Trucks and Commercial Vehicles Allowed,"1,2","9. Bicycle,2. Truck - Pick-up/Passenger Truck","KENT,DODGE","1. Going Straight Ahead,2. Making Right Turn","BICYCLE,RAM",20052005,5,5.Hampton Roads,1. No Adverse Condition (Clear/Cloudy),Not Provided,2. No,Not Provided,Not YOUNG
No Access Control,Not ALCIHOL,Urban,1,1,Dual Type,STRATFORD ROAD(B)/,Not UNBELTED,44,Male,A,2,BIKE,292.49,0,0,,4. Sideswipe - Same Direction,"Not Provided,Not Provided","Not Provided,Not Provided",US00060,292.785,3,6/2/2012,6/2/2012,22. Bicycle,815,A.Ambulatory Injury,2012,None,0,0,Virginia Beach,Urban,22. Bicycle,MAIN,6AM TO 9AM,134.Virginia Beach,"5,782",Intersection,Reset Filters,VDOT_OTHER,Saturday,Not DEER,"East,East",,5,1,121565155,"34,44","Male,Male","PDO,A","1,2","1. No Improper Action,1. No Improper Action","2. Not Deployed,Not Provided","Not Applicable,Not Applicable","1. No Defects,1. No Defects","14. No Driver Distraction,14. No Driver Distraction","1. Had Not Been Drinking,1. Had Not Been Drinking","Not Applicable,Not Applicable","1. Not Ejected,3. Totally Ejected","No,Yes","No,No","3. Lap and Shoulder Belt,5. Helmet","1. Not Obscured,1. Not Obscured",,,293,541125,STRATFORD ROAD(B)/,0.5,1,"1.Divided, no control of access","22,20",1. On Roadway,"0,0",E,E.Urban Other Principle Arterials; Connecting Links of Other Rural Principal Arterial,Urban Extensions - Primary Routes,Not GUARDRAIL,Not HIT_RUN,"2,10",1,1. Not at Intersection,121565155,C,0,0,36.90733,36.90733,0,0.4,Not LRTRUCK,2. Daylight,LOCATED,-76.089838,-76.089838,MAINLINE,MAIN,0,0,0,16,3,Divided Roadway,"22,20",Not MOTORCYCLE,541119,541119.  SR00279       US00060       US00060,40261,36798,36789,36155,35925,4,1,1.095,PRI_URBAN,,,,,,,,,0,159,52,0,1,,0,0,,,,,,,,,Not PED,,1,0,Virginia Beach,134,5,NOT-RD,8. Non-Intersection,0,292.75,292.78,3. Grade - Straight,1. No Defects,"3. Two-Way, Divided, Positive Median Barrier",1. Dry,"2. Blacktop, Asphalt, Bituminous",3400 SHORE DR,USPRI,US,R-VA   US00060EB,"Urbanized (Population 200,000 and over)",3. No,"0,0",35717,32418,32228,32043,33361,Not SENIOR,None,"35,10","35,35",Not SPEED,"35,35",541125,0.1,"2. No,2. No",0,"0,0",6AM TO 9AM,1,1,6. Traffic Lanes Marked,6. No Traffic Control Device Present,Truck Access System,"1,2","1. Passenger car,9. Bicycle","Volkswagen,BICYCLE","1. Going Straight Ahead,1. Going Straight Ahead",JETTA SEDAN,2008,5,5.Hampton Roads,1. No Adverse Condition (Clear/Cloudy),Not Provided,2. No,Not Provided,Not YOUNG
,Not ALCIHOL,Urban,0,0,,,Not UNBELTED,13,Male,C,2,BIKE,,0,0,,2. Angle,"1. Bus (Seats 9-15 People, Including Driver),Not Provided","3. Bus (Seats 9-15 People, Including Driver),Not Provided",,,,6/2/2012,6/2/2012,22. Bicycle,1011,C.Non-Visible Injury,2012,,1,1,Norfolk,Urban,22. Bicycle,MAIN,9AM TO 12PM,122.Norfolk,,Not Intersection,Reset Filters,VDOT_OTHER,Saturday,Not DEER,"East,East",,5,1,121800161,"47,13","Male,Male","PDO,C","1,2","1. No Improper Action,22. Disregarded Stop or Yield Sign","2. Not Deployed,3. Unavailable/Not Applicable","Not Applicable,Not Applicable","1. No Defects,1. No Defects","Not Applicable,Not Applicable","1. Had Not Been Drinking,1. Had Not Been Drinking","2. No,2. No","1. Not Ejected,1. Not Ejected","No,Yes","No,No","3. Lap and Shoulder Belt,9. Not Applicable","1. Not Obscured,1. Not Obscured",,,,,,,,,"22,20",1. On Roadway,"0,0",,,,Not GUARDRAIL,Not HIT_RUN,"10,1",1,3. Three Approaches,,C,0,0,36.864699,36.864699,,,Not LRTRUCK,2. Daylight,UNLOCATED,-76.275422,-76.275422,MAINLINE,,,,,,,,"22,20",Not MOTORCYCLE,,.,,,,,,,1,,SEC_URBAN,,,,,,,,,,,,0,1,,0,0,,,,,,,,,Not PED,,1,0,Norfolk,122,5,NOT-RD,9. Within Intersection,,,,1. Straight - Level,1. No Defects,"1. Two-Way, Not Divided",1. Dry,"2. Blacktop, Asphalt, Bituminous",800 B AVE,UNKWN,SC,U-VA122SC99999UK,,3. No,"0,0",,,,,,Not SENIOR,,"5,0","25,25",Not SPEED,"25,25",,,"2. No,2. No",,"0,0",9AM TO 12PM,1,1,4. Stop Sign,1. Yes - Working,,"1,2","3. Van,9. Bicycle","CHEV,BMX","3. Making Left Turn,1. Going Straight Ahead","EXPRESS VAN,MONGOOSE",1999,5,5.Hampton Roads,1. No Adverse Condition (Clear/Cloudy),Not Provided,2. No,Not Provided,Not YOUNG
No Access Control,Not ALCIHOL,Urban,0,0,Bituminous Concrete (Black Base),DONCASTER RD(B)/,Not UNBELTED,47,Male,B,2,BIKE,0.96,1,1,,2. Angle,"Not Provided,Not Provided","Not Provided,Not Provided",13408747,1.013,4,6/2/2012,6/2/2012,22. Bicycle,1745,B.Visiible Injury,2012,Left and Right sides,0,1,Virginia Beach,Urban,22. Bicycle,MAIN,3PM TO 6PM,134.Virginia Beach,37,Intersection,Reset Filters,VDOT_OTHER,Saturday,Not DEER,"West,South",,5,1,121615096,"19,47","Male,Male","C,B","1,2","17. Other Improper Turn,1. No Improper Action","2. Not Deployed,3. Unavailable/Not Applicable","Not Applicable,Not Applicable","1. No Defects,1. No Defects","14. No Driver Distraction,Not Applicable","1. Had Not Been Drinking,1. Had Not Been Drinking","Not Applicable,Not Applicable","1. Not Ejected,1. Not Ejected","No,Yes","No,No","3. Lap and Shoulder Belt,9. Not Applicable","1. Not Obscured,1. Not Obscured",,,1,541839,134-08711(B)/134-08816(U)/KINGS GRANT RD,0,0,"0.Two-way, non-divided","22,20",1. On Roadway,"0,0",I,I.Urban Collector,Other City or Town Streets (not state maintained),Not GUARDRAIL,Not HIT_RUN,"12,10",1,4. Four Approaches,121615096,C,0,0,36.858621,36.858621,0,0.06,Not LRTRUCK,2. Daylight,LOCATED,-76.086789,-76.086789,MAINLINE,MAIN,0,0,0,0,0,Undivided Roadway,"22,20",Not MOTORCYCLE,541839,541839. 13408711      13408711      13408747      13408816,17980,16572,16725,16117,15694,2,1,0.007,SEC_URBAN,,,,,,,,,0,0,35,0,2,,0,0,,,,,,,,,Not PED,,2,0,Virginia Beach,134,5,NOT-RD,9. Within Intersection,0,1.00,1.01,1. Straight - Level,1. No Defects,"1. Two-Way, Not Divided",1. Dry,"2. Blacktop, Asphalt, Bituminous",LITTLE NECK RD,URB,UR,R-VA134UR08747SB,"Urbanized (Population 200,000 and over)",3. No,"0,0",5005,5002,5048,4865,4456,Not SENIOR,None,5,"35,35",Not SPEED,"35,35",542312,0,"1. Yes,2. No",0,"0,0",3PM TO 6PM,1,1,3. Traffic Signal,1. Yes - Working,Not a Parkway - Trucks and Commercial Vehicles Allowed,"1,2","22. Truck - Sport Utility Vehicle (SUV),9. Bicycle","HONDA,UNK","2. Making Right Turn,1. Going Straight Ahead","SUV,BICYCLE",2004,5,5.Hampton Roads,1. No Adverse Condition (Clear/Cloudy),Not Provided,2. No,Not Provided,YOUNG
No Access Control,Not ALCIHOL,Urban,1,1,"N/A, Unknown, or Unstabilized",MILLER ROAD(L)/,Not UNBELTED,65,Male,A,1,BIKE,1.13,0,0,,2. Angle,"Not Provided,Not Provided","Not Provided,Not Provided",12107007,1.13,4,6/2/2012,6/2/2012,22. Bicycle,1329,A.Ambulatory Injury,2012,None,0,0,Newport News,Urban,22. Bicycle,MAIN,12PM TO 3PM,121.Newport News,"1,373",Intersection,Reset Filters,VDOT_OTHER,Saturday,Not DEER,"West,North",,5,1,122510063,"65,30","Male,Male","A,PDO","1,2","37. Other,1. No Improper Action","3. Unavailable/Not Applicable,2. Not Deployed","4. No Test,4. No Test","1. No Defects,1. No Defects","Not Applicable,Not Applicable","1. Had Not Been Drinking,1. Had Not Been Drinking","2. No,2. No","3. Totally Ejected,1. Not Ejected","No,No","No,No","9. Not Applicable,3. Lap and Shoulder Belt","1. Not Obscured,1. Not Obscured",,,1,646200,AZELIA DRIVE(L)/,0,0,"0.Two-way, non-divided","20,22",1. On Roadway,"0,0",I,I.Urban Collector,Other City or Town Streets (not state maintained),Not GUARDRAIL,Not HIT_RUN,"9,12",1,3. Three Approaches,122510063,C,0,0,37.106691,37.106691,1,0.09,Not LRTRUCK,2. Daylight,LOCATED,-76.544698,-76.544698,MAINLINE,MAIN,0,0,0,0,0,Undivided Roadway,"20,22",Not MOTORCYCLE,646201,646201. 12107007      12107007      12107040      12107040,9883,9665,9141,8815,8994,2,1,0.26,SEC_URBAN,,,,,,,,,4,0,20,0,1,,0,0,,,,,,,,,Not PED,,1,0,Newport News,121,5,NOT-RD,9. Within Intersection,1,1.00,1.13,1. Straight - Level,1. No Defects,"2. Two-Way, Divided, Unprotected Median",1. Dry,"2. Blacktop, Asphalt, Bituminous",LUCAS CREEK RD,URB,UR,R-VA121UR07007NB,"Urbanized (Population 200,000 and over)",3. No,"0,0",4450,4352,4355,4200,4285,SENIOR,None,"10,30","35,35",Not SPEED,"35,35",646199,0,"2. No,2. No",0,"0,0",12PM TO 3PM,1,1,1. No Traffic Control,6. No Traffic Control Device Present,Not a Parkway - Trucks and Commercial Vehicles Allowed,"1,2","9. Bicycle,1. Passenger car",PONTIAC,"3. Making Left Turn,1. Going Straight Ahead",SUNFIRE,1999,5,5.Hampton Roads,1. No Adverse Condition (Clear/Cloudy),Not Provided,2. No,Not Provided,Not YOUNG
No Access Control,Not ALCIHOL,Urban,0,0,Bituminous Concrete (Black Base),134-08749(B)/KELLAM RD,Not UNBELTED,31,Male,B,1,BIKE,500.05,1,1,55,2. Angle,"Not Provided,Not Provided","Not Provided,Not Provided",US00058,500.194,4,11/17/2011,11/17/2011,20. Motor Vehicle In Transport,1804,B.Visiible Injury,2011,Left and Right sides,0,0,Virginia Beach,Urban,20. Motor Vehicle In Transport,MAIN,6PM TO 9PM,134.Virginia Beach,32,Intersection,Reset Filters,VDOT_OTHER,Thursday,Not DEER,"West,South",,5,1,113225223,"31,27","Male,Male","B,PDO","1,2","11. Did Not Have Right-of-Way,1. No Improper Action","3. Unavailable/Not Applicable,2. Not Deployed","Not Applicable,Not Applicable","1. No Defects,1. No Defects","Not Applicable,Not Applicable","1. Had Not Been Drinking,1. Had Not Been Drinking","Not Applicable,Not Applicable","3. Totally Ejected,1. Not Ejected","No,NotProvided","No,No","9. Not Applicable,3. Lap and Shoulder Belt","1. Not Obscured,1. Not Obscured",,,500,541083,SR-00225(B)/,0,1,"1.Divided, no control of access","20,22",1. On Roadway,"0,0",E,E.Urban Other Principle Arterials; Connecting Links of Other Rural Principal Arterial,Urban Extensions - Primary Routes,Not GUARDRAIL,Not HIT_RUN,"1,12",1,4. Four Approaches,113225223,C,0,0,36.843826,36.843826,0,0.15,Not LRTRUCK,4. Darkness - Road Lighted,LOCATED,-76.136904,-76.136904,MAINLINE,MAIN,0,0,Curbed Grass,28,4,Divided Roadway,"20,22",Not MOTORCYCLE,541083,541083.  SR00225       SR00225       US00058       US00058,108365,104810,101014,97685,97889,8,1,0.006,PRI_URBAN,,,,,,,,,0,151,99,0,1,,0,0,,,,,,,,,Not PED,,1,0,Virginia Beach,134,5,NOT-RD,9. Within Intersection,0,500.00,500.19,1. Straight - Level,1. No Defects,"2. Two-Way, Divided, Unprotected Median",1. Dry,"2. Blacktop, Asphalt, Bituminous",4600 VA BEACH BLVD,USPRI,US,R-VA   US00058WB,"Urbanized (Population 200,000 and over)",3. No,"0,0",42552,41611,32644,31481,32119,Not SENIOR,Left and Right sides,"15,15","45,45",Not SPEED,"45,45",541084,0,"3. Pending,2. No",0,"0,0",6PM TO 9PM,1,1,3. Traffic Signal,1. Yes - Working,Not a Parkway - Trucks and Commercial Vehicles Allowed,"1,2","9. Bicycle,1. Passenger car","BIKE,INFI","1. Going Straight Ahead,1. Going Straight Ahead","BIKE,G35",20002007,5,5.Hampton Roads,1. No Adverse Condition (Clear/Cloudy),Not Provided,2. No,Not Provided,Not YOUNG
,Not ALCIHOL,Urban,0,0,,,Not UNBELTED,15,Male,B,2,BIKE,,1,1,,1. Rear End,"Not Provided,Not Provided","Not Provided,Not Provided",,,,11/17/2011,11/17/2011,22. Bicycle,1736,B.Visiible Injury,2011,,0,0,Virginia Beach,Urban,22. Bicycle,MAIN,3PM TO 6PM,134.Virginia Beach,,Not Intersection,Reset Filters,VDOT_OTHER,Thursday,Not DEER,"West,West",,5,1,113225192,"23,15","Male,Male","PDO,B","1,2","1. No Improper Action,1. No Improper Action","2. Not Deployed,3. Unavailable/Not Applicable","4. No Test,4. No Test","1. No Defects,1. No Defects","Not Applicable,Not Applicable","1. Had Not Been Drinking,1. Had Not Been Drinking","2. No,2. No","1. Not Ejected,3. Totally Ejected","No,NotProvided","No,No","3. Lap and Shoulder Belt,8. No Restraint Used","1. Not Obscured,1. Not Obscured",,,,,,,,,"22,20",1. On Roadway,"0,0",,,,Not GUARDRAIL,Not HIT_RUN,"1,6",1,1. Not at Intersection,,C,0,0,36.815189,36.815189,,,Not LRTRUCK,4. Darkness - Road Lighted,UNLOCATED,-76.155248,-76.155248,MAINLINE,,,,,,,,"22,20",Not MOTORCYCLE,,.,,,,,,,1,,SEC_URBAN,,,,,,,,,,,,0,1,,0,0,,,,,,,,,Not PED,,1,0,Virginia Beach,134,5,NOT-RD,1. Main-Line Roadway,,,,1. Straight - Level,1. No Defects,"1. Two-Way, Not Divided",1. Dry,"2. Blacktop, Asphalt, Bituminous",4932 LOCKE LANE,UNKWN,SC,U-VA134SC99999UK,,3. No,"0,0",,,,,,Not SENIOR,,25,25,Not SPEED,25,,,"2. No,2. No",,"0,0",3PM TO 6PM,1,1,1. No Traffic Control,6. No Traffic Control Device Present,,"1,2","1. Passenger car,9. Bicycle","Toyota,BICYCLE","1. Going Straight Ahead,1. Going Straight Ahead","MR2,BICYCLE",1993,5,5.Hampton Roads,1. No Adverse Condition (Clear/Cloudy),Not Provided,2. No,Not Provided,YOUNG
No Access Control,Not ALCIHOL,Urban,0,0,Bituminous Concrete (Black Base),TREEFERN DR(L)/,Not UNBELTED,19,Female,B,1,BIKE,0.34,1,1,,2. Angle,"Not Provided,Not Provided","Not Provided,Not Provided",13408723,0.549,4,11/18/2011,11/18/2011,20. Motor Vehicle In Transport,1620,B.Visiible Injury,2011,Left side,0,0,Virginia Beach,Urban,20. Motor Vehicle In Transport,MAIN,3PM TO 6PM,134.Virginia Beach,5,Intersection,Reset Filters,VDOT_OTHER,Friday,Not DEER,"North,West",DISTRACTED,5,1,113235254,"19,39","Female,Female","B,PDO","1,2","23. Driver Distraction,23. Driver Distraction","3. Unavailable/Not Applicable,2. Not Deployed","4. No Test,4. No Test","1. No Defects,1. No Defects","9. Eating/Drinking,11. Other","1. Had Not Been Drinking,1. Had Not Been Drinking","2. No,2. No","3. Totally Ejected,1. Not Ejected","Yes,No","No,No","9. Not Applicable,3. Lap and Shoulder Belt","1. Not Obscured,1. Not Obscured",,,1,541482,134-08669(B)/BIRDNECK ROAD,0,0,"0.Two-way, non-divided","20,22",1. On Roadway,"0,0",I,I.Urban Collector,Other City or Town Streets (not state maintained),Not GUARDRAIL,Not HIT_RUN,"12,10",1,4. Four Approaches,113235254,C,0,0,36.81104,36.81104,0,0.21,Not LRTRUCK,2. Daylight,LOCATED,-75.989662,-75.989662,MAINLINE,MAIN,0,0,0,0,0,Undivided Roadway,"20,22",Not MOTORCYCLE,541482,541482. 13408669      13408669      13408723      13408723,30985,31853,32314,31262,28218,2,1,0.001,SEC_URBAN,,,,,,,,,0,0,32,0,1,,0,0,,,,,,,,,Not PED,,1,0,Virginia Beach,134,5,NOT-RD,9. Within Intersection,3,0.50,0.54,1. Straight - Level,1. No Defects,"2. Two-Way, Divided, Unprotected Median",1. Dry,"2. Blacktop, Asphalt, Bituminous",S BIRDNECK RD,URB,UR,R-VA134UR08723NB,"Urbanized (Population 200,000 and over)",3. No,"0,0",6121,6002,5948,5962,5178,Not SENIOR,Left and Right sides,"5,15","35,35",Not SPEED,"35,35",542008,0,"2. No,2. No",0,"0,0",3PM TO 6PM,1,1,3. Traffic Signal,1. Yes - Working,Not a Parkway - Trucks and Commercial Vehicles Allowed,"1,2","9. Bicycle,1. Passenger car","PACIFIC,SUBARU","1. Going Straight Ahead,3. Making Left Turn","ONYX,IMPREZA",2006,5,5.Hampton Roads,1. No Adverse Condition (Clear/Cloudy),Not Provided,2. No,Not Provided,YOUNG
No Access Control,Not ALCIHOL,Urban,0,0,"N/A, Unknown, or Unstabilized",114-07035(B)/LASALLE AV,Not UNBELTED,53,Male,B,1,BIKE,272.03,1,1,,4. Sideswipe - Same Direction,"Not Provided,2. Bus (Seats For 16 People or More, Including Driver)","Not Provided,4. Bus (Seats for 16 People or More, Including Driver)",US00060,272.28,4,6/4/2012,6/4/2012,22. Bicycle,1251,B.Visiible Injury,2012,Left and Right sides,0,0,Hampton,Urban,22. Bicycle,MAIN,12PM TO 3PM,114.Hampton,"1,901",Intersection,Reset Filters,VDOT_OTHER,Monday,Not DEER,"North,South",,5,1,122620040,"53,58","Male,Male","B,PDO","1,2","37. Other,37. Other","2. Not Deployed,2. Not Deployed","4. No Test,4. No Test","1. No Defects,1. No Defects","Not Applicable,Not Applicable","1. Had Not Been Drinking,1. Had Not Been Drinking","2. No,2. No","1. Not Ejected,1. Not Ejected","Yes,No","No,No","8. No Restraint Used,3. Lap and Shoulder Belt","1. Not Obscured,1. Not Obscured",,,272,253012,114-07035(B)/LASALLE AV,0.5,0,"0.Two-way, non-divided","20,22",4. Roadside,"0,0",H,H.Urban Minor Arterial,Urban Extensions - Primary Routes,Not GUARDRAIL,Not HIT_RUN,"12,2",1,1. Not at Intersection,122620040,C,0,0,37.010308,37.010308,0,0.39,Not LRTRUCK,2. Daylight,LOCATED,-76.353597,-76.353597,MAINLINE,MAIN,0,0,0,0,0,Undivided Roadway,"20,22",Not MOTORCYCLE,253012,253012.  US00060       US00060      11407035      11407035,10661,10425,10024,9667,9863,4,1,0.36,PRI_URBAN,,,,,,,,,0,200,52,0,1,,0,0,,,,,,,,,Not PED,,1,0,Hampton,114,5,NOT-RD,8. Non-Intersection,0,272.25,272.28,1. Straight - Level,1. No Defects,"2. Two-Way, Divided, Unprotected Median",1. Dry,"2. Blacktop, Asphalt, Bituminous",3831 KECOUGHTON RD,USPRI,US,R-VA   US00060EB,"Urbanized (Population 200,000 and over)",3. No,"0,0",8069,7890,7787,7510,7662,Not SENIOR,Left and Right sides,0,"0,35",Not SPEED,"0,35",253012,0.11,"2. No,2. No",0,"0,0",12PM TO 3PM,1,1,13. Other,1. Yes - Working,Not a Parkway - Trucks and Commercial Vehicles Allowed,"1,2","9. Bicycle,14. Bus - City Transit Bus/Privately Owned Church Bus",GILLIG,"1. Going Straight Ahead,8. Stopped in Traffic Lane",G290102N4,2007,5,5.Hampton Roads,1. No Adverse Condition (Clear/Cloudy),Not Provided,2. No,Not Provided,Not YOUNG