Access Control,Alcohol Notalcohol,Area Type1,A Crash,A People,Basetypedesc,Begin Node Dsc,Belted Unbelted,Bikeage,Bikegen,Bikeinjurytype,Bikevehiclenumber,Bike Nonbike,BMP,B Crash,B People,Carspeedlimit,Collision Type,Comm Cargo Body Type Cd,Comm Vehicle Body Type Cd,Cotedrouteid,Coted Mp,Count App,CRASH_DT (copy),Crash Dt,Crash Event Type Dsc,Crash Military Tm,Crash Severity,Crash Year,Curbgutterdesc,C Crash,C People,Juris Name Used,Area Type Used,First Harmful Event of Entire Crash,MAINLINE,Time Slicing Used,Phy_Juris_Nm,Offset-Ft,Intersection Analysis,Clear,Calculation_9640323132123359,Day Of Week,Deer Nodeer,Direction Of Travel Cd,Distracted Notdistracted,VSP,TOTAL CRASH,Document Nbr,Driverage,Drivergen,Driverinjurytype,Drivervehiclenumber,Driver Action Type Cd,Driver Airbag Deployment,Driver Alcohol Test Type Cd,Driver Condition Type Cd,Driver Distraction Type Cd,Driver Drinking Type Cd,Driver Drug Use Cd,Driver Ejected From Vehicle,Driver Ems Transport Ind,Driver Fled Scene Ind,Driver Safety Equip Used,Driver Vis Obscured Type Cd,Drowsy Notdrowsy,Drug Nodrug,EMP,End Node,End Node Dsc,End Offset,Facility,FAC,First Crash Event Cd,First Harmful Event,Fourth Crash Event Cd,Functionalclass,FUN,Govcondesc,Gr Nogr,Hitrun Not Hitrun,Initial Veh Impact Area Cd,Injury Crashes,Intersection Type,Int Doc,Jurtype,K_CRASH,K People,LAT (copy),LAT,Leftshoulderwidth,Length,Lgtruck Nonlgtruck,Light Condition,Located Unlocated,LON (copy),LON,MAINLINE (group),Mainline Yn,Medianleftshoulderwidth,Medianrightshoulderwidth,Mediantypedesc,Medianwidthmax,Medianwidthmin,Median Type,Most Harmful Crash Event Cd,Motor Nonmotor,Node,Node Info,Node Totaadt2011,Node Totaadt2012,Node Totaadt2013,Node Totaadt2014,Node Totaadt2015,Numberoflane,Number of Records,Offset,Ownership,Passage,Passgen,Passinjurytype,Passvehiclenumber,Pass Airbag Deployment,Pass Ejected From Vehicle,Pass Ems Transport Ind,Pass Safety Equip Used,Pavementconditionvalue,Pavementroughnessvalue,Pavementwidth,Pdo Crash,Total People Killed & Injured,Pedage,Pedestrians Injured,Pedestrians Killed,Pedgen,Pedinjurytype,Pednumber,Ped Action,Ped Al Test,Ped Cond,Ped Drink,Ped Drug,Ped Nonped,Ped Rflct,Persons Injured,Persons Killed,Physical Juris Nm,PJR,VSP_Used,Rd Type,Relation To Roadway,Rightshoulderwidth,RNS_MP (0.25 mi bin),Rns Mp,Roadway Alignment,Roadway Defect,Roadway Description,Roadway Surface Cond,Roadway Surface Type,Route Or Street Nm,Rte Category Cd,Rte Cat,Rte Nm,Ruralurbandesc,School Zone,Second Crash Event Cd,Segtotaadt2011,Segtotaadt2012,Segtotaadt2013,Segtotaadt2014,Segtotaadt2015,Senior Notsenior,Sidewalkdesc,Speed Before,Speed Max Safe,Speed Notspeed,Speed Posted,Start Node,Start Offset,Summons Issued Cd,Surfacedesc,Third Crash Event Cd,Time Slicing,Total Crashes including Property Damage Only,Total Crash,Traffic Control Type,Trfc Ctrl Status Type,Truckcommr,Vehiclenumber,Vehicle Body Type Cd,Vehicle Make Nm,Vehicle Maneuver Type Cd,Vehicle Model Nm,Vehicle Year Nbr,District,District_Used ,Weather Condition,Work Zone Location,Work Zone Related,Work Zone Type,Young Notyoung
No Access Control,Not ALCIHOL,Urban,0,0,"N/A, Unknown, or Unstabilized",WYTHE PARKWAY(B)/,Not UNBELTED,26,Not Provided,B,2,BIKE,270.7,1,1,,2. Angle,"Not Provided,Not Provided","Not Provided,Not Provided",US00060,270.828,4,10/6/2013,10/6/2013,22. Bicycle,1618,B.Visiible Injury,2013,Left and Right sides,0,0,Hampton,Urban,22. Bicycle,MAIN,3PM TO 6PM,114.Hampton,327,Intersection,Reset Filters,VDOT_OTHER,Sunday,Not DEER,"South,Not Provided",,5,1,140350469,26,"0,Not Provided","PDO,B","1,2","34. Hit and Run,1. No Improper Action","Not Provided,3. Unavailable/Not Applicable","Not Applicable,4. No Test","9. Unknown,1. No Defects","Not Applicable,Not Applicable","6. Unknown,1. Had Not Been Drinking","Not Applicable,Not Applicable","Not Provided,3. Totally Ejected","NotProvided,No","Yes,No","Not Provided,5. Helmet","Not Applicable,1. Not Obscured",,,271,253014,POCAHONTAS PLACE(B)/,0,0,"0.Two-way, non-divided","22,20",1. On Roadway,"0,0",H,H.Urban Minor Arterial,Urban Extensions - Primary Routes,Not GUARDRAIL,HIT_RUN,"12,9",1,4. Four Approaches,140350469,C,0,0,37.003163,37.003163,0,0.13,Not LRTRUCK,2. Daylight,LOCATED,-76.377612,-76.377612,MAINLINE,MAIN,0,0,0,0,0,Undivided Roadway,"22,20",Not MOTORCYCLE,253013,253013.  US00060       US00060      11407059      11407059,8135,7956,7765,7489,7640,4,1,0.062,PRI_URBAN,,,,,,,,,0,275,44,0,1,,0,0,,,,,,,,,Not PED,,1,0,Hampton,114,5,NOT-RD,9. Within Intersection,0,270.75,270.83,1. Straight - Level,1. No Defects,"1. Two-Way, Not Divided",1. Dry,"2. Blacktop, Asphalt, Bituminous",KECOUGHTAN RD,USPRI,US,R-VA   US00060EB,"Urbanized (Population 200,000 and over)",3. No,"0,0",5191,5076,4675,4508,4600,Not SENIOR,Left and Right sides,25,"0,35",Not SPEED,"0,35",253015,0,"Not Provided,2. No",0,"0,0",3PM TO 6PM,1,1,4. Stop Sign,1. Yes - Working,Not a Parkway - Trucks and Commercial Vehicles Allowed,"1,2","22. Truck - Sport Utility Vehicle (SUV),9. Bicycle",,"1. Going Straight Ahead,1. Going Straight Ahead",,,5,5.Hampton Roads,1. No Adverse Condition (Clear/Cloudy),Not Provided,2. No,Not Provided,Not YOUNG
,Not ALCIHOL,Urban,0,0,,,Not UNBELTED,8,Female,B,2,BIKE,,1,1,,15. Backed Into,"Not Provided,Not Provided","Not Provided,Not Provided",,,,10/6/2013,10/6/2013,22. Bicycle,1743,B.Visiible Injury,2013,,0,1,Chesapeake,Urban,22. Bicycle,MAIN,3PM TO 6PM,131.Chesapeake,,Not Intersection,Reset Filters,VDOT_OTHER,Sunday,Not DEER,"West,Not Provided",DISTRACTED,5,1,132795219,"44,8","0,Female","C,B","1,2","18. Improper Backing,1. No Improper Action","2. Not Deployed,3. Unavailable/Not Applicable","Not Applicable,Not Applicable","1. No Defects,1. No Defects","7. Eyes Not on Road,14. No Driver Distraction","1. Had Not Been Drinking,1. Had Not Been Drinking","2. No,2. No","1. Not Ejected,2. Partially Ejected","No,No","No,No","3. Lap and Shoulder Belt,5. Helmet","14. Blind Spot,1. Not Obscured",,,,,,,,,"22,20",1. On Roadway,"0,0",,,,Not GUARDRAIL,Not HIT_RUN,"6,0",1,1. Not at Intersection,,C,0,0,36.843991,36.843991,,,Not LRTRUCK,2. Daylight,UNLOCATED,-76.42143,-76.42143,MAINLINE,,,,,,,,"22,20",Not MOTORCYCLE,,.,,,,,,,1,,SEC_URBAN,,,,,,,,,,,,0,2,,0,0,,,,,,,,,Not PED,,2,0,Chesapeake,131,5,NOT-RD,"13. Driveway, Alley-Access - Related",,,,1. Straight - Level,1. No Defects,"1. Two-Way, Not Divided",1. Dry,"2. Blacktop, Asphalt, Bituminous",3256 DUQUESNE DRIVE,UNKWN,SC,U-VA131SC99999UK,,3. No,"0,0",,,,,,Not SENIOR,,"3,3","0,0",Not SPEED,"25,25",,,"1. Yes,Not Provided",,"0,0",3PM TO 6PM,1,1,1. No Traffic Control,6. No Traffic Control Device Present,,"1,2","3. Van,9. Bicycle","Nissan,BEACH CRUISER","12. Backing,1. Going Straight Ahead","Quest,BICYCLE",20042010,5,5.Hampton Roads,1. No Adverse Condition (Clear/Cloudy),Not Provided,2. No,Not Provided,Not YOUNG
,Not ALCIHOL,Urban,0,0,,,Not UNBELTED,,Male,PDO,2,BIKE,,1,1,,2. Angle,"Not Provided,Not Provided","Not Provided,Not Provided",,,3,10/7/2013,10/7/2013,22. Bicycle,1928,B.Visiible Injury,2013,,0,0,Chesapeake,Urban,22. Bicycle,MAIN,6PM TO 9PM,131.Chesapeake,0,Intersection,Reset Filters,VDOT_OTHER,Monday,Not DEER,"Not Provided,Not Provided",DISTRACTED,5,1,132805350,20,"0,Male","B,PDO","1,2","34. Hit and Run,37. Other","3. Unavailable/Not Applicable,Not Provided","4. No Test,Not Applicable","9. Unknown,1. No Defects","11. Other,14. No Driver Distraction","1. Had Not Been Drinking,6. Unknown","3. Unknown,2. No","1. Not Ejected,Not Provided","Yes,NotProvided","No,Yes","9. Not Applicable,Not Provided","1. Not Obscured,1. Not Obscured",,,,,,,0,,"22,20",1. On Roadway,"0,0",I,,,Not GUARDRAIL,HIT_RUN,"12,12",1,3. Three Approaches,132805350,C,0,0,36.710052,36.710052,,,Not LRTRUCK,4. Darkness - Road Lighted,UNLOCATED,-76.267339,-76.267339,MAINLINE,,,,,,,,"22,20",Not MOTORCYCLE,483344,483344.  SR00165       SR00165      13108798,25516,24951,25092,29037,29614,,1,0,SEC_URBAN,,,,,,,,,,,,0,1,,0,0,,,,,,,,,Not PED,,1,0,Chesapeake,131,5,NOT-RD,9. Within Intersection,,2.25,2.38,1. Straight - Level,1. No Defects,"1. Two-Way, Not Divided",2. Wet,"2. Blacktop, Asphalt, Bituminous",CEDAR RD,URB,UR,R-VA131UR08798EB,,3. No,"0,0",,,,,,Not SENIOR,,"5,5","45,45",Not SPEED,"45,45",,,"Not Provided,Not Provided",,"0,0",6PM TO 9PM,1,1,4. Stop Sign,1. Yes - Working,,"1,2","2. Truck - Pick-up/Passenger Truck,9. Bicycle",HUFFY,"1. Going Straight Ahead,2. Making Right Turn",UNKNOWN,2013,5,5.Hampton Roads,5. Rain,Not Provided,2. No,Not Provided,YOUNG
No Access Control,Not ALCIHOL,Urban,0,0,"N/A, Unknown, or Unstabilized",FOREST GLEN ROAD(B)/,Not UNBELTED,40,Male,B,1,BIKE,0.33,1,1,,2. Angle,"Not Provided,Not Provided","Not Provided,Not Provided",13400013,0.331,3,11/25/2011,11/25/2011,20. Motor Vehicle In Transport,1525,B.Visiible Injury,2011,Left and Right sides,0,0,Virginia Beach,Urban,20. Motor Vehicle In Transport,MAIN,3PM TO 6PM,134.Virginia Beach,734,Intersection,Reset Filters,VDOT_OTHER,Friday,Not DEER,"South,West",,5,1,113315083,"40,53","Male,Male","B,PDO","1,2","11. Did Not Have Right-of-Way,1. No Improper Action","3. Unavailable/Not Applicable,2. Not Deployed","Not Applicable,Not Applicable","1. No Defects,1. No Defects","Not Applicable,Not Applicable","1. Had Not Been Drinking,1. Had Not Been Drinking","2. No,2. No","2. Partially Ejected,1. Not Ejected","No,NotProvided","No,No","9. Not Applicable,3. Lap and Shoulder Belt","1. Not Obscured,1. Not Obscured",,,0,735007,GOOD HOPE ROAD(R)/,0,1,"1.Divided, no control of access","20,22",1. On Roadway,"0,0",H,H.Urban Minor Arterial,Other City or Town Streets (not state maintained),Not GUARDRAIL,Not HIT_RUN,"12,3",1,4. Four Approaches,113315083,C,0,0,36.818277,36.818277,0,0.09,Not LRTRUCK,2. Daylight,LOCATED,-76.09772,-76.09772,MAINLINE,MAIN,0,0,Curbed Grass,14,4,Divided Roadway,"20,22",Not MOTORCYCLE,541289,541289. 13400013      13400013      13408744,33035,31758,32051,30888,30266,4,1,0.139,SEC_URBAN,,,,,,,,,0,0,52,0,1,,0,0,,,,,,,,,Not PED,,1,0,Virginia Beach,134,5,NOT-RD,9. Within Intersection,0,0.25,0.33,1. Straight - Level,1. No Defects,"1. Two-Way, Not Divided",1. Dry,"2. Blacktop, Asphalt, Bituminous",650 S ROSEMONT RD,URB,UR,R-VA134UR00013NB,"Urbanized (Population 200,000 and over)",3. No,"0,0",29476,28778,29044,27990,27526,Not SENIOR,Left and Right sides,"10,0","35,35",Not SPEED,"35,35",735001,0,"2. No,2. No",0,"0,0",3PM TO 6PM,1,1,4. Stop Sign,1. Yes - Working,Not a Parkway - Trucks and Commercial Vehicles Allowed,"1,2","9. Bicycle,3. Van","UNK,Dodge","1. Going Straight Ahead,8. Stopped in Traffic Lane","BICYCLE,Caravan",1998,5,5.Hampton Roads,1. No Adverse Condition (Clear/Cloudy),Not Provided,2. No,Not Provided,Not YOUNG
No Access Control,Not ALCIHOL,Urban,1,1,Bituminous Concrete (Black Base),134-08726(B)/GREAT NECK ROAD,Not UNBELTED,14,Male,A,1,BIKE,3.39,0,0,,2. Angle,"Not Provided,Not Provided","Not Provided,Not Provided",13408685,3.395,4,11/30/2011,11/30/2011,20. Motor Vehicle In Transport,1715,A.Ambulatory Injury,2011,Left and Right sides,0,0,Virginia Beach,Urban,20. Motor Vehicle In Transport,MAIN,3PM TO 6PM,134.Virginia Beach,26,Intersection,Reset Filters,VDOT_OTHER,Wednesday,Not DEER,"West,North",,5,1,113375174,"14,41","Male,Male","A,PDO","1,2","11. Did Not Have Right-of-Way,1. No Improper Action","3. Unavailable/Not Applicable,2. Not Deployed","Not Applicable,Not Applicable","1. No Defects,1. No Defects","Not Applicable,Not Applicable","1. Had Not Been Drinking,1. Had Not Been Drinking","2. No,2. No","3. Totally Ejected,1. Not Ejected","Yes,NotProvided","No,No","8. No Restraint Used,3. Lap and Shoulder Belt","1. Not Obscured,1. Not Obscured",,,4,541674,COMMERCE PKWY(R)/,0,1,"1.Divided, no control of access","20,22",1. On Roadway,"0,0",H,H.Urban Minor Arterial,Other City or Town Streets (not state maintained),Not GUARDRAIL,Not HIT_RUN,"12,3",1,4. Four Approaches,113375174,C,0,0,36.836481,36.836481,0,0.31,Not LRTRUCK,3. Dusk,LOCATED,-76.049944,-76.049944,MAINLINE,MAIN,0,0,Curbed Grass,16,8,Divided Roadway,"20,22",Not MOTORCYCLE,541672,541672. 13408685      13408685      13408726      13408726,28295,34948,35271,33990,36017,6,1,0.005,SEC_URBAN,,,,,,,,,0,0,76,0,1,,0,0,,,,,,,,,Not PED,,1,0,Virginia Beach,134,5,NOT-RD,"15. Other Crossing (Crossing for Bikes, School, etc.)",0,3.25,3.40,1. Straight - Level,1. No Defects,"1. Two-Way, Not Divided",1. Dry,"2. Blacktop, Asphalt, Bituminous",2301 POTTERS RD,URB,UR,R-VA134UR08685NB,"Urbanized (Population 200,000 and over)",3. No,"0,0",23617,32431,32730,31542,35516,Not SENIOR,Left and Right sides,"5,35","35,3",Not SPEED,"35,35",541672,0,"2. No,2. No",0,"0,0",3PM TO 6PM,1,1,3. Traffic Signal,1. Yes - Working,Not a Parkway - Trucks and Commercial Vehicles Allowed,"1,2","9. Bicycle,1. Passenger car","HUFFY,Lincoln","15. Other,1. Going Straight Ahead","BICYCLE,LS",20102005,5,5.Hampton Roads,1. No Adverse Condition (Clear/Cloudy),Not Provided,2. No,Not Provided,Not YOUNG
No Access Control,ALCOHOL,Urban,0,0,Bituminous Concrete (Black Base),4US-00060-P000B(L)/TO ROUTE 664 WEST,Not UNBELTED,53,Male,C,1,BIKE,0.44,0,0,,2. Angle,"Not Provided,Not Provided","Not Provided,Not Provided",4US00060P,0.44,2,11/30/2011,11/30/2011,22. Bicycle,1617,C.Non-Visible Injury,2011,Left and Right sides,1,1,Newport News,Urban,22. Bicycle,MAIN,3PM TO 6PM,121.Newport News,0,Intersection,Reset Filters,VDOT_OTHER,Wednesday,Not DEER,"North,West",,5,1,120250026,"53,56","Male,Male","C,PDO","1,2","11. Did Not Have Right-of-Way,1. No Improper Action","3. Unavailable/Not Applicable,2. Not Deployed","4. No Test,Not Applicable","1. No Defects,1. No Defects","Not Applicable,Not Applicable","5. Drinking - Not Known Whether Impaired,1. Had Not Been Drinking","3. Unknown,2. No","3. Totally Ejected,1. Not Ejected","Yes,No","No,No","9. Not Applicable,3. Lap and Shoulder Belt","1. Not Obscured,12. Sun or Headlight Glare",,,0,723789,STREET(L)/,0,4,"4.One-way, part of a one-way system","20,22",1. On Roadway,"0,0",H,H.Urban Minor Arterial,Urban Extensions - Primary Routes,Not GUARDRAIL,Not HIT_RUN,"4,12",1,3. Three Approaches,120250026,C,0,0,36.982001,36.982001,0,0.01,Not LRTRUCK,3. Dusk,LOCATED,-76.421808,-76.421808,MAINLINE,MAIN,0,0,0,0,0,Divided Roadway,"20,22",Not MOTORCYCLE,723786,723786. 4US00060P     4US00060P,2222,2173,1507,1453,1483,3,1,0,PRI_URBAN,,,,,,,,,0,0,40,0,1,,0,0,,,,,,,,,Not PED,,1,0,Newport News,121,5,NOT-RD,10. Intersection Related - Within 150 Feet,0,0.25,0.44,3. Grade - Straight,1. No Defects,"4. One-Way, Not Divided",1. Dry,"2. Blacktop, Asphalt, Bituminous",26TH ST,USPRI,US,R-VA   US00060PA004,"Urbanized (Population 200,000 and over)",3. No,"39,0",2222,2173,1507,1453,1483,Not SENIOR,Left and Right sides,"0,15","0,35",Not SPEED,"0,35",723786,0,"2. No,2. No",0,"0,0",3PM TO 6PM,1,1,1. No Traffic Control,6. No Traffic Control Device Present,Truck Access System,"1,2","9. Bicycle,2. Truck - Pick-up/Passenger Truck",CHEV,"16. Entering Street From Parking Lot,1. Going Straight Ahead",C/K 3500,2005,5,5.Hampton Roads,1. No Adverse Condition (Clear/Cloudy),Not Provided,2. No,Not Provided,Not YOUNG
No Access Control,Not ALCIHOL,Urban,0,0,Bituminous Concrete (Black Base),MONA DR.(R)/,Not UNBELTED,29,Female,C,2,BIKE,1.28,0,0,,16. Other,"Not Provided,Not Provided","Not Provided,Not Provided",12100019,1.282,4,6/12/2012,6/12/2012,22. Bicycle,1222,C.Non-Visible Injury,2012,None,1,1,Newport News,Urban,22. Bicycle,MAIN,12PM TO 3PM,121.Newport News,"1,700",Intersection,Reset Filters,VDOT_OTHER,Tuesday,Not DEER,"West,South",,5,1,122230012,"59,29","Female,Female","PDO,C","1,2","11. Did Not Have Right-of-Way,1. No Improper Action","2. Not Deployed,3. Unavailable/Not Applicable","Not Applicable,Not Applicable","1. No Defects,1. No Defects","Not Applicable,Not Applicable","Not Applicable,Not Applicable","Not Applicable,Not Applicable","1. Not Ejected,1. Not Ejected","No,No","No,No","3. Lap and Shoulder Belt,9. Not Applicable","1. Not Obscured,1. Not Obscured",,,1,716378,DILTS DR.(R)/,0,0,"0.Two-way, non-divided","22,20",2. Shoulder,"0,0",I,I.Urban Collector,Other City or Town Streets (not state maintained),Not GUARDRAIL,Not HIT_RUN,"12,9",1,3. Three Approaches,122230012,C,0,0,37.153238,37.153238,1,0.06,Not LRTRUCK,2. Daylight,LOCATED,-76.527312,-76.527312,MAINLINE,MAIN,0,0,0,0,0,Undivided Roadway,"22,20",Not MOTORCYCLE,646117,646117.  SR00143       SR00143      12100019      12100019,34876,35584,33870,33696,34953,2,1,0.322,SEC_URBAN,,,,,,,,,0,0,20,0,1,,0,0,,,,,,,,,Not PED,,1,0,Newport News,121,5,NOT-RD,10. Intersection Related - Within 150 Feet,1,1.25,1.28,1. Straight - Level,1. No Defects,"1. Two-Way, Not Divided",1. Dry,"2. Blacktop, Asphalt, Bituminous",MONA ROAD,URB,UR,R-VA121UR00019NB,"Urbanized (Population 200,000 and over)",3. No,"0,0",4691,4587,4478,4318,4406,Not SENIOR,None,"1,2","25,25",Not SPEED,"25,25",716372,0,"2. No,2. No",0,"0,0",12PM TO 3PM,1,1,4. Stop Sign,6. No Traffic Control Device Present,Not a Parkway - Trucks and Commercial Vehicles Allowed,"1,2","1. Passenger car,9. Bicycle",PONTIAC,"1. Going Straight Ahead,1. Going Straight Ahead",,20092008,5,5.Hampton Roads,1. No Adverse Condition (Clear/Cloudy),Not Provided,2. No,Not Provided,Not YOUNG
No Access Control,Not ALCIHOL,Urban,1,1,"N/A, Unknown, or Unstabilized",TERRACE DR.(R)/RENS RD(L)/,Not UNBELTED,26,Male,A,2,BIKE,0.66,0,0,,2. Angle,"Not Provided,Not Provided","Not Provided,Not Provided",14707046,0.66,3,6/12/2012,6/12/2012,22. Bicycle,1526,A.Ambulatory Injury,2012,None,0,0,Poquoson,Urban,22. Bicycle,MAIN,3PM TO 6PM,147.Poquoson,"3,485",Intersection,Reset Filters,VDOT_OTHER,Tuesday,Not DEER,"South,East",,5,1,121675408,"65,26","Male,Male","PDO,A","1,2","11. Did Not Have Right-of-Way,1. No Improper Action","2. Not Deployed,3. Unavailable/Not Applicable","4. No Test,4. No Test","1. No Defects,1. No Defects","14. No Driver Distraction,14. No Driver Distraction","1. Had Not Been Drinking,1. Had Not Been Drinking","2. No,Not Applicable","1. Not Ejected,3. Totally Ejected","No,Yes","No,No","3. Lap and Shoulder Belt,5. Helmet","1. Not Obscured,1. Not Obscured",,,1,672410,ODD ROAD(R)/,0,0,"0.Two-way, non-divided","22,20",1. On Roadway,"0,0",I,I.Urban Collector,Other City or Town Streets (not state maintained),Not GUARDRAIL,Not HIT_RUN,"12,8",1,4. Four Approaches,121675408,C,0,0,37.132265,37.132265,3,0.13,Not LRTRUCK,2. Daylight,LOCATED,-76.381316,-76.381316,MAINLINE,MAIN,0,0,0,0,0,Undivided Roadway,"22,20",Not MOTORCYCLE,672323,672323.  SR00172      14707043      14707046,9043,8843,8861,8545,8719,2,1,0.66,SEC_URBAN,,,,,,,,,0,0,20,0,1,,0,0,,,,,,,,,Not PED,,1,0,Poquoson,147,5,NOT-RD,9. Within Intersection,3,0.50,0.66,1. Straight - Level,1. No Defects,"1. Two-Way, Not Divided",1. Dry,"2. Blacktop, Asphalt, Bituminous",POQUOSON AVENUE,URB,UR,R-VA147UR07046EB,"Urbanized (Population 200,000 and over)",3. No,"0,0",3303,3230,2396,2311,2357,SENIOR,None,"3,20","35,35",Not SPEED,"35,35",672409,0,"1. Yes,2. No",0,"0,0",3PM TO 6PM,1,1,1. No Traffic Control,6. No Traffic Control Device Present,Not a Parkway - Trucks and Commercial Vehicles Allowed,"1,2","22. Truck - Sport Utility Vehicle (SUV),9. Bicycle","Jeep,TREK","1. Going Straight Ahead,1. Going Straight Ahead","Grand Cherokee,SPEED CONCEPT 7.8BICYCLE",19982011,5,5.Hampton Roads,1. No Adverse Condition (Clear/Cloudy),Not Provided,2. No,Not Provided,Not YOUNG
No Access Control,Not ALCIHOL,Urban,0,0,Bituminous Concrete (Black Base),124-08525-N002B(L)/RAMP TO SR 164 W,Not UNBELTED,62,Female,C,2,BIKE,1.93,0,0,,2. Angle,"Not Provided,Not Provided","Not Provided,Not Provided",12408525,1.931,2,12/2/2011,12/2/2011,22. Bicycle,1426,C.Non-Visible Injury,2011,Left and Right sides,1,1,Portsmouth,Urban,22. Bicycle,MAIN,12PM TO 3PM,124.Portsmouth,5,Intersection,Reset Filters,VDOT_OTHER,Friday,Not DEER,"West,South",,5,1,120605384,"25,62","Female,Female","PDO,C","1,2","11. Did Not Have Right-of-Way,1. No Improper Action","2. Not Deployed,3. Unavailable/Not Applicable","Not Applicable,Not Applicable","1. No Defects,Not Applicable","Not Applicable,Not Applicable","Not Applicable,Not Applicable","3. Unknown,3. Unknown","1. Not Ejected,3. Totally Ejected","No,No","No,No","3. Lap and Shoulder Belt,5. Helmet","16. Stopped Vehicle(s),1. Not Obscured",,,2,729338,RAMP FR SR 164(R)/,0,1,"1.Divided, no control of access","22,22",1. On Roadway,"0,0",I,I.Urban Collector,Other City or Town Streets (not state maintained),Not GUARDRAIL,Not HIT_RUN,"1,11",1,4. Four Approaches,120605384,C,0,0,36.874014,36.874014,0,0.01,Not LRTRUCK,2. Daylight,LOCATED,-76.378198,-76.378198,MAINLINE,MAIN,0,0,Curbed Grass,16,3,Divided Roadway,"22,22",Not MOTORCYCLE,723529,723529. 12408525      12408525,9705,9490,9621,9278,9466,4,1,0.001,SEC_URBAN,,,,,,,,,0,0,52,0,1,,0,0,,,,,,,,,Not PED,,1,0,Portsmouth,124,5,NOT-RD,1. Main-Line Roadway,0,1.75,1.93,5. Hillcrest - Straight,1. No Defects,"2. Two-Way, Divided, Unprotected Median",1. Dry,"2. Blacktop, Asphalt, Bituminous",3990 CEDAR LN,URB,UR,R-VA124UR08525SB,"Urbanized (Population 200,000 and over)",3. No,"0,27",9705,9490,9621,9278,9466,Not SENIOR,Left and Right sides,"12,10","35,35",Not SPEED,"35,35",723529,0,"1. Yes,2. No",0,"0,0",12PM TO 3PM,1,1,3. Traffic Signal,1. Yes - Working,Not a Parkway - Trucks and Commercial Vehicles Allowed,"1,2","1. Passenger car,9. Bicycle","CHRY,OTH","3. Making Left Turn,1. Going Straight Ahead","SEBRING,SABER BICYCE",20052010,5,5.Hampton Roads,1. No Adverse Condition (Clear/Cloudy),Not Provided,2. No,Not Provided,Not YOUNG
No Access Control,Not ALCIHOL,Urban,0,0,"N/A, Unknown, or Unstabilized",SR-00170(B)/MEADOW CK RD,Not UNBELTED,57,Female,C,2,BIKE,0,0,0,,2. Angle,"Not Provided,Not Provided","Not Provided,Not Provided",12208629,0.006,3,12/3/2011,12/3/2011,20. Motor Vehicle In Transport,1630,C.Non-Visible Injury,2011,None,1,1,Norfolk,Urban,20. Motor Vehicle In Transport,MAIN,3PM TO 6PM,122.Norfolk,32,Intersection,Reset Filters,VDOT_OTHER,Saturday,Not DEER,"South,East",,5,1,120050174,"36,57","Female,Female","PDO,C","1,2","1. No Improper Action,11. Did Not Have Right-of-Way","2. Not Deployed,3. Unavailable/Not Applicable","Not Applicable,Not Applicable","1. No Defects,1. No Defects","Not Applicable,Not Applicable","1. Had Not Been Drinking,1. Had Not Been Drinking","2. No,2. No","1. Not Ejected,3. Totally Ejected","NotProvided,Yes","No,No","3. Lap and Shoulder Belt,9. Not Applicable","1. Not Obscured,1. Not Obscured",,,0,485663,122-08768(R)/WAPITI AVE(L)/(8629-MEADOW CREEK,0,0,"0.Two-way, non-divided","20,20",1. On Roadway,"0,0",I,I.Urban Collector,Other City or Town Streets (not state maintained),Not GUARDRAIL,Not HIT_RUN,"2,12",1,3. Three Approaches,120050174,C,0,0,36.917054,36.917054,3,0.17,Not LRTRUCK,2. Daylight,LOCATED,-76.22977,-76.22977,MAINLINE,MAIN,0,0,0,0,0,Undivided Roadway,"20,20",Not MOTORCYCLE,483460,483460.  SR00170       SR00170      12208629,26905,25385,25817,25227,24688,2,1,0.006,SEC_URBAN,,,,,,,,,0,0,24,0,1,,0,0,,,,,,,,,Not PED,,1,0,Norfolk,122,5,NOT-RD,9. Within Intersection,3,0.00,0.01,1. Straight - Level,1. No Defects,"2. Two-Way, Divided, Unprotected Median",1. Dry,1. Concrete,MEADOW CREEK RD,URB,UR,R-VA122UR08629SB,"Urbanized (Population 200,000 and over)",3. No,"0,0",2472,2178,2198,2118,2169,Not SENIOR,None,"5,5","35,35",Not SPEED,"35,35",483460,0,"2. No,2. No",0,"0,0",3PM TO 6PM,1,1,3. Traffic Signal,1. Yes - Working,Not a Parkway - Trucks and Commercial Vehicles Allowed,"1,2","22. Truck - Sport Utility Vehicle (SUV),9. Bicycle","FORD,BICYCLE","3. Making Left Turn,16. Entering Street From Parking Lot","EXPEDITION,SWISSER",2000,5,5.Hampton Roads,1. No Adverse Condition (Clear/Cloudy),Not Provided,2. No,Not Provided,Not YOUNG