Access Control,Alcohol Notalcohol,Area Type1,A Crash,A People,Basetypedesc,Begin Node Dsc,Belted Unbelted,Bikeage,Bikegen,Bikeinjurytype,Bikevehiclenumber,Bike Nonbike,BMP,B Crash,B People,Carspeedlimit,Collision Type,Comm Cargo Body Type Cd,Comm Vehicle Body Type Cd,Cotedrouteid,Coted Mp,Count App,CRASH_DT (copy),Crash Dt,Crash Event Type Dsc,Crash Military Tm,Crash Severity,Crash Year,Curbgutterdesc,C Crash,C People,Juris Name Used,Area Type Used,First Harmful Event of Entire Crash,MAINLINE,Time Slicing Used,Phy_Juris_Nm,Offset-Ft,Intersection Analysis,Clear,Calculation_9640323132123359,Day Of Week,Deer Nodeer,Direction Of Travel Cd,Distracted Notdistracted,VSP,TOTAL CRASH,Document Nbr,Driverage,Drivergen,Driverinjurytype,Drivervehiclenumber,Driver Action Type Cd,Driver Airbag Deployment,Driver Alcohol Test Type Cd,Driver Condition Type Cd,Driver Distraction Type Cd,Driver Drinking Type Cd,Driver Drug Use Cd,Driver Ejected From Vehicle,Driver Ems Transport Ind,Driver Fled Scene Ind,Driver Safety Equip Used,Driver Vis Obscured Type Cd,Drowsy Notdrowsy,Drug Nodrug,EMP,End Node,End Node Dsc,End Offset,Facility,FAC,First Crash Event Cd,First Harmful Event,Fourth Crash Event Cd,Functionalclass,FUN,Govcondesc,Gr Nogr,Hitrun Not Hitrun,Initial Veh Impact Area Cd,Injury Crashes,Intersection Type,Int Doc,Jurtype,K_CRASH,K People,LAT (copy),LAT,Leftshoulderwidth,Length,Lgtruck Nonlgtruck,Light Condition,Located Unlocated,LON (copy),LON,MAINLINE (group),Mainline Yn,Medianleftshoulderwidth,Medianrightshoulderwidth,Mediantypedesc,Medianwidthmax,Medianwidthmin,Median Type,Most Harmful Crash Event Cd,Motor Nonmotor,Node,Node Info,Node Totaadt2011,Node Totaadt2012,Node Totaadt2013,Node Totaadt2014,Node Totaadt2015,Numberoflane,Number of Records,Offset,Ownership,Passage,Passgen,Passinjurytype,Passvehiclenumber,Pass Airbag Deployment,Pass Ejected From Vehicle,Pass Ems Transport Ind,Pass Safety Equip Used,Pavementconditionvalue,Pavementroughnessvalue,Pavementwidth,Pdo Crash,Total People Killed & Injured,Pedage,Pedestrians Injured,Pedestrians Killed,Pedgen,Pedinjurytype,Pednumber,Ped Action,Ped Al Test,Ped Cond,Ped Drink,Ped Drug,Ped Nonped,Ped Rflct,Persons Injured,Persons Killed,Physical Juris Nm,PJR,VSP_Used,Rd Type,Relation To Roadway,Rightshoulderwidth,RNS_MP (0.25 mi bin),Rns Mp,Roadway Alignment,Roadway Defect,Roadway Description,Roadway Surface Cond,Roadway Surface Type,Route Or Street Nm,Rte Category Cd,Rte Cat,Rte Nm,Ruralurbandesc,School Zone,Second Crash Event Cd,Segtotaadt2011,Segtotaadt2012,Segtotaadt2013,Segtotaadt2014,Segtotaadt2015,Senior Notsenior,Sidewalkdesc,Speed Before,Speed Max Safe,Speed Notspeed,Speed Posted,Start Node,Start Offset,Summons Issued Cd,Surfacedesc,Third Crash Event Cd,Time Slicing,Total Crashes including Property Damage Only,Total Crash,Traffic Control Type,Trfc Ctrl Status Type,Truckcommr,Vehiclenumber,Vehicle Body Type Cd,Vehicle Make Nm,Vehicle Maneuver Type Cd,Vehicle Model Nm,Vehicle Year Nbr,District,District_Used ,Weather Condition,Work Zone Location,Work Zone Related,Work Zone Type,Young Notyoung
No Access Control,Not ALCIHOL,Urban,1,1,Bituminous Concrete (Black Base),99-01656(B)/,Not UNBELTED,16,Male,A,1,BIKE,3.38,0,0,55,2. Angle,"Not Provided,Not Provided","Not Provided,Not Provided",SR00171,3.692,4,12/5/2011,12/5/2011,20. Motor Vehicle In Transport,715,A.Ambulatory Injury,2011,None,0,0,York,Urban,20. Motor Vehicle In Transport,MAIN,6AM TO 9AM,99.York,570,Intersection,Reset Filters,VDOT_OTHER,Monday,Not DEER,"North,East",,5,1,113415125,"16,22","Male,Female","A,PDO","1,2","11. Did Not Have Right-of-Way,1. No Improper Action","3. Unavailable/Not Applicable,2. Not Deployed","Not Applicable,Not Applicable","1. No Defects,1. No Defects","Not Applicable,Not Applicable","1. Had Not Been Drinking,1. Had Not Been Drinking","2. No,2. No","3. Totally Ejected,1. Not Ejected","Yes,No","No,No","8. No Restraint Used,3. Lap and Shoulder Belt","1. Not Obscured,1. Not Obscured",,,4,671002,99-00600(B)/,0,0,"0.Two-way, non-divided","20,22",1. On Roadway,"0,0",H,H.Urban Minor Arterial,State Primary and Interstate,Not GUARDRAIL,Not HIT_RUN,"9,1",1,1. Not at Intersection,113415125,N,0,0,37.12186,37.12186,8,0.42,Not LRTRUCK,2. Daylight,LOCATED,-76.435353,-76.435353,MAINLINE,MAIN,0,0,0,0,0,Undivided Roadway,"20,22",Not MOTORCYCLE,671002,671002.  9900600       9900600       SR00171       SR00171,24171,23699,23806,23058,23468,2,1,0.108,VDOT_PRI,,,,,,,,,0,79,24,0,1,,0,0,,,,,,,,,Not PED,,1,0,York,99,5,NOT-RD,8. Non-Intersection,8,3.50,3.69,1. Straight - Level,1. No Defects,"1. Two-Way, Not Divided",1. Dry,"2. Blacktop, Asphalt, Bituminous",RTE-171,STPRI,SR,R-VA   SR00171EB,"Urbanized (Population 200,000 and over)",3. No,"0,0",18548,18138,18516,17856,18218,Not SENIOR,None,"8,35","55,55",Not SPEED,"55,55",671954,0,"2. No,2. No",0,"0,0",6AM TO 9AM,1,1,6. Traffic Lanes Marked,1. Yes - Working,Not a Parkway - Trucks and Commercial Vehicles Allowed,"1,2","9. Bicycle,1. Passenger car","HUFFY,Ford","15. Other,1. Going Straight Ahead","INNSBRUCK,Escort",20091996,5,5.Hampton Roads,1. No Adverse Condition (Clear/Cloudy),Not Provided,2. No,Not Provided,YOUNG
No Access Control,Not ALCIHOL,Urban,0,0,Bituminous Concrete (Black Base),134-08742(R)/OLD FORGE RD(L)/(8733-S PLAZA TR,Not UNBELTED,13,Male,B,1,BIKE,1.24,1,1,,16. Other,"Not Provided,Not Provided","Not Provided,Not Provided",13408733,1.245,3,6/13/2012,6/13/2012,20. Motor Vehicle In Transport,1754,B.Visiible Injury,2012,Left and Right sides,0,0,Virginia Beach,Urban,20. Motor Vehicle In Transport,MAIN,3PM TO 6PM,134.Virginia Beach,26,Intersection,Reset Filters,VDOT_OTHER,Wednesday,Not DEER,"East,North",,5,1,121735018,"13,48","Male,Male","B,PDO","1,2","22. Disregarded Stop or Yield Sign,1. No Improper Action","3. Unavailable/Not Applicable,2. Not Deployed","4. No Test,4. No Test","1. No Defects,1. No Defects","14. No Driver Distraction,14. No Driver Distraction","1. Had Not Been Drinking,1. Had Not Been Drinking","2. No,2. No","3. Totally Ejected,1. Not Ejected","Yes,No","No,No","9. Not Applicable,3. Lap and Shoulder Belt","1. Not Obscured,1. Not Obscured",,,1,542151,SILINA_DRIVE(R)/SILINA DRIVE(L)/SILINA DR,0,0,"0.Two-way, non-divided","20,22",1. On Roadway,"0,0",H,H.Urban Minor Arterial,Other City or Town Streets (not state maintained),Not GUARDRAIL,Not HIT_RUN,"12,10",1,4. Four Approaches,121735018,C,0,0,36.826238,36.826238,0,0.18,Not LRTRUCK,2. Daylight,LOCATED,-76.109848,-76.109848,MAINLINE,MAIN,0,0,0,0,0,Undivided Roadway,"20,22",Not MOTORCYCLE,542150,542150. 13408733      13408733      13408742,12568,9816,9907,9547,9685,2,1,0.005,SEC_URBAN,,,,,,,,,0,0,40,0,1,,0,0,,,,,,,,,Not PED,,1,0,Virginia Beach,134,5,NOT-RD,9. Within Intersection,0,1.00,1.24,1. Straight - Level,1. No Defects,"1. Two-Way, Not Divided",1. Dry,"2. Blacktop, Asphalt, Bituminous",4100 SOUTH PLAZA TRAIL,URB,UR,R-VA134UR08733SB,"Urbanized (Population 200,000 and over)",3. No,"0,0",11812,9165,9250,8914,8978,Not SENIOR,Left and Right sides,"5,15","25,25",Not SPEED,"25,25",542150,0,"2. No,2. No",0,"0,0",3PM TO 6PM,1,1,6. Traffic Lanes Marked,1. Yes - Working,Not a Parkway - Trucks and Commercial Vehicles Allowed,"1,2","9. Bicycle,2. Truck - Pick-up/Passenger Truck",Ford,"1. Going Straight Ahead,1. Going Straight Ahead","BICYCLE,Super Duty F-350 DRW",2006,5,5.Hampton Roads,1. No Adverse Condition (Clear/Cloudy),Not Provided,2. No,Not Provided,Not YOUNG
No Access Control,Not ALCIHOL,Urban,0,0,Bituminous Concrete (Black Base),SR-00194(B)/BAYVIEW BLVD,Not UNBELTED,15,Male,B,2,BIKE,1.13,1,1,,2. Angle,"Not Provided,Not Provided","Not Provided,Not Provided",12208618,1.135,4,6/13/2012,6/13/2012,22. Bicycle,1300,B.Visiible Injury,2012,Left and Right sides,0,0,Norfolk,Urban,22. Bicycle,MAIN,12PM TO 3PM,122.Norfolk,26,Intersection,Reset Filters,VDOT_OTHER,Wednesday,Not DEER,"West,South",,5,1,121980073,"47,15","Male,Male","PDO,B","1,2","11. Did Not Have Right-of-Way,37. Other","2. Not Deployed,3. Unavailable/Not Applicable","4. No Test,4. No Test","1. No Defects,1. No Defects","Not Applicable,Not Applicable","1. Had Not Been Drinking,1. Had Not Been Drinking","2. No,2. No","1. Not Ejected,1. Not Ejected","No,No","No,No","Not Provided,Not Provided","1. Not Obscured,1. Not Obscured",,,1,485539,WAYLAND STREET(R)/,0,0,"0.Two-way, non-divided","22,20",1. On Roadway,"0,0",H,H.Urban Minor Arterial,Other City or Town Streets (not state maintained),Not GUARDRAIL,Not HIT_RUN,"12,9",1,4. Four Approaches,121980073,C,0,0,36.933867,36.933867,0,0.12,LRTRUCK,2. Daylight,LOCATED,-76.244259,-76.244259,MAINLINE,MAIN,0,0,0,0,0,Undivided Roadway,"22,39",Not MOTORCYCLE,483498,483498.  SR00194       SR00194      12208618      12208618,26964,26044,26284,25330,25314,2,1,0.005,SEC_URBAN,,,,,,,,,0,0,34,0,1,,0,0,,,,,,,,,Not PED,,1,0,Norfolk,122,5,NOT-RD,9. Within Intersection,0,1.00,1.14,1. Straight - Level,1. No Defects,"3. Two-Way, Divided, Positive Median Barrier",1. Dry,"2. Blacktop, Asphalt, Bituminous",8600 CHESAPEAKE BLVD,URB,UR,R-VA122UR08618EB,"Urbanized (Population 200,000 and over)",3. No,"0,39",6816,6050,6106,5884,5502,Not SENIOR,Left and Right sides,,"30,0",Not SPEED,"30,0",483498,0,"1. Yes,2. No",0,"0,0",12PM TO 3PM,1,1,3. Traffic Signal,1. Yes - Working,Not a Parkway - Trucks and Commercial Vehicles Allowed,"1,2","23. Truck - Single Unit Truck (3 Axles or More),9. Bicycle",CRANE,"2. Making Right Turn,1. Going Straight Ahead",LCF40,2007,5,5.Hampton Roads,1. No Adverse Condition (Clear/Cloudy),Not Provided,2. No,Not Provided,YOUNG
No Access Control,Not ALCIHOL,Rural,0,0,"N/A, Unknown, or Unstabilized",OLIE LANE(R)/,Not UNBELTED,21,Female,C,2,BIKE,1.71,0,0,,2. Angle,"Not Provided,Not Provided","Not Provided,Not Provided",19000002,1.712,3,6/14/2012,6/14/2012,22. Bicycle,2100,C.Non-Visible Injury,2012,None,1,1,Chincoteaque,Rural,22. Bicycle,MAIN,6PM TO 9PM,190.Chincoteaque,380,Intersection,Reset Filters,VDOT_OTHER,Thursday,Not DEER,"East,North",,5,1,122235138,"64,21","Female,Female","PDO,C","1,2","11. Did Not Have Right-of-Way,1. No Improper Action","2. Not Deployed,3. Unavailable/Not Applicable","4. No Test,4. No Test","2. Eyesight Defective,1. No Defects","14. No Driver Distraction,14. No Driver Distraction","1. Had Not Been Drinking,1. Had Not Been Drinking","3. Unknown,2. No","1. Not Ejected,1. Not Ejected","No,No","No,No","3. Lap and Shoulder Belt,9. Not Applicable","1. Not Obscured,1. Not Obscured",,,2,715205,BAYBERRY LN.(R)/,0,0,"0.Two-way, non-divided","22,20",1. On Roadway,"0,0",5,5.Rural Minor Collector,Other City or Town Streets (not state maintained),Not GUARDRAIL,Not HIT_RUN,"2,12",1,3. Three Approaches,122235138,T,0,0,37.929007,37.929007,2,0.03,Not LRTRUCK,5. Darkness - Road Not Lighted,LOCATED,-75.366505,-75.366505,MAINLINE,MAIN,0,0,0,0,0,Undivided Roadway,"22,20",Not MOTORCYCLE,105966,105966. 19000002      19000002      19000003,6278,6336,6394,6686,6747,2,1,0.072,VDOT_SEC,,,,,,,,,0,0,18,0,1,,0,0,,,,,,,,,Not PED,,1,0,Chincoteaque,190,5,NOT-RD,9. Within Intersection,2,1.50,1.71,1. Straight - Level,1. No Defects,"1. Two-Way, Not Divided","11. Sand, Dirt, Gravel","4. Slag, Gravel, Stone",CHICKEN CITY RD,URB,UR,R-VA190UR00002NB,Rural,3. No,"0,0",5402,5452,5502,6077,6133,Not SENIOR,None,"5,10","25,25",Not SPEED,"25,25",715204,0,"2. No,2. No",0,"0,0",6PM TO 9PM,1,1,1. No Traffic Control,6. No Traffic Control Device Present,Not a Parkway - Trucks and Commercial Vehicles Allowed,"1,2","1. Passenger car,9. Bicycle","FORD,BICYCLE","3. Making Left Turn,1. Going Straight Ahead","MUSTANG,0000",,5,5.Hampton Roads,1. No Adverse Condition (Clear/Cloudy),Not Provided,2. No,Not Provided,Not YOUNG
No Access Control,Not ALCIHOL,Urban,0,0,Portland Cement Concrete,BICKEL ST(B)/,Not UNBELTED,50,Not Provided,C,2,BIKE,0.1,0,0,,2. Angle,"Not Provided,Not Provided","Not Provided,Not Provided",SR00405,0.21,4,6/14/2012,6/14/2012,22. Bicycle,1310,C.Non-Visible Injury,2012,Left and Right sides,1,1,Norfolk,Urban,22. Bicycle,MAIN,12PM TO 3PM,122.Norfolk,898,Intersection,Reset Filters,VDOT_OTHER,Thursday,Not DEER,"East,North",,5,1,121990179,50,"Not Provided,Not Provided","PDO,C","1,2","34. Hit and Run,1. No Improper Action","Not Provided,3. Unavailable/Not Applicable","Not Applicable,Not Applicable","9. Unknown,1. No Defects","Not Applicable,Not Applicable","6. Unknown,1. Had Not Been Drinking","3. Unknown,2. No","Not Provided,1. Not Ejected","NotProvided,Yes","Yes,No","Not Provided,9. Not Applicable","Not Applicable,1. Not Obscured",,,0,483814,122-08588(L)/CORPREW AVE(R)/,0,1,"1.Divided, no control of access","22,20",1. On Roadway,"0,0",H,H.Urban Minor Arterial,Urban Extensions - Primary Routes,Not GUARDRAIL,HIT_RUN,"12,0",1,4. Four Approaches,121990179,C,0,0,36.848094,36.848094,0,0.3,Not LRTRUCK,2. Daylight,LOCATED,-76.251277,-76.251277,MAINLINE,MAIN,0,0,0,10,10,Divided Roadway,"22,20",Not MOTORCYCLE,483812,483812.  IS00264W012A  SR00405       SR00405       SR00405 000B,24224,24832,27842,27071,28280,4,1,0.17,PRI_URBAN,,,,,,,,,0,0,48,0,1,,0,0,,,,,,,,,Not PED,,1,0,Norfolk,122,5,NOT-RD,9. Within Intersection,0,0.00,0.21,1. Straight - Level,1. No Defects,"2. Two-Way, Divided, Unprotected Median",1. Dry,"2. Blacktop, Asphalt, Bituminous",800 BLK BALLENTINE BLVD,STPRI,SR,R-VA   SR00405SB,"Urbanized (Population 200,000 and over)",3. No,"0,0",24224,21049,21243,20472,21681,Not SENIOR,Left and Right sides,,"0,0",Not SPEED,"0,0",483813,0,"Not Provided,2. No",0,"0,0",12PM TO 3PM,1,1,3. Traffic Signal,1. Yes - Working,Not a Parkway - Trucks and Commercial Vehicles Allowed,"1,2","1. Passenger car,9. Bicycle",,"2. Making Right Turn,1. Going Straight Ahead",BICYCLE,,5,5.Hampton Roads,1. No Adverse Condition (Clear/Cloudy),Not Provided,2. No,Not Provided,Not YOUNG
,Not ALCIHOL,Urban,0,0,,,Not UNBELTED,6,Female,B,2,BIKE,,1,1,,16. Other,"Not Provided,Not Provided","Not Provided,Not Provided",,,,6/15/2012,6/15/2012,22. Bicycle,1906,B.Visiible Injury,2012,,0,0,Virginia Beach,Urban,22. Bicycle,MAIN,6PM TO 9PM,134.Virginia Beach,,Not Intersection,Reset Filters,VDOT_OTHER,Friday,Not DEER,"East,North",,5,1,121715018,"18,6","Female,Female","PDO,B","1,2","1. No Improper Action,37. Other","2. Not Deployed,3. Unavailable/Not Applicable","4. No Test,4. No Test","1. No Defects,1. No Defects","14. No Driver Distraction,14. No Driver Distraction","1. Had Not Been Drinking,1. Had Not Been Drinking","2. No,2. No","1. Not Ejected,3. Totally Ejected","NotProvided,No","No,No","3. Lap and Shoulder Belt,5. Helmet","1. Not Obscured,1. Not Obscured",,,,,,,,,"22,20",1. On Roadway,"0,0",,,,Not GUARDRAIL,Not HIT_RUN,"12,9",1,1. Not at Intersection,,C,0,0,36.868845,36.868845,,,Not LRTRUCK,2. Daylight,UNLOCATED,-76.173328,-76.173328,MAINLINE,,,,,,,,"22,20",Not MOTORCYCLE,,.,,,,,,,1,,SEC_URBAN,,,,,,,,,,,,0,1,,0,0,,,,,,,,,Not PED,,1,0,Virginia Beach,134,5,NOT-RD,8. Non-Intersection,,,,1. Straight - Level,1. No Defects,"1. Two-Way, Not Divided",1. Dry,"2. Blacktop, Asphalt, Bituminous",5509 HOLLOWED HALLS RD,UNKWN,SC,U-VA134SC99999UK,,3. No,"0,0",,,,,,Not SENIOR,,10,25,Not SPEED,25,,,"1. Yes,2. No",,"0,0",6PM TO 9PM,1,1,1. No Traffic Control,6. No Traffic Control Device Present,,"1,2","22. Truck - Sport Utility Vehicle (SUV),9. Bicycle","Kia,UNKNOWN","1. Going Straight Ahead,15. Other","Sportage,BICYCLE",2000,5,5.Hampton Roads,1. No Adverse Condition (Clear/Cloudy),Not Provided,2. No,Not Provided,YOUNG
,Not ALCIHOL,Urban,0,0,,,Not UNBELTED,18,Male,PDO,1,BIKE,,0,0,,2. Angle,"Not Provided,Not Provided","Not Provided,Not Provided",,,,6/20/2012,6/20/2012,20. Motor Vehicle In Transport,2015,PDO.Property Damage Only,2012,,0,0,Hampton,Urban,20. Motor Vehicle In Transport,MAIN,6PM TO 9PM,114.Hampton,,Not Intersection,Reset Filters,VDOT_OTHER,Wednesday,Not DEER,"South,West",DISTRACTED,5,1,122570028,"18,27","Male,Male","PDO,PDO","1,2","22. Disregarded Stop or Yield Sign,1. No Improper Action","3. Unavailable/Not Applicable,2. Not Deployed","4. No Test,4. No Test","1. No Defects,1. No Defects","11. Other,Not Applicable","1. Had Not Been Drinking,1. Had Not Been Drinking","2. No,2. No","1. Not Ejected,1. Not Ejected","No,No","No,No","9. Not Applicable,3. Lap and Shoulder Belt","1. Not Obscured,1. Not Obscured",,,,,,,,,"20,22",1. On Roadway,"0,0",,,,Not GUARDRAIL,Not HIT_RUN,"8,2",0,4. Four Approaches,,C,0,0,37.036485,37.036485,,,Not LRTRUCK,3. Dusk,UNLOCATED,-76.311501,-76.311501,MAINLINE,,,,,,,,"20,22",Not MOTORCYCLE,,.,,,,,,,1,,SEC_URBAN,,,,,,,,,,,,1,0,,0,0,,,,,,,,,Not PED,,0,0,Hampton,114,5,NOT-RD,9. Within Intersection,,,,1. Straight - Level,1. No Defects,"1. Two-Way, Not Divided",1. Dry,"2. Blacktop, Asphalt, Bituminous",SMILEY ROAD,UNKWN,SC,U-VA114SC99999UK,,3. No,"0,0",,,,,,Not SENIOR,,"11,26","0,25",SPEED,"25,25",,,"1. Yes,2. No",,"0,0",6PM TO 9PM,1,1,4. Stop Sign,1. Yes - Working,,"1,2","9. Bicycle,1. Passenger car",FORD,"1. Going Straight Ahead,1. Going Straight Ahead",FUSION,2012,5,5.Hampton Roads,1. No Adverse Condition (Clear/Cloudy),Not Provided,2. No,Not Provided,YOUNG
No Access Control,Not ALCIHOL,Urban,0,0,Bituminous Concrete (Black Base),WILLOW OAKS BLVD(R)/,Not UNBELTED,21,Male,B,1,BIKE,5.94,1,1,,4. Sideswipe - Same Direction,"Not Provided,Not Provided","Not Provided,Not Provided",SR00169,6.029,3,6/21/2012,6/21/2012,22. Bicycle,1240,B.Visiible Injury,2012,Left and Right sides,0,0,Hampton,Urban,22. Bicycle,MAIN,12PM TO 3PM,114.Hampton,375,Intersection,Reset Filters,VDOT_OTHER,Thursday,Not DEER,"West,West",,5,1,122840035,"21,76","Male,Male","B,PDO","1,2","11. Did Not Have Right-of-Way,1. No Improper Action","3. Unavailable/Not Applicable,2. Not Deployed","Not Applicable,Not Applicable","1. No Defects,1. No Defects","Not Applicable,Not Applicable","1. Had Not Been Drinking,1. Had Not Been Drinking","2. No,2. No","3. Totally Ejected,1. Not Ejected","No,No","No,No","9. Not Applicable,3. Lap and Shoulder Belt","1. Not Obscured,1. Not Obscured",,,6,253117,114-07041(R)/CLEMWOOD PKWY,0,0,"0.Two-way, non-divided","20,22",1. On Roadway,"0,0",H,H.Urban Minor Arterial,Urban Extensions - Primary Routes,Not GUARDRAIL,Not HIT_RUN,"6,1",1,1. Not at Intersection,122840035,C,0,0,37.054547,37.054547,0,0.16,Not LRTRUCK,2. Daylight,LOCATED,-76.330767,-76.330767,MAINLINE,MAIN,0,0,0,0,0,Undivided Roadway,"20,22",Not MOTORCYCLE,253117,253117.  SR00169       SR00169      11407041,24131,23597,23540,22701,23162,4,1,0.071,PRI_URBAN,,,,,,,,,3.7,0,48,0,1,,0,0,,,,,,,,,Not PED,,1,0,Hampton,114,5,NOT-RD,10. Intersection Related - Within 150 Feet,0,6.00,6.03,1. Straight - Level,1. No Defects,"2. Two-Way, Divided, Unprotected Median",1. Dry,"2. Blacktop, Asphalt, Bituminous",FOX HILL RD,STPRI,SR,R-VA   SR00169NB,"Urbanized (Population 200,000 and over)",3. No,"0,0",20308,19858,18942,18267,18638,SENIOR,Left and Right sides,"8,30","35,35",Not SPEED,"35,35",253116,0.29,"1. Yes,2. No",0,"0,0",12PM TO 3PM,1,1,6. Traffic Lanes Marked,1. Yes - Working,Not a Parkway - Trucks and Commercial Vehicles Allowed,"1,2","9. Bicycle,3. Van","PACIFIC,FORD","6. Merging Into Traffic Lane,1. Going Straight Ahead","MOUNTAIN BIKE,WINDSTAR",2007,5,5.Hampton Roads,1. No Adverse Condition (Clear/Cloudy),Not Provided,2. No,Not Provided,Not YOUNG
No Access Control,Not ALCIHOL,Urban,0,0,Bituminous Concrete (Black Base),SR-00152(B)/,Not UNBELTED,57,Female,B,2,BIKE,52.44,1,1,,2. Angle,"Not Provided,Not Provided","Not Provided,Not Provided",US00017,52.72,4,6/22/2012,6/22/2012,22. Bicycle,1630,B.Visiible Injury,2012,Left and Right sides,0,0,Newport News,Urban,22. Bicycle,MAIN,3PM TO 6PM,121.Newport News,"1,478",Intersection,Reset Filters,VDOT_OTHER,Friday,Not DEER,"East,South",,5,1,122080205,"61,57","Female,Female","PDO,B","1,2","11. Did Not Have Right-of-Way,1. No Improper Action","2. Not Deployed,3. Unavailable/Not Applicable","4. No Test,Not Applicable","1. No Defects,1. No Defects","Not Applicable,Not Applicable","1. Had Not Been Drinking,1. Had Not Been Drinking","2. No,2. No","1. Not Ejected,3. Totally Ejected","No,No","No,No","3. Lap and Shoulder Belt,9. Not Applicable","14. Blind Spot,1. Not Obscured",,,53,646007,HEMLOCK RD,0,1,"1.Divided, no control of access","22,20",1. On Roadway,"0,0",E,E.Urban Other Principle Arterials; Connecting Links of Other Rural Principal Arterial,Urban Extensions - Primary Routes,Not GUARDRAIL,Not HIT_RUN,"12,3",1,4. Four Approaches,122080205,C,0,0,37.040854,37.040854,0,0.72,Not LRTRUCK,2. Daylight,LOCATED,-76.458063,-76.458063,MAINLINE,MAIN,0,0,Curbed Grass,14,4,Divided Roadway,"22,20",Not MOTORCYCLE,646008,646008.  SR00152       SR00152       US00017       US00017,52303,53662,49446,49228,49582,6,1,0.28,PRI_URBAN,,,,,,,,,0,179,72,0,1,,0,0,,,,,,,,,Not PED,,1,0,Newport News,121,5,NOT-RD,10. Intersection Related - Within 150 Feet,0,52.50,52.72,1. Straight - Level,1. No Defects,"3. Two-Way, Divided, Positive Median Barrier",1. Dry,"2. Blacktop, Asphalt, Bituminous",FRANCISCO WAY,USPRI,US,R-VA   US00017SB,"Urbanized (Population 200,000 and over)",3. No,"0,0",44461,46718,38625,38774,38924,Not SENIOR,Left and Right sides,"5,10","25,45",Not SPEED,"25,45",646008,0,"1. Yes,2. No",0,"0,0",3PM TO 6PM,1,1,4. Stop Sign,1. Yes - Working,Designated Truck Route - D2,"1,2","1. Passenger car,9. Bicycle",JEEP,"2. Making Right Turn,1. Going Straight Ahead",CHEROKEE,2004,5,5.Hampton Roads,1. No Adverse Condition (Clear/Cloudy),Not Provided,2. No,Not Provided,Not YOUNG
No Access Control,Not ALCIHOL,Urban,0,0,Bituminous Concrete (Black Base),134-08717(B)/ROSEMONT RD,Not UNBELTED,58,Male,B,2,BIKE,1.44,1,1,,2. Angle,"Not Provided,Not Provided","Not Provided,Not Provided",13408739,1.462,4,6/23/2012,6/23/2012,22. Bicycle,1107,B.Visiible Injury,2012,Left and Right sides,0,0,Virginia Beach,Urban,22. Bicycle,MAIN,9AM TO 12PM,134.Virginia Beach,116,Intersection,Reset Filters,VDOT_OTHER,Saturday,Not DEER,"East,North",,5,1,122045081,"45,58","Male,Male","PDO,B","1,2","1. No Improper Action,1. No Improper Action","2. Not Deployed,3. Unavailable/Not Applicable","4. No Test,4. No Test","1. No Defects,1. No Defects","14. No Driver Distraction,14. No Driver Distraction","1. Had Not Been Drinking,1. Had Not Been Drinking","2. No,2. No","1. Not Ejected,1. Not Ejected","No,NotProvided","No,No","3. Lap and Shoulder Belt,9. Not Applicable","1. Not Obscured,1. Not Obscured",,,2,542252,MOUNTAIN DR(B)/,0,0,"0.Two-way, non-divided","22,20",1. On Roadway,"0,0",H,H.Urban Minor Arterial,Other City or Town Streets (not state maintained),Not GUARDRAIL,Not HIT_RUN,"1,12",1,4. Four Approaches,122045081,C,0,0,36.795747,36.795747,0,0.12,Not LRTRUCK,2. Daylight,LOCATED,-76.098792,-76.098792,MAINLINE,MAIN,0,0,0,0,0,Undivided Roadway,"22,20",Not MOTORCYCLE,541940,541940. 13408717      13408717      13408739      13408739,45140,46263,46690,44996,46353,2,1,0.022,SEC_URBAN,,,,,,,,,0,0,54,0,1,,0,0,,,,,,,,,Not PED,,1,0,Virginia Beach,134,5,NOT-RD,9. Within Intersection,0,1.25,1.46,1. Straight - Level,1. No Defects,"3. Two-Way, Divided, Positive Median Barrier",1. Dry,1. Concrete,1200 S. ROSEMONT RD.,URB,UR,R-VA134UR08739SB,"Urbanized (Population 200,000 and over)",3. No,"0,0",20822,19218,19395,18691,19298,Not SENIOR,Left and Right sides,"5,5","45,5",Not SPEED,"45,5",541940,0,"2. No,2. No",0,"0,0",9AM TO 12PM,1,1,3. Traffic Signal,1. Yes - Working,Not a Parkway - Trucks and Commercial Vehicles Allowed,"1,2","1. Passenger car,9. Bicycle",PLYMOUTH,"16. Entering Street From Parking Lot,1. Going Straight Ahead","NEON,BICYCLE",1999,5,5.Hampton Roads,1. No Adverse Condition (Clear/Cloudy),Not Provided,2. No,Not Provided,Not YOUNG