Access Control,Alcohol Notalcohol,Area Type1,A Crash,A People,Basetypedesc,Begin Node Dsc,Belted Unbelted,Bikeage,Bikegen,Bikeinjurytype,Bikevehiclenumber,Bike Nonbike,BMP,B Crash,B People,Carspeedlimit,Collision Type,Comm Cargo Body Type Cd,Comm Vehicle Body Type Cd,Cotedrouteid,Coted Mp,Count App,CRASH_DT (copy),Crash Dt,Crash Event Type Dsc,Crash Military Tm,Crash Severity,Crash Year,Curbgutterdesc,C Crash,C People,Juris Name Used,Area Type Used,First Harmful Event of Entire Crash,MAINLINE,Time Slicing Used,Phy_Juris_Nm,Offset-Ft,Intersection Analysis,Clear,Calculation_9640323132123359,Day Of Week,Deer Nodeer,Direction Of Travel Cd,Distracted Notdistracted,VSP,TOTAL CRASH,Document Nbr,Driverage,Drivergen,Driverinjurytype,Drivervehiclenumber,Driver Action Type Cd,Driver Airbag Deployment,Driver Alcohol Test Type Cd,Driver Condition Type Cd,Driver Distraction Type Cd,Driver Drinking Type Cd,Driver Drug Use Cd,Driver Ejected From Vehicle,Driver Ems Transport Ind,Driver Fled Scene Ind,Driver Safety Equip Used,Driver Vis Obscured Type Cd,Drowsy Notdrowsy,Drug Nodrug,EMP,End Node,End Node Dsc,End Offset,Facility,FAC,First Crash Event Cd,First Harmful Event,Fourth Crash Event Cd,Functionalclass,FUN,Govcondesc,Gr Nogr,Hitrun Not Hitrun,Initial Veh Impact Area Cd,Injury Crashes,Intersection Type,Int Doc,Jurtype,K_CRASH,K People,LAT (copy),LAT,Leftshoulderwidth,Length,Lgtruck Nonlgtruck,Light Condition,Located Unlocated,LON (copy),LON,MAINLINE (group),Mainline Yn,Medianleftshoulderwidth,Medianrightshoulderwidth,Mediantypedesc,Medianwidthmax,Medianwidthmin,Median Type,Most Harmful Crash Event Cd,Motor Nonmotor,Node,Node Info,Node Totaadt2011,Node Totaadt2012,Node Totaadt2013,Node Totaadt2014,Node Totaadt2015,Numberoflane,Number of Records,Offset,Ownership,Passage,Passgen,Passinjurytype,Passvehiclenumber,Pass Airbag Deployment,Pass Ejected From Vehicle,Pass Ems Transport Ind,Pass Safety Equip Used,Pavementconditionvalue,Pavementroughnessvalue,Pavementwidth,Pdo Crash,Total People Killed & Injured,Pedage,Pedestrians Injured,Pedestrians Killed,Pedgen,Pedinjurytype,Pednumber,Ped Action,Ped Al Test,Ped Cond,Ped Drink,Ped Drug,Ped Nonped,Ped Rflct,Persons Injured,Persons Killed,Physical Juris Nm,PJR,VSP_Used,Rd Type,Relation To Roadway,Rightshoulderwidth,RNS_MP (0.25 mi bin),Rns Mp,Roadway Alignment,Roadway Defect,Roadway Description,Roadway Surface Cond,Roadway Surface Type,Route Or Street Nm,Rte Category Cd,Rte Cat,Rte Nm,Ruralurbandesc,School Zone,Second Crash Event Cd,Segtotaadt2011,Segtotaadt2012,Segtotaadt2013,Segtotaadt2014,Segtotaadt2015,Senior Notsenior,Sidewalkdesc,Speed Before,Speed Max Safe,Speed Notspeed,Speed Posted,Start Node,Start Offset,Summons Issued Cd,Surfacedesc,Third Crash Event Cd,Time Slicing,Total Crashes including Property Damage Only,Total Crash,Traffic Control Type,Trfc Ctrl Status Type,Truckcommr,Vehiclenumber,Vehicle Body Type Cd,Vehicle Make Nm,Vehicle Maneuver Type Cd,Vehicle Model Nm,Vehicle Year Nbr,District,District_Used ,Weather Condition,Work Zone Location,Work Zone Related,Work Zone Type,Young Notyoung
No Access Control,Not ALCIHOL,Urban,0,0,"N/A, Unknown, or Unstabilized",122-08780(L)/LINDENWOOD AV,Not UNBELTED,51,Female,C,2,BIKE,24.81,0,0,,2. Angle,"Not Provided,Not Provided","Not Provided,Not Provided",SR00168,25.086,4,12/21/2011,12/21/2011,22. Bicycle,745,C.Non-Visible Injury,2011,Left and Right sides,1,1,Norfolk,Urban,22. Bicycle,MAIN,6AM TO 9AM,122.Norfolk,"1,658",Intersection,Reset Filters,VDOT_OTHER,Wednesday,Not DEER,"North,South",,5,1,120180589,"53,51","Female,Female","PDO,C","1,2","1. No Improper Action,37. Other","2. Not Deployed,3. Unavailable/Not Applicable","Not Applicable,Not Applicable","1. No Defects,1. No Defects","Not Applicable,Not Applicable","6. Unknown,6. Unknown","3. Unknown,3. Unknown","1. Not Ejected,1. Not Ejected","No,No","No,No","3. Lap and Shoulder Belt,9. Not Applicable","1. Not Obscured,1. Not Obscured",,,25,483419,SR-00247(B)/,0,0,"0.Two-way, non-divided","22,22",1. On Roadway,"0,0",E,E.Urban Other Principle Arterials; Connecting Links of Other Rural Principal Arterial,Urban Extensions - Primary Routes,Not GUARDRAIL,Not HIT_RUN,"0,0",1,1. Not at Intersection,120180589,C,0,0,36.8731,36.8731,0,0.59,Not LRTRUCK,2. Daylight,LOCATED,-76.265181,-76.265181,MAINLINE,MAIN,0,0,0,0,0,Undivided Roadway,"22,22",Not MOTORCYCLE,483419,483419.  SR00168       SR00168       SR00247       SR00247,50170,46601,47285,46016,50378,4,1,0.314,PRI_URBAN,,,,,,,,,0,227,48,0,1,,0,0,,,,,,,,,Not PED,,1,0,Norfolk,122,5,NOT-RD,8. Non-Intersection,0,25.00,25.09,1. Straight - Level,1. No Defects,"2. Two-Way, Divided, Unprotected Median",1. Dry,"2. Blacktop, Asphalt, Bituminous",2838 TIDEWATER DR,STPRI,SR,R-VA   SR00168NB,"Urbanized (Population 200,000 and over)",3. No,"0,0",28657,25727,26174,25591,30470,Not SENIOR,None,5,"45,0",SPEED,"45,0",483418,0.22,"2. No,2. No",0,"0,0",6AM TO 9AM,1,1,1. No Traffic Control,6. No Traffic Control Device Present,Not a Parkway - Trucks and Commercial Vehicles Allowed,"1,2","1. Passenger car,9. Bicycle",FORD,"2. Making Right Turn,1. Going Straight Ahead",TAURUS,2010,5,5.Hampton Roads,1. No Adverse Condition (Clear/Cloudy),Not Provided,2. No,Not Provided,Not YOUNG
No Access Control,Not ALCIHOL,Urban,0,0,Bituminous Concrete (Black Base),0MERA PLACE(R)/,Not UNBELTED,38,Female,B,2,BIKE,1.37,1,1,,3. Head On,"Not Provided,Not Provided","Not Provided,Not Provided",11407017,1.465,3,7/5/2012,7/5/2012,20. Motor Vehicle In Transport,1227,B.Visiible Injury,2012,None,0,0,Hampton,Urban,20. Motor Vehicle In Transport,MAIN,12PM TO 3PM,114.Hampton,26,Intersection,Reset Filters,VDOT_OTHER,Thursday,Not DEER,"North,West",,5,1,122840109,"39,38","Female,Female","PDO,B","1,2","11. Did Not Have Right-of-Way,1. No Improper Action","2. Not Deployed,3. Unavailable/Not Applicable","4. No Test,4. No Test","1. No Defects,1. No Defects","Not Applicable,Not Applicable","1. Had Not Been Drinking,1. Had Not Been Drinking","2. No,2. No","1. Not Ejected,1. Not Ejected","No,No","No,No","3. Lap and Shoulder Belt,9. Not Applicable","1. Not Obscured,1. Not Obscured",,,1,253058,SR-00152(B)/WHEALTON RD,0,0,"0.Two-way, non-divided","20,20",1. On Roadway,"0,0",I,I.Urban Collector,Other City or Town Streets (not state maintained),Not GUARDRAIL,Not HIT_RUN,"12,8",1,3. Three Approaches,122840109,C,0,0,37.042774,37.042774,4,0.1,Not LRTRUCK,2. Daylight,LOCATED,-76.433013,-76.433013,MAINLINE,MAIN,0,0,0,0,0,Undivided Roadway,"20,20",Not MOTORCYCLE,253058,253058.  SR00152       SR00152      11407017,18978,18558,20628,19893,20296,2,1,0.005,SEC_URBAN,,,,,,,,,0,0,28,0,1,,0,0,,,,,,,,,Not PED,,1,0,Hampton,114,5,NOT-RD,9. Within Intersection,4,1.25,1.47,1. Straight - Level,1. No Defects,"1. Two-Way, Not Divided",1. Dry,"2. Blacktop, Asphalt, Bituminous",whealton rd,URB,UR,R-VA114UR07017SB,"Urbanized (Population 200,000 and over)",3. No,"0,0",4022,3933,3725,3592,3665,Not SENIOR,None,2,"35,35",Not SPEED,"35,35",253310,0.19,"1. Yes,2. No",0,"0,0",12PM TO 3PM,1,1,3. Traffic Signal,1. Yes - Working,Not a Parkway - Trucks and Commercial Vehicles Allowed,"1,2","1. Passenger car,9. Bicycle","dodge,NEX","2. Making Right Turn,1. Going Straight Ahead","magnum,BICYCLE",2008,5,5.Hampton Roads,1. No Adverse Condition (Clear/Cloudy),Not Provided,2. No,Not Provided,Not YOUNG
No Access Control,Not ALCIHOL,Urban,0,0,Bituminous Concrete (Black Base),VIKING DRIVE(B)/,Not UNBELTED,19,Female,B,1,BIKE,2.45,1,1,,2. Angle,"Not Provided,Not Provided","Not Provided,Not Provided",13400014,2.732,4,7/6/2012,7/6/2012,20. Motor Vehicle In Transport,1045,B.Visiible Injury,2012,Left and Right sides,0,0,Virginia Beach,Urban,20. Motor Vehicle In Transport,MAIN,9AM TO 12PM,134.Virginia Beach,42,Intersection,Reset Filters,VDOT_OTHER,Friday,Not DEER,"West,South",,5,1,121945048,"19,64","Female,Female","B,PDO","1,2","11. Did Not Have Right-of-Way,1. No Improper Action","3. Unavailable/Not Applicable,2. Not Deployed","Not Applicable,Not Applicable","1. No Defects,1. No Defects","Not Applicable,Not Applicable","1. Had Not Been Drinking,1. Had Not Been Drinking","2. No,2. No","1. Not Ejected,1. Not Ejected","Yes,No","No,No","5. Helmet,3. Lap and Shoulder Belt","1. Not Obscured,1. Not Obscured",,,3,541294,134-08726(B)/S LYNNHAVEN RD,0,1,"1.Divided, no control of access","20,22",1. On Roadway,"0,0",H,H.Urban Minor Arterial,Other City or Town Streets (not state maintained),Not GUARDRAIL,Not HIT_RUN,"12,10",1,4. Four Approaches,121945048,C,0,0,36.833266,36.833266,0,0.29,Not LRTRUCK,2. Daylight,LOCATED,-76.067585,-76.067585,MAINLINE,MAIN,0,0,Curbed Grass,22,4,Divided Roadway,"20,22",Not MOTORCYCLE,541294,541294. 13400014      13400014      13408726      13408726,56874,47841,48283,46530,48567,6,1,0.008,SEC_URBAN,,,,,,,,,4.3,0,76,0,1,,0,0,,,,,,,,,Not PED,,1,0,Virginia Beach,134,5,NOT-RD,9. Within Intersection,0,2.50,2.74,1. Straight - Level,1. No Defects,"3. Two-Way, Divided, Positive Median Barrier",1. Dry,"2. Blacktop, Asphalt, Bituminous",500 LYNNHAVEN PARKWAY,URB,UR,R-VA134UR00014SB,"Urbanized (Population 200,000 and over)",3. No,"0,0",34847,29835,30110,29018,33206,Not SENIOR,Left side,"10,20","35,35",Not SPEED,"35,35",735014,0,"2. No,2. No",0,"0,0",9AM TO 12PM,1,1,3. Traffic Signal,1. Yes - Working,Truck Access System,"1,2","9. Bicycle,22. Truck - Sport Utility Vehicle (SUV)","HUFFY,TOYOTA","1. Going Straight Ahead,1. Going Straight Ahead","MOUNTAIN BIKE,SEQUOIA",20102005,5,5.Hampton Roads,1. No Adverse Condition (Clear/Cloudy),Not Provided,2. No,Not Provided,YOUNG
No Access Control,Not ALCIHOL,Urban,1,1,"N/A, Unknown, or Unstabilized",WILLIAMSBURG AVENUE(B)/,Not UNBELTED,59,Male,A,1,BIKE,0.39,0,0,,4. Sideswipe - Same Direction,"Not Provided,Not Provided","Not Provided,Not Provided",12408539,0.443,3,7/7/2012,7/7/2012,20. Motor Vehicle In Transport,1153,A.Ambulatory Injury,2012,Left and Right sides,0,0,Portsmouth,Urban,20. Motor Vehicle In Transport,MAIN,9AM TO 12PM,124.Portsmouth,143,Intersection,Reset Filters,VDOT_OTHER,Saturday,Not DEER,"West,West",,5,1,121955135,"59,27","Male,Male","A,PDO","1,2","41. Improper Passing,1. No Improper Action","3. Unavailable/Not Applicable,2. Not Deployed","Not Applicable,Not Applicable","1. No Defects,1. No Defects","Not Applicable,Not Applicable","Not Applicable,1. Had Not Been Drinking","3. Unknown,2. No","1. Not Ejected,1. Not Ejected","Yes,No","No,No","9. Not Applicable,3. Lap and Shoulder Belt","1. Not Obscured,Not Applicable",,,0,484084,124-08553(L)/PENINSULA AVENUE(R)/,0,0,"0.Two-way, non-divided","20,22",1. On Roadway,"0,0",H,H.Urban Minor Arterial,Other City or Town Streets (not state maintained),Not GUARDRAIL,Not HIT_RUN,"0,1",1,1. Not at Intersection,121955135,C,0,0,36.833389,36.833389,0,0.08,Not LRTRUCK,2. Daylight,LOCATED,-76.318628,-76.318628,MAINLINE,MAIN,0,0,0,0,0,Undivided Roadway,"20,22",Not MOTORCYCLE,484084,484084. 12408539      12408539      12408553,4758,4657,5408,5216,5321,3,1,0.027,SEC_URBAN,,,,,,,,,0,0,30,0,1,,0,0,,,,,,,,,Not PED,,1,0,Portsmouth,124,5,NOT-RD,1. Main-Line Roadway,0,0.25,0.44,1. Straight - Level,1. No Defects,"1. Two-Way, Not Divided",1. Dry,"2. Blacktop, Asphalt, Bituminous",1602 COUNTY ST.,URB,UR,R-VA124UR08539WB,"Urbanized (Population 200,000 and over)",3. No,"0,0",4652,4549,4800,4629,4723,Not SENIOR,Left and Right sides,"5,5","35,35",Not SPEED,"35,35",484083,0,"1. Yes,Not Provided",0,"0,0",9AM TO 12PM,1,1,1. No Traffic Control,6. No Traffic Control Device Present,Not a Parkway - Trucks and Commercial Vehicles Allowed,"1,2","9. Bicycle,1. Passenger car",HOND,"13. Passing,1. Going Straight Ahead",ACCORD ULX,2005,5,5.Hampton Roads,1. No Adverse Condition (Clear/Cloudy),Not Provided,2. No,Not Provided,Not YOUNG
No Access Control,Not ALCIHOL,Urban,1,1,Bituminous Concrete (Black Base),US-00258-W059B(L)/US-00017-S051A(L)/RAMP TO U,Not UNBELTED,50,Male,A,2,BIKE,51.19,0,0,,2. Angle,"Not Provided,Not Provided","Not Provided,Not Provided",US00017,51.652,3,7/7/2012,7/7/2012,22. Bicycle,1843,A.Ambulatory Injury,2012,Left and Right sides,0,0,Newport News,Urban,22. Bicycle,MAIN,6PM TO 9PM,121.Newport News,"2,439",Intersection,Reset Filters,VDOT_OTHER,Saturday,Not DEER,"East,North",DISTRACTED,5,1,122890153,"48,50","Male,Male","PDO,A","1,2","11. Did Not Have Right-of-Way,11. Did Not Have Right-of-Way","2. Not Deployed,3. Unavailable/Not Applicable","Not Applicable,Not Applicable","1. No Defects,1. No Defects","11. Other,Not Applicable","1. Had Not Been Drinking,1. Had Not Been Drinking","2. No,2. No","1. Not Ejected,3. Totally Ejected","No,No","No,No","3. Lap and Shoulder Belt,9. Not Applicable","13. Other,1. Not Obscured",,,52,646009,CENTER AV,0,1,"1.Divided, no control of access","22,20",1. On Roadway,"0,0",E,E.Urban Other Principle Arterials; Connecting Links of Other Rural Principal Arterial,Urban Extensions - Primary Routes,Not GUARDRAIL,Not HIT_RUN,"12,9",1,4. Four Approaches,122890153,C,0,0,37.02736,37.02736,0,0.5,Not LRTRUCK,2. Daylight,LOCATED,-76.449684,-76.449684,MAINLINE,MAIN,0,0,Curbed Grass,14,4,Divided Roadway,"22,20",Not MOTORCYCLE,756246,756246.  US00017       US00017       US00258W059B,40702,41593,39530,39683,39836,6,1,0.462,PRI_URBAN,,,,,,,,,0,179,72,0,1,,0,0,,,,,,,,,Not PED,,1,0,Newport News,121,5,NOT-RD,10. Intersection Related - Within 150 Feet,0,51.50,51.65,1. Straight - Level,1. No Defects,"1. Two-Way, Not Divided",1. Dry,"2. Blacktop, Asphalt, Bituminous",CENTER AVE,USPRI,US,R-VA   US00017SB,"Urbanized (Population 200,000 and over)",3. No,"0,0",40702,41593,39530,39683,39836,Not SENIOR,Left and Right sides,"5,5","0,45",Not SPEED,"25,45",756246,0,"2. No,2. No",0,"0,0",6PM TO 9PM,1,1,3. Traffic Signal,1. Yes - Working,Designated Truck Route - D2,"1,2","2. Truck - Pick-up/Passenger Truck,9. Bicycle",TOYTOA,"2. Making Right Turn,1. Going Straight Ahead",TUNDRA,2011,5,5.Hampton Roads,1. No Adverse Condition (Clear/Cloudy),Not Provided,2. No,Not Provided,Not YOUNG
No Access Control,Not ALCIHOL,Urban,0,0,Bituminous Concrete (Black Base),134-08731(L)/WHITEHURST LAND RD,Not UNBELTED,15,Male,B,1,BIKE,10.09,1,1,,2. Angle,"Not Provided,Not Provided","Not Provided,Not Provided",SR00190,10.269,3,7/7/2012,7/7/2012,20. Motor Vehicle In Transport,2040,B.Visiible Injury,2012,Left and Right sides,0,0,Virginia Beach,Urban,20. Motor Vehicle In Transport,MAIN,6PM TO 9PM,134.Virginia Beach,945,Intersection,Reset Filters,VDOT_OTHER,Saturday,Not DEER,"North,North",DISTRACTED,5,1,121955165,"15,17","Male,Male","B,PDO","1,2","11. Did Not Have Right-of-Way,1. No Improper Action","3. Unavailable/Not Applicable,2. Not Deployed","4. No Test,4. No Test","1. No Defects,1. No Defects","11. Other,14. No Driver Distraction","1. Had Not Been Drinking,1. Had Not Been Drinking","2. No,2. No","3. Totally Ejected,1. Not Ejected","Yes,No","No,No","9. Not Applicable,3. Lap and Shoulder Belt","1. Not Obscured,1. Not Obscured",,,11,541173,134-08823(R)/STAFFORD CHASE DR,0,1,"1.Divided, no control of access","20,22",1. On Roadway,"0,0",H,H.Urban Minor Arterial,Urban Extensions - Primary Routes,Not GUARDRAIL,Not HIT_RUN,"11,1",1,4. Four Approaches,121955165,C,0,0,36.806113,36.806113,0,0.58,Not LRTRUCK,4. Darkness - Road Lighted,LOCATED,-76.171711,-76.171711,MAINLINE,MAIN,0,0,Curbed Grass,16,4,Divided Roadway,"20,22",Not MOTORCYCLE,541172,541172.  SR00190       SR00190      13408731,32109,30068,30345,29244,28013,4,1,0.179,PRI_URBAN,,,,,,,,,0,0,52,0,1,,0,0,,,,,,,,,Not PED,,1,0,Virginia Beach,134,5,NOT-RD,9. Within Intersection,0,10.25,10.27,1. Straight - Level,1. No Defects,"2. Two-Way, Divided, Unprotected Median",1. Dry,"2. Blacktop, Asphalt, Bituminous",1100 KEMPSVILLE RD,STPRI,SR,R-VA   SR00190EB,"Urbanized (Population 200,000 and over)",3. No,"0,0",30350,28211,28471,27438,26297,Not SENIOR,Left and Right sides,"5,35","35,35",Not SPEED,"35,35",541172,0,"1. Yes,2. No",0,"0,0",6PM TO 9PM,1,1,4. Stop Sign,1. Yes - Working,Not a Parkway - Trucks and Commercial Vehicles Allowed,"1,2","9. Bicycle,2. Truck - Pick-up/Passenger Truck","MONGOOSE,Ford","6. Merging Into Traffic Lane,1. Going Straight Ahead","MOUNTAIN BIKE,Super Duty F-250",20122005,5,5.Hampton Roads,1. No Adverse Condition (Clear/Cloudy),Not Provided,2. No,Not Provided,YOUNG
No Access Control,ALCOHOL,Urban,0,0,Portland Cement Concrete,PARKS AVE(L)/,Not UNBELTED,25,Not Provided,B,2,BIKE,3.44,1,1,,2. Angle,"Not Provided,Not Provided","Not Provided,Not Provided",C7US00058,3.645,3,7/7/2012,7/7/2012,20. Motor Vehicle In Transport,2243,B.Visiible Injury,2012,Left and Right sides,0,0,Virginia Beach,Urban,20. Motor Vehicle In Transport,MAIN,9PM TO 12AM,134.Virginia Beach,554,Intersection,Reset Filters,VDOT_OTHER,Saturday,Not DEER,"West,South",,5,1,121935005,25,"Not Provided,Not Provided","PDO,B","1,2","21. Disregarded Traffic Signal,1. No Improper Action","Not Provided,3. Unavailable/Not Applicable","4. No Test,4. No Test","1. No Defects,1. No Defects","14. No Driver Distraction,14. No Driver Distraction","6. Unknown,4. Drinking - Ability Not Impaired","3. Unknown,2. No","Not Provided,3. Totally Ejected","NotProvided,No","Yes,No","Not Provided,9. Not Applicable","1. Not Obscured,1. Not Obscured",,,4,541091,134-08721(L)/BALTIC AV,0,0,"0.Two-way, non-divided","22,20",1. On Roadway,"0,0",H,H.Urban Minor Arterial,Urban Extensions - Primary Routes,Not GUARDRAIL,HIT_RUN,"12,9",1,4. Four Approaches,121935005,C,0,0,36.844168,36.844168,0,0.31,Not LRTRUCK,4. Darkness - Road Lighted,LOCATED,-75.981145,-75.981145,MAINLINE,MAIN,0,0,0,0,0,Undivided Roadway,"22,20",Not MOTORCYCLE,541091,541091. 13408721     C7US00058     C7US00058,16876,14747,14883,14343,11893,4,1,0.105,PRI_URBAN,,,,,,,,,0,0,40,0,1,,0,0,,,,,,,,,Not PED,,1,0,Virginia Beach,134,5,NOT-RD,9. Within Intersection,0,3.50,3.65,1. Straight - Level,1. No Defects,"1. Two-Way, Not Divided",1. Dry,"2. Blacktop, Asphalt, Bituminous",600 VIRGINIA BEACH BLVD,USPRI,US,R-VA   US00058EBBUS007,"Urbanized (Population 200,000 and over)",3. No,"0,0",12948,11505,11611,11190,10783,Not SENIOR,Left and Right sides,"25,5","25,25",Not SPEED,"25,25",541092,0,"2. No,2. No",0,"0,0",9PM TO 12AM,1,1,3. Traffic Signal,1. Yes - Working,Not a Parkway - Trucks and Commercial Vehicles Allowed,"1,2","1. Passenger car,9. Bicycle",HARO,"1. Going Straight Ahead,1. Going Straight Ahead",BICYCLE,,5,5.Hampton Roads,1. No Adverse Condition (Clear/Cloudy),Not Provided,2. No,Not Provided,Not YOUNG
No Access Control,ALCOHOL,Urban,0,0,Dual Type,US-00060(B)/MUSEUM DR,Not UNBELTED,53,Male,C,2,BIKE,0.17,0,0,,2. Angle,"Not Provided,Not Provided","Not Provided,Not Provided",SR00312,0.188,3,2/25/2015,2/25/2015,22. Bicycle,1845,C.Non-Visible Injury,2015,None,1,1,Newport News,Urban,22. Bicycle,MAIN,6PM TO 9PM,121.Newport News,993,Intersection,Reset Filters,VDOT_OTHER,Wednesday,Not DEER,"East,West",,5,1,151200003,"42,53","Male,Male","PDO,C","1,2","1. No Improper Action,10. Wrong Side Of Road - Not Overtaking","2. Not Deployed,3. Unavailable/Not Applicable","Not Applicable,4. No Test","1. No Defects,1. No Defects","Not Applicable,Not Applicable","Not Applicable,4. Drinking - Ability Not Impaired","Not Applicable,Not Applicable","1. Not Ejected,2. Partially Ejected","No,No","No,No","3. Lap and Shoulder Belt,8. No Restraint Used","1. Not Obscured,1. Not Obscured",,,0,646043,US-00060(B)/MUSEUM DR,0.45,1,"1.Divided, no control of access","22,20",4. Roadside,"0,0",H,H.Urban Minor Arterial,Urban Extensions - Primary Routes,Not GUARDRAIL,Not HIT_RUN,"2,12",1,3. Three Approaches,151200003,C,0,0,37.06384,37.06384,6,0.28,Not LRTRUCK,4. Darkness - Road Lighted,LOCATED,-76.48536,-76.48536,MAINLINE,MAIN,3,3,Grass/Unprotected,54,26,Divided Roadway,"22,20",Not MOTORCYCLE,646043,646043.  SR00312       US00060       US00060,44740,43750,51200,49377,50377,4,1,0.188,PRI_URBAN,,,,,,,,,0,158,46,0,1,,0,0,,,,,,,,,Not PED,,1,0,Newport News,121,5,NOT-RD,9. Within Intersection,6,0.00,0.19,3. Grade - Straight,7. Slick Pavement,"2. Two-Way, Divided, Unprotected Median",2. Wet,"2. Blacktop, Asphalt, Bituminous",J CLYDE MORRIS BLVD,STPRI,SR,R-VA   SR00312EB,"Urbanized (Population 200,000 and over)",3. No,"0,0",32657,31934,35771,34497,35196,Not SENIOR,None,"1,0","15,0",Not SPEED,"15,0",646043,0.17,"2. No,2. No",0,"0,0",6PM TO 9PM,1,1,3. Traffic Signal,1. Yes - Working,Not a Parkway - Trucks and Commercial Vehicles Allowed,"1,2","1. Passenger car,9. Bicycle",PONTIAC,"16. Entering Street From Parking Lot,15. Other",VIBE,2006,5,5.Hampton Roads,1. No Adverse Condition (Clear/Cloudy),Not Provided,2. No,Not Provided,Not YOUNG
No Access Control,Not ALCIHOL,Urban,0,0,Bituminous Concrete (Black Base),PRIMROSE AVE(R)/,Not UNBELTED,38,Female,K,2,BIKE,0.92,0,0,,1. Rear End,"Not Provided,Not Provided","Not Provided,Not Provided",SR00169,1.155,4,7/9/2012,7/9/2012,20. Motor Vehicle In Transport,540,K.Fatal Injury,2012,Left and Right sides,0,0,Hampton,Urban,20. Motor Vehicle In Transport,MAIN,3AM TO 6AM,114.Hampton,"4,937",Intersection,Reset Filters,VDOT_OTHER,Monday,Not DEER,"South,South",,5,1,122540211,"24,38","Female,Female","PDO,K","1,2","41. Improper Passing,1. No Improper Action","2. Not Deployed,Not Provided","4. No Test,4. No Test","1. No Defects,9. Unknown","Not Applicable,Not Applicable","1. Had Not Been Drinking,1. Had Not Been Drinking","2. No,2. No","1. Not Ejected,Not Provided","No,Yes","No,No","3. Lap and Shoulder Belt,5. Helmet","1. Not Obscured,Not Applicable",,,2,253102,WHITAKER AVE(L)/,0,1,"1.Divided, no control of access","20,22",1. On Roadway,"0,0",H,H.Urban Minor Arterial,Urban Extensions - Primary Routes,Not GUARDRAIL,Not HIT_RUN,"12,6",0,1. Not at Intersection,122540211,C,1,1,37.031481,37.031481,0,0.73,Not LRTRUCK,1. Dawn,LOCATED,-76.307784,-76.307784,MAINLINE,MAIN,0,0,Curbed Grass,10,4,Divided Roadway,"20,22",Not MOTORCYCLE,253100,253100.  SR00169       SR00169       US00258       US00258,15287,14949,12508,12062,12307,4,1,0.935,PRI_URBAN,,,,,,,,,0,0,44,0,1,,0,0,,,,,,,,,Not PED,,0,1,Hampton,114,5,NOT-RD,8. Non-Intersection,0,1.00,1.15,1. Straight - Level,1. No Defects,"2. Two-Way, Divided, Unprotected Median",1. Dry,1. Concrete,N mallory st,STPRI,SR,R-VA   SR00169SB,"Urbanized (Population 200,000 and over)",3. No,"22,0",6405,6263,5549,5351,5460,Not SENIOR,Left side,"35,0","40,40",Not SPEED,"40,40",253101,0,"1. Yes,2. No",0,"0,0",3AM TO 6AM,1,1,6. Traffic Lanes Marked,1. Yes - Working,Not a Parkway - Trucks and Commercial Vehicles Allowed,"1,2","1. Passenger car,9. Bicycle","DODGE,TREK","1. Going Straight Ahead,1. Going Straight Ahead","CARAVAN,BICYCLE",2005,5,5.Hampton Roads,1. No Adverse Condition (Clear/Cloudy),Not Provided,2. No,Not Provided,Not YOUNG
No Access Control,Not ALCIHOL,Urban,0,0,"N/A, Unknown, or Unstabilized",ANOTHER NODE,Not UNBELTED,18,Female,B,2,BIKE,5.53,1,1,,3. Head On,"Not Provided,Not Provided","Not Provided,Not Provided",SR00321,5.563,4,7/10/2012,7/10/2012,22. Bicycle,1205,B.Visiible Injury,2012,None,0,0,Williamsburg,Urban,22. Bicycle,MAIN,12PM TO 3PM,137.Williamsburg,"24,515",Intersection,Reset Filters,VDOT_OTHER,Tuesday,Not DEER,"North,West",,5,1,121955156,"39,18","Female,Female","PDO,B","1,2","1. No Improper Action,11. Did Not Have Right-of-Way","2. Not Deployed,3. Unavailable/Not Applicable","Not Applicable,Not Applicable","1. No Defects,1. No Defects","14. No Driver Distraction,14. No Driver Distraction","1. Had Not Been Drinking,1. Had Not Been Drinking","Not Applicable,Not Applicable","1. Not Ejected,Not Provided","No,No","No,No","3. Lap and Shoulder Belt,9. Not Applicable","1. Not Obscured,1. Not Obscured",,,6,732925,ANOTHER NODE,0.75,0,"0.Two-way, non-divided","22,42",1. On Roadway,"0,0",J,J.Urban Local,State Primary and Interstate,Not GUARDRAIL,Not HIT_RUN,"12,9",1,3. Three Approaches,121955156,N,0,0,37.269076,37.269076,0,0.04,Not LRTRUCK,2. Daylight,LOCATED,-76.71764,-76.71764,MAINLINE,MAIN,0,0,0,0,0,Undivided Roadway,"22,20",Not MOTORCYCLE,398073,398073.  4700615       4700615       SR00321       SR00321,30826,30144,30201,29125,29716,2,1,4.643,VDOT_PRI,,,,,,,,,0,0,0,0,1,,0,0,,,,,,,,,Not PED,,1,0,Williamsburg,137,5,RD-UNKNOWN,9. Within Intersection,0,5.50,5.56,1. Straight - Level,1. No Defects,"1. Two-Way, Not Divided",1. Dry,"2. Blacktop, Asphalt, Bituminous",UKROP WAY/ COLLEGE OF WILLIAM & MARY,INST,SR,R-VA   SR00321EB,"Urbanized (Population 200,000 and over)",3. No,"0,20",,,,,,Not SENIOR,None,"5,8",15,Not SPEED,25,732925,0.71,"2. No,2. No",0,"0,0",12PM TO 3PM,1,1,4. Stop Sign,1. Yes - Working,Not a Parkway - Trucks and Commercial Vehicles Allowed,"1,2","3. Van,9. Bicycle","HONDA,BICYCLE","1. Going Straight Ahead,1. Going Straight Ahead",ODYSSEY,2012,5,5.Hampton Roads,1. No Adverse Condition (Clear/Cloudy),Not Provided,2. No,Not Provided,YOUNG