Access Control,Alcohol Notalcohol,Area Type1,A Crash,A People,Basetypedesc,Begin Node Dsc,Belted Unbelted,Bikeage,Bikegen,Bikeinjurytype,Bikevehiclenumber,Bike Nonbike,BMP,B Crash,B People,Carspeedlimit,Collision Type,Comm Cargo Body Type Cd,Comm Vehicle Body Type Cd,Cotedrouteid,Coted Mp,Count App,CRASH_DT (copy),Crash Dt,Crash Event Type Dsc,Crash Military Tm,Crash Severity,Crash Year,Curbgutterdesc,C Crash,C People,Juris Name Used,Area Type Used,First Harmful Event of Entire Crash,MAINLINE,Time Slicing Used,Phy_Juris_Nm,Offset-Ft,Intersection Analysis,Clear,Calculation_9640323132123359,Day Of Week,Deer Nodeer,Direction Of Travel Cd,Distracted Notdistracted,VSP,TOTAL CRASH,Document Nbr,Driverage,Drivergen,Driverinjurytype,Drivervehiclenumber,Driver Action Type Cd,Driver Airbag Deployment,Driver Alcohol Test Type Cd,Driver Condition Type Cd,Driver Distraction Type Cd,Driver Drinking Type Cd,Driver Drug Use Cd,Driver Ejected From Vehicle,Driver Ems Transport Ind,Driver Fled Scene Ind,Driver Safety Equip Used,Driver Vis Obscured Type Cd,Drowsy Notdrowsy,Drug Nodrug,EMP,End Node,End Node Dsc,End Offset,Facility,FAC,First Crash Event Cd,First Harmful Event,Fourth Crash Event Cd,Functionalclass,FUN,Govcondesc,Gr Nogr,Hitrun Not Hitrun,Initial Veh Impact Area Cd,Injury Crashes,Intersection Type,Int Doc,Jurtype,K_CRASH,K People,LAT (copy),LAT,Leftshoulderwidth,Length,Lgtruck Nonlgtruck,Light Condition,Located Unlocated,LON (copy),LON,MAINLINE (group),Mainline Yn,Medianleftshoulderwidth,Medianrightshoulderwidth,Mediantypedesc,Medianwidthmax,Medianwidthmin,Median Type,Most Harmful Crash Event Cd,Motor Nonmotor,Node,Node Info,Node Totaadt2011,Node Totaadt2012,Node Totaadt2013,Node Totaadt2014,Node Totaadt2015,Numberoflane,Number of Records,Offset,Ownership,Passage,Passgen,Passinjurytype,Passvehiclenumber,Pass Airbag Deployment,Pass Ejected From Vehicle,Pass Ems Transport Ind,Pass Safety Equip Used,Pavementconditionvalue,Pavementroughnessvalue,Pavementwidth,Pdo Crash,Total People Killed & Injured,Pedage,Pedestrians Injured,Pedestrians Killed,Pedgen,Pedinjurytype,Pednumber,Ped Action,Ped Al Test,Ped Cond,Ped Drink,Ped Drug,Ped Nonped,Ped Rflct,Persons Injured,Persons Killed,Physical Juris Nm,PJR,VSP_Used,Rd Type,Relation To Roadway,Rightshoulderwidth,RNS_MP (0.25 mi bin),Rns Mp,Roadway Alignment,Roadway Defect,Roadway Description,Roadway Surface Cond,Roadway Surface Type,Route Or Street Nm,Rte Category Cd,Rte Cat,Rte Nm,Ruralurbandesc,School Zone,Second Crash Event Cd,Segtotaadt2011,Segtotaadt2012,Segtotaadt2013,Segtotaadt2014,Segtotaadt2015,Senior Notsenior,Sidewalkdesc,Speed Before,Speed Max Safe,Speed Notspeed,Speed Posted,Start Node,Start Offset,Summons Issued Cd,Surfacedesc,Third Crash Event Cd,Time Slicing,Total Crashes including Property Damage Only,Total Crash,Traffic Control Type,Trfc Ctrl Status Type,Truckcommr,Vehiclenumber,Vehicle Body Type Cd,Vehicle Make Nm,Vehicle Maneuver Type Cd,Vehicle Model Nm,Vehicle Year Nbr,District,District_Used ,Weather Condition,Work Zone Location,Work Zone Related,Work Zone Type,Young Notyoung
No Access Control,Not ALCIHOL,Urban,0,0,"N/A, Unknown, or Unstabilized",134-08724(R)/NORFOLK AV,Not UNBELTED,44,Female,B,2,BIKE,303.54,1,1,,2. Angle,"Not Provided,Not Provided","Not Provided,Not Provided",US00060,303.54,3,7/20/2012,7/20/2012,22. Bicycle,1245,B.Visiible Injury,2012,Left and Right sides,0,0,Virginia Beach,Urban,22. Bicycle,MAIN,12PM TO 3PM,134.Virginia Beach,0,Intersection,Reset Filters,VDOT_OTHER,Friday,Not DEER,"East,South",,5,1,122315048,"18,44","Female,Female","PDO,B","1,2","1. No Improper Action,21. Disregarded Traffic Signal","2. Not Deployed,3. Unavailable/Not Applicable","4. No Test,4. No Test","1. No Defects,1. No Defects","14. No Driver Distraction,14. No Driver Distraction","1. Had Not Been Drinking,1. Had Not Been Drinking","2. No,2. No","1. Not Ejected,Not Provided","No,Yes","No,No","3. Lap and Shoulder Belt,9. Not Applicable","1. Not Obscured,1. Not Obscured",,,304,541103,SIXTH STRET(R)/,0,0,"0.Two-way, non-divided","22,20",1. On Roadway,"0,0",I,I.Urban Collector,Urban Extensions - Primary Routes,Not GUARDRAIL,Not HIT_RUN,"12,12",1,3. Three Approaches,122315048,C,0,0,36.837636,36.837636,0,0.29,Not LRTRUCK,2. Daylight,LOCATED,-75.97223,-75.97223,MAINLINE,MAIN,0,0,0,0,0,Undivided Roadway,"22,20",Not MOTORCYCLE,541104,541104.  US00060       US00060      13408724,9681,8609,8689,8373,7932,4,1,0,PRI_URBAN,,,,,,,,,0,198,64,0,1,,0,0,,,,,,,,,Not PED,,1,0,Virginia Beach,134,5,NOT-RD,1. Main-Line Roadway,0,303.50,303.54,1. Straight - Level,1. No Defects,"1. Two-Way, Not Divided",1. Dry,"2. Blacktop, Asphalt, Bituminous",900 ATLANTIC AVENUE,USPRI,US,R-VA   US00060EB,"Urbanized (Population 200,000 and over)",3. No,"0,0",7746,6878,6942,6690,6381,Not SENIOR,Left and Right sides,"5,10","25,25",Not SPEED,"25,25",541104,0,"2. No,1. Yes",0,"0,0",12PM TO 3PM,1,1,3. Traffic Signal,1. Yes - Working,Not a Parkway - Trucks and Commercial Vehicles Allowed,"1,2","1. Passenger car,9. Bicycle","TOYOTA,NEXT AVALEN","2. Making Right Turn,1. Going Straight Ahead","PRIUS II,BICYCLE",20112004,5,5.Hampton Roads,1. No Adverse Condition (Clear/Cloudy),Not Provided,2. No,Not Provided,YOUNG
No Access Control,Not ALCIHOL,Urban,0,0,"Stabilized with Selected Material (Soil,Gravel,Stone,etc.)",99-01185(R)/,Not UNBELTED,53,Female,B,2,BIKE,0.83,1,1,,2. Angle,"Not Provided,Not Provided","Not Provided,Not Provided",9901180,0.837,3,3/13/2015,3/13/2015,20. Motor Vehicle In Transport,700,B.Visiible Injury,2015,Left and Right sides,0,0,York,Urban,20. Motor Vehicle In Transport,MAIN,6AM TO 9AM,99.York,37,Intersection,Reset Filters,VDOT_OTHER,Friday,Not DEER,"South,North",,5,1,150765108,"18,53","Female,Female","PDO,B","1,2","40. Fail to Maintain Proper Control,1. No Improper Action","2. Not Deployed,3. Unavailable/Not Applicable","Not Applicable,Not Applicable","1. No Defects,1. No Defects","14. No Driver Distraction,14. No Driver Distraction","1. Had Not Been Drinking,1. Had Not Been Drinking","2. No,2. No","1. Not Ejected,1. Not Ejected","No,Yes","No,No","3. Lap and Shoulder Belt,8. No Restraint Used","3. Windshield Otherwise Obscured,1. Not Obscured",,,1,727025,99-00620(B)/,0,0,"0.Two-way, non-divided","36,20",1. On Roadway,"0,0",J,J.Urban Local,State Secondary,Not GUARDRAIL,Not HIT_RUN,"1,12",1,4. Four Approaches,150765108,N,0,0,37.17239,37.17239,0,0.22,Not LRTRUCK,2. Daylight,LOCATED,-76.4309,-76.4309,MAINLINE,MAIN,0,0,0,0,0,Undivided Roadway,"22,20",Not MOTORCYCLE,737051,737051.  9901180       9901180       9901185,1942,1942,2035,2035,2035,2,1,0.007,VDOT_SEC,,,,,,,,,0,0,38,0,1,,0,0,,,,,,,,,Not PED,,1,0,York,99,5,NOT-RD,10. Intersection Related - Within 150 Feet,0,0.75,0.84,1. Straight - Level,1. No Defects,"1. Two-Way, Not Divided",1. Dry,"2. Blacktop, Asphalt, Bituminous",WATERFOWL DR.-NORTH,SEC,SC,R-VA099SC01180NB,"Urbanized (Population 200,000 and over)",3. No,"28,0",1942,1942,1977,1977,1977,Not SENIOR,None,"20,10","0,25",Not SPEED,"25,25",737051,0,"1. Yes,2. No",Paved (unofficial definition),"22,0",6AM TO 9AM,1,1,7. No Passing Lines,6. No Traffic Control Device Present,Not a Parkway - Trucks and Commercial Vehicles Allowed,"1,2","22. Truck - Sport Utility Vehicle (SUV),9. Bicycle","GMC,FREECROSS","10. Ran Off Road - Left,1. Going Straight Ahead","K1500,UNK",1997,5,5.Hampton Roads,1. No Adverse Condition (Clear/Cloudy),Not Provided,2. No,Not Provided,YOUNG
No Access Control,Not ALCIHOL,Urban,1,1,Bituminous Concrete (Black Base),114-07017(B)/WHEALTON RD,Not UNBELTED,61,Male,A,1,BIKE,60.22,0,0,,2. Angle,"Not Provided,Not Provided","Not Provided,Not Provided",US00258,60.499,3,3/18/2015,3/18/2015,20. Motor Vehicle In Transport,1357,A.Ambulatory Injury,2015,Left and Right sides,0,0,Hampton,Urban,20. Motor Vehicle In Transport,MAIN,12PM TO 3PM,114.Hampton,5,Intersection,Reset Filters,VDOT_OTHER,Wednesday,Not DEER,"West,North",,5,1,150795116,"61,38","Male,Female","A,PDO","1,2","10. Wrong Side Of Road - Not Overtaking,1. No Improper Action","3. Unavailable/Not Applicable,2. Not Deployed","Not Applicable,Not Applicable","1. No Defects,1. No Defects","Not Applicable,Not Applicable","Not Applicable,Not Applicable","2. No,2. No","2. Partially Ejected,1. Not Ejected","Yes,No","No,No","8. No Restraint Used,3. Lap and Shoulder Belt","1. Not Obscured,1. Not Obscured",,,61,253132,114-07019(R)/CHESTNUT AVE,0,1,"1.Divided, no control of access","20,22",1. On Roadway,"0,0",E,E.Urban Other Principle Arterials; Connecting Links of Other Rural Principal Arterial,Urban Extensions - Primary Routes,Not GUARDRAIL,Not HIT_RUN,"9,1",1,3. Three Approaches,150795116,C,0,0,37.02667,37.02667,0,0.28,Not LRTRUCK,2. Daylight,LOCATED,-76.42939,-76.42939,MAINLINE,MAIN,0,0,Curbed Grass,16,4,Divided Roadway,"20,22",Not MOTORCYCLE,253132,253132.  US00258       US00258      11407019,51349,49417,47308,47722,48937,8,1,0.001,PRI_URBAN,,,,,,,,,0,150,102,0,1,,0,0,,,,,,,,,Not PED,,1,0,Hampton,114,5,NOT-RD,9. Within Intersection,0,60.25,60.50,1. Straight - Level,1. No Defects,"3. Two-Way, Divided, Positive Median Barrier",1. Dry,"2. Blacktop, Asphalt, Bituminous",W MERCURY BLVD,USPRI,US,R-VA   US00258EB,"Urbanized (Population 200,000 and over)",3. No,"0,0",48990,45384,43100,43570,44693,Not SENIOR,Left and Right sides,"1,1","45,45",Not SPEED,"45,45",253131,0,"1. Yes,2. No",0,"0,0",12PM TO 3PM,1,1,4. Stop Sign,1. Yes - Working,Truck Access System,"1,2","9. Bicycle,1. Passenger car",NISS,"1. Going Straight Ahead,1. Going Straight Ahead",VERSA,2014,5,5.Hampton Roads,1. No Adverse Condition (Clear/Cloudy),Not Provided,2. No,Not Provided,Not YOUNG
No Access Control,Not ALCIHOL,Urban,0,0,Bituminous Concrete (Black Base),FOUNDRY LANE(R)/,Not UNBELTED,46,Female,B,1,BIKE,504.16,1,1,55,4. Sideswipe - Same Direction,"Not Provided,Not Provided","Not Provided,Not Provided",US00058,504.79,4,7/21/2012,7/21/2012,20. Motor Vehicle In Transport,643,B.Visiible Injury,2012,Left and Right sides,0,0,Virginia Beach,Urban,20. Motor Vehicle In Transport,MAIN,6AM TO 9AM,134.Virginia Beach,"2,270",Intersection,Reset Filters,VDOT_OTHER,Saturday,Not DEER,"West,West",,5,1,122165117,"46,43","Female,Female","B,PDO","1,2","1. No Improper Action,11. Did Not Have Right-of-Way","3. Unavailable/Not Applicable,2. Not Deployed","4. No Test,4. No Test","1. No Defects,1. No Defects","14. No Driver Distraction,14. No Driver Distraction","1. Had Not Been Drinking,1. Had Not Been Drinking","2. No,2. No","3. Totally Ejected,1. Not Ejected","Yes,No","No,No","5. Helmet,3. Lap and Shoulder Belt","1. Not Obscured,1. Not Obscured",,,505,541073,SR-00279(L)/134-08685(R)/GR NECK RD,0,1,"1.Divided, no control of access","20,22",1. On Roadway,"0,0",E,E.Urban Other Principle Arterials; Connecting Links of Other Rural Principal Arterial,Urban Extensions - Primary Routes,Not GUARDRAIL,Not HIT_RUN,"7,1",1,4. Four Approaches,122165117,C,0,0,36.841579,36.841579,0,1.06,Not LRTRUCK,1. Dawn,LOCATED,-76.055889,-76.055889,MAINLINE,MAIN,0,0,Curbed Grass,28,4,Divided Roadway,"20,22",Not MOTORCYCLE,541073,541073.  SR00279       US00058       US00058      13408685,72812,72157,72823,70180,68463,8,1,0.43,PRI_URBAN,,,,,,,,,0,151,99,0,1,,0,0,,,,,,,,,Not PED,,1,0,Virginia Beach,134,5,NOT-RD,10. Intersection Related - Within 150 Feet,0,504.75,504.80,1. Straight - Level,1. No Defects,"3. Two-Way, Divided, Positive Median Barrier",2. Wet,"2. Blacktop, Asphalt, Bituminous",2499 VIRGINIA BEACH BLVD,USPRI,US,R-VA   US00058WB,"Urbanized (Population 200,000 and over)",3. No,"0,0",48198,41600,41984,40460,41278,Not SENIOR,Left and Right sides,"13,5","45,45",Not SPEED,"45,45",541074,0,"2. No,1. Yes",0,"0,0",6AM TO 9AM,1,1,3. Traffic Signal,1. Yes - Working,Not a Parkway - Trucks and Commercial Vehicles Allowed,"1,2","9. Bicycle,2. Truck - Pick-up/Passenger Truck","DIAMONDBACK,DODGE","1. Going Straight Ahead,2. Making Right Turn","BICYCLE,RAM",20112006,5,5.Hampton Roads,5. Rain,Not Provided,2. No,Not Provided,Not YOUNG
No Access Control,Not ALCIHOL,Urban,0,0,"N/A, Unknown, or Unstabilized",SABER STREET(R)/,Not UNBELTED,28,Male,B,2,BIKE,0.89,1,1,,2. Angle,"Not Provided,Not Provided","Not Provided,Not Provided",13408726,0.923,3,7/22/2012,7/22/2012,22. Bicycle,1443,B.Visiible Injury,2012,Left and Right sides,0,1,Virginia Beach,Urban,22. Bicycle,MAIN,12PM TO 3PM,134.Virginia Beach,"1,727",Intersection,Reset Filters,VDOT_OTHER,Sunday,Not DEER,"East,West",DISTRACTED,5,1,122125029,"41,28","Male,Male","C,B","1,2","11. Did Not Have Right-of-Way,1. No Improper Action","2. Not Deployed,3. Unavailable/Not Applicable","4. No Test,4. No Test","1. No Defects,1. No Defects","7. Eyes Not on Road,14. No Driver Distraction","1. Had Not Been Drinking,1. Had Not Been Drinking","2. No,2. No","1. Not Ejected,1. Not Ejected","No,Yes","No,No","3. Lap and Shoulder Belt,9. Not Applicable","1. Not Obscured,1. Not Obscured",,,1,542060,LEE HIGHLANDS BLVD(L)/,0,0,"0.Two-way, non-divided","22,20",1. On Roadway,"0,0",I,I.Urban Collector,Other City or Town Streets (not state maintained),Not GUARDRAIL,Not HIT_RUN,"12,11",1,3. Three Approaches,122125029,C,0,0,36.823135,36.823135,0,0.04,Not LRTRUCK,2. Daylight,LOCATED,-76.078046,-76.078046,MAINLINE,MAIN,0,0,0,0,0,Undivided Roadway,"22,20",Not MOTORCYCLE,542061,542061. 13408726      13408726      13408750,21344,20136,20322,19584,19190,4,1,0.327,SEC_URBAN,,,,,,,,,0,0,0,0,2,,0,0,,,,,,,,,Not PED,,2,0,Virginia Beach,134,5,NOT-RD,9. Within Intersection,0,0.75,0.93,1. Straight - Level,1. No Defects,"1. Two-Way, Not Divided",1. Dry,"2. Blacktop, Asphalt, Bituminous",498 S.LYNNHAVEN ROAD,URB,UR,R-VA134UR08726NB,"Urbanized (Population 200,000 and over)",3. No,"0,0",17373,16446,16598,15995,15699,Not SENIOR,None,"10,2","25,25",Not SPEED,"25,25",734801,0.19,"1. Yes,2. No",0,"0,0",12PM TO 3PM,1,1,3. Traffic Signal,1. Yes - Working,Not a Parkway - Trucks and Commercial Vehicles Allowed,"1,2","3. Van,9. Bicycle","Toyota,NA","2. Making Right Turn,1. Going Straight Ahead","Sienna,BIKE",20052012,5,5.Hampton Roads,1. No Adverse Condition (Clear/Cloudy),Not Provided,2. No,Not Provided,Not YOUNG
,ALCOHOL,Urban,0,0,,,Not UNBELTED,49,Male,B,1,BIKE,,1,1,,16. Other,"Not Provided,Not Provided","Not Provided,Not Provided",,,,7/22/2012,7/22/2012,6. Parked Vehicle,813,B.Visiible Injury,2012,,0,0,Virginia Beach,Urban,6. Parked Vehicle,MAIN,6AM TO 9AM,134.Virginia Beach,,Not Intersection,Reset Filters,VDOT_OTHER,Sunday,Not DEER,"West,North",,5,1,122055049,"49,55","Male,Male","B,PDO","1,2","40. Fail to Maintain Proper Control,1. No Improper Action","2. Not Deployed,2. Not Deployed","4. No Test,4. No Test","1. No Defects,8. Other","Not Applicable,Not Applicable","4. Drinking - Ability Not Impaired,1. Had Not Been Drinking","2. No,2. No","1. Not Ejected,1. Not Ejected","No,NotProvided","No,No","8. No Restraint Used,3. Lap and Shoulder Belt","1. Not Obscured,5. Trees, Crops, etc.",,,,,,,,,"6,10",4. Roadside,"0,0",,,,Not GUARDRAIL,Not HIT_RUN,"12,1",1,1. Not at Intersection,,C,0,0,36.849373,36.849373,,,Not LRTRUCK,2. Daylight,UNLOCATED,-76.166125,-76.166125,MAINLINE,,,,,,,,"6,10",Not MOTORCYCLE,,.,,,,,,,1,,SEC_URBAN,,,,,,,,,,,,0,1,,0,0,,,,,,,,,Not PED,,1,0,Virginia Beach,134,5,RD-UNKNOWN,"13. Driveway, Alley-Access - Related",,,,1. Straight - Level,1. No Defects,"3. Two-Way, Divided, Positive Median Barrier",1. Dry,1. Concrete,5435 VIRGINIA BEACH BLVD,UNKWN,SC,U-VA134SC99999UK,,3. No,"0,0",,,,,,Not SENIOR,,"5,1",,Not SPEED,,,,"1. Yes,2. No",,"0,0",6AM TO 9AM,1,1,4. Stop Sign,1. Yes - Working,,"1,2","9. Bicycle,1. Passenger car","SCHWINN,HONDA","1. Going Straight Ahead,7. Starting From Parked Position","CRUISER,CRV",19992011,5,5.Hampton Roads,1. No Adverse Condition (Clear/Cloudy),Not Provided,2. No,Not Provided,Not YOUNG
,Not ALCIHOL,Urban,0,0,,,Not UNBELTED,54,Male,B,2,BIKE,,1,1,,2. Angle,"Not Provided,Not Provided","Not Provided,Not Provided",,,,3/22/2015,3/22/2015,20. Motor Vehicle In Transport,1539,B.Visiible Injury,2015,,0,0,Virginia Beach,Urban,20. Motor Vehicle In Transport,MAIN,3PM TO 6PM,134.Virginia Beach,,Not Intersection,Reset Filters,VDOT_OTHER,Sunday,Not DEER,"West,South",,5,1,150825383,"67,54","Male,Male","PDO,B","1,2","1. No Improper Action,11. Did Not Have Right-of-Way","2. Not Deployed,5. Unknown","Not Applicable,Not Applicable","1. No Defects,1. No Defects","14. No Driver Distraction,14. No Driver Distraction","1. Had Not Been Drinking,1. Had Not Been Drinking","2. No,2. No","1. Not Ejected,2. Partially Ejected","No,Yes","No,No","3. Lap and Shoulder Belt,6. Other","1. Not Obscured,1. Not Obscured",,,,,,,,,"22,20",1. On Roadway,"0,0",,,,Not GUARDRAIL,Not HIT_RUN,"12,11",1,3. Three Approaches,,C,0,0,36.83978,36.83978,,,Not LRTRUCK,2. Daylight,UNLOCATED,-75.99717,-75.99717,MAINLINE,,,,,,,,"22,20",Not MOTORCYCLE,,.,,,,,,,1,,SEC_URBAN,,,,,,,,,,,,0,1,,0,0,,,,,,,,,Not PED,,1,0,Virginia Beach,134,5,NOT-RD,10. Intersection Related - Within 150 Feet,,,,1. Straight - Level,1. No Defects,"1. Two-Way, Not Divided",1. Dry,"2. Blacktop, Asphalt, Bituminous",1095 Hope Avenue,UNKWN,SC,U-VA134SC99999UK,,3. No,"0,0",,,,,,SENIOR,,"2,5","25,25",Not SPEED,"25,25",,,"1. Yes,2. No",,"0,0",3PM TO 6PM,1,1,4. Stop Sign,1. Yes - Working,,"1,2","1. Passenger car,9. Bicycle","DODGE,UNKNOWN","2. Making Right Turn,1. Going Straight Ahead","STRATUS,BEACH CRUISER",2004,5,5.Hampton Roads,1. No Adverse Condition (Clear/Cloudy),Not Provided,2. No,Not Provided,Not YOUNG
No Access Control,Not ALCIHOL,Urban,0,0,Bituminous Concrete (Black Base),OLNEY ROAD(B)/,Not UNBELTED,66,Female,C,2,BIKE,0.82,0,0,,2. Angle,"Not Provided,Not Provided","Not Provided,Not Provided",12208575,0.847,4,3/23/2015,3/23/2015,22. Bicycle,1432,C.Non-Visible Injury,2015,Left and Right sides,1,1,Norfolk,Urban,22. Bicycle,MAIN,12PM TO 3PM,122.Norfolk,544,Intersection,Reset Filters,VDOT_OTHER,Monday,Not DEER,"South,West",,5,1,151610004,"45,66","Male,Female","PDO,C","1,2","1. No Improper Action,1. No Improper Action","2. Not Deployed,Not Provided","Not Applicable,Not Applicable","1. No Defects,1. No Defects","Not Applicable,Not Applicable","1. Had Not Been Drinking,1. Had Not Been Drinking","Not Applicable,2. No","1. Not Ejected,Not Provided","NotProvided,Yes","No,No","3. Lap and Shoulder Belt,Not Provided","16. Stopped Vehicle(s),16. Stopped Vehicle(s)",,,1,485314,NICHOLSON STREET(L)/,0,1,"1.Divided, no control of access","22,20",1. On Roadway,"0,0",H,H.Urban Minor Arterial,Other City or Town Streets (not state maintained),Not GUARDRAIL,Not HIT_RUN,"11,12",1,4. Four Approaches,151610004,C,0,0,36.85458,36.85458,0,0.05,Not LRTRUCK,2. Daylight,LOCATED,-76.27979,-76.27979,MAINLINE,MAIN,0,0,Curbed Grass,24,16,Divided Roadway,"20,20",Not MOTORCYCLE,483130,483130.  US00058       US00058      12208575      12208575,28072,28948,29216,28155,29787,4,1,0.103,SEC_URBAN,,,,,,,,,0,0,52,0,1,,0,0,,,,,,,,,Not PED,,1,0,Norfolk,122,5,NOT-RD,9. Within Intersection,0,0.75,0.85,1. Straight - Level,1. No Defects,"2. Two-Way, Divided, Unprotected Median",1. Dry,"2. Blacktop, Asphalt, Bituminous",700 CHURCH ST,URB,UR,R-VA122UR08575SB,"Urbanized (Population 200,000 and over)",3. No,"0,0",16328,13996,14125,13613,15450,SENIOR,Left and Right sides,"30,5","25,25",SPEED,"25,25",485313,0,"2. No,2. No",0,"0,0",12PM TO 3PM,1,1,6. Traffic Lanes Marked,1. Yes - Working,Not a Parkway - Trucks and Commercial Vehicles Allowed,"1,2","1. Passenger car,9. Bicycle",CHEVROLET,"1. Going Straight Ahead,1. Going Straight Ahead",IMPALA,2007,5,5.Hampton Roads,1. No Adverse Condition (Clear/Cloudy),Not Provided,2. No,Not Provided,Not YOUNG
No Access Control,Not ALCIHOL,Urban,0,0,"N/A, Unknown, or Unstabilized",STREET(B)/,Not UNBELTED,16,Male,B,2,BIKE,0.12,1,1,,2. Angle,"Not Provided,Not Provided","Not Provided,Not Provided",11407041,0.239,3,11/17/2013,11/17/2013,20. Motor Vehicle In Transport,2008,B.Visiible Injury,2013,Left and Right sides,0,0,Hampton,Urban,20. Motor Vehicle In Transport,MAIN,6PM TO 9PM,114.Hampton,"1,262",Intersection,Reset Filters,VDOT_OTHER,Sunday,Not DEER,"South,East",,5,1,140760256,"29,16","0,Male","PDO,B","1,2","1. No Improper Action,22. Disregarded Stop or Yield Sign","2. Not Deployed,3. Unavailable/Not Applicable","Not Applicable,Not Applicable","1. No Defects,1. No Defects","Not Applicable,Not Applicable","1. Had Not Been Drinking,1. Had Not Been Drinking","2. No,2. No","1. Not Ejected,3. Totally Ejected","No,Yes","No,No","3. Lap and Shoulder Belt,9. Not Applicable","1. Not Obscured,1. Not Obscured",,,0,253433,CHICKMAUGA PIKE(B)/,0,1,"1.Divided, no control of access","20,20",1. On Roadway,"0,0",I,I.Urban Collector,Other City or Town Streets (not state maintained),Not GUARDRAIL,Not HIT_RUN,"12,9",1,4. Four Approaches,140760256,C,0,0,37.056642,37.056642,0,0.12,Not LRTRUCK,4. Darkness - Road Lighted,LOCATED,-76.334237,-76.334237,MAINLINE,MAIN,0,0,Curbed Grass,16,6,Divided Roadway,"20,20",Not MOTORCYCLE,253117,253117.  SR00169       SR00169      11407041,24131,23597,23540,22701,23162,4,1,0.239,SEC_URBAN,,,,,,,,,0,0,48,0,1,,0,0,,,,,,,,,Not PED,,1,0,Hampton,114,5,NOT-RD,9. Within Intersection,0,0.00,0.24,1. Straight - Level,1. No Defects,"2. Two-Way, Divided, Unprotected Median",1. Dry,"2. Blacktop, Asphalt, Bituminous",CLEMWOOD PKWY,URB,UR,R-VA114UR07041SB,"Urbanized (Population 200,000 and over)",3. No,"0,0",3016,2949,3060,2951,3011,Not SENIOR,Left and Right sides,30,"30,0",Not SPEED,"30,0",253432,0,"2. No,1. Yes",0,"0,0",6PM TO 9PM,1,1,4. Stop Sign,1. Yes - Working,Not a Parkway - Trucks and Commercial Vehicles Allowed,"1,2","1. Passenger car,9. Bicycle",FORD,"1. Going Straight Ahead,1. Going Straight Ahead","FUSION,BICYCLE",2007,5,5.Hampton Roads,1. No Adverse Condition (Clear/Cloudy),Not Provided,2. No,Not Provided,YOUNG
,Not ALCIHOL,Urban,0,0,,,Not UNBELTED,27,Male,B,2,BIKE,,1,1,,16. Other,"Not Provided,Not Provided","Not Provided,Not Provided",,,,11/18/2013,11/18/2013,22. Bicycle,1710,B.Visiible Injury,2013,,0,0,Virginia Beach,Urban,22. Bicycle,MAIN,3PM TO 6PM,134.Virginia Beach,,Not Intersection,Reset Filters,VDOT_OTHER,Monday,Not DEER,"South,West",,5,1,133345165,"57,27","0,Male","PDO,B","1,2","1. No Improper Action,1. No Improper Action","2. Not Deployed,3. Unavailable/Not Applicable","Not Applicable,Not Applicable","1. No Defects,1. No Defects","14. No Driver Distraction,14. No Driver Distraction","1. Had Not Been Drinking,1. Had Not Been Drinking","Not Applicable,Not Applicable","1. Not Ejected,3. Totally Ejected","No,Yes","No,No","3. Lap and Shoulder Belt,9. Not Applicable","1. Not Obscured,10. Parked Vehicle(s)",,,,,,,,,"20,20",1. On Roadway,"0,0",,,,Not GUARDRAIL,Not HIT_RUN,"12,3",1,4. Four Approaches,,C,0,0,36.781965,36.781965,,,Not LRTRUCK,5. Darkness - Road Not Lighted,UNLOCATED,-76.175634,-76.175634,MAINLINE,,,,,,,,"22,20",Not MOTORCYCLE,,.,,,,,,,1,,SEC_URBAN,,,,,,,,,,,,0,1,,0,0,,,,,,,,,Not PED,,1,0,Virginia Beach,134,5,NOT-RD,9. Within Intersection,,,,1. Straight - Level,1. No Defects,"1. Two-Way, Not Divided",1. Dry,1. Concrete,5421 Macqueen Drive,UNKWN,SC,U-VA134SC99999UK,,3. No,"22,0",,,,,,Not SENIOR,,"25,5","25,25",Not SPEED,"25,25",,,"2. No,2. No",,"0,0",3PM TO 6PM,1,1,4. Stop Sign,1. Yes - Working,,"1,2","1. Passenger car,9. Bicycle","Ford,BICYCLE","1. Going Straight Ahead,1. Going Straight Ahead","Fusion,700CC ROAD",2008,5,5.Hampton Roads,1. No Adverse Condition (Clear/Cloudy),Not Provided,2. No,Not Provided,Not YOUNG