Access Control,Alcohol Notalcohol,Area Type1,A Crash,A People,Basetypedesc,Begin Node Dsc,Belted Unbelted,Bikeage,Bikegen,Bikeinjurytype,Bikevehiclenumber,Bike Nonbike,BMP,B Crash,B People,Carspeedlimit,Collision Type,Comm Cargo Body Type Cd,Comm Vehicle Body Type Cd,Cotedrouteid,Coted Mp,Count App,CRASH_DT (copy),Crash Dt,Crash Event Type Dsc,Crash Military Tm,Crash Severity,Crash Year,Curbgutterdesc,C Crash,C People,Juris Name Used,Area Type Used,First Harmful Event of Entire Crash,MAINLINE,Time Slicing Used,Phy_Juris_Nm,Offset-Ft,Intersection Analysis,Clear,Calculation_9640323132123359,Day Of Week,Deer Nodeer,Direction Of Travel Cd,Distracted Notdistracted,VSP,TOTAL CRASH,Document Nbr,Driverage,Drivergen,Driverinjurytype,Drivervehiclenumber,Driver Action Type Cd,Driver Airbag Deployment,Driver Alcohol Test Type Cd,Driver Condition Type Cd,Driver Distraction Type Cd,Driver Drinking Type Cd,Driver Drug Use Cd,Driver Ejected From Vehicle,Driver Ems Transport Ind,Driver Fled Scene Ind,Driver Safety Equip Used,Driver Vis Obscured Type Cd,Drowsy Notdrowsy,Drug Nodrug,EMP,End Node,End Node Dsc,End Offset,Facility,FAC,First Crash Event Cd,First Harmful Event,Fourth Crash Event Cd,Functionalclass,FUN,Govcondesc,Gr Nogr,Hitrun Not Hitrun,Initial Veh Impact Area Cd,Injury Crashes,Intersection Type,Int Doc,Jurtype,K_CRASH,K People,LAT (copy),LAT,Leftshoulderwidth,Length,Lgtruck Nonlgtruck,Light Condition,Located Unlocated,LON (copy),LON,MAINLINE (group),Mainline Yn,Medianleftshoulderwidth,Medianrightshoulderwidth,Mediantypedesc,Medianwidthmax,Medianwidthmin,Median Type,Most Harmful Crash Event Cd,Motor Nonmotor,Node,Node Info,Node Totaadt2011,Node Totaadt2012,Node Totaadt2013,Node Totaadt2014,Node Totaadt2015,Numberoflane,Number of Records,Offset,Ownership,Passage,Passgen,Passinjurytype,Passvehiclenumber,Pass Airbag Deployment,Pass Ejected From Vehicle,Pass Ems Transport Ind,Pass Safety Equip Used,Pavementconditionvalue,Pavementroughnessvalue,Pavementwidth,Pdo Crash,Total People Killed & Injured,Pedage,Pedestrians Injured,Pedestrians Killed,Pedgen,Pedinjurytype,Pednumber,Ped Action,Ped Al Test,Ped Cond,Ped Drink,Ped Drug,Ped Nonped,Ped Rflct,Persons Injured,Persons Killed,Physical Juris Nm,PJR,VSP_Used,Rd Type,Relation To Roadway,Rightshoulderwidth,RNS_MP (0.25 mi bin),Rns Mp,Roadway Alignment,Roadway Defect,Roadway Description,Roadway Surface Cond,Roadway Surface Type,Route Or Street Nm,Rte Category Cd,Rte Cat,Rte Nm,Ruralurbandesc,School Zone,Second Crash Event Cd,Segtotaadt2011,Segtotaadt2012,Segtotaadt2013,Segtotaadt2014,Segtotaadt2015,Senior Notsenior,Sidewalkdesc,Speed Before,Speed Max Safe,Speed Notspeed,Speed Posted,Start Node,Start Offset,Summons Issued Cd,Surfacedesc,Third Crash Event Cd,Time Slicing,Total Crashes including Property Damage Only,Total Crash,Traffic Control Type,Trfc Ctrl Status Type,Truckcommr,Vehiclenumber,Vehicle Body Type Cd,Vehicle Make Nm,Vehicle Maneuver Type Cd,Vehicle Model Nm,Vehicle Year Nbr,District,District_Used ,Weather Condition,Work Zone Location,Work Zone Related,Work Zone Type,Young Notyoung
No Access Control,Not ALCIHOL,Urban,0,0,Bituminous Concrete (Black Base),SR-00190- 013B(R)/TO I-264,Not UNBELTED,16,Male,B,2,BIKE,13.07,1,1,,2. Angle,"Not Provided,Not Provided","Not Provided,Not Provided",SR00190,13.07,3,8/10/2012,8/10/2012,22. Bicycle,1551,B.Visiible Injury,2012,Left and Right sides,0,0,Virginia Beach,Urban,22. Bicycle,MAIN,3PM TO 6PM,134.Virginia Beach,0,Intersection,Reset Filters,VDOT_OTHER,Friday,Not DEER,"West,North",,5,1,122255095,"24,16","Male,Male","PDO,B","1,2","1. No Improper Action,1. No Improper Action","2. Not Deployed,2. Not Deployed","4. No Test,4. No Test","1. No Defects,1. No Defects","14. No Driver Distraction,14. No Driver Distraction","6. Unknown,6. Unknown","3. Unknown,3. Unknown","1. Not Ejected,1. Not Ejected","No,Yes","No,No","3. Lap and Shoulder Belt,8. No Restraint Used","1. Not Obscured,1. Not Obscured",,,13,541184,RAMP TO I-264(L)/,0,1,"1.Divided, no control of access","22,20",1. On Roadway,"0,0",H,H.Urban Minor Arterial,Urban Extensions - Primary Routes,Not GUARDRAIL,Not HIT_RUN,"11,12",1,4. Four Approaches,122255095,C,0,0,36.840772,36.840772,0,0.01,Not LRTRUCK,2. Daylight,LOCATED,-76.158647,-76.158647,MAINLINE,MAIN,0,0,Curbed Grass,16,8,Divided Roadway,"22,20",Not MOTORCYCLE,541183,541183.  SR00190       SR00190       SR00190 013B,36525,37218,37504,36371,34589,4,1,0,PRI_URBAN,,,,,,,,,3,0,54,0,1,,0,0,,,,,,,,,Not PED,,1,0,Virginia Beach,134,5,NOT-RD,5. On Entrance/Exit Ramp,0,13.00,13.07,1. Straight - Level,1. No Defects,"2. Two-Way, Divided, Unprotected Median",1. Dry,"2. Blacktop, Asphalt, Bituminous",105 WITCHDUCK RD,STPRI,SR,R-VA   SR00190EB,"Urbanized (Population 200,000 and over)",3. No,"0,0",36525,30929,31215,30082,28300,Not SENIOR,Left and Right sides,"10,10","35,0",Not SPEED,"35,10",541183,0,"2. No,2. No",0,"0,0",3PM TO 6PM,1,1,1. No Traffic Control,6. No Traffic Control Device Present,Not a Parkway - Trucks and Commercial Vehicles Allowed,"1,2","1. Passenger car,9. Bicycle","HONDA,UNK","3. Making Left Turn,1. Going Straight Ahead","CIVIC,BICYCLE",1999,5,5.Hampton Roads,1. No Adverse Condition (Clear/Cloudy),Not Provided,2. No,Not Provided,YOUNG
No Access Control,Not ALCIHOL,Urban,0,0,Portland Cement Concrete,122-08639(B)/INGLESIDE AV,Not UNBELTED,30,Female,C,2,BIKE,494.27,0,0,,2. Angle,"Not Provided,Not Provided","Not Provided,Not Provided",US00058,494.46,4,8/10/2012,8/10/2012,20. Motor Vehicle In Transport,1826,C.Non-Visible Injury,2012,Left and Right sides,1,1,Norfolk,Urban,20. Motor Vehicle In Transport,MAIN,6PM TO 9PM,122.Norfolk,"1,003",Intersection,Reset Filters,VDOT_OTHER,Friday,Not DEER,"North,East",,5,1,122650053,"67,30","Female,Female","PDO,C","1,2","37. Other,37. Other","2. Not Deployed,3. Unavailable/Not Applicable","Not Applicable,Not Applicable","1. No Defects,1. No Defects","Not Applicable,Not Applicable","1. Had Not Been Drinking,1. Had Not Been Drinking","2. No,2. No","1. Not Ejected,3. Totally Ejected","No,No","No,No","3. Lap and Shoulder Belt,9. Not Applicable","1. Not Obscured,1. Not Obscured",,,495,483124,122-08641(L)/AZALEA GARDEN RD,0,1,"1.Divided, no control of access","20,20",1. On Roadway,"0,0",E,E.Urban Other Principle Arterials; Connecting Links of Other Rural Principal Arterial,Urban Extensions - Primary Routes,Not GUARDRAIL,Not HIT_RUN,"12,2",1,4. Four Approaches,122650053,C,0,0,36.855026,36.855026,0,0.42,Not LRTRUCK,2. Daylight,LOCATED,-76.23596,-76.23596,MAINLINE,MAIN,0,0,Curbed Grass,22,4,Divided Roadway,"20,20",Not MOTORCYCLE,483125,483125.  US00058       US00058      12208639      12208639,33546,37675,38023,36643,37021,6,1,0.19,PRI_URBAN,,,,,,,,,0,163,78,0,1,,0,0,,,,,,,,,Not PED,,1,0,Norfolk,122,5,NOT-RD,9. Within Intersection,0,494.50,494.57,1. Straight - Level,1. No Defects,"3. Two-Way, Divided, Positive Median Barrier",1. Dry,1. Concrete,3600 E V A BEACH BLVD,USPRI,US,R-VA   US00058EB,"Urbanized (Population 200,000 and over)",3. No,"0,0",25171,30084,30362,29260,29058,SENIOR,None,"5,6","15,35",Not SPEED,"15,35",483125,0,"2. No,2. No",0,"0,0",6PM TO 9PM,1,1,3. Traffic Signal,1. Yes - Working,Truck Access System,"1,2","1. Passenger car,9. Bicycle",HONDA,"3. Making Left Turn,1. Going Straight Ahead","ACCORD,BICYCLE",1997,5,5.Hampton Roads,1. No Adverse Condition (Clear/Cloudy),Not Provided,2. No,Not Provided,Not YOUNG
No Access Control,Not ALCIHOL,Urban,0,0,Bituminous Concrete (Black Base),HODGES RD(R)/,Not UNBELTED,45,Male,PDO,3,BIKE,8.46,0,0,,16. Other,"Not Provided,Not Provided,Not Provided","Not Provided,Not Provided,Not Provided",C1SR00168,8.996,3,4/2/2015,4/2/2015,22. Bicycle,1545,PDO.Property Damage Only,2015,None,0,0,Chesapeake,Urban,22. Bicycle,MAIN,3PM TO 6PM,131.Chesapeake,"1,130",Intersection,Reset Filters,VDOT_OTHER,Thursday,Not DEER,"South,East,North",,5,1,151275287,"81,44,45","Male,Female,Male","PDO,PDO,PDO","1,2,3","11. Did Not Have Right-of-Way,1. No Improper Action,1. No Improper Action","2. Not Deployed,2. Not Deployed,3. Unavailable/Not Applicable","4. No Test,4. No Test,4. No Test","1. No Defects,1. No Defects,1. No Defects","14. No Driver Distraction,14. No Driver Distraction,14. No Driver Distraction","1. Had Not Been Drinking,1. Had Not Been Drinking,1. Had Not Been Drinking","3. Unknown,3. Unknown,3. Unknown","1. Not Ejected,1. Not Ejected,3. Totally Ejected","No,No,No","No,No,No","3. Lap and Shoulder Belt,3. Lap and Shoulder Belt,5. Helmet","11. Moving Vehicle(s),1. Not Obscured,11. Moving Vehicle(s)",,,9,483446,131-08674(R)/ASHLEY RD,0,0,"0.Two-way, non-divided","22,10,20",1. On Roadway,"0,0,0",H,H.Urban Minor Arterial,Urban Extensions - Primary Routes,Not GUARDRAIL,Not HIT_RUN,"12,12,10",0,1. Not at Intersection,151275287,C,0,0,36.70085,36.70085,4,0.75,Not LRTRUCK,2. Daylight,LOCATED,-76.23438,-76.23438,MAINLINE,MAIN,0,0,0,0,0,Undivided Roadway,"22,10,20",Not MOTORCYCLE,483446,483446. 13108674     C1SR00168     C1SR00168,14967,14635,14719,14123,14404,2,1,0.214,PRI_URBAN,,,,,,,,,4.2,0,24,1,0,,0,0,,,,,,,,,Not PED,,0,0,Chesapeake,131,5,NOT-RD,"13. Driveway, Alley-Access - Related",4,8.75,9.00,1. Straight - Level,1. No Defects,"1. Two-Way, Not Divided",1. Dry,"2. Blacktop, Asphalt, Bituminous",BATTEFIELD BL,STPRI,SR,R-VA   SR00168NBBUS001,"Urbanized (Population 200,000 and over)",3. No,"22,0,0",13251,12957,13031,12496,12744,SENIOR,None,"15,1,25","35,35,35",Not SPEED,"35,35,35",483445,0,"2. No,2. No,2. No",0,"0,0,0",3PM TO 6PM,1,1,6. Traffic Lanes Marked,1. Yes - Working,Not a Parkway - Trucks and Commercial Vehicles Allowed,"1,2,3","22. Truck - Sport Utility Vehicle (SUV),22. Truck - Sport Utility Vehicle (SUV),9. Bicycle","DODGE,TOYOTA,FELT","3. Making Left Turn,16. Entering Street From Parking Lot,1. Going Straight Ahead","DURANGO,HIGHLANDER,BICYCLE",200020032012,5,5.Hampton Roads,1. No Adverse Condition (Clear/Cloudy),Not Provided,2. No,Not Provided,Not YOUNG
,Not ALCIHOL,Urban,1,1,,,Not UNBELTED,17,Male,A,2,BIKE,,0,0,,2. Angle,"Not Provided,Not Provided","Not Provided,Not Provided",,,,4/3/2015,4/3/2015,22. Bicycle,1430,A.Ambulatory Injury,2015,,0,0,Hampton,Urban,22. Bicycle,MAIN,12PM TO 3PM,114.Hampton,,Not Intersection,Reset Filters,VDOT_OTHER,Friday,Not DEER,"West,South",,5,1,151130002,"47,17","Male,Male","PDO,A","1,2","1. No Improper Action,1. No Improper Action","2. Not Deployed,3. Unavailable/Not Applicable","4. No Test,4. No Test","1. No Defects,1. No Defects","Not Applicable,Not Applicable","1. Had Not Been Drinking,1. Had Not Been Drinking","2. No,2. No","1. Not Ejected,3. Totally Ejected","No,No","No,No","3. Lap and Shoulder Belt,8. No Restraint Used","5. Trees, Crops, etc.,1. Not Obscured",,,,,,,,,"22,20",1. On Roadway,"0,0",,,,Not GUARDRAIL,Not HIT_RUN,"1,12",1,4. Four Approaches,,C,0,0,37.02929,37.02929,,,Not LRTRUCK,2. Daylight,UNLOCATED,-76.41985,-76.41985,MAINLINE,,,,,,,,"22,20",Not MOTORCYCLE,,.,,,,,,,1,,SEC_URBAN,,,,,,,,,,,,0,1,,0,0,,,,,,,,,Not PED,,1,0,Hampton,114,5,NOT-RD,9. Within Intersection,,,,1. Straight - Level,1. No Defects,"2. Two-Way, Divided, Unprotected Median",1. Dry,"2. Blacktop, Asphalt, Bituminous",GREENWOOD DR,UNKWN,SC,U-VA114SC99999UK,,3. No,"0,0",,,,,,Not SENIOR,,5,"25,0",Not SPEED,"25,35",,,"2. No,2. No",,"0,0",12PM TO 3PM,1,1,4. Stop Sign,1. Yes - Working,,"1,2","1. Passenger car,9. Bicycle",TOYOTA,"5. Slowing or Stopping,1. Going Straight Ahead",CAMRY,2010,5,5.Hampton Roads,1. No Adverse Condition (Clear/Cloudy),Not Provided,2. No,Not Provided,YOUNG
No Access Control,Not ALCIHOL,Urban,0,0,Bituminous Concrete (Black Base),76TH STREET(B)/,Not UNBELTED,12,Male,B,1,BIKE,3.04,1,1,,3. Head On,"Not Provided,Not Provided","Not Provided,Not Provided",12107017,3.069,4,4/3/2015,4/3/2015,22. Bicycle,1618,B.Visiible Injury,2015,Left and Right sides,0,0,Newport News,Urban,22. Bicycle,MAIN,3PM TO 6PM,121.Newport News,"3,691",Intersection,Reset Filters,VDOT_OTHER,Friday,Not DEER,"West,South",,5,1,151200028,"12,56","Male,Male","B,PDO","1,2","19. Improper Start From Parked Position,37. Other","3. Unavailable/Not Applicable,2. Not Deployed","4. No Test,4. No Test","1. No Defects,9. Unknown","Not Applicable,Not Applicable","1. Had Not Been Drinking,1. Had Not Been Drinking","2. No,2. No","2. Partially Ejected,1. Not Ejected","Yes,No","No,No","8. No Restraint Used,3. Lap and Shoulder Belt","1. Not Obscured,3. Windshield Otherwise Obscured",,,3,646303,77TH STREET(B)/,0,0,"0.Two-way, non-divided","20,22",1. On Roadway,"0,0",I,I.Urban Collector,Other City or Town Streets (not state maintained),Not GUARDRAIL,Not HIT_RUN,"1,12",1,1. Not at Intersection,151200028,C,0,0,37.01962,37.01962,0,0.05,Not LRTRUCK,2. Daylight,LOCATED,-76.43,-76.43,MAINLINE,MAIN,0,0,0,0,0,Undivided Roadway,"20,22",Not MOTORCYCLE,646264,646264. 12107012      12107012      12107017      12107017,9640,9427,9246,8916,9097,2,1,0.699,SEC_URBAN,,,,,,,,,2.5,0,44,0,1,,0,0,,,,,,,,,Not PED,,1,0,Newport News,121,5,RD-UNKNOWN,1. Main-Line Roadway,0,3.00,3.07,1. Straight - Level,1. No Defects,"1. Two-Way, Not Divided",1. Dry,"2. Blacktop, Asphalt, Bituminous",7602 ROANOKE AVE,URB,UR,R-VA121UR07017SB,"Urbanized (Population 200,000 and over)",3. No,"0,0",2402,2349,2454,2367,2415,Not SENIOR,None,"3,27","25,25",SPEED,"25,25",646302,0,"2. No,2. No",0,"0,0",3PM TO 6PM,1,1,1. No Traffic Control,6. No Traffic Control Device Present,Not a Parkway - Trucks and Commercial Vehicles Allowed,"1,2","9. Bicycle,1. Passenger car",CHEVROLET,"7. Starting From Parked Position,1. Going Straight Ahead",IMPALA,2004,5,5.Hampton Roads,1. No Adverse Condition (Clear/Cloudy),Not Provided,2. No,Not Provided,Not YOUNG
No Access Control,Not ALCIHOL,Urban,0,0,Bituminous Concrete (Black Base),WESTOVER AVE(L)/,Not UNBELTED,58,Female,B,1,BIKE,0.54,1,1,,2. Angle,"Not Provided,Not Provided","Not Provided,Not Provided",13707075,0.564,4,4/4/2015,4/4/2015,12. Building/Structure,1733,B.Visiible Injury,2015,Left and Right sides,0,0,Williamsburg,Urban,12. Building/Structure,MAIN,3PM TO 6PM,137.Williamsburg,"1,024",Intersection,Reset Filters,VDOT_OTHER,Saturday,Not DEER,"West,North",,5,1,151045104,"58,71","Female,Female","B,PDO","1,2","10. Wrong Side Of Road - Not Overtaking,1. No Improper Action","3. Unavailable/Not Applicable,2. Not Deployed","4. No Test,4. No Test","1. No Defects,1. No Defects","Not Applicable,Not Applicable","1. Had Not Been Drinking,1. Had Not Been Drinking","2. No,2. No","1. Not Ejected,1. Not Ejected","No,No","No,No","8. No Restraint Used,3. Lap and Shoulder Belt","1. Not Obscured,1. Not Obscured",,,1,398837,SHIRLEY AVE(L)/,0,0,"0.Two-way, non-divided","20,22",4. Roadside,"0,0",H,H.Urban Minor Arterial,Other City or Town Streets (not state maintained),Not GUARDRAIL,Not HIT_RUN,"10,12",1,3. Three Approaches,151045104,C,0,0,37.28002,37.28002,0,0.05,Not LRTRUCK,2. Daylight,LOCATED,-76.71799,-76.71799,MAINLINE,MAIN,0,0,0,0,0,Undivided Roadway,"20,22",Not MOTORCYCLE,398813,398813. 13707075      13707075      13707077      13707083,27434,26827,25596,24685,25185,2,1,0.194,SEC_URBAN,,,,,,,,,0,0,40,0,1,,0,0,,,,,,,,,Not PED,,1,0,Williamsburg,137,5,NOT-RD,"13. Driveway, Alley-Access - Related",0,0.50,0.56,1. Straight - Level,1. No Defects,"1. Two-Way, Not Divided",1. Dry,1. Concrete,1220 RICHMOND RD,URB,UR,R-VA137UR07075EB,"Urbanized (Population 200,000 and over)",3. No,"0,0",12956,12669,10055,9697,9893,SENIOR,Left and Right sides,"10,5","0,15",Not SPEED,"25,25",398836,0,"1. Yes,2. No",0,"0,0",3PM TO 6PM,1,1,6. Traffic Lanes Marked,1. Yes - Working,Not a Parkway - Trucks and Commercial Vehicles Allowed,"1,2","9. Bicycle,3. Van",HOND,"1. Going Straight Ahead,2. Making Right Turn",ODYSSEY,,5,5.Hampton Roads,1. No Adverse Condition (Clear/Cloudy),Not Provided,2. No,Not Provided,Not YOUNG
,Not ALCIHOL,Urban,0,0,,,Not UNBELTED,54,Male,B,2,BIKE,,1,1,,2. Angle,"Not Provided,Not Provided","Not Provided,Not Provided",,,,8/13/2012,8/13/2012,22. Bicycle,1422,B.Visiible Injury,2012,,0,0,Hampton,Urban,22. Bicycle,MAIN,12PM TO 3PM,114.Hampton,,Not Intersection,Reset Filters,VDOT_OTHER,Monday,Not DEER,"North,West",,5,1,122900137,"45,54","Male,Male","PDO,B","1,2","11. Did Not Have Right-of-Way,1. No Improper Action","2. Not Deployed,3. Unavailable/Not Applicable","4. No Test,4. No Test","1. No Defects,1. No Defects","Not Applicable,Not Applicable","1. Had Not Been Drinking,1. Had Not Been Drinking","2. No,2. No","1. Not Ejected,3. Totally Ejected","No,No","No,No","3. Lap and Shoulder Belt,8. No Restraint Used","1. Not Obscured,1. Not Obscured",,,,,,,,,"22,20",1. On Roadway,"0,0",,,,Not GUARDRAIL,Not HIT_RUN,"11,11",1,1. Not at Intersection,,C,0,0,37.028468,37.028468,,,Not LRTRUCK,2. Daylight,UNLOCATED,-76.341589,-76.341589,MAINLINE,,,,,,,,"22,20",Not MOTORCYCLE,,.,,,,,,,1,,SEC_URBAN,,,,,,,,,,,,0,1,,0,0,,,,,,,,,Not PED,,1,0,Hampton,114,5,NOT-RD,1. Main-Line Roadway,,,,1. Straight - Level,1. No Defects,"1. Two-Way, Not Divided",1. Dry,"2. Blacktop, Asphalt, Bituminous",lincoln st,UNKWN,SC,U-VA114SC99999UK,,3. No,"0,0",,,,,,Not SENIOR,,"5,5","25,25",Not SPEED,"25,25",,,"1. Yes,2. No",,"0,0",12PM TO 3PM,1,1,1. No Traffic Control,6. No Traffic Control Device Present,,"1,2","2. Truck - Pick-up/Passenger Truck,9. Bicycle","ford,scott","3. Making Left Turn,1. Going Straight Ahead",bicycle,,5,5.Hampton Roads,1. No Adverse Condition (Clear/Cloudy),Not Provided,2. No,Not Provided,Not YOUNG
,Not ALCIHOL,Urban,0,0,,,Not UNBELTED,4,Male,B,2,BIKE,,1,1,,2. Angle,"Not Provided,Not Provided","Not Provided,Not Provided",,,,8/13/2012,8/13/2012,22. Bicycle,1526,B.Visiible Injury,2012,,0,0,Norfolk,Urban,22. Bicycle,MAIN,3PM TO 6PM,122.Norfolk,,Not Intersection,Reset Filters,VDOT_OTHER,Monday,Not DEER,"South,East",,5,1,123530069,"70,4","Male,Male","PDO,B","1,2","1. No Improper Action,11. Did Not Have Right-of-Way","2. Not Deployed,3. Unavailable/Not Applicable","Not Applicable,Not Applicable","1. No Defects,1. No Defects","Not Applicable,Not Applicable","1. Had Not Been Drinking,Not Applicable","Not Applicable,Not Applicable","1. Not Ejected,3. Totally Ejected","No,Yes","No,No","3. Lap and Shoulder Belt,9. Not Applicable","13. Other,1. Not Obscured",,,,,,,,,"22,0",1. On Roadway,"0,0",,,,Not GUARDRAIL,Not HIT_RUN,"1,0",1,4. Four Approaches,,C,0,0,36.9452,36.9452,,,Not LRTRUCK,2. Daylight,UNLOCATED,-76.242797,-76.242797,MAINLINE,,,,,,,,"22,0",Not MOTORCYCLE,,.,,,,,,,1,,SEC_URBAN,,,,,,,,,,,,0,1,,0,0,,,,,,,,,Not PED,,1,0,Norfolk,122,5,NOT-RD,9. Within Intersection,,,,1. Straight - Level,1. No Defects,"1. Two-Way, Not Divided",1. Dry,"2. Blacktop, Asphalt, Bituminous",9500 CHESAPEAKE ST,UNKWN,SC,U-VA122SC99999UK,,3. No,"0,0",,,,,,SENIOR,,25,"25,0",Not SPEED,"25,0",,,"2. No,2. No",,"0,0",3PM TO 6PM,1,1,1. No Traffic Control,1. Yes - Working,,"1,2","2. Truck - Pick-up/Passenger Truck,9. Bicycle","GMC,BIKE","1. Going Straight Ahead,1. Going Straight Ahead",PU,2007,5,5.Hampton Roads,1. No Adverse Condition (Clear/Cloudy),Not Provided,2. No,Not Provided,Not YOUNG
No Access Control,Not ALCIHOL,Urban,0,0,Bituminous Concrete (Black Base),ENT. TO SHOPPING CENTER(L)/,Not UNBELTED,31,Male,B,2,BIKE,2.26,1,1,35,8. Non-Collision,"Not Provided,Not Provided","Not Provided,Not Provided",C4US00460,2.312,3,8/14/2012,8/14/2012,42. Other Non-Collision,1748,B.Visiible Injury,2012,Left and Right sides,0,0,Suffolk,Urban,42. Other Non-Collision,MAIN,3PM TO 6PM,133.Suffolk,"4,023",Intersection,Reset Filters,VDOT_OTHER,Tuesday,Not DEER,"South,South",,5,1,122305086,"53,31","Female,Male","PDO,B","1,2","1. No Improper Action,1. No Improper Action","2. Not Deployed,3. Unavailable/Not Applicable","Not Applicable,4. No Test","1. No Defects,1. No Defects","Not Applicable,Not Applicable","Not Applicable,1. Had Not Been Drinking","2. No,2. No","1. Not Ejected,3. Totally Ejected","No,Yes","No,No","1. Lap Belt Only,9. Not Applicable","1. Not Obscured,1. Not Obscured",,,3,746641,ENT TO SUFFOLF PUBLIC PARK(R)/,0,0,"0.Two-way, non-divided","42,42",4. Roadside,"0,0",E,E.Urban Other Principle Arterials; Connecting Links of Other Rural Principal Arterial,Urban Extensions - Primary Routes,Not GUARDRAIL,Not HIT_RUN,"0,0",1,3. Three Approaches,122305086,C,0,0,36.743379,36.743379,0,0.33,Not LRTRUCK,2. Daylight,LOCATED,-76.583527,-76.583527,MAINLINE,MAIN,0,0,0,0,0,Undivided Roadway,"42,42",Not MOTORCYCLE,468394,468394. 13300709     C4US00460     C4US00460,25501,25465,24999,24969,25706,4,1,0.762,PRI_URBAN,,,,,,,,,0,150,64,0,1,,0,0,,,,,,,,,Not PED,,1,0,Suffolk,133,5,NOT-RD,1. Main-Line Roadway,0,2.25,2.31,1. Straight - Level,1. No Defects,"1. Two-Way, Not Divided",1. Dry,"2. Blacktop, Asphalt, Bituminous",N MAIN ST,USPRI,US,R-VA   US00460EBBUS004,"Urbanized (Population 200,000 and over)",3. No,"0,0",25451,25415,24949,24919,25656,Not SENIOR,Left and Right sides,"15,0","25,0",Not SPEED,"25,0",734759,0,"2. No,2. No",0,"0,0",3PM TO 6PM,1,1,3. Traffic Signal,1. Yes - Working,Designated Truck Route - D2,"1,2","1. Passenger car,9. Bicycle",FORD,"2. Making Right Turn,5. Slowing or Stopping",SEDAN,1997,5,5.Hampton Roads,1. No Adverse Condition (Clear/Cloudy),Not Provided,2. No,Not Provided,Not YOUNG
,Not ALCIHOL,Urban,0,0,,,Not UNBELTED,15,Male,B,2,BIKE,,1,1,,2. Angle,"Not Provided,Not Provided","Not Provided,Not Provided",,,,4/6/2015,4/6/2015,22. Bicycle,1447,B.Visiible Injury,2015,,0,0,Virginia Beach,Urban,22. Bicycle,MAIN,12PM TO 3PM,134.Virginia Beach,,Not Intersection,Reset Filters,VDOT_OTHER,Monday,Not DEER,"East,North",,5,1,151095129,"64,15","Female,Male","PDO,B","1,2","11. Did Not Have Right-of-Way,1. No Improper Action","2. Not Deployed,2. Not Deployed","4. No Test,4. No Test","1. No Defects,Not Applicable","14. No Driver Distraction,14. No Driver Distraction","1. Had Not Been Drinking,1. Had Not Been Drinking","3. Unknown,3. Unknown","1. Not Ejected,1. Not Ejected","NotProvided,Yes","No,No","3. Lap and Shoulder Belt,6. Other","1. Not Obscured,Not Applicable",,,,,,,,,"22,20",1. On Roadway,"0,0",,,,Not GUARDRAIL,Not HIT_RUN,"12,10",1,3. Three Approaches,,C,0,0,36.90076,36.90076,,,Not LRTRUCK,2. Daylight,UNLOCATED,-76.06647,-76.06647,MAINLINE,,,,,,,,"22,20",Not MOTORCYCLE,,.,,,,,,,1,,SEC_URBAN,,,,,,,,,,,,0,1,,0,0,,,,,,,,,Not PED,,1,0,Virginia Beach,134,5,NOT-RD,9. Within Intersection,,,,1. Straight - Level,1. No Defects,"2. Two-Way, Divided, Unprotected Median",1. Dry,"2. Blacktop, Asphalt, Bituminous",2800 ADAM KEELING RD,UNKWN,SC,U-VA134SC99999UK,,3. No,"0,0",,,,,,Not SENIOR,,"2,3","25,45",Not SPEED,"25,45",,,"1. Yes,2. No",,"0,0",12PM TO 3PM,1,1,3. Traffic Signal,1. Yes - Working,,"1,2","22. Truck - Sport Utility Vehicle (SUV),9. Bicycle","HONDA,UNK","2. Making Right Turn,1. Going Straight Ahead","CR-V,UNK",20082015,5,5.Hampton Roads,1. No Adverse Condition (Clear/Cloudy),Not Provided,2. No,Not Provided,YOUNG
,Not ALCIHOL,Urban,0,0,,,Not UNBELTED,45,Male,B,2,BIKE,,1,1,,2. Angle,"Not Provided,Not Provided","Not Provided,Not Provided",,,,1/26/2012,1/26/2012,22. Bicycle,1320,B.Visiible Injury,2012,,0,1,Virginia Beach,Urban,22. Bicycle,MAIN,12PM TO 3PM,134.Virginia Beach,,Not Intersection,Reset Filters,VDOT_OTHER,Thursday,Not DEER,"South,South",,5,1,120285042,"73,45","Male,Male","C,B","1,2","37. Other,1. No Improper Action","2. Not Deployed,3. Unavailable/Not Applicable","4. No Test,4. No Test","1. No Defects,1. No Defects","Not Applicable,Not Applicable","1. Had Not Been Drinking,1. Had Not Been Drinking","2. No,2. No","1. Not Ejected,2. Partially Ejected","No,No","No,No","3. Lap and Shoulder Belt,8. No Restraint Used","1. Not Obscured,1. Not Obscured",,,,,,,,,"22,20",1. On Roadway,"0,0",,,,Not GUARDRAIL,Not HIT_RUN,"12,4",1,4. Four Approaches,,C,0,0,36.848413,36.848413,,,Not LRTRUCK,2. Daylight,UNLOCATED,-76.021827,-76.021827,MAINLINE,,,,,,,,"22,20",Not MOTORCYCLE,,.,,,,,,,1,,SEC_URBAN,,,,,,,,,,,,0,2,,0,0,,,,,,,,,Not PED,,2,0,Virginia Beach,134,5,NOT-RD,9. Within Intersection,,,,1. Straight - Level,1. No Defects,"2. Two-Way, Divided, Unprotected Median",1. Dry,"2. Blacktop, Asphalt, Bituminous",DONNA DR.,UNKWN,SC,U-VA134SC99999UK,,3. No,"0,0",,,,,,SENIOR,,"10,10","35,35",Not SPEED,"35,35",,,"1. Yes,2. No",,"0,0",12PM TO 3PM,1,1,3. Traffic Signal,1. Yes - Working,,"1,2","1. Passenger car,9. Bicycle","INFINITI,SCHWINN","2. Making Right Turn,1. Going Straight Ahead","G20,JAGUAR",19992010,5,5.Hampton Roads,1. No Adverse Condition (Clear/Cloudy),Not Provided,2. No,Not Provided,Not YOUNG