Access Control,Alcohol Notalcohol,Area Type1,A Crash,A People,Basetypedesc,Begin Node Dsc,Belted Unbelted,Bikeage,Bikegen,Bikeinjurytype,Bikevehiclenumber,Bike Nonbike,BMP,B Crash,B People,Carspeedlimit,Collision Type,Comm Cargo Body Type Cd,Comm Vehicle Body Type Cd,Cotedrouteid,Coted Mp,Count App,CRASH_DT (copy),Crash Dt,Crash Event Type Dsc,Crash Military Tm,Crash Severity,Crash Year,Curbgutterdesc,C Crash,C People,Juris Name Used,Area Type Used,First Harmful Event of Entire Crash,MAINLINE,Time Slicing Used,Phy_Juris_Nm,Offset-Ft,Intersection Analysis,Clear,Calculation_9640323132123359,Day Of Week,Deer Nodeer,Direction Of Travel Cd,Distracted Notdistracted,VSP,TOTAL CRASH,Document Nbr,Driverage,Drivergen,Driverinjurytype,Drivervehiclenumber,Driver Action Type Cd,Driver Airbag Deployment,Driver Alcohol Test Type Cd,Driver Condition Type Cd,Driver Distraction Type Cd,Driver Drinking Type Cd,Driver Drug Use Cd,Driver Ejected From Vehicle,Driver Ems Transport Ind,Driver Fled Scene Ind,Driver Safety Equip Used,Driver Vis Obscured Type Cd,Drowsy Notdrowsy,Drug Nodrug,EMP,End Node,End Node Dsc,End Offset,Facility,FAC,First Crash Event Cd,First Harmful Event,Fourth Crash Event Cd,Functionalclass,FUN,Govcondesc,Gr Nogr,Hitrun Not Hitrun,Initial Veh Impact Area Cd,Injury Crashes,Intersection Type,Int Doc,Jurtype,K_CRASH,K People,LAT (copy),LAT,Leftshoulderwidth,Length,Lgtruck Nonlgtruck,Light Condition,Located Unlocated,LON (copy),LON,MAINLINE (group),Mainline Yn,Medianleftshoulderwidth,Medianrightshoulderwidth,Mediantypedesc,Medianwidthmax,Medianwidthmin,Median Type,Most Harmful Crash Event Cd,Motor Nonmotor,Node,Node Info,Node Totaadt2011,Node Totaadt2012,Node Totaadt2013,Node Totaadt2014,Node Totaadt2015,Numberoflane,Number of Records,Offset,Ownership,Passage,Passgen,Passinjurytype,Passvehiclenumber,Pass Airbag Deployment,Pass Ejected From Vehicle,Pass Ems Transport Ind,Pass Safety Equip Used,Pavementconditionvalue,Pavementroughnessvalue,Pavementwidth,Pdo Crash,Total People Killed & Injured,Pedage,Pedestrians Injured,Pedestrians Killed,Pedgen,Pedinjurytype,Pednumber,Ped Action,Ped Al Test,Ped Cond,Ped Drink,Ped Drug,Ped Nonped,Ped Rflct,Persons Injured,Persons Killed,Physical Juris Nm,PJR,VSP_Used,Rd Type,Relation To Roadway,Rightshoulderwidth,RNS_MP (0.25 mi bin),Rns Mp,Roadway Alignment,Roadway Defect,Roadway Description,Roadway Surface Cond,Roadway Surface Type,Route Or Street Nm,Rte Category Cd,Rte Cat,Rte Nm,Ruralurbandesc,School Zone,Second Crash Event Cd,Segtotaadt2011,Segtotaadt2012,Segtotaadt2013,Segtotaadt2014,Segtotaadt2015,Senior Notsenior,Sidewalkdesc,Speed Before,Speed Max Safe,Speed Notspeed,Speed Posted,Start Node,Start Offset,Summons Issued Cd,Surfacedesc,Third Crash Event Cd,Time Slicing,Total Crashes including Property Damage Only,Total Crash,Traffic Control Type,Trfc Ctrl Status Type,Truckcommr,Vehiclenumber,Vehicle Body Type Cd,Vehicle Make Nm,Vehicle Maneuver Type Cd,Vehicle Model Nm,Vehicle Year Nbr,District,District_Used ,Weather Condition,Work Zone Location,Work Zone Related,Work Zone Type,Young Notyoung
No Access Control,Not ALCIHOL,Urban,0,0,Bituminous Concrete (Black Base),MONUMENT DRIVE(B)/,Not UNBELTED,56,Male,B,2,BIKE,0.25,1,1,,2. Angle,"Not Provided,Not Provided","Not Provided,Not Provided",13408717,0.399,4,8/15/2012,8/15/2012,22. Bicycle,1811,B.Visiible Injury,2012,Left and Right sides,0,0,Virginia Beach,Urban,22. Bicycle,MAIN,6PM TO 9PM,134.Virginia Beach,111,Intersection,Reset Filters,VDOT_OTHER,Wednesday,Not DEER,"South,East",,5,1,122295188,"29,56","Male,Male","PDO,B","1,2","11. Did Not Have Right-of-Way,1. No Improper Action","2. Not Deployed,3. Unavailable/Not Applicable","4. No Test,4. No Test","1. No Defects,1. No Defects","14. No Driver Distraction,14. No Driver Distraction","1. Had Not Been Drinking,1. Had Not Been Drinking","2. No,2. No","1. Not Ejected,2. Partially Ejected","No,Yes","No,No","3. Lap and Shoulder Belt,9. Not Applicable","2. Rain, Snow, etc. on Windshield,1. Not Obscured",,,0,541412,134-08661(B)/(8717-VOLVO PKWY/8661-CENTERVILL,0,1,"1.Divided, no control of access","22,20",1. On Roadway,"0,0",H,H.Urban Minor Arterial,Other City or Town Streets (not state maintained),Not GUARDRAIL,Not HIT_RUN,"1,12",1,4. Four Approaches,122295188,C,0,0,36.769738,36.769738,0,0.17,Not LRTRUCK,2. Daylight,LOCATED,-76.189191,-76.189191,MAINLINE,MAIN,0,0,Positive Barrier *_(PF1 FOR NOTE),3,3,Divided Roadway,"22,20",Not MOTORCYCLE,541412,541412. 13408661      13408661      13408717      13408717,19438,20208,20395,19654,19551,4,1,0.021,SEC_URBAN,,,,,,,,,5,0,0,0,1,,0,0,,,,,,,,,Not PED,,1,0,Virginia Beach,134,5,NOT-RD,9. Within Intersection,0,0.25,0.42,1. Straight - Level,1. No Defects,"2. Two-Way, Divided, Unprotected Median",2. Wet,"2. Blacktop, Asphalt, Bituminous",LYNNHAVEN PARKWAY,URB,UR,R-VA134UR08717WB,"Urbanized (Population 200,000 and over)",3. No,"0,0",6161,7985,8059,7766,7921,Not SENIOR,Left side,"5,5","0,0",Not SPEED,"35,35",724255,0,"1. Yes,2. No",0,"0,0",6PM TO 9PM,1,1,3. Traffic Signal,1. Yes - Working,Not a Parkway - Trucks and Commercial Vehicles Allowed,"1,2","1. Passenger car,9. Bicycle","VW,SCHWINN","2. Making Right Turn,1. Going Straight Ahead","JETTA,SRT MT BIKE",20092008,5,5.Hampton Roads,5. Rain,Not Provided,2. No,Not Provided,Not YOUNG
,Not ALCIHOL,Urban,0,0,,,Not UNBELTED,58,Female,B,1,BIKE,,1,1,,2. Angle,"Not Provided,Not Provided","Not Provided,Not Provided",,,,8/15/2012,8/15/2012,20. Motor Vehicle In Transport,1336,B.Visiible Injury,2012,,0,0,Virginia Beach,Urban,20. Motor Vehicle In Transport,MAIN,12PM TO 3PM,134.Virginia Beach,,Not Intersection,Reset Filters,VDOT_OTHER,Wednesday,Not DEER,"East,South",DISTRACTED,5,1,122295069,"58,38","Female,Female","B,PDO","1,2","37. Other,37. Other","3. Unavailable/Not Applicable,2. Not Deployed","Not Applicable,Not Applicable","1. No Defects,1. No Defects","11. Other,Not Applicable","1. Had Not Been Drinking,1. Had Not Been Drinking","Not Applicable,Not Applicable","1. Not Ejected,1. Not Ejected","Yes,No","No,No","5. Helmet,3. Lap and Shoulder Belt","1. Not Obscured,1. Not Obscured",,,,,,,,,"20,22",1. On Roadway,"0,0",,,,Not GUARDRAIL,Not HIT_RUN,"9,12",1,3. Three Approaches,,C,0,0,36.788148,36.788148,,,Not LRTRUCK,2. Daylight,UNLOCATED,-76.068195,-76.068195,MAINLINE,,,,,,,,"20,22",Not MOTORCYCLE,,.,,,,,,,1,,SEC_URBAN,,,,,,,,,,,,0,1,,0,0,,,,,,,,,Not PED,,1,0,Virginia Beach,134,5,NOT-RD,9. Within Intersection,,,,1. Straight - Level,1. No Defects,"2. Two-Way, Divided, Unprotected Median",1. Dry,1. Concrete,1698 DRASKESMILE ROAD,UNKWN,SC,U-VA134SC99999UK,,3. No,"0,0",,,,,,Not SENIOR,,"15,5","15,35",Not SPEED,"15,35",,,"2. No,2. No",,"0,0",12PM TO 3PM,1,1,3. Traffic Signal,1. Yes - Working,,"1,2","9. Bicycle,22. Truck - Sport Utility Vehicle (SUV)","N/A,Toyota","1. Going Straight Ahead,2. Making Right Turn","BIKE,FJ Cruiser",20122008,5,5.Hampton Roads,1. No Adverse Condition (Clear/Cloudy),Not Provided,2. No,Not Provided,Not YOUNG
No Access Control,Not ALCIHOL,Urban,0,0,Bituminous Concrete (Black Base),CHANTRY DRIVE(L)/,Not UNBELTED,37,Male,B,2,BIKE,1.95,1,1,,4. Sideswipe - Same Direction,"Not Provided,Not Provided","Not Provided,Not Provided",13400012,2.085,4,12/6/2013,12/6/2013,20. Motor Vehicle In Transport,2006,B.Visiible Injury,2013,Left and Right sides,0,0,Virginia Beach,Urban,20. Motor Vehicle In Transport,MAIN,6PM TO 9PM,134.Virginia Beach,"1,610",Intersection,Reset Filters,VDOT_OTHER,Friday,Not DEER,"South,South",,5,1,133465194,"58,37","0,Male","PDO,B","1,2","9. Other Improper Passing,1. No Improper Action","2. Not Deployed,3. Unavailable/Not Applicable","Not Applicable,Not Applicable","1. No Defects,1. No Defects","14. No Driver Distraction,14. No Driver Distraction","1. Had Not Been Drinking,1. Had Not Been Drinking","2. No,2. No","1. Not Ejected,2. Partially Ejected","No,No","No,No","3. Lap and Shoulder Belt,9. Not Applicable","1. Not Obscured,1. Not Obscured",,,2,734977,NORTHWOOD DR(R)/DIANA LEE DR(L)/,0,1,"1.Divided, no control of access","20,20",1. On Roadway,"0,0",H,H.Urban Minor Arterial,Other City or Town Streets (not state maintained),Not GUARDRAIL,Not HIT_RUN,"2,10",1,1. Not at Intersection,133465194,C,0,0,36.81006,36.81006,0,0.18,Not LRTRUCK,4. Darkness - Road Lighted,LOCATED,-76.09365,-76.09365,MAINLINE,MAIN,0,0,Curbed Grass,16,4,Divided Roadway,"20,20",Not MOTORCYCLE,541272,541272. 13400012      13400012      13400013      13408739,55636,55716,56230,54190,54562,4,1,0.305,SEC_URBAN,,,,,,,,,0,0,52,0,1,,0,0,,,,,,,,,Not PED,,1,0,Virginia Beach,134,5,NOT-RD,8. Non-Intersection,0,2.00,2.13,1. Straight - Level,1. No Defects,"2. Two-Way, Divided, Unprotected Median",1. Dry,1. Concrete,3500 BLK HOLLAND RD,URB,UR,R-VA134UR00012EB,"Urbanized (Population 200,000 and over)",3. No,"0,0",28098,29924,30200,29104,29116,Not SENIOR,Left and Right sides,"35,10","45,45",Not SPEED,"45,45",734983,0,"1. Yes,2. No",0,"0,0",6PM TO 9PM,1,1,1. No Traffic Control,6. No Traffic Control Device Present,Not a Parkway - Trucks and Commercial Vehicles Allowed,"1,2","2. Truck - Pick-up/Passenger Truck,9. Bicycle","Ford,MONGOOSE","13. Passing,1. Going Straight Ahead","F-150,N/A",1998,5,5.Hampton Roads,1. No Adverse Condition (Clear/Cloudy),Not Provided,2. No,Not Provided,Not YOUNG
No Access Control,Not ALCIHOL,Urban,0,0,Bituminous Concrete (Black Base),134-08723-N003A(R)/134-08723-S003A(L)/TO & FR,Not UNBELTED,26,0,B,1,BIKE,3.45,1,1,,2. Angle,"Not Provided,Not Provided","Not Provided,Not Provided",13408723,3.47,4,12/7/2013,12/7/2013,20. Motor Vehicle In Transport,946,B.Visiible Injury,2013,Left and Right sides,0,1,Virginia Beach,Urban,20. Motor Vehicle In Transport,MAIN,9AM TO 12PM,134.Virginia Beach,106,Intersection,Reset Filters,VDOT_OTHER,Saturday,Not DEER,"East,North",,5,1,133445254,"26,30","0,Female","B,C","1,2","11. Did Not Have Right-of-Way,1. No Improper Action","3. Unavailable/Not Applicable,2. Not Deployed","Not Applicable,Not Applicable","1. No Defects,1. No Defects","14. No Driver Distraction,14. No Driver Distraction","1. Had Not Been Drinking,1. Had Not Been Drinking","2. No,2. No","1. Not Ejected,1. Not Ejected","Yes,NotProvided","No,No","9. Not Applicable,3. Lap and Shoulder Belt","1. Not Obscured,1. Not Obscured",,,3,542030,OLD VIRGINIA BEACH ROAD(B)/,0,1,"1.Divided, no control of access","20,20",1. On Roadway,"0,0",H,H.Urban Minor Arterial,Other City or Town Streets (not state maintained),Not GUARDRAIL,Not HIT_RUN,"9,12",1,4. Four Approaches,133445254,C,0,0,36.847766,36.847766,0,0.04,Not LRTRUCK,2. Daylight,LOCATED,-75.994377,-75.994377,MAINLINE,MAIN,0,0,Grass/Unprotected,14,3,Divided Roadway,"20,20",Not MOTORCYCLE,542029,542029. 13408723      13408723      13408723N003A 13408723S003A,21852,28628,28827,28038,31705,4,1,0.02,SEC_URBAN,,,,,,,,,0,0,56,0,2,,0,0,,,,,,,,,Not PED,,2,0,Virginia Beach,134,5,NOT-RD,9. Within Intersection,0,3.25,3.48,1. Straight - Level,1. No Defects,"2. Two-Way, Divided, Unprotected Median",2. Wet,"2. Blacktop, Asphalt, Bituminous",500 N BIRDNECK RD,URB,UR,R-VA134UR08723SB,"Urbanized (Population 200,000 and over)",3. No,"0,0",21852,21532,21731,20942,24609,Not SENIOR,Left and Right sides,"5,2","45,45",Not SPEED,"45,45",542029,0,"2. No,2. No",0,"0,0",9AM TO 12PM,1,1,4. Stop Sign,1. Yes - Working,Not a Parkway - Trucks and Commercial Vehicles Allowed,"1,2","9. Bicycle,1. Passenger car","UNKNOWN,NISSAN","1. Going Straight Ahead,2. Making Right Turn","BICYCLE,SENTRA",20122012,5,5.Hampton Roads,5. Rain,Not Provided,2. No,Not Provided,Not YOUNG
No Access Control,Not ALCIHOL,Urban,0,0,Bituminous Concrete (Black Base),SR-00010-W075A(L)/RAMP TO RT 710,Not UNBELTED,43,Not Provided,B,2,BIKE,74.81,1,1,,4. Sideswipe - Same Direction,"Not Provided,Not Provided","Not Provided,Not Provided",SR00010,75.097,2,12/7/2013,12/7/2013,22. Bicycle,559,B.Visiible Injury,2013,None,0,0,Smithfield,Urban,22. Bicycle,MAIN,3AM TO 6AM,300.Smithfield,"1,568",Intersection,Reset Filters,VDOT_OTHER,Saturday,Not DEER,"Not Provided,East",,5,1,133645318,43,"0,Not Provided","PDO,B","1,2","41. Improper Passing,1. No Improper Action","Not Provided,3. Unavailable/Not Applicable","4. No Test,4. No Test","9. Unknown,1. No Defects","14. No Driver Distraction,14. No Driver Distraction","6. Unknown,1. Had Not Been Drinking","3. Unknown,2. No","Not Provided,Not Provided","NotProvided,Yes","Yes,No","Not Provided,9. Not Applicable","2. Rain, Snow, etc. on Windshield,1. Not Obscured",,,76,722970,SR-00010-W075A(L)/RAMP TO RT 710,0.86,0,"0.Two-way, non-divided","22,20",1. On Roadway,"0,0",E,E.Urban Other Principle Arterials; Connecting Links of Other Rural Principal Arterial,State Primary and Interstate,Not GUARDRAIL,HIT_RUN,"3,7",1,1. Not at Intersection,133645318,N,0,0,36.96923,36.96923,6,0.85,Not LRTRUCK,5. Darkness - Road Not Lighted,LOCATED,-76.624564,-76.624564,MAINLINE,MAIN,0,0,0,0,0,Undivided Roadway,"22,20",Not MOTORCYCLE,722970,722970.  SR00010       SR00010,19235,18809,18915,17524,17872,2,1,0.297,VDOT_PRI,,,,,,,,,0,79,34,0,1,,0,0,,,,,,,,,Not PED,,1,0,Smithfield,300,5,NOT-RD,8. Non-Intersection,6,75.00,75.10,1. Straight - Level,1. No Defects,"1. Two-Way, Not Divided",2. Wet,"2. Blacktop, Asphalt, Bituminous",ROUTE 10 BYPASS,STPRI,SR,R-VA   SR00010EB,"Urbanized (Population 200,000 and over)",3. No,"0,0",19235,18809,18915,17524,17872,Not SENIOR,None,"55,10","55,55",Not SPEED,"55,55",722970,0.01,"Not Provided,2. No",0,"0,0",3AM TO 6AM,1,1,1. No Traffic Control,6. No Traffic Control Device Present,Designated Truck Route - D1,"1,2","1. Passenger car,9. Bicycle",,"13. Passing,1. Going Straight Ahead",BICYCLE,,5,5.Hampton Roads,5. Rain,Not Provided,2. No,Not Provided,Not YOUNG
No Access Control,Not ALCIHOL,Urban,0,0,"N/A, Unknown, or Unstabilized",JB-94-27-114-121/PEAR AVE/ELIZABETH CITY - WA,Not UNBELTED,14,Male,B,2,BIKE,269.71,1,1,,12. Ped,"Not Provided,Not Provided","Not Provided,Not Provided",US00060,269.859,3,4/12/2015,4/12/2015,22. Bicycle,1306,B.Visiible Injury,2015,Left and Right sides,0,0,Hampton,Urban,22. Bicycle,MAIN,12PM TO 3PM,114.Hampton,"3,585",Intersection,Reset Filters,VDOT_OTHER,Sunday,Not DEER,"East,South",,5,1,151115018,"23,14","Female,Male","PDO,B","1,2","11. Did Not Have Right-of-Way,1. No Improper Action","2. Not Deployed,3. Unavailable/Not Applicable","Not Applicable,Not Applicable","1. No Defects,1. No Defects","Not Applicable,Not Applicable","1. Had Not Been Drinking,1. Had Not Been Drinking","Not Applicable,Not Applicable","1. Not Ejected,1. Not Ejected","No,No","No,No","3. Lap and Shoulder Belt,8. No Restraint Used","Not Applicable,Not Applicable",,,271,253015,WYTHE PARKWAY(B)/,0,0,"0.Two-way, non-divided","22,22",1. On Roadway,"0,0",H,H.Urban Minor Arterial,Urban Extensions - Primary Routes,Not GUARDRAIL,Not HIT_RUN,"12,2",1,1. Not at Intersection,151115018,C,0,0,36.99554,36.99554,0,0.99,Not LRTRUCK,2. Daylight,LOCATED,-76.39199,-76.39199,MAINLINE,MAIN,0,0,0,0,0,Undivided Roadway,"22,22",Not MOTORCYCLE,646018,646018.  US00060       US00060      4US00060P,3795,3711,3887,3747,3822,4,1,0.679,PRI_URBAN,,,,,,,,,0,275,44,0,1,,0,0,,,,,,,,,Not PED,,1,0,Hampton,114,5,NOT-RD,1. Main-Line Roadway,0,269.75,269.86,1. Straight - Level,1. No Defects,"2. Two-Way, Divided, Unprotected Median",1. Dry,"2. Blacktop, Asphalt, Bituminous",KECOUGHTAN RD,USPRI,US,R-VA   US00060EB,"Urbanized (Population 200,000 and over)",3. No,"0,0",5191,5076,4675,4508,4600,Not SENIOR,Left and Right sides,"10,0","35,35",Not SPEED,"35,35",50661,0,"2. No,2. No",0,"0,0",12PM TO 3PM,1,1,1. No Traffic Control,6. No Traffic Control Device Present,Not a Parkway - Trucks and Commercial Vehicles Allowed,"1,2","2. Truck - Pick-up/Passenger Truck,9. Bicycle","CHEV,OTH","1. Going Straight Ahead,1. Going Straight Ahead","PICKUP,NONE",,5,5.Hampton Roads,1. No Adverse Condition (Clear/Cloudy),Not Provided,2. No,Not Provided,Not YOUNG
No Access Control,Not ALCIHOL,Urban,0,0,Bituminous Concrete (Black Base),LAS GAVIOTAS BLVD(B)/,Not UNBELTED,52,Male,B,2,BIKE,3.83,1,1,,4. Sideswipe - Same Direction,"Not Provided,Not Provided","Not Provided,Not Provided",SR00165,3.845,3,12/11/2013,12/11/2013,22. Bicycle,1600,B.Visiible Injury,2013,Left side,0,1,Chesapeake,Urban,22. Bicycle,MAIN,3PM TO 6PM,131.Chesapeake,"2,772",Intersection,Reset Filters,VDOT_OTHER,Wednesday,Not DEER,"South,South",,5,1,133455522,"19,52","0,Male","C,B","1,2","31. Avoiding Other Vehicle,1. No Improper Action","2. Not Deployed,3. Unavailable/Not Applicable","4. No Test,4. No Test","1. No Defects,1. No Defects","14. No Driver Distraction,14. No Driver Distraction","1. Had Not Been Drinking,1. Had Not Been Drinking","2. No,2. No","1. Not Ejected,1. Not Ejected","No,NotProvided","No,No","3. Lap and Shoulder Belt,6. Other","12. Sun or Headlight Glare,1. Not Obscured",,,4,741842,LAS GAVIOTAS BLVD(B)/,0.15,1,"1.Divided, no control of access","22,20",1. On Roadway,"0,0",H,H.Urban Minor Arterial,Urban Extensions - Primary Routes,Not GUARDRAIL,Not HIT_RUN,"2,9",1,1. Not at Intersection,133455522,C,0,0,36.718291,36.718291,0,0.15,Not LRTRUCK,2. Daylight,LOCATED,-76.285855,-76.285855,MAINLINE,MAIN,0,0,Curbed Grass,14,4,Divided Roadway,"22,20",Not MOTORCYCLE,483346,483346.  SR00165       SR00165      13108798,27480,26871,27024,31196,31815,4,1,0.525,PRI_URBAN,,,,,,,,,0,130,52,0,2,,0,0,,,,,,,,,Not PED,,2,0,Chesapeake,131,5,NOT-RD,8. Non-Intersection,6,3.75,3.83,1. Straight - Level,1. No Defects,"4. One-Way, Not Divided",1. Dry,"2. Blacktop, Asphalt, Bituminous",LAS GAVIOTAS BL,STPRI,SR,R-VA   SR00165NB,"Urbanized (Population 200,000 and over)",3. No,"0,0",26691,26100,26248,30376,30979,Not SENIOR,None,"25,5","25,25",Not SPEED,"25,25",741842,0,"2. No,2. No",0,"0,0",3PM TO 6PM,1,1,6. Traffic Lanes Marked,1. Yes - Working,Not a Parkway - Trucks and Commercial Vehicles Allowed,"1,2","1. Passenger car,9. Bicycle","FORD,CYCLEPRO","1. Going Straight Ahead,1. Going Straight Ahead","MUSTANG,MARINA BIKE",20072000,5,5.Hampton Roads,1. No Adverse Condition (Clear/Cloudy),Not Provided,2. No,Not Provided,YOUNG
No Access Control,Not ALCIHOL,Urban,0,0,Bituminous Concrete (Black Base),PENNINGTON AVENUE(L)/,Not UNBELTED,55,Male,C,1,BIKE,259.31,0,0,,16. Other,"Not Provided,Not Provided","Not Provided,Not Provided",US00060,259.411,3,12/12/2013,12/12/2013,22. Bicycle,830,C.Non-Visible Injury,2013,Left and Right sides,1,1,Newport News,Urban,22. Bicycle,MAIN,6AM TO 9AM,121.Newport News,"1,167",Intersection,Reset Filters,VDOT_OTHER,Thursday,Not DEER,"North,East",,5,1,140710563,"55,27","Male,Male","C,PDO","1,2","20. Disregarded Officer or Flagger,1. No Improper Action","3. Unavailable/Not Applicable,2. Not Deployed","4. No Test,4. No Test","1. No Defects,1. No Defects","Not Applicable,Not Applicable","1. Had Not Been Drinking,1. Had Not Been Drinking","2. No,2. No","3. Totally Ejected,1. Not Ejected","Yes,No","No,No","8. No Restraint Used,3. Lap and Shoulder Belt","1. Not Obscured,1. Not Obscured",,,260,646046,MIDDLESEX ROAD(B)/,0,1,"1.Divided, no control of access","20,22",1. On Roadway,"0,0",H,H.Urban Minor Arterial,Urban Extensions - Primary Routes,Not GUARDRAIL,Not HIT_RUN,"9,12",1,3. Three Approaches,140710563,C,0,0,37.077194,37.077194,0,0.19,Not LRTRUCK,2. Daylight,LOCATED,-76.495406,-76.495406,MAINLINE,MAIN,0,0,Curbed (solid raised),14,14,Divided Roadway,"20,22",Not MOTORCYCLE,646048,646048.  US00060       US00060      12107038,29709,29052,34036,32824,33489,4,1,0.221,PRI_URBAN,,,,,,,,,0,190,52,0,1,,0,0,,,,,,,,,Not PED,,1,0,Newport News,121,5,NOT-RD,9. Within Intersection,0,259.25,259.41,1. Straight - Level,1. No Defects,"2. Two-Way, Divided, Unprotected Median",1. Dry,"2. Blacktop, Asphalt, Bituminous",WARWICK BLVD,USPRI,US,R-VA   US00060EB,"Urbanized (Population 200,000 and over)",3. No,"0,0",27592,26982,31893,30757,31380,Not SENIOR,Left and Right sides,"5,5","0,25",SPEED,"0,25",646047,0,"2. No,2. No",0,"0,0",6AM TO 9AM,1,1,1. No Traffic Control,1. Yes - Working,Not a Parkway - Trucks and Commercial Vehicles Allowed,"1,2","9. Bicycle,1. Passenger car",NISSAN,"1. Going Straight Ahead,2. Making Right Turn",SENTRA,2008,5,5.Hampton Roads,1. No Adverse Condition (Clear/Cloudy),Not Provided,2. No,Not Provided,Not YOUNG
No Access Control,Not ALCIHOL,Urban,0,0,Bituminous Concrete (Black Base),TRUXTON STREET(L)/,Not UNBELTED,34,Male,B,1,BIKE,23.49,1,1,,2. Angle,"Not Provided,Not Provided","Not Provided,Not Provided",SR00337,23.502,3,4/14/2015,4/14/2015,22. Bicycle,1820,B.Visiible Injury,2015,Left and Right sides,0,1,Chesapeake,Urban,22. Bicycle,MAIN,6PM TO 9PM,131.Chesapeake,42,Intersection,Reset Filters,VDOT_OTHER,Tuesday,Not DEER,"North,East",,5,1,151045399,"34,30","Male,Male","B,C","1,2","11. Did Not Have Right-of-Way,1. No Improper Action","Not Provided,2. Not Deployed","Not Applicable,Not Applicable","9. Unknown,1. No Defects","14. No Driver Distraction,14. No Driver Distraction","1. Had Not Been Drinking,1. Had Not Been Drinking","2. No,2. No","1. Not Ejected,1. Not Ejected","Yes,No","No,No","5. Helmet,3. Lap and Shoulder Belt","1. Not Obscured,1. Not Obscured",,,24,483684,IS-00464-S004A(R)/FROM ROUTE 464 SOUTH,0,1,"1.Divided, no control of access","20,22",1. On Roadway,"0,0",H,H.Urban Minor Arterial,Urban Extensions - Primary Routes,Not GUARDRAIL,Not HIT_RUN,"13,4",1,2. Two Approaches,151045399,C,0,0,36.81208,36.81208,0,0.02,Not LRTRUCK,3. Dusk,LOCATED,-76.28238,-76.28238,MAINLINE,MAIN,0,0,Curbed (solid raised),4,4,Divided Roadway,"20,22",Not MOTORCYCLE,483684,483684.  IS00464S004A  SR00337       SR00337,9891,9672,9727,11319,11544,4,1,0.008,PRI_URBAN,,,,,,,,,0,171,52,0,2,,0,0,,,,,,,,,Not PED,,2,0,Chesapeake,131,5,NOT-RD,10. Intersection Related - Within 150 Feet,0,23.50,23.50,1. Straight - Level,1. No Defects,"2. Two-Way, Divided, Unprotected Median",2. Wet,"2. Blacktop, Asphalt, Bituminous",POINDEXTER ST,STPRI,SR,R-VA   SR00337EB,"Urbanized (Population 200,000 and over)",3. No,"0,0",9891,9672,9727,11319,11544,Not SENIOR,None,"10,20","25,25",Not SPEED,"25,25",483685,0,"2. No,Not Provided",0,"0,0",6PM TO 9PM,1,1,3. Traffic Signal,1. Yes - Working,Not a Parkway - Trucks and Commercial Vehicles Allowed,"1,2","9. Bicycle,2. Truck - Pick-up/Passenger Truck","SCHWINN,CHEVROLET","1. Going Straight Ahead,1. Going Straight Ahead",SILVERADO 1500,2008,5,5.Hampton Roads,5. Rain,Not Provided,2. No,Not Provided,Not YOUNG
No Access Control,Not ALCIHOL,Urban,0,0,Bituminous Concrete (Black Base),134-08715(R)/POPLAR POINT ROAD(L)/MILL DAM RD,Not UNBELTED,67,Male,B,1,BIKE,2.68,1,1,,2. Angle,"Not Provided,Not Provided","Not Provided,Not Provided",SR00279,2.68,3,12/14/2013,12/14/2013,25. Other Movable Object,1208,B.Visiible Injury,2013,Left and Right sides,0,1,Virginia Beach,Urban,25. Other Movable Object,MAIN,12PM TO 3PM,134.Virginia Beach,0,Intersection,Reset Filters,VDOT_OTHER,Saturday,Not DEER,"South,West",,5,1,133495101,"67,63","Male,Male","B,C","1,2","11. Did Not Have Right-of-Way,1. No Improper Action","2. Not Deployed,2. Not Deployed","Not Applicable,Not Applicable","1. No Defects,1. No Defects","14. No Driver Distraction,14. No Driver Distraction","1. Had Not Been Drinking,1. Had Not Been Drinking","2. No,2. No","1. Not Ejected,1. Not Ejected","Yes,NotProvided","No,No","9. Not Applicable,2. Shoulder Belt Only","1. Not Obscured,1. Not Obscured",,,3,541231,BURTON DRIVE(L)/,0,1,"1.Divided, no control of access","25,25",1. On Roadway,"0,0",H,H.Urban Minor Arterial,Urban Extensions - Primary Routes,Not GUARDRAIL,Not HIT_RUN,"9,12",1,1. Not at Intersection,133495101,C,0,0,36.878924,36.878924,0,0.55,Not LRTRUCK,2. Daylight,LOCATED,-76.042198,-76.042198,MAINLINE,MAIN,0,0,Curbed Grass,16,4,Divided Roadway,"25,25",Not MOTORCYCLE,541230,541230.  SR00279       SR00279      13408715,47094,37375,37720,36350,36829,6,1,0,PRI_URBAN,,,,,,,,,0,0,76,0,2,,0,0,,,,,,,,,Not PED,,2,0,Virginia Beach,134,5,NOT-RD,8. Non-Intersection,0,2.50,2.68,1. Straight - Level,1. No Defects,"2. Two-Way, Divided, Unprotected Median",1. Dry,"2. Blacktop, Asphalt, Bituminous",1400 GREAT NECK ROAD N,STPRI,SR,R-VA   SR00279NB,"Urbanized (Population 200,000 and over)",3. No,"0,0",42630,33566,33876,32646,33306,SENIOR,Left and Right sides,"5,2","45,45",Not SPEED,"45,45",541230,0,"2. No,2. No",0,"0,0",12PM TO 3PM,1,1,4. Stop Sign,1. Yes - Working,Not a Parkway - Trucks and Commercial Vehicles Allowed,"1,2","9. Bicycle,22. Truck - Sport Utility Vehicle (SUV)","BIKE,Toyota","1. Going Straight Ahead,2. Making Right Turn","1909,4Runner",20002006,5,5.Hampton Roads,1. No Adverse Condition (Clear/Cloudy),Not Provided,2. No,Not Provided,Not YOUNG