Access Control,Alcohol Notalcohol,Area Type1,A Crash,A People,Basetypedesc,Begin Node Dsc,Belted Unbelted,Bikeage,Bikegen,Bikeinjurytype,Bikevehiclenumber,Bike Nonbike,BMP,B Crash,B People,Carspeedlimit,Collision Type,Comm Cargo Body Type Cd,Comm Vehicle Body Type Cd,Cotedrouteid,Coted Mp,Count App,CRASH_DT (copy),Crash Dt,Crash Event Type Dsc,Crash Military Tm,Crash Severity,Crash Year,Curbgutterdesc,C Crash,C People,Juris Name Used,Area Type Used,First Harmful Event of Entire Crash,MAINLINE,Time Slicing Used,Phy_Juris_Nm,Offset-Ft,Intersection Analysis,Clear,Calculation_9640323132123359,Day Of Week,Deer Nodeer,Direction Of Travel Cd,Distracted Notdistracted,VSP,TOTAL CRASH,Document Nbr,Driverage,Drivergen,Driverinjurytype,Drivervehiclenumber,Driver Action Type Cd,Driver Airbag Deployment,Driver Alcohol Test Type Cd,Driver Condition Type Cd,Driver Distraction Type Cd,Driver Drinking Type Cd,Driver Drug Use Cd,Driver Ejected From Vehicle,Driver Ems Transport Ind,Driver Fled Scene Ind,Driver Safety Equip Used,Driver Vis Obscured Type Cd,Drowsy Notdrowsy,Drug Nodrug,EMP,End Node,End Node Dsc,End Offset,Facility,FAC,First Crash Event Cd,First Harmful Event,Fourth Crash Event Cd,Functionalclass,FUN,Govcondesc,Gr Nogr,Hitrun Not Hitrun,Initial Veh Impact Area Cd,Injury Crashes,Intersection Type,Int Doc,Jurtype,K_CRASH,K People,LAT (copy),LAT,Leftshoulderwidth,Length,Lgtruck Nonlgtruck,Light Condition,Located Unlocated,LON (copy),LON,MAINLINE (group),Mainline Yn,Medianleftshoulderwidth,Medianrightshoulderwidth,Mediantypedesc,Medianwidthmax,Medianwidthmin,Median Type,Most Harmful Crash Event Cd,Motor Nonmotor,Node,Node Info,Node Totaadt2011,Node Totaadt2012,Node Totaadt2013,Node Totaadt2014,Node Totaadt2015,Numberoflane,Number of Records,Offset,Ownership,Passage,Passgen,Passinjurytype,Passvehiclenumber,Pass Airbag Deployment,Pass Ejected From Vehicle,Pass Ems Transport Ind,Pass Safety Equip Used,Pavementconditionvalue,Pavementroughnessvalue,Pavementwidth,Pdo Crash,Total People Killed & Injured,Pedage,Pedestrians Injured,Pedestrians Killed,Pedgen,Pedinjurytype,Pednumber,Ped Action,Ped Al Test,Ped Cond,Ped Drink,Ped Drug,Ped Nonped,Ped Rflct,Persons Injured,Persons Killed,Physical Juris Nm,PJR,VSP_Used,Rd Type,Relation To Roadway,Rightshoulderwidth,RNS_MP (0.25 mi bin),Rns Mp,Roadway Alignment,Roadway Defect,Roadway Description,Roadway Surface Cond,Roadway Surface Type,Route Or Street Nm,Rte Category Cd,Rte Cat,Rte Nm,Ruralurbandesc,School Zone,Second Crash Event Cd,Segtotaadt2011,Segtotaadt2012,Segtotaadt2013,Segtotaadt2014,Segtotaadt2015,Senior Notsenior,Sidewalkdesc,Speed Before,Speed Max Safe,Speed Notspeed,Speed Posted,Start Node,Start Offset,Summons Issued Cd,Surfacedesc,Third Crash Event Cd,Time Slicing,Total Crashes including Property Damage Only,Total Crash,Traffic Control Type,Trfc Ctrl Status Type,Truckcommr,Vehiclenumber,Vehicle Body Type Cd,Vehicle Make Nm,Vehicle Maneuver Type Cd,Vehicle Model Nm,Vehicle Year Nbr,District,District_Used ,Weather Condition,Work Zone Location,Work Zone Related,Work Zone Type,Young Notyoung
No Access Control,ALCOHOL,Rural,0,0,"Stabilized with Selected Material (Soil,Gravel,Stone,etc.)",65-00642(L)/NORTH,Not UNBELTED,61,Male,B,2,BIKE,1.04,1,1,45,3. Head On,"Not Provided,Not Provided","Not Provided,Not Provided",6500684,1.04,3,12/16/2013,12/16/2013,20. Motor Vehicle In Transport,1758,B.Visiible Injury,2013,None,0,0,Northampton,Rural,20. Motor Vehicle In Transport,MAIN,3PM TO 6PM,65.Northampton,0,Intersection,Reset Filters,VDOT_OTHER,Monday,Not DEER,"East,West",DISTRACTED,5,1,133515006,"49,61","0,Male","PDO,B","1,2","37. Other,10. Wrong Side Of Road - Not Overtaking","2. Not Deployed,3. Unavailable/Not Applicable","4. No Test,4. No Test","1. No Defects,1. No Defects","14. No Driver Distraction,11. Other","1. Had Not Been Drinking,2. Drinking - Obviously Drunk","2. No,3. Unknown","2. Partially Ejected,1. Not Ejected","No,Yes","No,No","3. Lap and Shoulder Belt,9. Not Applicable","1. Not Obscured,1. Not Obscured",,,1,488282,65-01302(R)/,0,0,"0.Two-way, non-divided","22,20",1. On Roadway,"0,0",4,4.Rural Major Collector,State Secondary,Not GUARDRAIL,Not HIT_RUN,"12,12",1,3. Three Approaches,133515006,N,0,0,37.26679,37.26679,2,0.15,Not LRTRUCK,5. Darkness - Road Not Lighted,LOCATED,-75.969038,-75.969038,MAINLINE,MAIN,0,0,0,0,0,Undivided Roadway,"22,20",Not MOTORCYCLE,488534,488534.  6500642       6500684       6500684,1505,1519,1221,1233,1244,2,1,0,VDOT_SEC,,,,,,,,,0,0,0,0,1,,0,0,,,,,,,,,Not PED,,1,0,Northampton,65,5,NOT-RD,10. Intersection Related - Within 150 Feet,2,1.00,1.04,1. Straight - Level,1. No Defects,"1. Two-Way, Not Divided",1. Dry,"2. Blacktop, Asphalt, Bituminous",RT-642BAYVIEW CIRCLE,SEC,SC,R-VA065SC00684NB,Rural,3. No,"0,0",919,928,757,764,771,Not SENIOR,None,"20,3","20,0",Not SPEED,"45,45",488534,0,"1. Yes,1. Yes",Paved (unofficial definition),"0,0",3PM TO 6PM,1,1,6. Traffic Lanes Marked,2. Yes - Working and Obscured,Not a Parkway - Trucks and Commercial Vehicles Allowed,"1,2","2. Truck - Pick-up/Passenger Truck,9. Bicycle","Dodge,HUFFY","2. Making Right Turn,3. Making Left Turn","Ram 1500,BICYCLE",1994,5,5.Hampton Roads,1. No Adverse Condition (Clear/Cloudy),Not Provided,2. No,Not Provided,Not YOUNG
No Access Control,Not ALCIHOL,Urban,0,0,Bituminous Concrete (Black Base),134-08752(L)/LYNNSHORES ROAD(R)/LYNNSHORES DR,Not UNBELTED,43,Female,C,2,BIKE,501.78,0,0,55,16. Other,"Not Provided,Not Provided","Not Provided,Not Provided",US00058,501.875,3,1/27/2012,1/27/2012,22. Bicycle,1630,C.Non-Visible Injury,2012,Left and Right sides,1,1,Virginia Beach,Urban,22. Bicycle,MAIN,3PM TO 6PM,134.Virginia Beach,502,Intersection,Reset Filters,VDOT_OTHER,Friday,Not DEER,"West,North",,5,1,120395198,"36,43","Female,Female","PDO,C","1,2","1. No Improper Action,37. Other","2. Not Deployed,3. Unavailable/Not Applicable","Not Applicable,Not Applicable","1. No Defects,1. No Defects","14. No Driver Distraction,14. No Driver Distraction","1. Had Not Been Drinking,1. Had Not Been Drinking","2. No,2. No","1. Not Ejected,3. Totally Ejected","No,Yes","No,No","3. Lap and Shoulder Belt,9. Not Applicable","1. Not Obscured,1. Not Obscured",,,502,541079,134-00013(R)/Gap Terminus/ROSEMONT ROAD(L)/,0,1,"1.Divided, no control of access","22,20",1. On Roadway,"0,0",E,E.Urban Other Principle Arterials; Connecting Links of Other Rural Principal Arterial,Urban Extensions - Primary Routes,Not GUARDRAIL,Not HIT_RUN,"12,3",1,1. Not at Intersection,120395198,C,0,0,36.840145,36.840145,0,0.6,Not LRTRUCK,2. Daylight,LOCATED,-76.107604,-76.107604,MAINLINE,MAIN,0,0,Curbed Grass,28,4,Divided Roadway,"22,20",Not MOTORCYCLE,541080,541080.  US00058       US00058      13408752,49223,49496,49953,48141,42906,8,1,0.095,PRI_URBAN,,,,,,,,,0,151,99,0,1,,0,0,,,,,,,,,Not PED,,1,0,Virginia Beach,134,5,NOT-RD,1. Main-Line Roadway,0,501.75,501.88,1. Straight - Level,1. No Defects,"2. Two-Way, Divided, Unprotected Median",1. Dry,"2. Blacktop, Asphalt, Bituminous",3820 VA BEACH BLVD,USPRI,US,R-VA   US00058WB,"Urbanized (Population 200,000 and over)",3. No,"0,0",47515,47865,48307,46554,41500,Not SENIOR,Left and Right sides,5,"45,0",Not SPEED,"45,0",541080,0,"2. No,1. Yes",0,"0,0",3PM TO 6PM,1,1,1. No Traffic Control,6. No Traffic Control Device Present,Not a Parkway - Trucks and Commercial Vehicles Allowed,"1,2","22. Truck - Sport Utility Vehicle (SUV),9. Bicycle","Jeep,UNK","2. Making Right Turn,15. Other","Grand Cherokee,BICYCLE",1998,5,5.Hampton Roads,1. No Adverse Condition (Clear/Cloudy),Not Provided,2. No,Not Provided,Not YOUNG
Partial Access Control,Not ALCIHOL,Urban,0,0,Dual Type,134-00009(B)/,Not UNBELTED,66,Male,B,2,BIKE,506.97,1,1,,16. Other,"Not Provided,Not Provided","Not Provided,Not Provided",US00058,507.005,4,1/28/2012,1/28/2012,22. Bicycle,2356,B.Visiible Injury,2012,None,0,0,Virginia Beach,Urban,22. Bicycle,MAIN,9PM TO 12AM,134.Virginia Beach,924,Intersection,Reset Filters,VDOT_OTHER,Saturday,Not DEER,"West,East",DISTRACTED,5,1,120315222,"39,66","Male,Male","PDO,B","1,2","11. Did Not Have Right-of-Way,1. No Improper Action","2. Not Deployed,3. Unavailable/Not Applicable","4. No Test,4. No Test","8. Other,8. Other","11. Other,Not Applicable","6. Unknown,6. Unknown","Not Applicable,Not Applicable","1. Not Ejected,1. Not Ejected","No,Yes","No,No","3. Lap and Shoulder Belt,9. Not Applicable","3. Windshield Otherwise Obscured,1. Not Obscured",,,507,541065,134-08727(L)/LINWOOD DR,0,2,"2.Divided, partial control of access","22,20",1. On Roadway,"0,0",E,E.Urban Other Principle Arterials; Connecting Links of Other Rural Principal Arterial,Urban Extensions - Primary Routes,Not GUARDRAIL,Not HIT_RUN,"11,11",1,1. Not at Intersection,120315222,C,0,0,36.851087,36.851087,3,0.38,Not LRTRUCK,4. Darkness - Road Lighted,LOCATED,-76.016283,-76.016283,MAINLINE,MAIN,0,0,Curbed Grass,34,14,Divided Roadway,"22,20",Not MOTORCYCLE,541066,541066.  US00058       US00058      13400009      13400009,63023,61504,62556,60804,62575,4,1,0.175,PRI_URBAN,,,,,,,,,0,187,44,0,1,,0,0,,,,,,,,,Not PED,,1,0,Virginia Beach,134,5,NOT-RD,"13. Driveway, Alley-Access - Related",3,507.00,507.24,1. Straight - Level,"2. Holes, Ruts, Bumps","1. Two-Way, Not Divided",1. Dry,"2. Blacktop, Asphalt, Bituminous",1500 LASKIN ROAD,USPRI,US,R-VA   US00058EB,"Urbanized (Population 200,000 and over)",3. No,"0,0",28196,28746,29491,28936,27742,SENIOR,None,"5,5","25,25",Not SPEED,"25,25",541066,0.14,"1. Yes,1. Yes",0,"0,0",9PM TO 12AM,1,1,1. No Traffic Control,6. No Traffic Control Device Present,Not a Parkway - Trucks and Commercial Vehicles Allowed,"1,2","22. Truck - Sport Utility Vehicle (SUV),9. Bicycle","Ford,NA","3. Making Left Turn,1. Going Straight Ahead","Expedition,BICYCLE",19982012,5,5.Hampton Roads,1. No Adverse Condition (Clear/Cloudy),Not Provided,2. No,Not Provided,Not YOUNG
No Access Control,Not ALCIHOL,Urban,1,1,Dual Type,US-00060(B)/MUSEUM DR,Not UNBELTED,61,Female,A,1,BIKE,0.83,0,0,,2. Angle,"Not Provided,Not Provided","Not Provided,Not Provided",SR00312,0.902,4,1/30/2012,1/30/2012,20. Motor Vehicle In Transport,900,A.Ambulatory Injury,2012,None,0,0,Newport News,Urban,20. Motor Vehicle In Transport,MAIN,6AM TO 9AM,121.Newport News,"1,098",Intersection,Reset Filters,VDOT_OTHER,Monday,Not DEER,"North,South",,5,1,120600199,"61,46","Female,Female","A,PDO","1,2","37. Other,1. No Improper Action","3. Unavailable/Not Applicable,2. Not Deployed","4. No Test,4. No Test","1. No Defects,1. No Defects","Not Applicable,Not Applicable","1. Had Not Been Drinking,1. Had Not Been Drinking","2. No,2. No","1. Not Ejected,1. Not Ejected","NotProvided,No","No,No","9. Not Applicable,3. Lap and Shoulder Belt","1. Not Obscured,1. Not Obscured",,,1,646043,US-00060(B)/MUSEUM DR,0.99,1,"1.Divided, no control of access","20,22",1. On Roadway,"0,0",H,H.Urban Minor Arterial,Urban Extensions - Primary Routes,Not GUARDRAIL,Not HIT_RUN,"9,3",1,4. Four Approaches,120600199,C,0,0,37.072625,37.072625,6,0.16,Not LRTRUCK,2. Daylight,LOCATED,-76.478321,-76.478321,MAINLINE,MAIN,0,0,Curbed Grass,14,4,Divided Roadway,"20,22",Not MOTORCYCLE,646005,646005.  SR00143       SR00312       US00017       US00017,83301,84795,76597,76106,77259,4,1,0.208,PRI_URBAN,,,,,,,,,0,169,46,0,1,,0,0,,,,,,,,,Not PED,,1,0,Newport News,121,5,NOT-RD,9. Within Intersection,6,0.75,0.90,3. Grade - Straight,1. No Defects,"3. Two-Way, Divided, Positive Median Barrier",1. Dry,"2. Blacktop, Asphalt, Bituminous",J. CLYDE MORRIS BLVD,STPRI,SR,R-VA   SR00312WB,"Urbanized (Population 200,000 and over)",3. No,"0,0",32657,31934,35771,34497,35196,Not SENIOR,None,"5,5","25,25",Not SPEED,"25,25",646043,0.83,"2. No,2. No",0,"0,0",6AM TO 9AM,1,1,3. Traffic Signal,1. Yes - Working,Not a Parkway - Trucks and Commercial Vehicles Allowed,"1,2","9. Bicycle,2. Truck - Pick-up/Passenger Truck",CHEV,"1. Going Straight Ahead,3. Making Left Turn",C/K 1500,2000,5,5.Hampton Roads,1. No Adverse Condition (Clear/Cloudy),Not Provided,2. No,Not Provided,Not YOUNG
No Access Control,Not ALCIHOL,Urban,0,0,"N/A, Unknown, or Unstabilized",SR-00247(B)/,Not UNBELTED,55,Male,C,1,BIKE,25.4,0,0,,2. Angle,"Not Provided,Not Provided","Not Provided,Not Provided",SR00168,25.648,4,1/30/2012,1/30/2012,20. Motor Vehicle In Transport,1810,C.Non-Visible Injury,2012,Left and Right sides,1,1,Norfolk,Urban,20. Motor Vehicle In Transport,MAIN,6PM TO 9PM,122.Norfolk,"1,309",Intersection,Reset Filters,VDOT_OTHER,Monday,Not DEER,"East,South",,5,1,120550122,"55,78","Male,Male","C,PDO","1,2","28. Driving Without Lights,11. Did Not Have Right-of-Way","3. Unavailable/Not Applicable,2. Not Deployed","Not Applicable,Not Applicable","Not Applicable,Not Applicable","Not Applicable,Not Applicable","1. Had Not Been Drinking,1. Had Not Been Drinking","2. No,2. No","3. Totally Ejected,1. Not Ejected","Yes,No","No,No","8. No Restraint Used,3. Lap and Shoulder Belt","1. Not Obscured,1. Not Obscured",,,26,483419,SR-00247(B)/,0.81,0,"0.Two-way, non-divided","22,20",1. On Roadway,"0,0",E,E.Urban Other Principle Arterials; Connecting Links of Other Rural Principal Arterial,Urban Extensions - Primary Routes,Not GUARDRAIL,Not HIT_RUN,"3,12",1,1. Not at Intersection,120550122,C,0,0,36.879464,36.879464,0,0.81,Not LRTRUCK,4. Darkness - Road Lighted,LOCATED,-76.262948,-76.262948,MAINLINE,MAIN,0,0,0,0,0,Undivided Roadway,"22,20",Not MOTORCYCLE,483419,483419.  SR00168       SR00168       SR00247       SR00247,50170,46601,47285,46016,50378,4,1,0.248,PRI_URBAN,,,,,,,,,0,266,60,0,1,,0,0,,,,,,,,,Not PED,,1,0,Norfolk,122,5,NOT-RD,8. Non-Intersection,0,25.50,25.65,1. Straight - Level,1. No Defects,"2. Two-Way, Divided, Unprotected Median",1. Dry,"2. Blacktop, Asphalt, Bituminous",3300 TIDGEWATER DRIVE,STPRI,SR,R-VA   SR00168SB,"Urbanized (Population 200,000 and over)",3. No,"0,0",36293,36793,37432,36601,38256,SENIOR,Left and Right sides,"5,5","35,35",Not SPEED,"35,35",483419,0,"2. No,2. No",0,"0,0",6PM TO 9PM,1,1,4. Stop Sign,1. Yes - Working,Not a Parkway - Trucks and Commercial Vehicles Allowed,"1,2","9. Bicycle,1. Passenger car","BICYCLE,HONDA","1. Going Straight Ahead,2. Making Right Turn",ACCORD,2012,5,5.Hampton Roads,1. No Adverse Condition (Clear/Cloudy),Not Provided,2. No,Not Provided,Not YOUNG
No Access Control,Not ALCIHOL,Urban,1,1,Bituminous Concrete (Black Base),FR-00148(R)/TENNYSON ST,Not UNBELTED,58,Not Provided,A,2,BIKE,0.91,0,0,,2. Angle,"Not Provided,Not Provided","Not Provided,Not Provided",SR00190,0.937,3,1/30/2012,1/30/2012,22. Bicycle,2259,A.Ambulatory Injury,2012,None,0,0,Chesapeake,Urban,22. Bicycle,MAIN,9PM TO 12AM,131.Chesapeake,143,Intersection,Reset Filters,VDOT_OTHER,Monday,Not DEER,"West,West",,5,1,120550112,58,"Not Provided,Not Provided","PDO,A","1,2","34. Hit and Run,1. No Improper Action","Not Provided,3. Unavailable/Not Applicable","Not Applicable,Not Applicable","9. Unknown,1. No Defects","Not Applicable,Not Applicable","6. Unknown,1. Had Not Been Drinking","3. Unknown,Not Applicable","Not Provided,1. Not Ejected","NotProvided,Yes","Yes,No","Not Provided,9. Not Applicable","Not Applicable,1. Not Obscured",,,1,483466,IS-00064-W292A(R)/FROM RT 64 WEST,0,0,"0.Two-way, non-divided","28,20",4. Roadside,"0,0",H,H.Urban Minor Arterial,Urban Extensions - Primary Routes,Not GUARDRAIL,HIT_RUN,"1,10",1,1. Not at Intersection,120550112,C,0,0,36.760051,36.760051,6,0.22,Not LRTRUCK,5. Darkness - Road Not Lighted,LOCATED,-76.275518,-76.275518,MAINLINE,MAIN,0,0,0,0,0,Undivided Roadway,"22,20",Not MOTORCYCLE,483465,483465.  FR00148       SR00190       SR00190,9563,9352,9404,7938,8095,2,1,0.027,PRI_URBAN,,,,,,,,,0,0,24,0,1,,0,0,,,,,,,,,Not PED,,1,0,Chesapeake,131,5,NOT-RD,1. Main-Line Roadway,6,0.75,0.91,9. Other,1. No Defects,"1. Two-Way, Not Divided",1. Dry,"2. Blacktop, Asphalt, Bituminous",GREAT BRIDGE BL,STPRI,SR,R-VA   SR00190EB,"Urbanized (Population 200,000 and over)",3. No,"22,0",9541,9330,9382,7916,8073,Not SENIOR,Right side,5,"0,0",SPEED,"0,0",483465,0,"Not Provided,Not Provided",0,"0,0",9PM TO 12AM,1,1,6. Traffic Lanes Marked,1. Yes - Working,Not a Parkway - Trucks and Commercial Vehicles Allowed,"1,2","3. Van,9. Bicycle",TREK,"1. Going Straight Ahead,1. Going Straight Ahead",MAGNA,2000,5,5.Hampton Roads,1. No Adverse Condition (Clear/Cloudy),Not Provided,2. No,Not Provided,Not YOUNG
,Not ALCIHOL,Urban,0,0,,,Not UNBELTED,14,Not Provided,B,2,BIKE,,1,1,,2. Angle,"Not Provided,Not Provided","Not Provided,Not Provided",,,,8/20/2012,8/20/2012,20. Motor Vehicle In Transport,1815,B.Visiible Injury,2012,,0,0,Virginia Beach,Urban,20. Motor Vehicle In Transport,MAIN,6PM TO 9PM,134.Virginia Beach,,Not Intersection,Reset Filters,VDOT_OTHER,Monday,Not DEER,"North,East",,5,1,122355149,14,"Not Provided,Not Provided","PDO,B","1,2","34. Hit and Run,1. No Improper Action","Not Provided,3. Unavailable/Not Applicable","4. No Test,4. No Test","9. Unknown,1. No Defects","14. No Driver Distraction,14. No Driver Distraction","6. Unknown,1. Had Not Been Drinking","3. Unknown,2. No","Not Provided,Not Provided","NotProvided,No","Yes,No","Not Provided,9. Not Applicable","1. Not Obscured,1. Not Obscured",,,,,,,,,"20,22",1. On Roadway,"0,0",,,,Not GUARDRAIL,HIT_RUN,"1,9",1,1. Not at Intersection,,C,0,0,36.836913,36.836913,,,Not LRTRUCK,2. Daylight,UNLOCATED,-75.992139,-75.992139,MAINLINE,,,,,,,,"20,22",Not MOTORCYCLE,,.,,,,,,,1,,SEC_URBAN,,,,,,,,,,,,0,1,,0,0,,,,,,,,,Not PED,,1,0,Virginia Beach,134,5,NOT-RD,1. Main-Line Roadway,,,,1. Straight - Level,1. No Defects,"1. Two-Way, Not Divided",1. Dry,"4. Slag, Gravel, Stone",913 VIRGINIA BEACH BOULEVARD TRAILER 179,UNKWN,SC,U-VA134SC99999UK,,3. No,"0,0",,,,,,Not SENIOR,,"10,2",,Not SPEED,,,,"3. Pending,2. No",,"0,0",6PM TO 9PM,1,1,1. No Traffic Control,6. No Traffic Control Device Present,,"1,2","1. Passenger car,9. Bicycle",BIKE,"1. Going Straight Ahead,1. Going Straight Ahead",BIKE,,5,5.Hampton Roads,1. No Adverse Condition (Clear/Cloudy),Not Provided,2. No,Not Provided,Not YOUNG
No Access Control,Not ALCIHOL,Urban,0,0,"N/A, Unknown, or Unstabilized",122-08629(L)/MEADOW CK RD,Not UNBELTED,13,Male,C,2,BIKE,0.56,0,0,,2. Angle,"Not Provided,Not Provided","Not Provided,Not Provided",SR00170,0.664,3,8/21/2012,8/21/2012,22. Bicycle,2010,C.Non-Visible Injury,2012,Right side,1,1,Norfolk,Urban,22. Bicycle,MAIN,6PM TO 9PM,122.Norfolk,549,Intersection,Reset Filters,VDOT_OTHER,Tuesday,Not DEER,"West,East",,5,1,122900192,"24,13","Female,Male","PDO,C","1,2","1. No Improper Action,10. Wrong Side Of Road - Not Overtaking","2. Not Deployed,2. Not Deployed","Not Applicable,Not Applicable","1. No Defects,1. No Defects","Not Applicable,Not Applicable","1. Had Not Been Drinking,1. Had Not Been Drinking","2. No,2. No","1. Not Ejected,3. Totally Ejected","No,Yes","No,No","3. Lap and Shoulder Belt,9. Not Applicable","1. Not Obscured,1. Not Obscured",,,1,483460,122-08629(L)/MEADOW CK RD,0.15,1,"1.Divided, no control of access","22,22",2. Shoulder,"0,0",E,E.Urban Other Principle Arterials; Connecting Links of Other Rural Principal Arterial,Urban Extensions - Primary Routes,Not GUARDRAIL,Not HIT_RUN,"1,0",1,4. Four Approaches,122900192,C,0,0,36.916582,36.916582,6,0.15,Not LRTRUCK,4. Darkness - Road Lighted,LOCATED,-76.227958,-76.227958,MAINLINE,MAIN,0,0,Curbed (solid raised),8,4,Divided Roadway,"22,22",Not MOTORCYCLE,483460,483460.  SR00170       SR00170      12208629,26905,25385,25817,25227,24688,4,1,0.104,PRI_URBAN,,,,,,,,,0,194,56,0,1,,0,0,,,,,,,,,Not PED,,1,0,Norfolk,122,5,NOT-RD,9. Within Intersection,0,0.50,0.66,1. Straight - Level,7. Slick Pavement,"3. Two-Way, Divided, Positive Median Barrier",2. Wet,"2. Blacktop, Asphalt, Bituminous",1700 BLK EAST LITTLE CREEK ROAD,STPRI,SR,R-VA   SR00170EB,"Urbanized (Population 200,000 and over)",3. No,"0,0",25669,24296,24718,24168,23603,Not SENIOR,Right side,"5,5","35,35",Not SPEED,"35,35",483460,0,"2. No,2. No",0,"0,0",6PM TO 9PM,1,1,6. Traffic Lanes Marked,1. Yes - Working,Not a Parkway - Trucks and Commercial Vehicles Allowed,"1,2","1. Passenger car,9. Bicycle","NISSAN,BICYCLE","16. Entering Street From Parking Lot,1. Going Straight Ahead",SENTRA,2008,5,5.Hampton Roads,4. Mist,Not Provided,2. No,Not Provided,Not YOUNG
No Access Control,Not ALCIHOL,Urban,0,0,"N/A, Unknown, or Unstabilized",SUNSET ROAD(R)/,Not UNBELTED,61,Female,C,2,BIKE,272.72,0,0,,2. Angle,"Not Provided,Not Provided","Not Provided,Not Provided",US00060,272.887,3,8/21/2012,8/21/2012,22. Bicycle,1648,C.Non-Visible Injury,2012,Left and Right sides,1,1,Hampton,Urban,22. Bicycle,MAIN,3PM TO 6PM,114.Hampton,385,Intersection,Reset Filters,VDOT_OTHER,Tuesday,Not DEER,"West,South",,5,1,122900186,"54,61","Female,Female","PDO,C","1,2","11. Did Not Have Right-of-Way,1. No Improper Action","2. Not Deployed,1. Deployed - Front","4. No Test,4. No Test","1. No Defects,1. No Defects","Not Applicable,Not Applicable","1. Had Not Been Drinking,1. Had Not Been Drinking","2. No,2. No","1. Not Ejected,3. Totally Ejected","No,Yes","No,No","3. Lap and Shoulder Belt,8. No Restraint Used","5. Trees, Crops, etc.,5. Trees, Crops, etc.",,,273,253010,SR-00143(L)/,0,0,"0.Two-way, non-divided","22,20",4. Roadside,"0,0",H,H.Urban Minor Arterial,Urban Extensions - Primary Routes,Not GUARDRAIL,Not HIT_RUN,"12,1",1,1. Not at Intersection,122900186,C,0,0,37.018907,37.018907,0,0.24,Not LRTRUCK,2. Daylight,LOCATED,-76.352579,-76.352579,MAINLINE,MAIN,0,0,0,0,0,Undivided Roadway,"22,20",Not MOTORCYCLE,253010,253010.  SR00143       US00060       US00060,10909,10667,10329,9960,10161,4,1,0.073,PRI_URBAN,,,,,,,,,0,200,44,0,1,,0,0,,,,,,,,,Not PED,,1,0,Hampton,114,5,NOT-RD,8. Non-Intersection,0,272.75,272.89,2. Curve - Level,1. No Defects,"1. Two-Way, Not Divided",1. Dry,1. Concrete,4337 KECOUGHTAN ROAD,USPRI,US,R-VA   US00060EB,"Urbanized (Population 200,000 and over)",3. No,"0,0",8069,7890,7787,7510,7662,Not SENIOR,Left and Right sides,2,"5,0",Not SPEED,"5,0",253011,0,"1. Yes,2. No",0,"0,0",3PM TO 6PM,1,1,1. No Traffic Control,6. No Traffic Control Device Present,Not a Parkway - Trucks and Commercial Vehicles Allowed,"1,2","1. Passenger car,9. Bicycle","TOYOTA,BICYCLE","16. Entering Street From Parking Lot,1. Going Straight Ahead","CTR,CRUISER",2005,5,5.Hampton Roads,1. No Adverse Condition (Clear/Cloudy),Not Provided,2. No,Not Provided,Not YOUNG
No Access Control,Not ALCIHOL,Urban,0,0,"N/A, Unknown, or Unstabilized",122-08575(B)/122-00008(L)/CITY HALL & ST PAUL,Not UNBELTED,50,Male,C,2,BIKE,0.59,0,0,,2. Angle,"Not Provided,Not Provided","Not Provided,Not Provided",12208582,0.604,3,4/16/2015,4/16/2015,22. Bicycle,1900,C.Non-Visible Injury,2015,Left and Right sides,1,1,Norfolk,Urban,22. Bicycle,MAIN,6PM TO 9PM,122.Norfolk,74,Intersection,Reset Filters,VDOT_OTHER,Thursday,Not DEER,"West,South",,5,1,151310012,"20,50","Female,Male","PDO,C","1,2","1. No Improper Action,37. Other","2. Not Deployed,3. Unavailable/Not Applicable","4. No Test,4. No Test","1. No Defects,1. No Defects","Not Applicable,Not Applicable","1. Had Not Been Drinking,1. Had Not Been Drinking","2. No,2. No","1. Not Ejected,3. Totally Ejected","No,Yes","No,No","3. Lap and Shoulder Belt,9. Not Applicable","1. Not Obscured,1. Not Obscured",,,1,756714,122-08582-E001A(R)/TO RTE 264 WEST,0,0,"0.Two-way, non-divided","22,22",1. On Roadway,"0,0",H,H.Urban Minor Arterial,Other City or Town Streets (not state maintained),Not GUARDRAIL,Not HIT_RUN,"4,12",1,4. Four Approaches,151310012,C,0,0,36.84692,36.84692,0,0.05,Not LRTRUCK,2. Daylight,LOCATED,-76.28508,-76.28508,MAINLINE,MAIN,0,0,0,0,0,Undivided Roadway,"22,22",Not MOTORCYCLE,483789,483789. 12208575      12208575      12208582,13849,13579,13456,13489,13306,4,1,0.014,SEC_URBAN,,,,,,,,,0,0,58,0,1,,0,0,,,,,,,,,Not PED,,1,0,Norfolk,122,5,NOT-RD,9. Within Intersection,0,0.50,0.60,1. Straight - Level,1. No Defects,"3. Two-Way, Divided, Positive Median Barrier",1. Dry,1. Concrete,800 E CITY HALL AVE,URB,UR,R-VA122UR08582WB,"Urbanized (Population 200,000 and over)",3. No,"0,0",,,,,,Not SENIOR,Left and Right sides,"2,5","25,25",Not SPEED,"25,25",483789,0,"2. No,2. No",0,"0,0",6PM TO 9PM,1,1,3. Traffic Signal,1. Yes - Working,Not a Parkway - Trucks and Commercial Vehicles Allowed,"1,2","1. Passenger car,9. Bicycle","FORD,SCHWINN","3. Making Left Turn,1. Going Straight Ahead","FIESTA,BICYCLE",2012,5,5.Hampton Roads,1. No Adverse Condition (Clear/Cloudy),Not Provided,2. No,Not Provided,YOUNG