Access Control,Alcohol Notalcohol,Area Type1,A Crash,A People,Basetypedesc,Begin Node Dsc,Belted Unbelted,Bikeage,Bikegen,Bikeinjurytype,Bikevehiclenumber,Bike Nonbike,BMP,B Crash,B People,Carspeedlimit,Collision Type,Comm Cargo Body Type Cd,Comm Vehicle Body Type Cd,Cotedrouteid,Coted Mp,Count App,CRASH_DT (copy),Crash Dt,Crash Event Type Dsc,Crash Military Tm,Crash Severity,Crash Year,Curbgutterdesc,C Crash,C People,Juris Name Used,Area Type Used,First Harmful Event of Entire Crash,MAINLINE,Time Slicing Used,Phy_Juris_Nm,Offset-Ft,Intersection Analysis,Clear,Calculation_9640323132123359,Day Of Week,Deer Nodeer,Direction Of Travel Cd,Distracted Notdistracted,VSP,TOTAL CRASH,Document Nbr,Driverage,Drivergen,Driverinjurytype,Drivervehiclenumber,Driver Action Type Cd,Driver Airbag Deployment,Driver Alcohol Test Type Cd,Driver Condition Type Cd,Driver Distraction Type Cd,Driver Drinking Type Cd,Driver Drug Use Cd,Driver Ejected From Vehicle,Driver Ems Transport Ind,Driver Fled Scene Ind,Driver Safety Equip Used,Driver Vis Obscured Type Cd,Drowsy Notdrowsy,Drug Nodrug,EMP,End Node,End Node Dsc,End Offset,Facility,FAC,First Crash Event Cd,First Harmful Event,Fourth Crash Event Cd,Functionalclass,FUN,Govcondesc,Gr Nogr,Hitrun Not Hitrun,Initial Veh Impact Area Cd,Injury Crashes,Intersection Type,Int Doc,Jurtype,K_CRASH,K People,LAT (copy),LAT,Leftshoulderwidth,Length,Lgtruck Nonlgtruck,Light Condition,Located Unlocated,LON (copy),LON,MAINLINE (group),Mainline Yn,Medianleftshoulderwidth,Medianrightshoulderwidth,Mediantypedesc,Medianwidthmax,Medianwidthmin,Median Type,Most Harmful Crash Event Cd,Motor Nonmotor,Node,Node Info,Node Totaadt2011,Node Totaadt2012,Node Totaadt2013,Node Totaadt2014,Node Totaadt2015,Numberoflane,Number of Records,Offset,Ownership,Passage,Passgen,Passinjurytype,Passvehiclenumber,Pass Airbag Deployment,Pass Ejected From Vehicle,Pass Ems Transport Ind,Pass Safety Equip Used,Pavementconditionvalue,Pavementroughnessvalue,Pavementwidth,Pdo Crash,Total People Killed & Injured,Pedage,Pedestrians Injured,Pedestrians Killed,Pedgen,Pedinjurytype,Pednumber,Ped Action,Ped Al Test,Ped Cond,Ped Drink,Ped Drug,Ped Nonped,Ped Rflct,Persons Injured,Persons Killed,Physical Juris Nm,PJR,VSP_Used,Rd Type,Relation To Roadway,Rightshoulderwidth,RNS_MP (0.25 mi bin),Rns Mp,Roadway Alignment,Roadway Defect,Roadway Description,Roadway Surface Cond,Roadway Surface Type,Route Or Street Nm,Rte Category Cd,Rte Cat,Rte Nm,Ruralurbandesc,School Zone,Second Crash Event Cd,Segtotaadt2011,Segtotaadt2012,Segtotaadt2013,Segtotaadt2014,Segtotaadt2015,Senior Notsenior,Sidewalkdesc,Speed Before,Speed Max Safe,Speed Notspeed,Speed Posted,Start Node,Start Offset,Summons Issued Cd,Surfacedesc,Third Crash Event Cd,Time Slicing,Total Crashes including Property Damage Only,Total Crash,Traffic Control Type,Trfc Ctrl Status Type,Truckcommr,Vehiclenumber,Vehicle Body Type Cd,Vehicle Make Nm,Vehicle Maneuver Type Cd,Vehicle Model Nm,Vehicle Year Nbr,District,District_Used ,Weather Condition,Work Zone Location,Work Zone Related,Work Zone Type,Young Notyoung
,Not ALCIHOL,Urban,1,1,,,Not UNBELTED,39,Female,A,2,BIKE,,0,0,,1. Rear End,"Not Provided,Not Provided","Not Provided,Not Provided",,,,4/16/2015,4/16/2015,22. Bicycle,1500,A.Ambulatory Injury,2015,,0,0,Chesapeake,Urban,22. Bicycle,MAIN,12PM TO 3PM,131.Chesapeake,,Not Intersection,Reset Filters,VDOT_OTHER,Thursday,Not DEER,"Not Provided,South",,5,1,151095135,39,"Not Provided,Female","PDO,A","1,2","34. Hit and Run,1. No Improper Action","Not Provided,3. Unavailable/Not Applicable","Not Applicable,Not Applicable","9. Unknown,1. No Defects","Not Applicable,Not Applicable","6. Unknown,1. Had Not Been Drinking","3. Unknown,2. No","Not Provided,1. Not Ejected","NotProvided,No","Yes,No","Not Provided,5. Helmet","Not Applicable,1. Not Obscured",,,,,,,,,"22,22",1. On Roadway,"0,0",,,,Not GUARDRAIL,HIT_RUN,"1,6",1,1. Not at Intersection,,C,0,0,36.7074,36.7074,,,Not LRTRUCK,2. Daylight,UNLOCATED,-76.22331,-76.22331,MAINLINE,,,,,,,,"22,22",Not MOTORCYCLE,,.,,,,,,,1,,SEC_URBAN,,,,,,,,,,,,0,1,,0,0,,,,,,,,,Not PED,,1,0,Chesapeake,131,5,NOT-RD,8. Non-Intersection,,,,1. Straight - Level,1. No Defects,"1. Two-Way, Not Divided",1. Dry,"2. Blacktop, Asphalt, Bituminous",BEAUREGARD DR,UNKWN,SC,U-VA131SC99999UK,,3. No,"0,0",,,,,,Not SENIOR,,0,25,Not SPEED,25,,,"Not Provided,2. No",,"0,0",12PM TO 3PM,1,1,4. Stop Sign,1. Yes - Working,,"1,2","1. Passenger car,9. Bicycle",AVAIL,"3. Making Left Turn,8. Stopped in Traffic Lane",GIANT,2014,5,5.Hampton Roads,1. No Adverse Condition (Clear/Cloudy),Not Provided,2. No,Not Provided,Not YOUNG
No Access Control,Not ALCIHOL,Urban,0,0,"N/A, Unknown, or Unstabilized",WINDBROOKE LN(L)/,Not UNBELTED,20,Female,B,2,BIKE,1.01,1,1,,1. Rear End,"Not Provided,Not Provided","Not Provided,Not Provided",13408700,1.01,3,4/20/2015,4/20/2015,22. Bicycle,1644,B.Visiible Injury,2015,None,0,0,Virginia Beach,Urban,22. Bicycle,MAIN,3PM TO 6PM,134.Virginia Beach,"1,795",Intersection,Reset Filters,VDOT_OTHER,Monday,Not DEER,"North,South",,5,1,151235124,"40,20","Male,Female","PDO,B","1,2","11. Did Not Have Right-of-Way,1. No Improper Action","2. Not Deployed,3. Unavailable/Not Applicable","4. No Test,4. No Test","1. No Defects,1. No Defects","14. No Driver Distraction,14. No Driver Distraction","1. Had Not Been Drinking,1. Had Not Been Drinking","2. No,2. No","1. Not Ejected,1. Not Ejected","No,Yes","No,No","3. Lap and Shoulder Belt,8. No Restraint Used","5. Trees, Crops, etc.,1. Not Obscured",,,1,541728,GRAYSON RD(R)/,0,0,"0.Two-way, non-divided","22,20",1. On Roadway,"0,0",I,I.Urban Collector,Other City or Town Streets (not state maintained),Not GUARDRAIL,Not HIT_RUN,"12,8",1,3. Three Approaches,151235124,C,0,0,36.83134,36.83134,3,0.11,Not LRTRUCK,2. Daylight,LOCATED,-76.15451,-76.15451,MAINLINE,MAIN,0,0,0,0,0,Undivided Roadway,"22,20",Not MOTORCYCLE,541177,541177.  SR00190       SR00190      13408700,30916,28311,28573,27535,29416,2,1,0.34,SEC_URBAN,,,,,,,,,0,0,0,0,1,,0,0,,,,,,,,,Not PED,,1,0,Virginia Beach,134,5,NOT-RD,9. Within Intersection,3,1.00,1.01,1. Straight - Level,1. No Defects,"2. Two-Way, Divided, Unprotected Median",1. Dry,"2. Blacktop, Asphalt, Bituminous",200 WINDBROOKE LN,URB,UR,R-VA134UR08700SB,"Urbanized (Population 200,000 and over)",3. No,"0,0",5916,6428,6487,6252,6680,Not SENIOR,None,"5,5","25,25",Not SPEED,"25,25",541729,0,"1. Yes,2. No",0,"0,0",3PM TO 6PM,1,1,4. Stop Sign,1. Yes - Working,Not a Parkway - Trucks and Commercial Vehicles Allowed,"1,2","1. Passenger car,9. Bicycle",JEEP,"1. Going Straight Ahead,3. Making Left Turn","SUV,BICYCLE",2014,5,5.Hampton Roads,1. No Adverse Condition (Clear/Cloudy),Not Provided,2. No,Not Provided,YOUNG
No Access Control,Not ALCIHOL,Urban,0,0,"N/A, Unknown, or Unstabilized",IS-00264-E013X(B)/TO RT 13 SOUTH-MILITARY HIG,Not UNBELTED,19,Male,C,1,BIKE,0,0,0,,3. Head On,"Not Provided,Not Provided","Not Provided,Not Provided",IS00264E013A,0.126,3,4/20/2015,4/20/2015,22. Bicycle,745,C.Non-Visible Injury,2015,None,1,1,Norfolk,Urban,22. Bicycle,RAMP,6AM TO 9AM,122.Norfolk,74,Intersection,Reset Filters,VDOT_OTHER,Monday,Not DEER,"North,South",,5,1,151310042,19,"Male,Not Provided","C,PDO","1,2","11. Did Not Have Right-of-Way,1. No Improper Action","3. Unavailable/Not Applicable,Not Provided","4. No Test,4. No Test","1. No Defects,9. Unknown","Not Applicable,Not Applicable","1. Had Not Been Drinking,6. Unknown","2. No,3. Unknown","1. Not Ejected,Not Provided","No,NotProvided","No,Yes","9. Not Applicable,Not Provided","1. Not Obscured,Not Applicable",,,0,483020,US-00013(B)/FROM ROUTE 264 EAST COLL RD,0,4,"4.One-way, part of a one-way system","20,22",1. On Roadway,"0,0",A,A.Urban Interstate,State Primary and Interstate,Not GUARDRAIL,HIT_RUN,"7,11",1,1. Not at Intersection,151310042,X,0,0,36.84166,36.84166,4,0.14,Not LRTRUCK,2. Daylight,LOCATED,-76.21045,-76.21045,RAMP,NOT_MAIN,0,0,0,0,0,Divided Roadway,"20,22",Not MOTORCYCLE,483020,483020.  IS00264E013A  US00013       US00013,44251,45579,47636,45966,48421,1,1,0.014,VDOT_IS,,,,,,,,,0,0,16,0,1,,0,0,,,,,,,,,Not PED,,1,0,Norfolk,122,5,NOT-RD,5. On Entrance/Exit Ramp,6,0.00,0.14,1. Straight - Level,1. No Defects,"3. Two-Way, Divided, Positive Median Barrier",1. Dry,"2. Blacktop, Asphalt, Bituminous",100 N MILITARY HWY,ISRMP,IS,R-VA   IS00264EB      RMP013.00A,"Urbanized (Population 200,000 and over)",3. No,"0,0",,,3272,3272,3272,Not SENIOR,None,5,"45,45",Not SPEED,"45,45",722626,0,"2. No,Not Provided",0,"0,0",6AM TO 9AM,1,1,6. Traffic Lanes Marked,1. Yes - Working,Not a Parkway - Trucks and Commercial Vehicles Allowed,"1,2","9. Bicycle,1. Passenger car",MONGOOSE,"1. Going Straight Ahead,1. Going Straight Ahead","20""",,5,5.Hampton Roads,1. No Adverse Condition (Clear/Cloudy),Not Provided,2. No,Not Provided,YOUNG
No Access Control,Not ALCIHOL,Urban,0,0,Bituminous Concrete (Black Base),134-08734(L)/Gap Terminus/WINDSOR OAKS BLVD,Not UNBELTED,47,Male,B,1,BIKE,4.16,1,1,,2. Angle,"Not Provided,Not Provided","Not Provided,Not Provided",13408627,4.16,3,1/31/2012,1/31/2012,22. Bicycle,1824,B.Visiible Injury,2012,Left and Right sides,0,0,Virginia Beach,Urban,22. Bicycle,MAIN,6PM TO 9PM,134.Virginia Beach,0,Intersection,Reset Filters,VDOT_OTHER,Tuesday,Not DEER,"South,East",,5,1,120325037,"47,38","Male,Male","B,PDO","1,2","11. Did Not Have Right-of-Way,1. No Improper Action","3. Unavailable/Not Applicable,2. Not Deployed","4. No Test,4. No Test","1. No Defects,1. No Defects","14. No Driver Distraction,14. No Driver Distraction","6. Unknown,6. Unknown","3. Unknown,3. Unknown","1. Not Ejected,1. Not Ejected","Yes,No","No,No","5. Helmet,3. Lap and Shoulder Belt","1. Not Obscured,1. Not Obscured",,,4,541354,134-08833(R)/FOXWOOD DRIVE(L)/,0,1,"1.Divided, no control of access","22,22",1. On Roadway,"0,0",H,H.Urban Minor Arterial,Other City or Town Streets (not state maintained),Not GUARDRAIL,Not HIT_RUN,"4,12",1,4. Four Approaches,120325037,C,0,0,36.806346,36.806346,0,0.24,Not LRTRUCK,4. Darkness - Road Lighted,LOCATED,-76.117021,-76.117021,MAINLINE,MAIN,6,6,Grass/Unprotected,40,24,Divided Roadway,"22,22",Not MOTORCYCLE,541353,541353. 13408627      13408627      13408734,28532,27991,28249,27224,28151,4,1,0,SEC_URBAN,,,,,,,,,0,0,52,0,1,,0,0,,,,,,,,,Not PED,,1,0,Virginia Beach,134,5,NOT-RD,9. Within Intersection,0,4.00,4.15,1. Straight - Level,1. No Defects,"2. Two-Way, Divided, Unprotected Median",1. Dry,"2. Blacktop, Asphalt, Bituminous",1798 INDEPENDENCE BLVD S,URB,UR,R-VA134UR08627SB,"Urbanized (Population 200,000 and over)",3. No,"0,0",24984,25066,25297,24379,25174,Not SENIOR,Left and Right sides,"25,20","45,45",Not SPEED,"45,45",541353,0,"2. No,2. No",0,"0,0",6PM TO 9PM,1,1,3. Traffic Signal,1. Yes - Working,Not a Parkway - Trucks and Commercial Vehicles Allowed,"1,2","9. Bicycle,2. Truck - Pick-up/Passenger Truck","BICYCLE,Chevrolet","1. Going Straight Ahead,3. Making Left Turn","UNK,Avalanche",2007,5,5.Hampton Roads,1. No Adverse Condition (Clear/Cloudy),Not Provided,2. No,Not Provided,Not YOUNG
,Not ALCIHOL,Urban,0,0,,,Not UNBELTED,34,Female,B,2,BIKE,,1,1,,2. Angle,"Not Provided,Not Provided","Not Provided,Not Provided",,,,1/31/2012,1/31/2012,22. Bicycle,1400,B.Visiible Injury,2012,,0,1,Virginia Beach,Urban,22. Bicycle,MAIN,12PM TO 3PM,134.Virginia Beach,,Not Intersection,Reset Filters,VDOT_OTHER,Tuesday,Not DEER,"East,North",,5,1,120335028,"32,34","Female,Female","C,B","1,2","11. Did Not Have Right-of-Way,1. No Improper Action","1. Deployed - Front,3. Unavailable/Not Applicable","4. No Test,4. No Test","1. No Defects,1. No Defects","Not Applicable,Not Applicable","1. Had Not Been Drinking,1. Had Not Been Drinking","2. No,2. No","1. Not Ejected,3. Totally Ejected","No,Yes","No,No","3. Lap and Shoulder Belt,8. No Restraint Used","1. Not Obscured,1. Not Obscured",,,,,,,,,"22,20",1. On Roadway,"0,0",,,,Not GUARDRAIL,Not HIT_RUN,"12,9",1,3. Three Approaches,,C,0,0,36.857818,36.857818,,,Not LRTRUCK,2. Daylight,UNLOCATED,-76.176694,-76.176694,MAINLINE,,,,,,,,"22,20",Not MOTORCYCLE,,.,,,,,,,1,,SEC_URBAN,,,,,,,,,,,,0,2,,0,0,,,,,,,,,Not PED,,2,0,Virginia Beach,134,5,NOT-RD,9. Within Intersection,,,,1. Straight - Level,1. No Defects,"3. Two-Way, Divided, Positive Median Barrier",1. Dry,"2. Blacktop, Asphalt, Bituminous",521 NEWTOWN RD,UNKWN,SC,U-VA134SC99999UK,,3. No,"0,0",,,,,,Not SENIOR,,"5,2","25,25",Not SPEED,"25,25",,,"1. Yes,2. No",,"0,0",12PM TO 3PM,1,1,4. Stop Sign,1. Yes - Working,,"1,2","22. Truck - Sport Utility Vehicle (SUV),9. Bicycle","JEEP,FUJI","2. Making Right Turn,1. Going Straight Ahead","JEEP,BICYCLE",20042000,5,5.Hampton Roads,1. No Adverse Condition (Clear/Cloudy),Not Provided,2. No,Not Provided,Not YOUNG
No Access Control,Not ALCIHOL,Urban,0,0,Bituminous Concrete (Black Base),SR-00143(R)/US-00258(R)/,Not UNBELTED,53,Male,C,1,BIKE,51.13,0,0,,2. Angle,"Not Provided,Not Provided","Not Provided,Not Provided",US00017,51.13,4,12/17/2013,12/17/2013,22. Bicycle,1715,C.Non-Visible Injury,2013,Left and Right sides,1,1,Newport News,Urban,22. Bicycle,MAIN,3PM TO 6PM,121.Newport News,0,Intersection,Reset Filters,VDOT_OTHER,Tuesday,Not DEER,"South,West",,5,1,140720303,"53,41","Male,Male","C,PDO","1,2","21. Disregarded Traffic Signal,1. No Improper Action","3. Unavailable/Not Applicable,2. Not Deployed","4. No Test,4. No Test","1. No Defects,1. No Defects","Not Applicable,Not Applicable","6. Unknown,6. Unknown","3. Unknown,3. Unknown","1. Not Ejected,1. Not Ejected","Yes,No","No,No","9. Not Applicable,3. Lap and Shoulder Belt","1. Not Obscured,1. Not Obscured",,,51,756246,US-00258-W059B(L)/US-00017-S051A(L)/RAMP TO U,0,1,"1.Divided, no control of access","20,22",1. On Roadway,"0,0",E,E.Urban Other Principle Arterials; Connecting Links of Other Rural Principal Arterial,Urban Extensions - Primary Routes,Not GUARDRAIL,Not HIT_RUN,"9,12",1,4. Four Approaches,140720303,C,0,0,37.019542,37.019542,0,0.06,Not LRTRUCK,3. Dusk,LOCATED,-76.444538,-76.444538,MAINLINE,MAIN,0,0,Curbed Grass,14,4,Divided Roadway,"39,22",Not MOTORCYCLE,910001,910001.  SR00143       US00017       US00017       US00258,73776,74973,68366,68709,69798,6,1,0,PRI_URBAN,,,,,,,,,0,179,72,0,1,,0,0,,,,,,,,,Not PED,,1,0,Newport News,121,5,NOT-RD,9. Within Intersection,0,11.25,11.25,1. Straight - Level,1. No Defects,"3. Two-Way, Divided, Positive Median Barrier",1. Dry,"2. Blacktop, Asphalt, Bituminous",JEFFERSON AVE,USPRI,US,R-VA   US00017NB,"Urbanized (Population 200,000 and over)",3. No,"39,0",40702,41593,39530,39683,39836,Not SENIOR,Left and Right sides,"5,20","0,35",Not SPEED,"45,45",910001,0,"3. Pending,2. No",0,"0,0",3PM TO 6PM,1,1,3. Traffic Signal,1. Yes - Working,Designated Truck Route - D2,"1,2","9. Bicycle,1. Passenger car",TOYOTA,"1. Going Straight Ahead,3. Making Left Turn",SUPRA,1987,5,5.Hampton Roads,1. No Adverse Condition (Clear/Cloudy),Not Provided,2. No,Not Provided,Not YOUNG
,Not ALCIHOL,Urban,0,0,,,Not UNBELTED,17,Male,B,1,BIKE,,1,1,,2. Angle,"Not Provided,Not Provided","Not Provided,Not Provided",,,,8/22/2012,8/22/2012,20. Motor Vehicle In Transport,1350,B.Visiible Injury,2012,,0,0,Virginia Beach,Urban,20. Motor Vehicle In Transport,MAIN,12PM TO 3PM,134.Virginia Beach,,Not Intersection,Reset Filters,VDOT_OTHER,Wednesday,Not DEER,"North,West",,5,1,122365045,"17,60","Male,Male","B,PDO","1,2","11. Did Not Have Right-of-Way,1. No Improper Action","3. Unavailable/Not Applicable,2. Not Deployed","Not Applicable,Not Applicable","1. No Defects,1. No Defects","14. No Driver Distraction,14. No Driver Distraction","1. Had Not Been Drinking,1. Had Not Been Drinking","2. No,2. No","3. Totally Ejected,1. Not Ejected","Yes,No","No,No","9. Not Applicable,3. Lap and Shoulder Belt","1. Not Obscured,1. Not Obscured",,,,,,,,,"20,22",1. On Roadway,"0,0",,,,Not GUARDRAIL,Not HIT_RUN,"12,10",1,4. Four Approaches,,C,0,0,36.806469,36.806469,,,Not LRTRUCK,2. Daylight,UNLOCATED,-76.165436,-76.165436,MAINLINE,,,,,,,,"20,22",Not MOTORCYCLE,,.,,,,,,,1,,SEC_URBAN,,,,,,,,,,,,0,1,,0,0,,,,,,,,,Not PED,,1,0,Virginia Beach,134,5,NOT-RD,9. Within Intersection,,,,1. Straight - Level,1. No Defects,"1. Two-Way, Not Divided",1. Dry,"2. Blacktop, Asphalt, Bituminous",LANGSTON ROAD 5100 BLOCK,UNKWN,SC,U-VA134SC99999UK,,3. No,"0,0",,,,,,Not SENIOR,,"15,25","25,25",Not SPEED,"25,25",,,"2. No,2. No",,"0,0",12PM TO 3PM,1,1,8. Yield Sign,1. Yes - Working,,"1,2","9. Bicycle,22. Truck - Sport Utility Vehicle (SUV)","SCHWINN,GMC","1. Going Straight Ahead,1. Going Straight Ahead","BICYCLE,Envoy",20122002,5,5.Hampton Roads,1. No Adverse Condition (Clear/Cloudy),Not Provided,2. No,Not Provided,YOUNG
No Access Control,Not ALCIHOL,Urban,0,0,Bituminous Concrete (Black Base),133-00738(L)/133-09215(R)/,Not UNBELTED,22,Female,B,2,BIKE,464.89,1,1,45,2. Angle,"Not Provided,Not Provided","Not Provided,Not Provided",US00058,465.151,4,8/22/2012,8/22/2012,22. Bicycle,932,B.Visiible Injury,2012,None,0,0,Suffolk,Urban,22. Bicycle,MAIN,9AM TO 12PM,133.Suffolk,628,Intersection,Reset Filters,VDOT_OTHER,Wednesday,Not DEER,"West,North",DISTRACTED,5,1,122365062,"73,22","Female,Female","PDO,B","1,2","23. Driver Distraction,1. No Improper Action","2. Not Deployed,3. Unavailable/Not Applicable","4. No Test,4. No Test","1. No Defects,1. No Defects","7. Eyes Not on Road,Not Applicable","1. Had Not Been Drinking,1. Had Not Been Drinking","2. No,2. No","1. Not Ejected,3. Totally Ejected","No,Yes","No,No","3. Lap and Shoulder Belt,5. Helmet","1. Not Obscured,1. Not Obscured",,,465,719149,133-01741(R)/133-01770(L)/,0,1,"1.Divided, no control of access","22,20",1. On Roadway,"0,0",E,E.Urban Other Principle Arterials; Connecting Links of Other Rural Principal Arterial,Urban Extensions - Primary Routes,Not GUARDRAIL,Not HIT_RUN,"12,5",1,4. Four Approaches,122365062,C,0,0,36.717873,36.717873,6,0.38,Not LRTRUCK,2. Daylight,LOCATED,-76.65707,-76.65707,MAINLINE,MAIN,2,2,Grass/Unprotected,20,20,Divided Roadway,"22,20",Not MOTORCYCLE,719149,719149.  US00058       US00058      13301741      13301770,30743,30968,31908,31098,32620,4,1,0.119,PRI_URBAN,,,,,,,,,0,78,48,0,1,,0,0,,,,,,,,,Not PED,,1,0,Suffolk,133,5,NOT-RD,10. Intersection Related - Within 150 Feet,6,465.00,465.15,1. Straight - Level,1. No Defects,"3. Two-Way, Divided, Positive Median Barrier",1. Dry,"2. Blacktop, Asphalt, Bituminous",HOLLAND RD,USPRI,US,R-VA   US00058WB,"Urbanized (Population 200,000 and over)",3. No,"0,0",30336,30561,31502,30007,31497,SENIOR,None,"5,10","45,25",Not SPEED,"45,25",468438,0,"1. Yes,Not Provided",0,"0,0",9AM TO 12PM,1,1,3. Traffic Signal,1. Yes - Working,Designated Truck Route - D1,"1,2","1. Passenger car,9. Bicycle",TOYT,"1. Going Straight Ahead,1. Going Straight Ahead",SOLARA,2008,5,5.Hampton Roads,1. No Adverse Condition (Clear/Cloudy),Not Provided,2. No,Not Provided,Not YOUNG
No Access Control,Not ALCIHOL,Rural,0,0,"N/A, Unknown, or Unstabilized",MADDOX BLVD(B)/,Not UNBELTED,68,Female,B,2,BIKE,0.18,1,1,,4. Sideswipe - Same Direction,"Not Provided,Not Provided","Not Provided,Not Provided",19000008,0.18,3,8/24/2012,8/24/2012,22. Bicycle,903,B.Visiible Injury,2012,None,0,0,Chincoteaque,Rural,22. Bicycle,MAIN,9AM TO 12PM,190.Chincoteaque,"2,006",Intersection,Reset Filters,VDOT_OTHER,Friday,Not DEER,"North,North",DISTRACTED,5,1,122395170,"81,68","Female,Female","PDO,B","1,2","6. Overtaking at Intersection,1. No Improper Action","3. Unavailable/Not Applicable,3. Unavailable/Not Applicable","4. No Test,4. No Test","1. No Defects,1. No Defects","7. Eyes Not on Road,14. No Driver Distraction","1. Had Not Been Drinking,1. Had Not Been Drinking","2. No,2. No","1. Not Ejected,3. Totally Ejected","No,Yes","No,No","3. Lap and Shoulder Belt,9. Not Applicable","1. Not Obscured,1. Not Obscured",,,0,715247,TAYLOR ST(L)/,0,0,"0.Two-way, non-divided","22,20",1. On Roadway,"0,0",4,4.Rural Major Collector,Other City or Town Streets (not state maintained),Not GUARDRAIL,Not HIT_RUN,"2,8",1,4. Four Approaches,122395170,T,0,0,37.933831,37.933831,3,0.07,Not LRTRUCK,2. Daylight,LOCATED,-75.365613,-75.365613,MAINLINE,MAIN,0,0,0,0,0,Undivided Roadway,"22,20",Not MOTORCYCLE,715264,715264. 19000002      19000008      19000008,3050,3078,3107,3181,3210,2,1,0.38,VDOT_SEC,,,,,,,,,0,0,18,0,1,,0,0,,,,,,,,,Not PED,,1,0,Chincoteaque,190,5,NOT-RD,9. Within Intersection,3,0.00,0.18,1. Straight - Level,1. No Defects,"1. Two-Way, Not Divided",1. Dry,"2. Blacktop, Asphalt, Bituminous",PENSION STREET,URB,UR,R-VA190UR00008EB,Rural,3. No,"0,0",2315,2336,2358,2321,2342,SENIOR,None,"5,5","25,25",Not SPEED,"25,25",715251,0,"1. Yes,Not Provided",0,"0,0",9AM TO 12PM,1,1,3. Traffic Signal,1. Yes - Working,Not a Parkway - Trucks and Commercial Vehicles Allowed,"1,2","1. Passenger car,9. Bicycle","CHRYSLER,BICYCLE","1. Going Straight Ahead,1. Going Straight Ahead","4 DOOR,N/A",,5,5.Hampton Roads,1. No Adverse Condition (Clear/Cloudy),Not Provided,2. No,Not Provided,Not YOUNG
No Access Control,Not ALCIHOL,Rural,1,1,Dual Type,91-00673(L)/,Not UNBELTED,82,Male,A,2,BIKE,348.01,0,0,35,2. Angle,"Not Provided,Not Provided","Not Provided,Not Provided",US00460,348.06,4,2/3/2012,2/3/2012,22. Bicycle,1523,A.Ambulatory Injury,2012,Left and Right sides,0,1,Sussex,Rural,22. Bicycle,MAIN,3PM TO 6PM,91.Sussex,53,Intersection,Reset Filters,VDOT_OTHER,Friday,Not DEER,"East,South",,5,1,120345196,"24,82","Male,Male","C,A","1,2","1. No Improper Action,21. Disregarded Traffic Signal","2. Not Deployed,3. Unavailable/Not Applicable","4. No Test,4. No Test","1. No Defects,1. No Defects","Not Applicable,Not Applicable","1. Had Not Been Drinking,1. Had Not Been Drinking","2. No,2. No","1. Not Ejected,Not Provided","No,Yes","No,No","3. Lap and Shoulder Belt,9. Not Applicable","1. Not Obscured,1. Not Obscured",,,348,631100,SR-00031(L)/91-00628(R)/MAIN ST,0,0,"0.Two-way, non-divided","22,20",1. On Roadway,"0,0",2,2.Rural Other Principle Arterial,State Primary and Interstate,Not GUARDRAIL,Not HIT_RUN,"12,3",1,4. Four Approaches,120345196,N,0,0,36.970472,36.970472,0,0.06,Not LRTRUCK,2. Daylight,LOCATED,-76.982356,-76.982356,MAINLINE,MAIN,0,0,0,0,0,Undivided Roadway,"22,20",Not MOTORCYCLE,631100,631100.  9100628       SR00031       US00460       US00460,13839,13889,14165,12082,12692,4,1,0.01,VDOT_PRI,,,,,,,,,0,98,60,0,2,,0,0,,,,,,,,,Not PED,,2,0,Sussex,91,5,NOT-RD,9. Within Intersection,0,348.00,348.07,1. Straight - Level,1. No Defects,"1. Two-Way, Not Divided",1. Dry,"2. Blacktop, Asphalt, Bituminous",ROUTE 460,USPRI,US,R-VA   US00460EB,Rural,3. No,"0,0",11404,11431,11685,9986,10577,SENIOR,None,"5,5","35,35",Not SPEED,"35,35",631250,0.09,"2. No,1. Yes",0,"0,0",3PM TO 6PM,1,1,3. Traffic Signal,1. Yes - Working,Designated Truck Route - D1,"1,2","1. Passenger car,9. Bicycle",Honda,"1. Going Straight Ahead,1. Going Straight Ahead","Civic Sdn,BICYCLE",2007,5,5.Hampton Roads,1. No Adverse Condition (Clear/Cloudy),Not Provided,2. No,Not Provided,Not YOUNG