Access Control,Alcohol Notalcohol,Area Type1,A Crash,A People,Basetypedesc,Begin Node Dsc,Belted Unbelted,Bikeage,Bikegen,Bikeinjurytype,Bikevehiclenumber,Bike Nonbike,BMP,B Crash,B People,Carspeedlimit,Collision Type,Comm Cargo Body Type Cd,Comm Vehicle Body Type Cd,Cotedrouteid,Coted Mp,Count App,CRASH_DT (copy),Crash Dt,Crash Event Type Dsc,Crash Military Tm,Crash Severity,Crash Year,Curbgutterdesc,C Crash,C People,Juris Name Used,Area Type Used,First Harmful Event of Entire Crash,MAINLINE,Time Slicing Used,Phy_Juris_Nm,Offset-Ft,Intersection Analysis,Clear,Calculation_9640323132123359,Day Of Week,Deer Nodeer,Direction Of Travel Cd,Distracted Notdistracted,VSP,TOTAL CRASH,Document Nbr,Driverage,Drivergen,Driverinjurytype,Drivervehiclenumber,Driver Action Type Cd,Driver Airbag Deployment,Driver Alcohol Test Type Cd,Driver Condition Type Cd,Driver Distraction Type Cd,Driver Drinking Type Cd,Driver Drug Use Cd,Driver Ejected From Vehicle,Driver Ems Transport Ind,Driver Fled Scene Ind,Driver Safety Equip Used,Driver Vis Obscured Type Cd,Drowsy Notdrowsy,Drug Nodrug,EMP,End Node,End Node Dsc,End Offset,Facility,FAC,First Crash Event Cd,First Harmful Event,Fourth Crash Event Cd,Functionalclass,FUN,Govcondesc,Gr Nogr,Hitrun Not Hitrun,Initial Veh Impact Area Cd,Injury Crashes,Intersection Type,Int Doc,Jurtype,K_CRASH,K People,LAT (copy),LAT,Leftshoulderwidth,Length,Lgtruck Nonlgtruck,Light Condition,Located Unlocated,LON (copy),LON,MAINLINE (group),Mainline Yn,Medianleftshoulderwidth,Medianrightshoulderwidth,Mediantypedesc,Medianwidthmax,Medianwidthmin,Median Type,Most Harmful Crash Event Cd,Motor Nonmotor,Node,Node Info,Node Totaadt2011,Node Totaadt2012,Node Totaadt2013,Node Totaadt2014,Node Totaadt2015,Numberoflane,Number of Records,Offset,Ownership,Passage,Passgen,Passinjurytype,Passvehiclenumber,Pass Airbag Deployment,Pass Ejected From Vehicle,Pass Ems Transport Ind,Pass Safety Equip Used,Pavementconditionvalue,Pavementroughnessvalue,Pavementwidth,Pdo Crash,Total People Killed & Injured,Pedage,Pedestrians Injured,Pedestrians Killed,Pedgen,Pedinjurytype,Pednumber,Ped Action,Ped Al Test,Ped Cond,Ped Drink,Ped Drug,Ped Nonped,Ped Rflct,Persons Injured,Persons Killed,Physical Juris Nm,PJR,VSP_Used,Rd Type,Relation To Roadway,Rightshoulderwidth,RNS_MP (0.25 mi bin),Rns Mp,Roadway Alignment,Roadway Defect,Roadway Description,Roadway Surface Cond,Roadway Surface Type,Route Or Street Nm,Rte Category Cd,Rte Cat,Rte Nm,Ruralurbandesc,School Zone,Second Crash Event Cd,Segtotaadt2011,Segtotaadt2012,Segtotaadt2013,Segtotaadt2014,Segtotaadt2015,Senior Notsenior,Sidewalkdesc,Speed Before,Speed Max Safe,Speed Notspeed,Speed Posted,Start Node,Start Offset,Summons Issued Cd,Surfacedesc,Third Crash Event Cd,Time Slicing,Total Crashes including Property Damage Only,Total Crash,Traffic Control Type,Trfc Ctrl Status Type,Truckcommr,Vehiclenumber,Vehicle Body Type Cd,Vehicle Make Nm,Vehicle Maneuver Type Cd,Vehicle Model Nm,Vehicle Year Nbr,District,District_Used ,Weather Condition,Work Zone Location,Work Zone Related,Work Zone Type,Young Notyoung
No Access Control,Not ALCIHOL,Urban,0,0,"N/A, Unknown, or Unstabilized",SR-00165(B)/FENTRESS RD,Not UNBELTED,55,Female,B,2,BIKE,0,1,1,,2. Angle,"Not Provided,Not Provided","Not Provided,Not Provided",13108804,0.036,3,2/4/2012,2/4/2012,20. Motor Vehicle In Transport,820,B.Visiible Injury,2012,None,0,0,Chesapeake,Urban,20. Motor Vehicle In Transport,MAIN,6AM TO 9AM,131.Chesapeake,190,Intersection,Reset Filters,VDOT_OTHER,Saturday,Not DEER,"West,North",,5,1,120580140,"18,55","Male,Female","PDO,B","1,2","11. Did Not Have Right-of-Way,1. No Improper Action","2. Not Deployed,3. Unavailable/Not Applicable","Not Applicable,Not Applicable","1. No Defects,1. No Defects","Not Applicable,Not Applicable","1. Had Not Been Drinking,1. Had Not Been Drinking","Not Applicable,Not Applicable","1. Not Ejected,3. Totally Ejected","NotProvided,Yes","No,No","3. Lap and Shoulder Belt,5. Helmet","1. Not Obscured,1. Not Obscured",,,0,485017,ETHERIDGE ROAD/,0,0,"0.Two-way, non-divided","22,20",1. On Roadway,"0,0",I,I.Urban Collector,Other City or Town Streets (not state maintained),Not GUARDRAIL,Not HIT_RUN,"6,3",1,1. Not at Intersection,120580140,C,0,0,36.70416,36.70416,3,0.22,Not LRTRUCK,2. Daylight,LOCATED,-76.212748,-76.212748,MAINLINE,MAIN,0,0,0,0,0,Undivided Roadway,"22,20",Not MOTORCYCLE,483329,483329.  SR00165       SR00165      13108804,16845,16472,16564,20684,21095,2,1,0.036,SEC_URBAN,,,,,,,,,0,0,20,0,1,,0,0,,,,,,,,,Not PED,,1,0,Chesapeake,131,5,NOT-RD,8. Non-Intersection,3,0.00,0.00,1. Straight - Level,1. No Defects,"2. Two-Way, Divided, Unprotected Median",1. Dry,"2. Blacktop, Asphalt, Bituminous",700 FENTRESS ROAD,URB,UR,R-VA131UR08804EB,"Urbanized (Population 200,000 and over)",3. No,"0,0",3043,2976,2992,2968,3027,Not SENIOR,None,"10,10","0,0",Not SPEED,"25,25",483329,0,"1. Yes,2. No",0,"0,0",6AM TO 9AM,1,1,6. Traffic Lanes Marked,1. Yes - Working,Not a Parkway - Trucks and Commercial Vehicles Allowed,"1,2","1. Passenger car,9. Bicycle","Honda,BICYCLE","12. Backing,1. Going Straight Ahead","Accord Sdn,TREK 100",2003,5,5.Hampton Roads,1. No Adverse Condition (Clear/Cloudy),Not Provided,2. No,Not Provided,YOUNG
No Access Control,Not ALCIHOL,Urban,0,0,Bituminous Concrete (Black Base),ENT. TO SHOPPING CENTER(L)/,Not UNBELTED,33,Male,C,2,BIKE,2.26,0,0,35,2. Angle,"Not Provided,Not Provided","Not Provided,Not Provided",C4US00460,2.546,3,2/6/2012,2/6/2012,22. Bicycle,1842,C.Non-Visible Injury,2012,Left and Right sides,1,1,Suffolk,Urban,22. Bicycle,MAIN,6PM TO 9PM,133.Suffolk,"5,259",Intersection,Reset Filters,VDOT_OTHER,Monday,Not DEER,"South,South",,5,1,120790081,"71,33","Male,Male","PDO,C","1,2","1. No Improper Action,37. Other","2. Not Deployed,3. Unavailable/Not Applicable","4. No Test,4. No Test","1. No Defects,1. No Defects","Not Applicable,Not Applicable","1. Had Not Been Drinking,1. Had Not Been Drinking","3. Unknown,2. No","1. Not Ejected,1. Not Ejected","No,No","No,No","3. Lap and Shoulder Belt,9. Not Applicable","1. Not Obscured,1. Not Obscured",,,3,746641,ENT TO SUFFOLF PUBLIC PARK(R)/,0,0,"0.Two-way, non-divided","22,22",2. Shoulder,"0,0",E,E.Urban Other Principle Arterials; Connecting Links of Other Rural Principal Arterial,Urban Extensions - Primary Routes,Not GUARDRAIL,Not HIT_RUN,"12,11",1,1. Not at Intersection,120790081,C,0,0,36.739695,36.739695,0,0.33,Not LRTRUCK,4. Darkness - Road Lighted,LOCATED,-76.583151,-76.583151,MAINLINE,MAIN,0,0,0,0,0,Undivided Roadway,"22,22",Not MOTORCYCLE,468394,468394. 13300709     C4US00460     C4US00460,25501,25465,24999,24969,25706,4,1,0.996,PRI_URBAN,,,,,,,,,0,150,64,0,1,,0,0,,,,,,,,,Not PED,,1,0,Suffolk,133,5,NOT-RD,1. Main-Line Roadway,0,2.50,2.55,1. Straight - Level,1. No Defects,"1. Two-Way, Not Divided",1. Dry,1. Concrete,N MAIN ST,USPRI,US,R-VA   US00460EBBUS004,"Urbanized (Population 200,000 and over)",3. No,"0,0",25451,25415,24949,24919,25656,SENIOR,Left and Right sides,"5,10","15,35",Not SPEED,"15,35",734759,0,"Not Provided,1. Yes",0,"0,0",6PM TO 9PM,1,1,1. No Traffic Control,6. No Traffic Control Device Present,Designated Truck Route - D2,"1,2","1. Passenger car,9. Bicycle",CHEV,"2. Making Right Turn,15. Other",IMPALA,2012,5,5.Hampton Roads,1. No Adverse Condition (Clear/Cloudy),Not Provided,2. No,Not Provided,Not YOUNG
No Access Control,Not ALCIHOL,Urban,0,0,Portland Cement Concrete,114-07059(B)/POWHATAN PKWY,Not UNBELTED,56,Not Provided,C,2,BIKE,3.04,0,0,,4. Sideswipe - Same Direction,"Not Provided,Not Provided","Not Provided,Not Provided",SR00351,3.064,4,2/8/2012,2/8/2012,22. Bicycle,2015,C.Non-Visible Injury,2012,Right side,1,1,Hampton,Urban,22. Bicycle,MAIN,6PM TO 9PM,114.Hampton,127,Intersection,Reset Filters,VDOT_OTHER,Wednesday,Not DEER,"West,West",,5,1,121100060,56,"Not Provided,Not Provided","PDO,C","1,2","34. Hit and Run,1. No Improper Action","5. Unknown,3. Unavailable/Not Applicable","Not Applicable,Not Applicable","9. Unknown,1. No Defects","Not Applicable,Not Applicable","6. Unknown,1. Had Not Been Drinking","3. Unknown,Not Applicable","Not Provided,1. Not Ejected","NotProvided,No","Yes,No","9. Not Applicable,9. Not Applicable","Not Applicable,1. Not Obscured",,,4,253176,BELL STREET(R)/,0,0,"0.Two-way, non-divided","28,20",2. Shoulder,"0,0",H,H.Urban Minor Arterial,Urban Extensions - Primary Routes,Not GUARDRAIL,HIT_RUN,"2,11",1,4. Four Approaches,121100060,C,0,0,37.013301,37.013301,6,0.75,Not LRTRUCK,4. Darkness - Road Lighted,LOCATED,-76.384686,-76.384686,MAINLINE,MAIN,0,0,0,0,0,Undivided Roadway,"22,20",Not MOTORCYCLE,253177,253177.  SR00351       SR00351      11407059      11407059,25524,24959,24886,23999,24487,4,1,0.024,PRI_URBAN,,,,,,,,,0,188,44,0,1,,0,0,,,,,,,,,Not PED,,1,0,Hampton,114,5,NOT-RD,9. Within Intersection,0,3.00,3.04,1. Straight - Level,1. No Defects,"2. Two-Way, Divided, Unprotected Median",2. Wet,"2. Blacktop, Asphalt, Bituminous",W PEMBROKE,STPRI,SR,R-VA   SR00351EB,"Urbanized (Population 200,000 and over)",3. No,"22,0",10594,10359,10159,9797,9996,Not SENIOR,None,,"45,45",Not SPEED,"45,45",253177,0,"3. Pending,2. No",0,"0,0",6PM TO 9PM,1,1,6. Traffic Lanes Marked,1. Yes - Working,Not a Parkway - Trucks and Commercial Vehicles Allowed,"1,2","1. Passenger car,9. Bicycle",BICYCLE,"1. Going Straight Ahead,1. Going Straight Ahead",BICYCE,,5,5.Hampton Roads,1. No Adverse Condition (Clear/Cloudy),Not Provided,2. No,Not Provided,Not YOUNG
,Not ALCIHOL,Urban,0,0,,,Not UNBELTED,17,Male,B,2,BIKE,,1,1,,2. Angle,"Not Provided,Not Provided","Not Provided,Not Provided",,,,12/19/2013,12/19/2013,20. Motor Vehicle In Transport,731,B.Visiible Injury,2013,,0,0,Virginia Beach,Urban,20. Motor Vehicle In Transport,MAIN,6AM TO 9AM,134.Virginia Beach,,Not Intersection,Reset Filters,VDOT_OTHER,Thursday,Not DEER,"East,North",DISTRACTED,5,1,133645056,17,"Not Provided,Male","PDO,B","1,2","34. Hit and Run,1. No Improper Action","Not Provided,3. Unavailable/Not Applicable","Not Applicable,Not Applicable","9. Unknown,1. No Defects","11. Other,14. No Driver Distraction","6. Unknown,1. Had Not Been Drinking","3. Unknown,2. No","Not Provided,1. Not Ejected","NotProvided,No","Yes,No","Not Provided,9. Not Applicable","13. Other,1. Not Obscured",,,,,,,,,"22,20",1. On Roadway,"0,0",,,,Not GUARDRAIL,HIT_RUN,"12,7",1,3. Three Approaches,,C,0,0,36.835284,36.835284,,,Not LRTRUCK,1. Dawn,UNLOCATED,-76.115554,-76.115554,MAINLINE,,,,,,,,"22,20",Not MOTORCYCLE,,.,,,,,,,1,,SEC_URBAN,,,,,,,,,,,,0,1,,0,0,,,,,,,,,Not PED,,1,0,Virginia Beach,134,5,NOT-RD,9. Within Intersection,,,,1. Straight - Level,1. No Defects,"1. Two-Way, Not Divided",1. Dry,"2. Blacktop, Asphalt, Bituminous",4049 INVERNESS RD,UNKWN,SC,U-VA134SC99999UK,,3. No,"0,0",,,,,,Not SENIOR,,10,"25,25",Not SPEED,"25,25",,,"Not Provided,2. No",,"0,0",6AM TO 9AM,1,1,4. Stop Sign,1. Yes - Working,,"1,2","1. Passenger car,9. Bicycle",GIANT,"1. Going Straight Ahead,15. Other",BICYCLE REVEL 2,2013,5,5.Hampton Roads,1. No Adverse Condition (Clear/Cloudy),Not Provided,2. No,Not Provided,YOUNG
No Access Control,Not ALCIHOL,Urban,0,0,Bituminous Concrete (Black Base),PENNINGTON AVENUE(L)/,Not UNBELTED,19,Male,B,2,BIKE,259.31,1,1,,2. Angle,"Not Provided,Not Provided","Not Provided,Not Provided",US00060,259.39,3,12/21/2013,12/21/2013,22. Bicycle,1605,B.Visiible Injury,2013,Left and Right sides,0,0,Newport News,Urban,22. Bicycle,MAIN,3PM TO 6PM,121.Newport News,"1,056",Intersection,Reset Filters,VDOT_OTHER,Saturday,Not DEER,"South,North",,5,1,140760176,"85,19","Female,Male","PDO,B","1,2","11. Did Not Have Right-of-Way,1. No Improper Action","2. Not Deployed,Not Provided","4. No Test,4. No Test","2. Eyesight Defective,2. Eyesight Defective","Not Applicable,Not Applicable","1. Had Not Been Drinking,1. Had Not Been Drinking","2. No,2. No","1. Not Ejected,Not Provided","No,No","No,No","3. Lap and Shoulder Belt,Not Provided","1. Not Obscured,Not Applicable",,,260,646046,MIDDLESEX ROAD(B)/,0,1,"1.Divided, no control of access","22,20",1. On Roadway,"0,0",H,H.Urban Minor Arterial,Urban Extensions - Primary Routes,Not GUARDRAIL,Not HIT_RUN,"12,10",1,3. Three Approaches,140760176,C,0,0,37.07715,37.07715,0,0.19,Not LRTRUCK,2. Daylight,LOCATED,-76.495049,-76.495049,MAINLINE,MAIN,0,0,Curbed (solid raised),14,14,Divided Roadway,"22,20",Not MOTORCYCLE,646048,646048.  US00060       US00060      12107038,29709,29052,34036,32824,33489,4,1,0.2,PRI_URBAN,,,,,,,,,0,190,52,0,1,,0,0,,,,,,,,,Not PED,,1,0,Newport News,121,5,NOT-RD,9. Within Intersection,0,259.25,259.38,1. Straight - Level,1. No Defects,"2. Two-Way, Divided, Unprotected Median",1. Dry,"2. Blacktop, Asphalt, Bituminous",WARWICK BLVD,USPRI,US,R-VA   US00060WB,"Urbanized (Population 200,000 and over)",3. No,"0,0",27592,26982,31893,30757,31380,SENIOR,Left and Right sides,"5,1","25,45",Not SPEED,"25,45",646047,0,"2. No,Not Provided",0,"0,0",3PM TO 6PM,1,1,3. Traffic Signal,1. Yes - Working,Not a Parkway - Trucks and Commercial Vehicles Allowed,"1,2","1. Passenger car,9. Bicycle",MAZDA,"2. Making Right Turn,1. Going Straight Ahead",626,2002,5,5.Hampton Roads,1. No Adverse Condition (Clear/Cloudy),Not Provided,2. No,Not Provided,YOUNG
No Access Control,Not ALCIHOL,Urban,0,0,"N/A, Unknown, or Unstabilized",MARVIN AVENUE(L)/,Not UNBELTED,59,Male,B,2,BIKE,0.82,1,1,,2. Angle,"Not Provided,Not Provided","Not Provided,Not Provided",12208621,0.823,4,4/27/2015,4/27/2015,20. Motor Vehicle In Transport,745,B.Visiible Injury,2015,Left and Right sides,0,0,Norfolk,Urban,20. Motor Vehicle In Transport,MAIN,6AM TO 9AM,122.Norfolk,966,Intersection,Reset Filters,VDOT_OTHER,Monday,Not DEER,"East,South",,5,1,151410020,"66,59","Female,Male","PDO,B","1,2","11. Did Not Have Right-of-Way,1. No Improper Action","2. Not Deployed,3. Unavailable/Not Applicable","4. No Test,4. No Test","1. No Defects,1. No Defects","Not Applicable,Not Applicable","1. Had Not Been Drinking,1. Had Not Been Drinking","2. No,2. No","1. Not Ejected,1. Not Ejected","No,Yes","No,No","3. Lap and Shoulder Belt,9. Not Applicable","1. Not Obscured,1. Not Obscured",,,1,485600,MAYFIELD AVENUE(L)/,0,0,"0.Two-way, non-divided","20,20",1. On Roadway,"0,0",I,I.Urban Collector,Other City or Town Streets (not state maintained),Not GUARDRAIL,Not HIT_RUN,"12,2",1,3. Three Approaches,151410020,C,0,0,36.92612,36.92612,0,0.05,Not LRTRUCK,2. Daylight,LOCATED,-76.24562,-76.24562,MAINLINE,MAIN,0,0,0,0,0,Undivided Roadway,"20,20",Not MOTORCYCLE,485568,485568. 12208620      12208620      12208621      12208621,4779,4694,4738,4565,3051,2,1,0.183,SEC_URBAN,,,,,,,,,0,0,30,0,1,,0,0,,,,,,,,,Not PED,,1,0,Norfolk,122,5,NOT-RD,9. Within Intersection,0,0.75,0.82,1. Straight - Level,1. No Defects,"1. Two-Way, Not Divided",1. Dry,"2. Blacktop, Asphalt, Bituminous",OLD OCEAN VIEW RD / 8300 BLOCK,URB,UR,R-VA122UR08621SB,"Urbanized (Population 200,000 and over)",3. No,"0,0",3673,3588,3621,3490,2096,SENIOR,Left and Right sides,"5,5","25,25",Not SPEED,"25,25",485599,0,"1. Yes,2. No",0,"0,0",6AM TO 9AM,1,1,4. Stop Sign,1. Yes - Working,Not a Parkway - Trucks and Commercial Vehicles Allowed,"1,2","1. Passenger car,9. Bicycle","TOYOTA,HUFFY","3. Making Left Turn,1. Going Straight Ahead","COROLLA,BICYCLE",1998,5,5.Hampton Roads,1. No Adverse Condition (Clear/Cloudy),Not Provided,2. No,Not Provided,Not YOUNG
Partial Access Control,Not ALCIHOL,Urban,1,1,Bituminous Concrete (Black Base),US-00013-N054A(R)/RAMP TO RTE. 225,Not UNBELTED,44,Male,A,2,BIKE,53.68,0,0,,1. Rear End,"Not Provided,Not Provided","Not Provided,Not Provided",US00013,53.68,2,4/28/2015,4/28/2015,22. Bicycle,449,A.Ambulatory Injury,2015,Right side,0,0,Virginia Beach,Urban,22. Bicycle,MAIN,3AM TO 6AM,134.Virginia Beach,0,Intersection,Reset Filters,VDOT_OTHER,Tuesday,Not DEER,"East,East",,5,1,151185307,"51,44","Male,Male","PDO,A","1,2","37. Other,1. No Improper Action","2. Not Deployed,3. Unavailable/Not Applicable","4. No Test,4. No Test","1. No Defects,1. No Defects","14. No Driver Distraction,14. No Driver Distraction","1. Had Not Been Drinking,1. Had Not Been Drinking","2. No,2. No","1. Not Ejected,3. Totally Ejected","No,Yes","No,No","3. Lap and Shoulder Belt,8. No Restraint Used","1. Not Obscured,1. Not Obscured",,,54,541010,SR-00225-S005B(R)/RAMP FROM RTE. 225,0,2,"2.Divided, partial control of access","22,20",1. On Roadway,"0,0",E,E.Urban Other Principle Arterials; Connecting Links of Other Rural Principal Arterial,Urban Extensions - Primary Routes,Not GUARDRAIL,Not HIT_RUN,"1,6",1,1. Not at Intersection,151185307,C,0,0,36.89647,36.89647,6,0.05,Not LRTRUCK,4. Darkness - Road Lighted,LOCATED,-76.15048,-76.15048,MAINLINE,MAIN,6,6,Positive Barrier *_(PF1 FOR NOTE),2,2,Divided Roadway,"22,20",Not MOTORCYCLE,541011,541011.  US00013       US00013,37059,37119,36935,36928,35494,6,1,0,PRI_URBAN,,,,,,,,,0,119,86,0,1,,0,0,,,,,,,,,Not PED,,1,0,Virginia Beach,134,5,NOT-RD,8. Non-Intersection,0,53.50,53.68,1. Straight - Level,1. No Defects,"3. Two-Way, Divided, Positive Median Barrier",1. Dry,"2. Blacktop, Asphalt, Bituminous",5000 BLOCK NORTHAMPTON BOULEVARD,USPRI,US,R-VA   US00013NB,"Urbanized (Population 200,000 and over)",3. No,"0,27",37059,37119,36935,36928,35494,Not SENIOR,None,"65,15","55,55",SPEED,"55,55",541011,0,"1. Yes,2. No",0,"0,0",3AM TO 6AM,1,1,6. Traffic Lanes Marked,1. Yes - Working,Designated Truck Route - D1,"1,2","1. Passenger car,9. Bicycle","VOLVO,N/A","1. Going Straight Ahead,1. Going Straight Ahead","S80,BICYCLE",2005,5,5.Hampton Roads,1. No Adverse Condition (Clear/Cloudy),Not Provided,2. No,Not Provided,Not YOUNG
No Access Control,Not ALCIHOL,Urban,0,0,Bituminous Concrete (Black Base),STREET(R)/SHOREHAVEN DRIVE(L)/,Not UNBELTED,70,Male,B,2,BIKE,3.34,1,1,,2. Angle,"Not Provided,Not Provided","Not Provided,Not Provided",SR00279,3.586,3,4/29/2015,4/29/2015,22. Bicycle,1517,B.Visiible Injury,2015,Left and Right sides,0,0,Virginia Beach,Urban,22. Bicycle,MAIN,3PM TO 6PM,134.Virginia Beach,"4,784",Intersection,Reset Filters,VDOT_OTHER,Wednesday,Not DEER,"South,North",,5,1,151195259,"18,70","Male,Male","PDO,B","1,2","11. Did Not Have Right-of-Way,1. No Improper Action","2. Not Deployed,3. Unavailable/Not Applicable","Not Applicable,Not Applicable","1. No Defects,1. No Defects","14. No Driver Distraction,14. No Driver Distraction","1. Had Not Been Drinking,1. Had Not Been Drinking","2. No,2. No","1. Not Ejected,Not Provided","No,Yes","No,No","3. Lap and Shoulder Belt,5. Helmet","1. Not Obscured,1. Not Obscured",,,4,541233,UPPER CHESLA REA(R)RIVER RD(L)(B)/,0,1,"1.Divided, no control of access","22,20",1. On Roadway,"0,0",H,H.Urban Minor Arterial,Urban Extensions - Primary Routes,Not GUARDRAIL,Not HIT_RUN,"12,8",1,4. Four Approaches,151195259,C,0,0,36.88887,36.88887,0,0.54,Not LRTRUCK,2. Daylight,LOCATED,-76.05115,-76.05115,MAINLINE,MAIN,0,0,Curbed Grass,40,4,Divided Roadway,"22,20",Not MOTORCYCLE,541230,541230.  SR00279       SR00279      13408715,47094,37375,37720,36350,36829,4,1,0.906,PRI_URBAN,,,,,,,,,0,0,52,0,1,,0,0,,,,,,,,,Not PED,,1,0,Virginia Beach,134,5,NOT-RD,9. Within Intersection,0,3.50,3.58,1. Straight - Level,1. No Defects,"2. Two-Way, Divided, Unprotected Median",1. Dry,"2. Blacktop, Asphalt, Bituminous",1700 GREAT NECK RD,STPRI,SR,R-VA   SR00279SB,"Urbanized (Population 200,000 and over)",1. Yes,"0,0",37780,34644,34964,33695,30384,SENIOR,Left and Right sides,"5,10","45,45",Not SPEED,"45,45",541232,0,"1. Yes,2. No",0,"0,0",3PM TO 6PM,1,1,4. Stop Sign,1. Yes - Working,Not a Parkway - Trucks and Commercial Vehicles Allowed,"1,2","2. Truck - Pick-up/Passenger Truck,9. Bicycle","FORD,HUFFY","2. Making Right Turn,1. Going Straight Ahead","F150,MOUNTAIN BIKE",20112005,5,5.Hampton Roads,1. No Adverse Condition (Clear/Cloudy),Not Provided,2. No,Not Provided,YOUNG
Partial Access Control,Not ALCIHOL,Urban,0,0,"N/A, Unknown, or Unstabilized",114-07026-E002A(L)/RAMP FROM RT 7026,Not UNBELTED,25,Male,C,2,BIKE,6.97,0,0,,12. Ped,"Not Provided,Not Provided","Not Provided,Not Provided",SR00134,7.148,3,4/30/2015,4/30/2015,22. Bicycle,1143,C.Non-Visible Injury,2015,None,1,1,Hampton,Urban,22. Bicycle,MAIN,9AM TO 12PM,114.Hampton,11,Intersection,Reset Filters,VDOT_OTHER,Thursday,Not DEER,"South,South",,5,1,151245180,"53,25","Male,Male","PDO,C","1,2","1. No Improper Action,21. Disregarded Traffic Signal","2. Not Deployed,3. Unavailable/Not Applicable","4. No Test,4. No Test","1. No Defects,1. No Defects","Not Applicable,Not Applicable","1. Had Not Been Drinking,1. Had Not Been Drinking","2. No,2. No","1. Not Ejected,3. Totally Ejected","No,No","No,No","3. Lap and Shoulder Belt,8. No Restraint Used","16. Stopped Vehicle(s),1. Not Obscured",,,7,702864,1SR-00134-P(L)/HARDY CASH DR(L)/ENTERPRIZE PA,0,2,"2.Divided, partial control of access","22,12",1. On Roadway,"0,0",E,E.Urban Other Principle Arterials; Connecting Links of Other Rural Principal Arterial,Urban Extensions - Primary Routes,Not GUARDRAIL,Not HIT_RUN,"8,12",1,4. Four Approaches,151245180,C,0,0,37.05707,37.05707,6,0.18,Not LRTRUCK,2. Daylight,LOCATED,-76.40283,-76.40283,MAINLINE,MAIN,4,4,Grass/Unprotected,40,40,Divided Roadway,"22,20",Not MOTORCYCLE,702864,702864.  SR00134       SR00134      1SR00134P,37667,22831,38147,38136,39419,4,1,0.002,PRI_URBAN,,,,,,,,,0,136,44,0,1,,0,0,,,,,,,,,Not PED,,1,0,Hampton,114,5,NOT-RD,9. Within Intersection,6,7.00,7.15,1. Straight - Level,1. No Defects,"2. Two-Way, Divided, Unprotected Median",2. Wet,"2. Blacktop, Asphalt, Bituminous",HARDY CASH DR,STPRI,SR,R-VA   SR00134EB,"Urbanized (Population 200,000 and over)",3. No,"0,0",30850,,31892,31857,33115,Not SENIOR,None,"40,5","45,45",Not SPEED,"45,45",702863,0,"2. No,1. Yes",0,"0,0",9AM TO 12PM,1,1,3. Traffic Signal,1. Yes - Working,Truck Access System,"1,2","2. Truck - Pick-up/Passenger Truck,9. Bicycle",TOYT,"1. Going Straight Ahead,1. Going Straight Ahead",TUNDRA,2013,5,5.Hampton Roads,5. Rain,Not Provided,2. No,Not Provided,Not YOUNG
No Access Control,ALCOHOL,Urban,0,0,"N/A, Unknown, or Unstabilized",10TH ST(R)/,Not UNBELTED,32,0,B,1,BIKE,22.63,1,1,,2. Angle,"Not Provided,Not Provided","Not Provided,Not Provided",13408669,22.668,4,12/22/2013,12/22/2013,20. Motor Vehicle In Transport,206,B.Visiible Injury,2013,Left and Right sides,0,0,Virginia Beach,Urban,20. Motor Vehicle In Transport,MAIN,0AM TO 3AM,134.Virginia Beach,729,Intersection,Reset Filters,VDOT_OTHER,Sunday,Not DEER,"West,South",DISTRACTED,5,1,140035308,"32,25","0,Male","B,PDO","1,2","11. Did Not Have Right-of-Way,1. No Improper Action","2. Not Deployed,2. Not Deployed","4. No Test,Not Applicable","8. Other,1. No Defects","11. Other,Not Applicable","3. Drinking - Ability Impaired,1. Had Not Been Drinking","3. Unknown,Not Applicable","2. Partially Ejected,1. Not Ejected","Yes,No","No,No","6. Other,3. Lap and Shoulder Belt","1. Not Obscured,1. Not Obscured",,,23,541495,11TH ST(R)/,0,0,"0.Two-way, non-divided","20,22",1. On Roadway,"0,0",H,H.Urban Minor Arterial,Other City or Town Streets (not state maintained),Not GUARDRAIL,Not HIT_RUN,"12,10",1,4. Four Approaches,140035308,C,0,0,36.839335,36.839335,0,0.04,Not LRTRUCK,4. Darkness - Road Lighted,LOCATED,-75.973981,-75.973981,MAINLINE,MAIN,0,0,0,0,0,Undivided Roadway,"20,22",Not MOTORCYCLE,541493,541493. 13408669      13408669      13408724      13408724,26452,23305,23520,22666,22386,4,1,0.138,SEC_URBAN,,,,,,,,,0,0,42,0,1,,0,0,,,,,,,,,Not PED,,1,0,Virginia Beach,134,5,NOT-RD,1. Main-Line Roadway,0,22.50,22.67,1. Straight - Level,1. No Defects,"1. Two-Way, Not Divided",1. Dry,"2. Blacktop, Asphalt, Bituminous",1100 PACIFIC AVENUE,URB,UR,R-VA134UR08669SB,"Urbanized (Population 200,000 and over)",3. No,"0,0",19418,17275,17434,16802,16426,Not SENIOR,Left and Right sides,"5,35","35,35",Not SPEED,"35,35",541494,0.03,"1. Yes,2. No",0,"0,0",0AM TO 3AM,1,1,1. No Traffic Control,6. No Traffic Control Device Present,Not a Parkway - Trucks and Commercial Vehicles Allowed,"1,2","9. Bicycle,1. Passenger car",ACURA,"15. Other,1. Going Straight Ahead","BICYCLE,3TS",2002,5,5.Hampton Roads,1. No Adverse Condition (Clear/Cloudy),Not Provided,2. No,Not Provided,Not YOUNG