Access Control,Alcohol Notalcohol,Area Type1,A Crash,A People,Basetypedesc,Begin Node Dsc,Belted Unbelted,Bikeage,Bikegen,Bikeinjurytype,Bikevehiclenumber,Bike Nonbike,BMP,B Crash,B People,Carspeedlimit,Collision Type,Comm Cargo Body Type Cd,Comm Vehicle Body Type Cd,Cotedrouteid,Coted Mp,Count App,CRASH_DT (copy),Crash Dt,Crash Event Type Dsc,Crash Military Tm,Crash Severity,Crash Year,Curbgutterdesc,C Crash,C People,Juris Name Used,Area Type Used,First Harmful Event of Entire Crash,MAINLINE,Time Slicing Used,Phy_Juris_Nm,Offset-Ft,Intersection Analysis,Clear,Calculation_9640323132123359,Day Of Week,Deer Nodeer,Direction Of Travel Cd,Distracted Notdistracted,VSP,TOTAL CRASH,Document Nbr,Driverage,Drivergen,Driverinjurytype,Drivervehiclenumber,Driver Action Type Cd,Driver Airbag Deployment,Driver Alcohol Test Type Cd,Driver Condition Type Cd,Driver Distraction Type Cd,Driver Drinking Type Cd,Driver Drug Use Cd,Driver Ejected From Vehicle,Driver Ems Transport Ind,Driver Fled Scene Ind,Driver Safety Equip Used,Driver Vis Obscured Type Cd,Drowsy Notdrowsy,Drug Nodrug,EMP,End Node,End Node Dsc,End Offset,Facility,FAC,First Crash Event Cd,First Harmful Event,Fourth Crash Event Cd,Functionalclass,FUN,Govcondesc,Gr Nogr,Hitrun Not Hitrun,Initial Veh Impact Area Cd,Injury Crashes,Intersection Type,Int Doc,Jurtype,K_CRASH,K People,LAT (copy),LAT,Leftshoulderwidth,Length,Lgtruck Nonlgtruck,Light Condition,Located Unlocated,LON (copy),LON,MAINLINE (group),Mainline Yn,Medianleftshoulderwidth,Medianrightshoulderwidth,Mediantypedesc,Medianwidthmax,Medianwidthmin,Median Type,Most Harmful Crash Event Cd,Motor Nonmotor,Node,Node Info,Node Totaadt2011,Node Totaadt2012,Node Totaadt2013,Node Totaadt2014,Node Totaadt2015,Numberoflane,Number of Records,Offset,Ownership,Passage,Passgen,Passinjurytype,Passvehiclenumber,Pass Airbag Deployment,Pass Ejected From Vehicle,Pass Ems Transport Ind,Pass Safety Equip Used,Pavementconditionvalue,Pavementroughnessvalue,Pavementwidth,Pdo Crash,Total People Killed & Injured,Pedage,Pedestrians Injured,Pedestrians Killed,Pedgen,Pedinjurytype,Pednumber,Ped Action,Ped Al Test,Ped Cond,Ped Drink,Ped Drug,Ped Nonped,Ped Rflct,Persons Injured,Persons Killed,Physical Juris Nm,PJR,VSP_Used,Rd Type,Relation To Roadway,Rightshoulderwidth,RNS_MP (0.25 mi bin),Rns Mp,Roadway Alignment,Roadway Defect,Roadway Description,Roadway Surface Cond,Roadway Surface Type,Route Or Street Nm,Rte Category Cd,Rte Cat,Rte Nm,Ruralurbandesc,School Zone,Second Crash Event Cd,Segtotaadt2011,Segtotaadt2012,Segtotaadt2013,Segtotaadt2014,Segtotaadt2015,Senior Notsenior,Sidewalkdesc,Speed Before,Speed Max Safe,Speed Notspeed,Speed Posted,Start Node,Start Offset,Summons Issued Cd,Surfacedesc,Third Crash Event Cd,Time Slicing,Total Crashes including Property Damage Only,Total Crash,Traffic Control Type,Trfc Ctrl Status Type,Truckcommr,Vehiclenumber,Vehicle Body Type Cd,Vehicle Make Nm,Vehicle Maneuver Type Cd,Vehicle Model Nm,Vehicle Year Nbr,District,District_Used ,Weather Condition,Work Zone Location,Work Zone Related,Work Zone Type,Young Notyoung
No Access Control,Not ALCIHOL,Urban,0,0,Bituminous Concrete (Black Base),CARVER AVE(L)/,UNBELTED,32,Male,B,1,BIKE,3.16,1,1,,2. Angle,"Not Provided,Not Provided","Not Provided,Not Provided",13408723,3.16,3,9/7/2012,9/7/2012,22. Bicycle,1455,B.Visiible Injury,2012,Left and Right sides,0,0,Virginia Beach,Urban,22. Bicycle,MAIN,12PM TO 3PM,134.Virginia Beach,475,Intersection,Reset Filters,VDOT_OTHER,Friday,Not DEER,"East,North",,5,1,122595137,"32,24","Male,Male","B,PDO","1,2","1. No Improper Action,11. Did Not Have Right-of-Way","3. Unavailable/Not Applicable,2. Not Deployed","Not Applicable,Not Applicable","1. No Defects,1. No Defects","Not Applicable,Not Applicable","1. Had Not Been Drinking,1. Had Not Been Drinking","2. No,2. No","1. Not Ejected,1. Not Ejected","Yes,No","No,No","9. Not Applicable,8. No Restraint Used","1. Not Obscured,1. Not Obscured",,,3,542025,134-08818(R)/AMERICUS AVE(L)/VA BEACH BLVD,0,1,"1.Divided, no control of access","22,20",1. On Roadway,"0,0",H,H.Urban Minor Arterial,Other City or Town Streets (not state maintained),Not GUARDRAIL,Not HIT_RUN,"12,9",1,3. Three Approaches,122595137,C,0,0,36.843091,36.843091,0,0.09,Not LRTRUCK,2. Daylight,LOCATED,-75.996156,-75.996156,MAINLINE,MAIN,0,0,Grass/Unprotected,14,3,Divided Roadway,"22,20",Not MOTORCYCLE,542025,542025. 13408723      13408723      13408818,27349,28044,28302,27276,30192,4,1,0.09,SEC_URBAN,,,,,,,,,0,0,56,0,1,,0,0,,,,,,,,,Not PED,,1,0,Virginia Beach,134,5,NOT-RD,9. Within Intersection,0,2.75,2.85,1. Straight - Level,1. No Defects,"1. Two-Way, Not Divided",1. Dry,"2. Blacktop, Asphalt, Bituminous",300 NORTH BIRDNECK ROAD,URB,UR,R-VA134UR08723NB,"Urbanized (Population 200,000 and over)",3. No,"0,0",25641,26357,26600,25635,28421,Not SENIOR,Left and Right sides,"1,1","25,25",Not SPEED,"25,25",542024,0,"2. No,2. No",0,"0,0",12PM TO 3PM,1,1,4. Stop Sign,1. Yes - Working,Not a Parkway - Trucks and Commercial Vehicles Allowed,"1,2","9. Bicycle,3. Van",FORD,"15. Other,2. Making Right Turn","BICYCLE,WINDSTAR WAGON",1999,5,5.Hampton Roads,1. No Adverse Condition (Clear/Cloudy),Not Provided,2. No,Not Provided,Not YOUNG
No Access Control,Not ALCIHOL,Urban,0,0,Bituminous Concrete (Black Base),ENT TO MT. TRASHMORE PK.(R)/,Not UNBELTED,36,Female,B,2,BIKE,0.61,1,1,,16. Other,"Not Provided,Not Provided","Not Provided,Not Provided",13408786,0.689,3,9/8/2012,9/8/2012,22. Bicycle,910,B.Visiible Injury,2012,None,0,0,Virginia Beach,Urban,22. Bicycle,MAIN,9AM TO 12PM,134.Virginia Beach,58,Intersection,Reset Filters,VDOT_OTHER,Saturday,Not DEER,"East,West",,5,1,122535009,"64,36","Female,Female","PDO,B","1,2","37. Other,37. Other","2. Not Deployed,3. Unavailable/Not Applicable","Not Applicable,Not Applicable","1. No Defects,1. No Defects","Not Applicable,Not Applicable","1. Had Not Been Drinking,1. Had Not Been Drinking","2. No,2. No","1. Not Ejected,2. Partially Ejected","No,Yes","No,No","3. Lap and Shoulder Belt,5. Helmet","13. Other,1. Not Obscured",,,1,542223,134-08737(R)/(8737-EDWIN DR/8786-NORFOLK BLVD,0,0,"0.Two-way, non-divided","22,20",1. On Roadway,"0,0",I,I.Urban Collector,Other City or Town Streets (not state maintained),Not GUARDRAIL,Not HIT_RUN,"11,12",1,1. Not at Intersection,122535009,C,0,0,36.832586,36.832586,4,0.09,Not LRTRUCK,2. Daylight,LOCATED,-76.125914,-76.125914,MAINLINE,MAIN,0,0,0,0,0,Undivided Roadway,"22,20",Not MOTORCYCLE,542223,542223. 13408737      13408786      13408786,7048,7703,7774,7492,7769,2,1,0.011,SEC_URBAN,,,,,,,,,0,0,22,0,1,,0,0,,,,,,,,,Not PED,,1,0,Virginia Beach,134,5,NOT-RD,"13. Driveway, Alley-Access - Related",8,0.50,0.69,1. Straight - Level,1. No Defects,"1. Two-Way, Not Divided",1. Dry,"2. Blacktop, Asphalt, Bituminous",4300 SOUTH BLVD,URB,UR,R-VA134UR08786WB,"Urbanized (Population 200,000 and over)",3. No,"0,0",4722,4568,4610,4443,4889,Not SENIOR,None,5,35,Not SPEED,35,542429,0,"2. No,2. No",0,"0,0",9AM TO 12PM,1,1,1. No Traffic Control,6. No Traffic Control Device Present,Not a Parkway - Trucks and Commercial Vehicles Allowed,"1,2","22. Truck - Sport Utility Vehicle (SUV),9. Bicycle","FORD,UNK","2. Making Right Turn,15. Other","EDGE,BICYCLE",2007,5,5.Hampton Roads,1. No Adverse Condition (Clear/Cloudy),Not Provided,2. No,Not Provided,Not YOUNG
No Access Control,Not ALCIHOL,Urban,0,0,Penetration Macadam and Water Bound Macadam,SOUTHALL DRIVE(R)/,Not UNBELTED,28,Male,B,2,BIKE,1.09,1,1,,2. Angle,"Not Provided,Not Provided","Not Provided,Not Provided",13400009,1.09,3,9/8/2012,9/8/2012,22. Bicycle,1220,B.Visiible Injury,2012,Left and Right sides,0,0,Virginia Beach,Urban,22. Bicycle,MAIN,12PM TO 3PM,134.Virginia Beach,739,Intersection,Reset Filters,VDOT_OTHER,Saturday,Not DEER,"West,South",,5,1,122635176,"16,28","Female,Male","PDO,B","1,2","37. Other,37. Other","2. Not Deployed,3. Unavailable/Not Applicable","4. No Test,4. No Test","1. No Defects,1. No Defects","14. No Driver Distraction,14. No Driver Distraction","1. Had Not Been Drinking,1. Had Not Been Drinking","2. No,2. No","1. Not Ejected,2. Partially Ejected","No,Yes","No,No","3. Lap and Shoulder Belt,9. Not Applicable","1. Not Obscured,1. Not Obscured",,,1,734940,TOTTENHAM LANE(R)/,0,1,"1.Divided, no control of access","22,16",1. On Roadway,"0,0",H,H.Urban Minor Arterial,Other City or Town Streets (not state maintained),Not GUARDRAIL,Not HIT_RUN,"12,11",1,4. Four Approaches,122635176,C,0,0,36.857248,36.857248,0,0.17,Not LRTRUCK,2. Daylight,LOCATED,-76.025563,-76.025563,MAINLINE,MAIN,0,0,Curbed Grass,16,4,Divided Roadway,"22,16",Not MOTORCYCLE,541257,541257. 13400009      13400009      13408714,38833,36701,37040,35695,37147,4,1,0.14,SEC_URBAN,,,,,,,,,0,0,52,0,1,,0,0,,,,,,,,,Not PED,,1,0,Virginia Beach,134,5,NOT-RD,"15. Other Crossing (Crossing for Bikes, School, etc.)",0,1.00,1.09,1. Straight - Level,1. No Defects,"2. Two-Way, Divided, Unprotected Median",1. Dry,"2. Blacktop, Asphalt, Bituminous",FIRST COLONIAL ROAD,URB,UR,R-VA134UR00009NB,"Urbanized (Population 200,000 and over)",3. No,"0,0",36525,34557,34876,33610,35142,Not SENIOR,Left and Right sides,"5,15","25,8",Not SPEED,"25,45",734942,0,"2. No,2. No",0,"0,0",12PM TO 3PM,1,1,3. Traffic Signal,1. Yes - Working,Not a Parkway - Trucks and Commercial Vehicles Allowed,"1,2","22. Truck - Sport Utility Vehicle (SUV),9. Bicycle","Toyota,KENT","2. Making Right Turn,1. Going Straight Ahead","Highlander,BICYCLE",20042000,5,5.Hampton Roads,1. No Adverse Condition (Clear/Cloudy),Not Provided,2. No,Not Provided,YOUNG
,Not ALCIHOL,Urban,0,0,,,Not UNBELTED,,"Male,Male","B,B",,BIKE,,1,2,,3. Head On,"Not Provided,Not Provided,Not Provided","Not Provided,Not Provided,Not Provided",,,,9/8/2012,9/8/2012,22. Bicycle,1420,B.Visiible Injury,2012,,0,0,Virginia Beach,Urban,22. Bicycle,MAIN,12PM TO 3PM,134.Virginia Beach,,Not Intersection,Reset Filters,VDOT_OTHER,Saturday,Not DEER,"East,West,West",,5,1,122565275,"87,14,14","Male,Male,Male","PDO,B,B","1,2,3","11. Did Not Have Right-of-Way,1. No Improper Action,1. No Improper Action","2. Not Deployed,3. Unavailable/Not Applicable,3. Unavailable/Not Applicable","4. No Test,4. No Test,4. No Test","1. No Defects,1. No Defects,1. No Defects","14. No Driver Distraction,14. No Driver Distraction,14. No Driver Distraction","1. Had Not Been Drinking,1. Had Not Been Drinking,1. Had Not Been Drinking","2. No,2. No,2. No","1. Not Ejected,3. Totally Ejected,3. Totally Ejected","No,No,No","No,No,No","3. Lap and Shoulder Belt,5. Helmet,5. Helmet","1. Not Obscured,1. Not Obscured,1. Not Obscured",,,,,,,,,"22,22,22",1. On Roadway,"0,0,0",,,,Not GUARDRAIL,Not HIT_RUN,"12,12,12",1,4. Four Approaches,,C,0,0,36.870583,36.870583,,,Not LRTRUCK,2. Daylight,UNLOCATED,-75.995358,-75.995358,MAINLINE,,,,,,,,"22,22,22",Not MOTORCYCLE,,.,,,,,,,1,,SEC_URBAN,,,,,,,,,,,,0,2,,0,0,,,,,,,,,Not PED,,2,0,Virginia Beach,134,5,NOT-RD,9. Within Intersection,,,,1. Straight - Level,1. No Defects,"1. Two-Way, Not Divided",1. Dry,"2. Blacktop, Asphalt, Bituminous",1100 BAY SHORE DRIVE EAST,URB,UR,R-VA134UR08718WB,,3. No,"0,0,0",,,,,,SENIOR,,"5,2,2","0,2,2",Not SPEED,"25,25,25",,,"2. No,2. No,2. No",,"0,0,0",12PM TO 3PM,1,1,4. Stop Sign,1. Yes - Working,,"1,2,3","1. Passenger car,9. Bicycle,9. Bicycle","Saturn,PHAT,PHAT","3. Making Left Turn,1. Going Straight Ahead,1. Going Straight Ahead","Ion,SEA WIND BICYCLE,SEA WIND BICYCLE",2005,5,5.Hampton Roads,1. No Adverse Condition (Clear/Cloudy),Not Provided,2. No,Not Provided,Not YOUNG
No Access Control,ALCOHOL,Urban,0,0,Portland Cement Concrete,SR-00194(R)/,Not UNBELTED,43,Not Provided,C,2,BIKE,282.61,0,0,,4. Sideswipe - Same Direction,"Not Provided,Not Provided","Not Provided,Not Provided",US00060,282.835,3,9/8/2012,9/8/2012,20. Motor Vehicle In Transport,121,C.Non-Visible Injury,2012,Left and Right sides,1,1,Norfolk,Urban,20. Motor Vehicle In Transport,MAIN,0AM TO 3AM,122.Norfolk,"1,188",Intersection,Reset Filters,VDOT_OTHER,Saturday,Not DEER,"West,West",,5,1,123530070,43,"Not Provided,Not Provided","PDO,C","1,2","34. Hit and Run,1. No Improper Action","Not Provided,3. Unavailable/Not Applicable","Not Applicable,Not Applicable","9. Unknown,1. No Defects","Not Applicable,Not Applicable","6. Unknown,4. Drinking - Ability Not Impaired","3. Unknown,2. No","Not Provided,3. Totally Ejected","NotProvided,No","Yes,No","Not Provided,8. No Restraint Used","Not Applicable,1. Not Obscured",,,283,483170,122-08619(R)/BEACH VIEW ST,0,0,"0.Two-way, non-divided","22,20",1. On Roadway,"0,0",E,E.Urban Other Principle Arterials; Connecting Links of Other Rural Principal Arterial,Urban Extensions - Primary Routes,Not GUARDRAIL,HIT_RUN,"2,9",1,1. Not at Intersection,123530070,C,0,0,36.947141,36.947141,0,0.58,Not LRTRUCK,4. Darkness - Road Lighted,LOCATED,-76.240208,-76.240208,MAINLINE,MAIN,0,0,0,0,0,Undivided Roadway,"22,20",Not MOTORCYCLE,483171,483171.  SR00194       US00060       US00060,18532,18814,18988,18298,19737,4,1,0.225,PRI_URBAN,,,,,,,,,0,170,64,0,1,,0,0,,,,,,,,,Not PED,,1,0,Norfolk,122,5,NOT-RD,8. Non-Intersection,0,282.75,282.84,1. Straight - Level,1. No Defects,"1. Two-Way, Not Divided",1. Dry,"2. Blacktop, Asphalt, Bituminous",1000 BLK W OCEAN VIEW AVE,USPRI,US,R-VA   US00060EB,"Urbanized (Population 200,000 and over)",3. No,"0,0",14094,13716,13843,13340,15276,Not SENIOR,Left and Right sides,,"0,30",Not SPEED,"0,30",483171,0,"2. No,2. No",0,"0,0",0AM TO 3AM,1,1,6. Traffic Lanes Marked,1. Yes - Working,Not a Parkway - Trucks and Commercial Vehicles Allowed,"1,2","2. Truck - Pick-up/Passenger Truck,9. Bicycle",,"Not Applicable,1. Going Straight Ahead",,,5,5.Hampton Roads,1. No Adverse Condition (Clear/Cloudy),Not Provided,2. No,Not Provided,Not YOUNG
No Access Control,Not ALCIHOL,Urban,1,1,"N/A, Unknown, or Unstabilized",134-08717(B)/ALBRIGHT DR(U)/(8717-LYNNHAVEN P,Not UNBELTED,23,Female,A,2,BIKE,0,0,0,,2. Angle,"Not Provided,Not Provided","Not Provided,Not Provided",13408775,0.001,3,9/10/2012,9/10/2012,22. Bicycle,2055,A.Ambulatory Injury,2012,Left and Right sides,0,0,Virginia Beach,Urban,22. Bicycle,MAIN,6PM TO 9PM,134.Virginia Beach,5,Intersection,Reset Filters,VDOT_OTHER,Monday,Not DEER,"North,South",,5,1,122555137,"44,23","Female,Female","PDO,A","1,2","1. No Improper Action,3. Exceeded Safe Speed But Not Speed Limit","2. Not Deployed,3. Unavailable/Not Applicable","4. No Test,4. No Test","1. No Defects,1. No Defects","14. No Driver Distraction,14. No Driver Distraction","1. Had Not Been Drinking,1. Had Not Been Drinking","2. No,2. No","1. Not Ejected,1. Not Ejected","No,Yes","No,No","3. Lap and Shoulder Belt,9. Not Applicable","1. Not Obscured,1. Not Obscured",,,0,542385,ASHTON DRIVE(B)/,0,0,"0.Two-way, non-divided","22,20",1. On Roadway,"0,0",I,I.Urban Collector,Other City or Town Streets (not state maintained),Not GUARDRAIL,Not HIT_RUN,"8,12",1,4. Four Approaches,122555137,C,0,0,36.781487,36.781487,0,0.12,Not LRTRUCK,4. Darkness - Road Lighted,LOCATED,-76.17304,-76.17304,MAINLINE,MAIN,0,0,0,0,0,Undivided Roadway,"22,20",Not MOTORCYCLE,541912,541912. 13408717      13408717      13408775,13507,13614,13739,13241,12913,2,1,0.001,SEC_URBAN,,,,,,,,,0,0,40,0,1,,0,0,,,,,,,,,Not PED,,1,0,Virginia Beach,134,5,NOT-RD,9. Within Intersection,0,0.00,0.00,1. Straight - Level,1. No Defects,"1. Two-Way, Not Divided",1. Dry,"2. Blacktop, Asphalt, Bituminous",5200 LYNNHAVEN PKWY,URB,UR,R-VA134UR08775SB,"Urbanized (Population 200,000 and over)",3. No,"0,0",6954,6861,6924,6673,5617,Not SENIOR,Left and Right sides,"2,15","25,10",Not SPEED,"25,25",541912,0,"2. No,1. Yes",0,"0,0",6PM TO 9PM,1,1,6. Traffic Lanes Marked,1. Yes - Working,Not a Parkway - Trucks and Commercial Vehicles Allowed,"1,2","1. Passenger car,9. Bicycle","MAZDA,FUJI","3. Making Left Turn,1. Going Straight Ahead","6,BICYCLE",2010,5,5.Hampton Roads,1. No Adverse Condition (Clear/Cloudy),Not Provided,2. No,Not Provided,Not YOUNG
No Access Control,Not ALCIHOL,Urban,0,0,Bituminous Concrete (Black Base),MOBJACK PL(R)/,Not UNBELTED,45,Male,B,2,BIKE,0.43,1,1,,2. Angle,"Not Provided,Not Provided","Not Provided,Not Provided",12100022,0.483,3,9/10/2012,9/10/2012,22. Bicycle,724,B.Visiible Injury,2012,Left and Right sides,0,0,Newport News,Urban,22. Bicycle,MAIN,6AM TO 9AM,121.Newport News,829,Intersection,Reset Filters,VDOT_OTHER,Monday,Not DEER,"North,West",,5,1,123180164,"26,45","Male,Male","PDO,B","1,2","11. Did Not Have Right-of-Way,1. No Improper Action","2. Not Deployed,3. Unavailable/Not Applicable","Not Applicable,Not Applicable","1. No Defects,1. No Defects","Not Applicable,Not Applicable","1. Had Not Been Drinking,1. Had Not Been Drinking","2. No,2. No","1. Not Ejected,3. Totally Ejected","No,Yes","No,No","3. Lap and Shoulder Belt,9. Not Applicable","12. Sun or Headlight Glare,1. Not Obscured",,,1,716443,121-00012(L)/CANON BLVD,0,0,"0.Two-way, non-divided","22,20",1. On Roadway,"0,0",H,H.Urban Minor Arterial,Other City or Town Streets (not state maintained),Not GUARDRAIL,Not HIT_RUN,"12,10",1,3. Three Approaches,123180164,C,0,0,37.085078,37.085078,0,0.21,Not LRTRUCK,2. Daylight,LOCATED,-76.472327,-76.472327,MAINLINE,MAIN,0,0,0,0,0,Undivided Roadway,"22,20",Not MOTORCYCLE,716443,716443. 12100012      12100022      12100022,21764,21283,22123,21335,21768,4,1,0.157,SEC_URBAN,,,,,,,,,0,0,48,0,1,,0,0,,,,,,,,,Not PED,,1,0,Newport News,121,5,NOT-RD,9. Within Intersection,0,0.25,0.48,1. Straight - Level,1. No Defects,"3. Two-Way, Divided, Positive Median Barrier",1. Dry,1. Concrete,FOUNTAIN WAY,URB,UR,R-VA121UR00022WB,"Urbanized (Population 200,000 and over)",3. No,"0,0",14438,14119,14023,13524,13798,Not SENIOR,Left side,"10,15","10,35",Not SPEED,"10,35",716551,0,"1. Yes,2. No",0,"0,0",6AM TO 9AM,1,1,3. Traffic Signal,1. Yes - Working,Not a Parkway - Trucks and Commercial Vehicles Allowed,"1,2","1. Passenger car,9. Bicycle",TOYOTA,"3. Making Left Turn,1. Going Straight Ahead",SOLARA,2007,5,5.Hampton Roads,1. No Adverse Condition (Clear/Cloudy),Not Provided,2. No,Not Provided,Not YOUNG
,Not ALCIHOL,Urban,1,1,,,Not UNBELTED,26,Male,A,1,BIKE,,0,0,,2. Angle,"Not Provided,Not Provided","Not Provided,Not Provided",,,,9/10/2012,9/10/2012,22. Bicycle,1021,A.Ambulatory Injury,2012,,0,0,Norfolk,Urban,22. Bicycle,MAIN,9AM TO 12PM,122.Norfolk,,Not Intersection,Reset Filters,VDOT_OTHER,Monday,Not DEER,"North,East",,5,1,122910210,"26,19","Male,Male","A,PDO","1,2","1. No Improper Action,1. No Improper Action","3. Unavailable/Not Applicable,2. Not Deployed","Not Applicable,Not Applicable","1. No Defects,1. No Defects","Not Applicable,Not Applicable","1. Had Not Been Drinking,1. Had Not Been Drinking","2. No,2. No","1. Not Ejected,1. Not Ejected","Yes,No","No,No","8. No Restraint Used,3. Lap and Shoulder Belt","10. Parked Vehicle(s),10. Parked Vehicle(s)",,,,,,,,,"20,22",1. On Roadway,"0,0",,,,Not GUARDRAIL,Not HIT_RUN,"12,2",1,4. Four Approaches,,C,0,0,36.876998,36.876998,,,Not LRTRUCK,2. Daylight,UNLOCATED,-76.296565,-76.296565,MAINLINE,,,,,,,,"20,22",Not MOTORCYCLE,,.,,,,,,,1,,SEC_URBAN,,,,,,,,,,,,0,1,,0,0,,,,,,,,,Not PED,,1,0,Norfolk,122,5,NOT-RD,9. Within Intersection,,,,1. Straight - Level,1. No Defects,"1. Two-Way, Not Divided",1. Dry,"2. Blacktop, Asphalt, Bituminous",800 blk 34th st,UNKWN,SC,U-VA122SC99999UK,,3. No,"0,0",,,,,,Not SENIOR,,"15,25","25,25",Not SPEED,"25,25",,,"2. No,2. No",,"0,0",9AM TO 12PM,1,1,1. No Traffic Control,6. No Traffic Control Device Present,,"1,2","9. Bicycle,1. Passenger car","cannadalef,nissan","1. Going Straight Ahead,1. Going Straight Ahead","e F500,sentra",2005,5,5.Hampton Roads,1. No Adverse Condition (Clear/Cloudy),Not Provided,2. No,Not Provided,YOUNG
No Access Control,Not ALCIHOL,Urban,0,0,Bituminous Concrete (Black Base),FOUNDRY LANE(R)/,Not UNBELTED,55,Female,B,2,BIKE,504.16,1,1,55,2. Angle,"Not Provided,Not Provided","Not Provided,Not Provided",US00058,505.174,4,9/11/2012,9/11/2012,20. Motor Vehicle In Transport,1900,B.Visiible Injury,2012,Left and Right sides,0,0,Virginia Beach,Urban,20. Motor Vehicle In Transport,MAIN,6PM TO 9PM,134.Virginia Beach,243,Intersection,Reset Filters,VDOT_OTHER,Tuesday,Not DEER,"North,East",,5,1,122565280,"54,55","Female,Female","PDO,B","1,2","1. No Improper Action,11. Did Not Have Right-of-Way","2. Not Deployed,3. Unavailable/Not Applicable","Not Applicable,Not Applicable","1. No Defects,1. No Defects","14. No Driver Distraction,14. No Driver Distraction","1. Had Not Been Drinking,1. Had Not Been Drinking","2. No,2. No","1. Not Ejected,3. Totally Ejected","No,Yes","No,No","3. Lap and Shoulder Belt,6. Other","16. Stopped Vehicle(s),1. Not Obscured",,,505,541073,SR-00279(L)/134-08685(R)/GR NECK RD,0,1,"1.Divided, no control of access","20,20",1. On Roadway,"0,0",E,E.Urban Other Principle Arterials; Connecting Links of Other Rural Principal Arterial,Urban Extensions - Primary Routes,Not GUARDRAIL,Not HIT_RUN,"12,3",1,4. Four Approaches,122565280,C,0,0,36.841582,36.841582,0,1.06,Not LRTRUCK,2. Daylight,LOCATED,-76.048833,-76.048833,MAINLINE,MAIN,0,0,Curbed Grass,28,4,Divided Roadway,"20,20",Not MOTORCYCLE,541073,541073.  SR00279       US00058       US00058      13408685,72812,72157,72823,70180,68463,8,1,0.046,PRI_URBAN,,,,,,,,,0,151,99,0,1,,0,0,,,,,,,,,Not PED,,1,0,Virginia Beach,134,5,NOT-RD,9. Within Intersection,0,505.25,505.28,1. Straight - Level,1. No Defects,"2. Two-Way, Divided, Unprotected Median",1. Dry,"2. Blacktop, Asphalt, Bituminous",2299 VIRGINIA BEACH BLVD.,USPRI,US,R-VA   US00058EB,"Urbanized (Population 200,000 and over)",3. No,"0,0",48198,41600,41984,40460,41278,Not SENIOR,Left and Right sides,"5,6","45,45",Not SPEED,"45,45",541074,0,"2. No,1. Yes",0,"0,0",6PM TO 9PM,1,1,3. Traffic Signal,1. Yes - Working,Not a Parkway - Trucks and Commercial Vehicles Allowed,"1,2","22. Truck - Sport Utility Vehicle (SUV),9. Bicycle","JEEP,CANNONDALE","3. Making Left Turn,1. Going Straight Ahead","PATRIOT,MOUNTAIN BIKE",2012,5,5.Hampton Roads,1. No Adverse Condition (Clear/Cloudy),Not Provided,2. No,Not Provided,Not YOUNG
No Access Control,Not ALCIHOL,Urban,0,0,Bituminous Concrete (Black Base),46-00644(R)/NEW SCL SMITHFIELD,Not UNBELTED,42,Not Provided,B,2,BIKE,48.19,1,1,45,4. Sideswipe - Same Direction,"Not Provided,Not Provided","Not Provided,Not Provided",US00258,48.461,3,9/11/2012,9/11/2012,22. Bicycle,1356,B.Visiible Injury,2012,None,0,0,Isle of Wight,Urban,22. Bicycle,MAIN,12PM TO 3PM,46.Isle of Wight,"2,276",Intersection,Reset Filters,VDOT_OTHER,Tuesday,Not DEER,"North,North",,5,1,122555191,42,"Not Provided,Not Provided","PDO,B","1,2","34. Hit and Run,1. No Improper Action","Not Provided,3. Unavailable/Not Applicable","4. No Test,4. No Test","9. Unknown,1. No Defects","Not Applicable,Not Applicable","6. Unknown,1. Had Not Been Drinking","3. Unknown,3. Unknown","Not Provided,1. Not Ejected","NotProvided,Yes","Yes,No","Not Provided,6. Other","1. Not Obscured,1. Not Obscured",,,48,393549,RED OAK DRIVE(R)/,0,1,"1.Divided, no control of access","22,22",1. On Roadway,"0,0",E,E.Urban Other Principle Arterials; Connecting Links of Other Rural Principal Arterial,State Primary and Interstate,Not GUARDRAIL,HIT_RUN,"0,7",1,1. Not at Intersection,122555191,N,0,0,36.944686,36.944686,6,0.29,Not LRTRUCK,2. Daylight,LOCATED,-76.591819,-76.591819,MAINLINE,MAIN,4,4,Curbed Grass,16,4,Divided Roadway,"22,22",Not MOTORCYCLE,393172,393172.  4600644       US00258       US00258,26541,25953,26100,26422,26947,4,1,0.431,VDOT_PRI,,,,,,,,,0,69,50,0,1,,0,0,,,,,,,,,Not PED,,1,0,Isle of Wight,46,5,NOT-RD,1. Main-Line Roadway,6,48.25,48.48,1. Straight - Level,1. No Defects,"2. Two-Way, Divided, Unprotected Median",1. Dry,"2. Blacktop, Asphalt, Bituminous",14243 BENNS CHURCH BLVD,USPRI,US,R-VA   US00258WB,"Urbanized (Population 200,000 and over)",3. No,"0,0",25693,25124,25266,25127,25626,Not SENIOR,None,5,55,Not SPEED,55,393172,0.16,"3. Pending,2. No",0,"0,0",12PM TO 3PM,1,1,1. No Traffic Control,6. No Traffic Control Device Present,Designated Truck Route - D1,"1,2","2. Truck - Pick-up/Passenger Truck,9. Bicycle",NONE,"1. Going Straight Ahead,1. Going Straight Ahead",BICYCLE,,5,5.Hampton Roads,1. No Adverse Condition (Clear/Cloudy),Not Provided,2. No,Not Provided,Not YOUNG