Access Control,Alcohol Notalcohol,Area Type1,A Crash,A People,Basetypedesc,Begin Node Dsc,Belted Unbelted,Bikeage,Bikegen,Bikeinjurytype,Bikevehiclenumber,Bike Nonbike,BMP,B Crash,B People,Carspeedlimit,Collision Type,Comm Cargo Body Type Cd,Comm Vehicle Body Type Cd,Cotedrouteid,Coted Mp,Count App,CRASH_DT (copy),Crash Dt,Crash Event Type Dsc,Crash Military Tm,Crash Severity,Crash Year,Curbgutterdesc,C Crash,C People,Juris Name Used,Area Type Used,First Harmful Event of Entire Crash,MAINLINE,Time Slicing Used,Phy_Juris_Nm,Offset-Ft,Intersection Analysis,Clear,Calculation_9640323132123359,Day Of Week,Deer Nodeer,Direction Of Travel Cd,Distracted Notdistracted,VSP,TOTAL CRASH,Document Nbr,Driverage,Drivergen,Driverinjurytype,Drivervehiclenumber,Driver Action Type Cd,Driver Airbag Deployment,Driver Alcohol Test Type Cd,Driver Condition Type Cd,Driver Distraction Type Cd,Driver Drinking Type Cd,Driver Drug Use Cd,Driver Ejected From Vehicle,Driver Ems Transport Ind,Driver Fled Scene Ind,Driver Safety Equip Used,Driver Vis Obscured Type Cd,Drowsy Notdrowsy,Drug Nodrug,EMP,End Node,End Node Dsc,End Offset,Facility,FAC,First Crash Event Cd,First Harmful Event,Fourth Crash Event Cd,Functionalclass,FUN,Govcondesc,Gr Nogr,Hitrun Not Hitrun,Initial Veh Impact Area Cd,Injury Crashes,Intersection Type,Int Doc,Jurtype,K_CRASH,K People,LAT (copy),LAT,Leftshoulderwidth,Length,Lgtruck Nonlgtruck,Light Condition,Located Unlocated,LON (copy),LON,MAINLINE (group),Mainline Yn,Medianleftshoulderwidth,Medianrightshoulderwidth,Mediantypedesc,Medianwidthmax,Medianwidthmin,Median Type,Most Harmful Crash Event Cd,Motor Nonmotor,Node,Node Info,Node Totaadt2011,Node Totaadt2012,Node Totaadt2013,Node Totaadt2014,Node Totaadt2015,Numberoflane,Number of Records,Offset,Ownership,Passage,Passgen,Passinjurytype,Passvehiclenumber,Pass Airbag Deployment,Pass Ejected From Vehicle,Pass Ems Transport Ind,Pass Safety Equip Used,Pavementconditionvalue,Pavementroughnessvalue,Pavementwidth,Pdo Crash,Total People Killed & Injured,Pedage,Pedestrians Injured,Pedestrians Killed,Pedgen,Pedinjurytype,Pednumber,Ped Action,Ped Al Test,Ped Cond,Ped Drink,Ped Drug,Ped Nonped,Ped Rflct,Persons Injured,Persons Killed,Physical Juris Nm,PJR,VSP_Used,Rd Type,Relation To Roadway,Rightshoulderwidth,RNS_MP (0.25 mi bin),Rns Mp,Roadway Alignment,Roadway Defect,Roadway Description,Roadway Surface Cond,Roadway Surface Type,Route Or Street Nm,Rte Category Cd,Rte Cat,Rte Nm,Ruralurbandesc,School Zone,Second Crash Event Cd,Segtotaadt2011,Segtotaadt2012,Segtotaadt2013,Segtotaadt2014,Segtotaadt2015,Senior Notsenior,Sidewalkdesc,Speed Before,Speed Max Safe,Speed Notspeed,Speed Posted,Start Node,Start Offset,Summons Issued Cd,Surfacedesc,Third Crash Event Cd,Time Slicing,Total Crashes including Property Damage Only,Total Crash,Traffic Control Type,Trfc Ctrl Status Type,Truckcommr,Vehiclenumber,Vehicle Body Type Cd,Vehicle Make Nm,Vehicle Maneuver Type Cd,Vehicle Model Nm,Vehicle Year Nbr,District,District_Used ,Weather Condition,Work Zone Location,Work Zone Related,Work Zone Type,Young Notyoung
No Access Control,Not ALCIHOL,Urban,0,0,"N/A, Unknown, or Unstabilized",BUTE STREET(R)/,Not UNBELTED,31,Male,B,1,BIKE,9.41,1,1,,2. Angle,"Not Provided,Not Provided","Not Provided,Not Provided",A1US00460,9.515,3,3/1/2012,3/1/2012,22. Bicycle,1400,B.Visiible Injury,2012,Left and Right sides,0,0,Norfolk,Urban,22. Bicycle,MAIN,12PM TO 3PM,122.Norfolk,26,Intersection,Reset Filters,VDOT_OTHER,Thursday,Not DEER,"North,North",DISTRACTED,5,1,120810052,"31,32","Male,Male","B,PDO","1,2","1. No Improper Action,17. Other Improper Turn","3. Unavailable/Not Applicable,2. Not Deployed","Not Applicable,Not Applicable","Not Applicable,Not Applicable","Not Applicable,11. Other","1. Had Not Been Drinking,1. Had Not Been Drinking","Not Applicable,Not Applicable","3. Totally Ejected,1. Not Ejected","No,No","No,No","9. Not Applicable,3. Lap and Shoulder Belt","1. Not Obscured,1. Not Obscured",,,10,483665,US-00460(R)/SR-00337(L)/,0,1,"1.Divided, no control of access","20,22",1. On Roadway,"0,0",E,E.Urban Other Principle Arterials; Connecting Links of Other Rural Principal Arterial,Urban Extensions - Primary Routes,Not GUARDRAIL,Not HIT_RUN,"9,1",1,4. Four Approaches,120810052,C,0,0,36.853789,36.853789,0,0.11,Not LRTRUCK,2. Daylight,LOCATED,-76.285248,-76.285248,MAINLINE,MAIN,0,0,Curbed Grass,24,4,Divided Roadway,"20,22",Not MOTORCYCLE,483665,483665.  US00460       US00460     A1US00460,42467,40032,40402,38936,41987,5,1,0.005,PRI_URBAN,,,,,,,,,0,0,0,0,1,,0,0,,,,,,,,,Not PED,,1,0,Norfolk,122,5,NOT-RD,9. Within Intersection,0,9.50,9.52,1. Straight - Level,1. No Defects,"3. Two-Way, Divided, Positive Median Barrier",1. Dry,"2. Blacktop, Asphalt, Bituminous",600 st pauls blvd,USPRI,US,R-VA   US00460NBALT001,"Urbanized (Population 200,000 and over)",3. No,"0,0",43851,41624,42008,40484,41301,Not SENIOR,Left and Right sides,"10,5","25,25",Not SPEED,"25,25",756709,0,"2. No,2. No",0,"0,0",12PM TO 3PM,1,1,3. Traffic Signal,1. Yes - Working,Not a Parkway - Trucks and Commercial Vehicles Allowed,"1,2","9. Bicycle,22. Truck - Sport Utility Vehicle (SUV)","SCHWINN,LINCOLN","1. Going Straight Ahead,2. Making Right Turn","PARAMOUNT,NAVIGATOR",20012003,5,5.Hampton Roads,1. No Adverse Condition (Clear/Cloudy),Not Provided,2. No,Not Provided,Not YOUNG
Partial Access Control,ALCOHOL,Urban,1,1,Bituminous Concrete (Black Base),114-07035(B)/LASALLE AV,Not UNBELTED,46,Male,A,1,BIKE,10.99,0,0,,2. Angle,"Not Provided,Not Provided","Not Provided,Not Provided",SR00134,11.052,3,3/1/2012,3/1/2012,20. Motor Vehicle In Transport,2350,A.Ambulatory Injury,2012,None,0,1,Hampton,Urban,20. Motor Vehicle In Transport,MAIN,9PM TO 12AM,114.Hampton,42,Intersection,Reset Filters,VDOT_OTHER,Thursday,Not DEER,"West,North",,5,1,121440107,"46,49","Male,Male","A,C","1,2","11. Did Not Have Right-of-Way,1. No Improper Action","3. Unavailable/Not Applicable,2. Not Deployed","4. No Test,Not Applicable","1. No Defects,1. No Defects","Not Applicable,Not Applicable","3. Drinking - Ability Impaired,1. Had Not Been Drinking","3. Unknown,2. No","1. Not Ejected,1. Not Ejected","No,No","No,No","9. Not Applicable,3. Lap and Shoulder Belt","1. Not Obscured,11. Moving Vehicle(s)",,,11,253029,IS-00064-W265B(L)/FROM RT 64 WEST,0,2,"2.Divided, partial control of access","20,22",1. On Roadway,"0,0",H,H.Urban Minor Arterial,Urban Extensions - Primary Routes,Not GUARDRAIL,Not HIT_RUN,"9,12",1,3. Three Approaches,121440107,C,0,0,37.034595,37.034595,2,0.07,Not LRTRUCK,4. Darkness - Road Lighted,LOCATED,-76.362055,-76.362055,MAINLINE,MAIN,4,4,Grass/Unprotected,40,40,Divided Roadway,"20,22",Not MOTORCYCLE,253029,253029.  IS00064W265B  SR00134       SR00134,16278,15918,15164,14680,14946,4,1,0.008,PRI_URBAN,,,,,,,,,0,167,44,0,2,,0,0,,,,,,,,,Not PED,,2,0,Hampton,114,5,NOT-RD,9. Within Intersection,2,11.00,11.05,1. Straight - Level,1. No Defects,"2. Two-Way, Divided, Unprotected Median",1. Dry,"2. Blacktop, Asphalt, Bituminous",N ARMISTEAD AVE,STPRI,SR,R-VA   SR00134WB,"Urbanized (Population 200,000 and over)",3. No,"0,0",16278,15918,13596,13112,13378,Not SENIOR,None,"3,5","0,45",Not SPEED,"45,45",253028,0,"1. Yes,2. No",0,"0,0",9PM TO 12AM,1,1,3. Traffic Signal,1. Yes - Working,Truck Access System,"1,2","9. Bicycle,1. Passenger car","Bicycle,Chevrolet","1. Going Straight Ahead,1. Going Straight Ahead",Malibu,2004,5,5.Hampton Roads,1. No Adverse Condition (Clear/Cloudy),Not Provided,2. No,Not Provided,Not YOUNG
,ALCOHOL,Urban,1,1,,,Not UNBELTED,59,Male,A,2,BIKE,,0,0,,3. Head On,"Not Provided,Not Provided","Not Provided,Not Provided",,,,9/13/2012,9/13/2012,22. Bicycle,2159,A.Ambulatory Injury,2012,,0,0,Norfolk,Urban,22. Bicycle,MAIN,9PM TO 12AM,122.Norfolk,,Not Intersection,Reset Filters,VDOT_OTHER,Thursday,Not DEER,"South,North",,5,1,122930085,"26,59","Male,Male","PDO,A","1,2","1. No Improper Action,42. Improper or Unsafe Lane Change","2. Not Deployed,3. Unavailable/Not Applicable","4. No Test,4. No Test","1. No Defects,1. No Defects","Not Applicable,Not Applicable","1. Had Not Been Drinking,3. Drinking - Ability Impaired","2. No,2. No","1. Not Ejected,3. Totally Ejected","No,Yes","No,No","3. Lap and Shoulder Belt,8. No Restraint Used","1. Not Obscured,1. Not Obscured",,,,,,,,,"22,36",1. On Roadway,"0,0",,,,Not GUARDRAIL,Not HIT_RUN,"12,12",1,3. Three Approaches,,C,0,0,36.911877,36.911877,,,Not LRTRUCK,4. Darkness - Road Lighted,UNLOCATED,-76.250095,-76.250095,MAINLINE,,,,,,,,"22,20",Not MOTORCYCLE,,.,,,,,,,1,,SEC_URBAN,,,,,,,,,,,,0,1,,0,0,,,,,,,,,Not PED,,1,0,Norfolk,122,5,RD-UNKNOWN,10. Intersection Related - Within 150 Feet,,,,1. Straight - Level,1. No Defects,"1. Two-Way, Not Divided",1. Dry,"2. Blacktop, Asphalt, Bituminous",900 ASBURY AVE,UNKWN,SC,U-VA122SC99999UK,,1. Yes,"0,20",,,,,,Not SENIOR,,"20,10","25,25",Not SPEED,"25,25",,,"2. No,2. No",,"0,0",9PM TO 12AM,1,1,1. No Traffic Control,6. No Traffic Control Device Present,,"1,2","1. Passenger car,9. Bicycle","VOLKS,ELEVEFIN","1. Going Straight Ahead,14. Changing Lanes","JETTA,BICYCLE",2012,5,5.Hampton Roads,1. No Adverse Condition (Clear/Cloudy),Not Provided,2. No,Not Provided,Not YOUNG
No Access Control,ALCOHOL,Urban,1,1,Dual Type,134-08729(R)/OCEANA BLVD(L)/OCEANA BLVD,UNBELTED,48,Male,A,2,BIKE,1.84,0,1,,1. Rear End,"Not Provided,Not Provided","Not Provided,Not Provided",C7US00058,2.036,3,9/14/2012,9/14/2012,20. Motor Vehicle In Transport,2151,A.Ambulatory Injury,2012,None,0,0,Virginia Beach,Urban,20. Motor Vehicle In Transport,MAIN,9PM TO 12AM,134.Virginia Beach,"1,035",Intersection,Reset Filters,VDOT_OTHER,Friday,Not DEER,"West,West",,5,1,122765186,"40,48","0,Male","B,A","1,2","34. Hit and Run,40. Fail to Maintain Proper Control","2. Not Deployed,3. Unavailable/Not Applicable","1. Blood,Not Applicable","1. No Defects,9. Unknown","14. No Driver Distraction,14. No Driver Distraction","2. Drinking - Obviously Drunk,6. Unknown","2. No,3. Unknown","1. Not Ejected,1. Not Ejected","No,Yes","Yes,No","8. No Restraint Used,9. Not Applicable","1. Not Obscured,1. Not Obscured",,,3,541094,134-08729(R)/OCEANA BLVD(L)/OCEANA BLVD,0.86,0,"0.Two-way, non-divided","22,20",1. On Roadway,"0,0",H,H.Urban Minor Arterial,Urban Extensions - Primary Routes,Not GUARDRAIL,HIT_RUN,"12,6",1,1. Not at Intersection,122765186,C,0,0,36.842794,36.842794,4,0.86,Not LRTRUCK,4. Darkness - Road Lighted,LOCATED,-76.009613,-76.009613,MAINLINE,MAIN,0,0,0,0,0,Undivided Roadway,"22,20",Not MOTORCYCLE,541094,541094. 13408729     C7US00058     C7US00058,33080,30456,30785,30063,31110,4,1,0.196,PRI_URBAN,,,,,,,,,0,194,42,0,2,,0,0,,,,,,,,,Not PED,,2,0,Virginia Beach,134,5,NOT-RD,8. Non-Intersection,4,2.00,2.04,1. Straight - Level,1. No Defects,"1. Two-Way, Not Divided",1. Dry,"2. Blacktop, Asphalt, Bituminous",1400 BLOCK VIRGINIA BEACH BOULEVARD,USPRI,US,R-VA   US00058EBBUS007,"Urbanized (Population 200,000 and over)",3. No,"0,0",13535,11995,12106,11666,12096,Not SENIOR,None,,"40,40",Not SPEED,"40,40",541094,0,"1. Yes,2. No",0,"0,0",9PM TO 12AM,1,1,6. Traffic Lanes Marked,1. Yes - Working,Not a Parkway - Trucks and Commercial Vehicles Allowed,"1,2","1. Passenger car,9. Bicycle","Chevrolet,UNK","1. Going Straight Ahead,1. Going Straight Ahead","Malibu,BEACH CRUISER BICYCLE",2008,5,5.Hampton Roads,1. No Adverse Condition (Clear/Cloudy),Not Applicable,2. No,Not Applicable,Not YOUNG
,Not ALCIHOL,Urban,0,0,,,Not UNBELTED,9,Male,B,1,BIKE,,1,1,,2. Angle,"Not Provided,Not Provided","Not Provided,Not Provided",,,,9/15/2012,9/15/2012,22. Bicycle,1607,B.Visiible Injury,2012,,0,0,Newport News,Urban,22. Bicycle,MAIN,3PM TO 6PM,121.Newport News,,Not Intersection,Reset Filters,VDOT_OTHER,Saturday,Not DEER,"South,West",DISTRACTED,5,1,123180187,"9,40","Male,Male","B,PDO","1,2","22. Disregarded Stop or Yield Sign,1. No Improper Action","3. Unavailable/Not Applicable,2. Not Deployed","4. No Test,4. No Test","1. No Defects,1. No Defects","11. Other,Not Applicable","1. Had Not Been Drinking,1. Had Not Been Drinking","2. No,2. No","3. Totally Ejected,1. Not Ejected","No,No","No,No","9. Not Applicable,3. Lap and Shoulder Belt","1. Not Obscured,1. Not Obscured",,,,,,,,,"20,22",1. On Roadway,"0,0",,,,Not GUARDRAIL,Not HIT_RUN,"12,3",1,4. Four Approaches,,C,0,0,37.11999,37.11999,,,Not LRTRUCK,2. Daylight,UNLOCATED,-76.537017,-76.537017,MAINLINE,,,,,,,,"20,22",Not MOTORCYCLE,,.,,,,,,,1,,SEC_URBAN,,,,,,,,,,,,0,1,,0,0,,,,,,,,,Not PED,,1,0,Newport News,121,5,NOT-RD,9. Within Intersection,,,,1. Straight - Level,1. No Defects,"2. Two-Way, Divided, Unprotected Median",1. Dry,"2. Blacktop, Asphalt, Bituminous",PICARD DR,UNKWN,SC,U-VA121SC99999UK,,3. No,"0,0",,,,,,Not SENIOR,,"2,25","25,25",Not SPEED,"25,25",,,"2. No,2. No",,"0,0",3PM TO 6PM,1,1,8. Yield Sign,6. No Traffic Control Device Present,,"1,2","9. Bicycle,1. Passenger car",FORD,"5. Slowing or Stopping,1. Going Straight Ahead",FESTIVA,2012,5,5.Hampton Roads,1. No Adverse Condition (Clear/Cloudy),Not Provided,2. No,Not Provided,Not YOUNG
No Access Control,Not ALCIHOL,Urban,0,0,"Stabilized with Selected Material (Soil,Gravel,Stone,etc.)",47-01501(R)/,Not UNBELTED,69,Female,B,2,BIKE,2.79,1,1,45,2. Angle,"Not Provided,Not Provided","Not Provided,Not Provided",4700612,3.016,3,3/2/2012,3/2/2012,22. Bicycle,830,B.Visiible Injury,2012,None,0,0,James City,Urban,22. Bicycle,MAIN,6AM TO 9AM,47.James City,74,Intersection,Reset Filters,VDOT_OTHER,Friday,Not DEER,"West,East",,5,1,120655065,"33,69","Female,Female","PDO,B","1,2","11. Did Not Have Right-of-Way,1. No Improper Action","2. Not Deployed,3. Unavailable/Not Applicable","4. No Test,4. No Test","1. No Defects,1. No Defects","Not Applicable,Not Applicable","1. Had Not Been Drinking,1. Had Not Been Drinking","2. No,2. No","1. Not Ejected,1. Not Ejected","No,No","No,No","3. Lap and Shoulder Belt,9. Not Applicable","1. Not Obscured,1. Not Obscured",,,3,756264,SR-00199-E004A(L)/47-00612- 003A(R)/RAMP TO A,0,1,"1.Divided, no control of access","22,22",1. On Roadway,"0,0",H,H.Urban Minor Arterial,State Secondary,Not GUARDRAIL,Not HIT_RUN,"11,3",1,2. Two Approaches,120655065,N,0,0,37.299554,37.299554,0,0.24,Not LRTRUCK,2. Daylight,LOCATED,-76.746139,-76.746139,MAINLINE,MAIN,0,0,Curbed Grass,20,8,Divided Roadway,"22,22",Not MOTORCYCLE,756264,756264.  4700612       4700612       SR00199E004A,16743,16373,15654,15096,15402,4,1,0.014,VDOT_SEC,,,,,,,,,3.5,0,0,0,1,,0,0,,,,,,,,,Not PED,,1,0,James City,47,5,NOT-RD,6. Intersection at end of Ramp,0,3.00,3.03,10. On/Off Ramp,1. No Defects,"3. Two-Way, Divided, Positive Median Barrier",1. Dry,"2. Blacktop, Asphalt, Bituminous",LONGHILL RD,SEC,SC,R-VA047SC00612WB,"Urbanized (Population 200,000 and over)",3. No,"0,0",16743,16373,15654,15096,15402,SENIOR,None,"5,3","45,45",Not SPEED,"45,45",398050,0,"2. No,2. No",Paved (unofficial definition),"0,0",6AM TO 9AM,1,1,3. Traffic Signal,1. Yes - Working,Not a Parkway - Trucks and Commercial Vehicles Allowed,"1,2","1. Passenger car,9. Bicycle",VOLK,"2. Making Right Turn,1. Going Straight Ahead",JETTA,,5,5.Hampton Roads,1. No Adverse Condition (Clear/Cloudy),Not Provided,2. No,Not Provided,Not YOUNG
No Access Control,Not ALCIHOL,Urban,0,0,Bituminous Concrete (Black Base),KINCAID AVE(L)/,Not UNBELTED,54,Female,B,2,BIKE,0.11,1,1,,2. Angle,"Not Provided,Not Provided","Not Provided,Not Provided",SR00194,0.11,4,3/3/2012,3/3/2012,20. Motor Vehicle In Transport,1100,B.Visiible Injury,2012,None,0,0,Norfolk,Urban,20. Motor Vehicle In Transport,MAIN,9AM TO 12PM,122.Norfolk,581,Intersection,Reset Filters,VDOT_OTHER,Saturday,Not DEER,"North,East",,5,1,120820122,"23,54","Female,Female","PDO,B","1,2","1. No Improper Action,1. No Improper Action","2. Not Deployed,3. Unavailable/Not Applicable","4. No Test,4. No Test","1. No Defects,1. No Defects","Not Applicable,Not Applicable","1. Had Not Been Drinking,1. Had Not Been Drinking","2. No,2. No","1. Not Ejected,Not Provided","No,Yes","No,No","3. Lap and Shoulder Belt,8. No Restraint Used","2. Rain, Snow, etc. on Windshield,2. Rain, Snow, etc. on Windshield",,,0,483513,122-08641(B)/AZA GARDEN RD,0,0,"0.Two-way, non-divided","20,20",2. Shoulder,"0,0",H,H.Urban Minor Arterial,Urban Extensions - Primary Routes,Not GUARDRAIL,Not HIT_RUN,"12,10",1,1. Not at Intersection,120820122,C,0,0,36.869254,36.869254,2,0.14,Not LRTRUCK,2. Daylight,LOCATED,-76.230556,-76.230556,MAINLINE,MAIN,0,0,0,0,0,Undivided Roadway,"0,20",Not MOTORCYCLE,483353,483353.  SR00166       SR00166       SR00194      12208607,30404,28070,28001,27777,27785,2,1,0.11,PRI_URBAN,,,,,,,,,0,0,18,0,1,,0,0,,,,,,,,,Not PED,,1,0,Norfolk,122,5,NOT-RD,1. Main-Line Roadway,7,0.00,0.11,1. Straight - Level,3. Soft or Low Shoulder,"1. Two-Way, Not Divided",2. Wet,"2. Blacktop, Asphalt, Bituminous",1500 SEWELLS POINT RD/KINCAID AVE,STPRI,SR,R-VA   SR00194NB,"Urbanized (Population 200,000 and over)",3. No,"22,0",12631,11888,11998,11562,11606,Not SENIOR,None,"25,5","25,25",Not SPEED,"25,25",746471,0,"2. No,2. No",0,"0,0",9AM TO 12PM,1,1,6. Traffic Lanes Marked,1. Yes - Working,Not a Parkway - Trucks and Commercial Vehicles Allowed,"1,2","22. Truck - Sport Utility Vehicle (SUV),9. Bicycle",FORD,"1. Going Straight Ahead,3. Making Left Turn",EXPEDITION,2002,5,5.Hampton Roads,4. Mist,Not Provided,2. No,Not Provided,Not YOUNG
,Not ALCIHOL,Urban,0,0,,,Not UNBELTED,63,Male,B,1,BIKE,,1,1,,2. Angle,"Not Provided,Not Provided","Not Provided,Not Provided",,,,12/31/2013,12/31/2013,20. Motor Vehicle In Transport,1745,B.Visiible Injury,2013,,0,0,Virginia Beach,Urban,20. Motor Vehicle In Transport,MAIN,3PM TO 6PM,134.Virginia Beach,,Not Intersection,Reset Filters,VDOT_OTHER,Tuesday,Not DEER,"North,South",,5,1,140025168,63,"Male,Not Provided","B,PDO","1,2","1. No Improper Action,1. No Improper Action","3. Unavailable/Not Applicable,Not Provided","Not Applicable,Not Applicable","1. No Defects,9. Unknown","14. No Driver Distraction,14. No Driver Distraction","1. Had Not Been Drinking,6. Unknown","Not Applicable,3. Unknown","1. Not Ejected,Not Provided","No,No","No,Yes","6. Other,3. Lap and Shoulder Belt","1. Not Obscured,14. Blind Spot",,,,,,,,,"20,22",1. On Roadway,"0,0",,,,Not GUARDRAIL,HIT_RUN,"12,12",1,1. Not at Intersection,,C,0,0,36.837677,36.837677,,,Not LRTRUCK,4. Darkness - Road Lighted,UNLOCATED,-75.983316,-75.983316,MAINLINE,,,,,,,,"20,22",Not MOTORCYCLE,,.,,,,,,,1,,SEC_URBAN,,,,,,,,,,,,0,1,,0,0,,,,,,,,,Not PED,,1,0,Virginia Beach,134,5,NOT-RD,1. Main-Line Roadway,,,,1. Straight - Level,1. No Defects,"1. Two-Way, Not Divided",1. Dry,"2. Blacktop, Asphalt, Bituminous",1098 CARIBBEAN AVE,UNKWN,SC,U-VA134SC99999UK,,3. No,"0,0",,,,,,Not SENIOR,,"0,20","15,15",Not SPEED,"35,35",,,"2. No,Not Provided",,"0,0",3PM TO 6PM,1,1,1. No Traffic Control,6. No Traffic Control Device Present,,"1,2","9. Bicycle,2. Truck - Pick-up/Passenger Truck","BICYCLE,FORD","8. Stopped in Traffic Lane,2. Making Right Turn",F-150,,5,5.Hampton Roads,1. No Adverse Condition (Clear/Cloudy),Not Provided,2. No,Not Provided,Not YOUNG
No Access Control,ALCOHOL,Urban,1,1,"N/A, Unknown, or Unstabilized",NEWPORT AVE(B)/,Not UNBELTED,53,Male,A,1,BIKE,0.65,0,0,,13. Bicyclist,"Not Provided,Not Provided","Not Provided,Not Provided",12208791,0.758,4,1/1/2014,1/1/2014,20. Motor Vehicle In Transport,46,A.Ambulatory Injury,2014,Left and Right sides,0,0,Norfolk,Urban,20. Motor Vehicle In Transport,MAIN,0AM TO 3AM,122.Norfolk,11,Intersection,Reset Filters,VDOT_OTHER,Wednesday,Not DEER,"East,West",,5,1,141050033,53,"Male,Male","A,PDO","1,2","Not Applicable,34. Hit and Run","3. Unavailable/Not Applicable,Not Provided","4. No Test,4. No Test","9. Unknown,9. Unknown","Not Applicable,Not Applicable","2. Drinking - Obviously Drunk,6. Unknown","3. Unknown,3. Unknown","Not Provided,Not Provided","Yes,NotProvided","No,Yes","8. No Restraint Used,Not Provided","Not Applicable,Not Applicable",,,1,485137,122-08565(B)/35TH ST,0,0,"0.Two-way, non-divided","20,20",1. On Roadway,"0,0",I,I.Urban Collector,Other City or Town Streets (not state maintained),Not GUARDRAIL,HIT_RUN,"12,11",1,4. Four Approaches,141050033,C,0,0,36.87821,36.87821,0,0.11,Not LRTRUCK,4. Darkness - Road Lighted,LOCATED,-76.28853,-76.28853,MAINLINE,MAIN,0,0,0,0,0,Undivided Roadway,"20,20",Not MOTORCYCLE,485137,485137. 12208565      12208565      12208791      12208791,7085,6145,6202,5976,5122,2,1,0.002,SEC_URBAN,,,,,,,,,0,0,50,0,1,,0,0,,,,,,,,,Not PED,,1,0,Norfolk,122,5,NOT-RD,1. Main-Line Roadway,0,0.75,0.76,1. Straight - Level,1. No Defects,"2. Two-Way, Divided, Unprotected Median",1. Dry,"2. Blacktop, Asphalt, Bituminous",3500 BLK COLONIAL AVE,URB,UR,R-VA122UR08791WB,"Urbanized (Population 200,000 and over)",3. No,"0,0",4545,3677,3711,3576,3152,Not SENIOR,Left and Right sides,,"30,0",Not SPEED,"30,0",485986,0,"2. No,3. Pending",0,"0,0",0AM TO 3AM,1,1,3. Traffic Signal,1. Yes - Working,Not a Parkway - Trucks and Commercial Vehicles Allowed,"1,2","9. Bicycle,2. Truck - Pick-up/Passenger Truck",HUFFY,"1. Going Straight Ahead,3. Making Left Turn","BICYCTLE,PICK UP",,5,5.Hampton Roads,1. No Adverse Condition (Clear/Cloudy),Not Provided,2. No,Not Provided,Not YOUNG
No Access Control,Not ALCIHOL,Urban,1,1,"N/A, Unknown, or Unstabilized",121-00010(B)/,Not UNBELTED,29,Male,A,2,BIKE,2.12,0,0,,16. Other,"Not Provided,Not Provided","Not Provided,Not Provided",12107007,2.12,4,3/8/2012,3/8/2012,22. Bicycle,1230,A.Ambulatory Injury,2012,None,0,0,Newport News,Urban,22. Bicycle,MAIN,12PM TO 3PM,121.Newport News,0,Intersection,Reset Filters,VDOT_OTHER,Thursday,Not DEER,"South,North",DISTRACTED,5,1,121210187,"40,29","Male,Male","PDO,A","1,2","11. Did Not Have Right-of-Way,1. No Improper Action","2. Not Deployed,3. Unavailable/Not Applicable","4. No Test,4. No Test","1. No Defects,1. No Defects","11. Other,Not Applicable","1. Had Not Been Drinking,1. Had Not Been Drinking","3. Unknown,3. Unknown","1. Not Ejected,3. Totally Ejected","No,Yes","No,No","3. Lap and Shoulder Belt,5. Helmet","1. Not Obscured,1. Not Obscured",,,2,646206,121-00010(B)/,0.03,0,"0.Two-way, non-divided","22,20",1. On Roadway,"0,0",I,I.Urban Collector,Other City or Town Streets (not state maintained),Not GUARDRAIL,Not HIT_RUN,"10,13",1,3. Three Approaches,121210187,C,0,0,37.120596,37.120596,1,0.03,Not LRTRUCK,2. Daylight,LOCATED,-76.548502,-76.548502,MAINLINE,MAIN,0,0,0,0,0,Undivided Roadway,"22,20",Not MOTORCYCLE,646206,646206. 12100010      12100010      12107007      12107007,12382,12108,11957,11531,11764,2,1,0,SEC_URBAN,,,,,,,,,4,0,20,0,1,,0,0,,,,,,,,,Not PED,,1,0,Newport News,121,5,NOT-RD,9. Within Intersection,1,2.00,2.12,3. Grade - Straight,1. No Defects,"1. Two-Way, Not Divided",1. Dry,"2. Blacktop, Asphalt, Bituminous",LUCAS CREEK ROAD,URB,UR,R-VA121UR07007SB,"Urbanized (Population 200,000 and over)",3. No,"0,0",5969,5837,5948,5736,5852,Not SENIOR,None,"5,24","25,25",Not SPEED,"25,25",646206,0,"1. Yes,2. No",0,"0,0",12PM TO 3PM,1,1,4. Stop Sign,1. Yes - Working,Not a Parkway - Trucks and Commercial Vehicles Allowed,"1,2","1. Passenger car,9. Bicycle",HONDA,"3. Making Left Turn,1. Going Straight Ahead",ACCORD,2001,5,5.Hampton Roads,1. No Adverse Condition (Clear/Cloudy),Not Provided,2. No,Not Provided,Not YOUNG
,Not ALCIHOL,Urban,0,0,,,Not UNBELTED,53,Male,B,2,BIKE,,1,1,,2. Angle,"Not Provided,Not Provided","Not Provided,Not Provided",,,,9/17/2012,9/17/2012,22. Bicycle,1951,B.Visiible Injury,2012,,0,1,Virginia Beach,Urban,22. Bicycle,MAIN,6PM TO 9PM,134.Virginia Beach,,Not Intersection,Reset Filters,VDOT_OTHER,Monday,Not DEER,"West,South",,5,1,122685268,"22,53","Male,Male","C,B","1,2","1. No Improper Action,28. Driving Without Lights","2. Not Deployed,3. Unavailable/Not Applicable","4. No Test,4. No Test","1. No Defects,1. No Defects","14. No Driver Distraction,14. No Driver Distraction","1. Had Not Been Drinking,1. Had Not Been Drinking","2. No,2. No","1. Not Ejected,2. Partially Ejected","No,Yes","No,No","3. Lap and Shoulder Belt,9. Not Applicable","1. Not Obscured,1. Not Obscured",,,,,,,,,"22,20",1. On Roadway,"0,0",,,,Not GUARDRAIL,Not HIT_RUN,"12,9",1,2. Two Approaches,,C,0,0,36.823853,36.823853,,,Not LRTRUCK,4. Darkness - Road Lighted,UNLOCATED,-75.999175,-75.999175,MAINLINE,,,,,,,,"22,20",Not MOTORCYCLE,,.,,,,,,,1,,SEC_URBAN,,,,,,,,,,,,0,2,,0,0,,,,,,,,,Not PED,,2,0,Virginia Beach,134,5,NOT-RD,9. Within Intersection,,,,1. Straight - Level,1. No Defects,"1. Two-Way, Not Divided",1. Dry,"2. Blacktop, Asphalt, Bituminous",528 S. BIRDNECK ROAD,UNKWN,SC,U-VA134SC99999UK,,3. No,"0,0",,,,,,Not SENIOR,,"2,5","25,25",Not SPEED,"25,25",,,"2. No,2. No",,"0,0",6PM TO 9PM,1,1,4. Stop Sign,1. Yes - Working,,"1,2","22. Truck - Sport Utility Vehicle (SUV),9. Bicycle",Toyota,"8. Stopped in Traffic Lane,1. Going Straight Ahead","Highlander,HUFFY BICYCLE",2004,5,5.Hampton Roads,1. No Adverse Condition (Clear/Cloudy),Not Provided,2. No,Not Provided,Not YOUNG