Access Control,Alcohol Notalcohol,Area Type1,A Crash,A People,Basetypedesc,Begin Node Dsc,Belted Unbelted,Bikeage,Bikegen,Bikeinjurytype,Bikevehiclenumber,Bike Nonbike,BMP,B Crash,B People,Carspeedlimit,Collision Type,Comm Cargo Body Type Cd,Comm Vehicle Body Type Cd,Cotedrouteid,Coted Mp,Count App,CRASH_DT (copy),Crash Dt,Crash Event Type Dsc,Crash Military Tm,Crash Severity,Crash Year,Curbgutterdesc,C Crash,C People,Juris Name Used,Area Type Used,First Harmful Event of Entire Crash,MAINLINE,Time Slicing Used,Phy_Juris_Nm,Offset-Ft,Intersection Analysis,Clear,Calculation_9640323132123359,Day Of Week,Deer Nodeer,Direction Of Travel Cd,Distracted Notdistracted,VSP,TOTAL CRASH,Document Nbr,Driverage,Drivergen,Driverinjurytype,Drivervehiclenumber,Driver Action Type Cd,Driver Airbag Deployment,Driver Alcohol Test Type Cd,Driver Condition Type Cd,Driver Distraction Type Cd,Driver Drinking Type Cd,Driver Drug Use Cd,Driver Ejected From Vehicle,Driver Ems Transport Ind,Driver Fled Scene Ind,Driver Safety Equip Used,Driver Vis Obscured Type Cd,Drowsy Notdrowsy,Drug Nodrug,EMP,End Node,End Node Dsc,End Offset,Facility,FAC,First Crash Event Cd,First Harmful Event,Fourth Crash Event Cd,Functionalclass,FUN,Govcondesc,Gr Nogr,Hitrun Not Hitrun,Initial Veh Impact Area Cd,Injury Crashes,Intersection Type,Int Doc,Jurtype,K_CRASH,K People,LAT (copy),LAT,Leftshoulderwidth,Length,Lgtruck Nonlgtruck,Light Condition,Located Unlocated,LON (copy),LON,MAINLINE (group),Mainline Yn,Medianleftshoulderwidth,Medianrightshoulderwidth,Mediantypedesc,Medianwidthmax,Medianwidthmin,Median Type,Most Harmful Crash Event Cd,Motor Nonmotor,Node,Node Info,Node Totaadt2011,Node Totaadt2012,Node Totaadt2013,Node Totaadt2014,Node Totaadt2015,Numberoflane,Number of Records,Offset,Ownership,Passage,Passgen,Passinjurytype,Passvehiclenumber,Pass Airbag Deployment,Pass Ejected From Vehicle,Pass Ems Transport Ind,Pass Safety Equip Used,Pavementconditionvalue,Pavementroughnessvalue,Pavementwidth,Pdo Crash,Total People Killed & Injured,Pedage,Pedestrians Injured,Pedestrians Killed,Pedgen,Pedinjurytype,Pednumber,Ped Action,Ped Al Test,Ped Cond,Ped Drink,Ped Drug,Ped Nonped,Ped Rflct,Persons Injured,Persons Killed,Physical Juris Nm,PJR,VSP_Used,Rd Type,Relation To Roadway,Rightshoulderwidth,RNS_MP (0.25 mi bin),Rns Mp,Roadway Alignment,Roadway Defect,Roadway Description,Roadway Surface Cond,Roadway Surface Type,Route Or Street Nm,Rte Category Cd,Rte Cat,Rte Nm,Ruralurbandesc,School Zone,Second Crash Event Cd,Segtotaadt2011,Segtotaadt2012,Segtotaadt2013,Segtotaadt2014,Segtotaadt2015,Senior Notsenior,Sidewalkdesc,Speed Before,Speed Max Safe,Speed Notspeed,Speed Posted,Start Node,Start Offset,Summons Issued Cd,Surfacedesc,Third Crash Event Cd,Time Slicing,Total Crashes including Property Damage Only,Total Crash,Traffic Control Type,Trfc Ctrl Status Type,Truckcommr,Vehiclenumber,Vehicle Body Type Cd,Vehicle Make Nm,Vehicle Maneuver Type Cd,Vehicle Model Nm,Vehicle Year Nbr,District,District_Used ,Weather Condition,Work Zone Location,Work Zone Related,Work Zone Type,Young Notyoung
No Access Control,Not ALCIHOL,Urban,0,0,"N/A, Unknown, or Unstabilized",SR-00306(L)/,Not UNBELTED,53,Male,C,1,BIKE,262.05,0,0,,2. Angle,"Not Provided,Not Provided","Not Provided,Not Provided",US00060,262.87,3,9/21/2012,9/21/2012,22. Bicycle,1625,C.Non-Visible Injury,2012,Left and Right sides,1,1,Newport News,Urban,22. Bicycle,MAIN,3PM TO 6PM,121.Newport News,"1,584",Intersection,Reset Filters,VDOT_OTHER,Friday,Not DEER,"South,West",,5,1,123180206,"53,23","Male,Male","C,PDO","1,2","37. Other,1. No Improper Action","3. Unavailable/Not Applicable,2. Not Deployed","4. No Test,4. No Test","1. No Defects,1. No Defects","Not Applicable,Not Applicable","1. Had Not Been Drinking,1. Had Not Been Drinking","3. Unknown,2. No","2. Partially Ejected,1. Not Ejected","Yes,No","No,No","8. No Restraint Used,3. Lap and Shoulder Belt","1. Not Obscured,1. Not Obscured",,,263,646042,SR-00306(L)/,1.29,1,"1.Divided, no control of access","22,22",4. Roadside,"0,0",H,H.Urban Minor Arterial,Urban Extensions - Primary Routes,Not GUARDRAIL,Not HIT_RUN,"10,12",1,3. Three Approaches,123180206,C,0,0,37.034983,37.034983,0,0.92,Not LRTRUCK,2. Daylight,LOCATED,-76.464095,-76.464095,MAINLINE,MAIN,0,0,Curbed Grass,6,6,Divided Roadway,"22,22",Not MOTORCYCLE,646041,646041.  SR00152       US00060       US00060,28661,28027,31145,30036,30645,5,1,0.3,PRI_URBAN,,,,,,,,,0,145,60,0,1,,0,0,,,,,,,,,Not PED,,1,0,Newport News,121,5,NOT-RD,1. Main-Line Roadway,0,262.75,262.88,1. Straight - Level,1. No Defects,"3. Two-Way, Divided, Positive Median Barrier",1. Dry,1. Concrete,WARWICK BLVD,USPRI,US,R-VA   US00060WB,"Urbanized (Population 200,000 and over)",3. No,"0,0",25200,24643,27671,26685,27226,Not SENIOR,Left and Right sides,"5,5","5,35",Not SPEED,"5,35",646042,0.37,"1. Yes,2. No",0,"0,0",3PM TO 6PM,1,1,1. No Traffic Control,6. No Traffic Control Device Present,Not a Parkway - Trucks and Commercial Vehicles Allowed,"1,2","9. Bicycle,2. Truck - Pick-up/Passenger Truck",MERCURY,"1. Going Straight Ahead,2. Making Right Turn",MOUNTAINEER,1999,5,5.Hampton Roads,1. No Adverse Condition (Clear/Cloudy),Not Provided,2. No,Not Provided,Not YOUNG
Partial Access Control,Not ALCIHOL,Urban,0,0,Bituminous Concrete (Black Base),JB-99-27-114/YORK - ELIZABETH CITY CL/NCL HAM,Not UNBELTED,56,Male,C,1,BIKE,4.29,0,0,55,2. Angle,"Not Provided,Not Provided","Not Provided,Not Provided",SR00134,4.559,4,3/14/2012,3/14/2012,20. Motor Vehicle In Transport,1936,C.Non-Visible Injury,2012,None,1,1,Hampton,Urban,20. Motor Vehicle In Transport,MAIN,6PM TO 9PM,114.Hampton,58,Intersection,Reset Filters,VDOT_OTHER,Wednesday,Not DEER,"West,South",,5,1,121300064,"56,51","Male,Male","C,PDO","1,2","37. Other,1. No Improper Action","3. Unavailable/Not Applicable,2. Not Deployed","4. No Test,4. No Test","1. No Defects,1. No Defects","Not Applicable,Not Applicable","1. Had Not Been Drinking,1. Had Not Been Drinking","2. No,2. No","1. Not Ejected,1. Not Ejected","Yes,No","No,No","8. No Restraint Used,3. Lap and Shoulder Belt","1. Not Obscured,1. Not Obscured",,,5,253017,114-07034(B)/SEMPLE FARM RD,0,2,"2.Divided, partial control of access","20,22",1. On Roadway,"0,0",E,E.Urban Other Principle Arterials; Connecting Links of Other Rural Principal Arterial,Urban Extensions - Primary Routes,Not GUARDRAIL,Not HIT_RUN,"12,10",1,"5. Five-Point, or More",121300064,C,0,0,37.093443,37.093443,8,0.28,Not LRTRUCK,4. Darkness - Road Lighted,LOCATED,-76.396241,-76.396241,MAINLINE,MAIN,4,4,Grass/Unprotected,25,25,Divided Roadway,"20,22",Not MOTORCYCLE,253017,253017.  SR00134       SR00134      11407034      11407034,36958,36840,36006,43265,36118,4,1,0.011,PRI_URBAN,,,,,,,,,0,79,44,0,1,,0,0,,,,,,,,,Not PED,,1,0,Hampton,114,5,NOT-RD,10. Intersection Related - Within 150 Feet,8,4.50,4.57,1. Straight - Level,1. No Defects,"2. Two-Way, Divided, Unprotected Median",1. Dry,"2. Blacktop, Asphalt, Bituminous",magruder blvd,STPRI,SR,R-VA   SR00134EB,"Urbanized (Population 200,000 and over)",3. No,"0,0",23868,23340,22214,21423,21857,Not SENIOR,None,3,"0,55",Not SPEED,"0,55",50652,0,"1. Yes,2. No",0,"0,0",6PM TO 9PM,1,1,3. Traffic Signal,1. Yes - Working,Truck Access System,"1,2","9. Bicycle,2. Truck - Pick-up/Passenger Truck","mongoose,nissan","1. Going Straight Ahead,1. Going Straight Ahead","bike,frontier",2000,5,5.Hampton Roads,1. No Adverse Condition (Clear/Cloudy),Not Provided,2. No,Not Provided,Not YOUNG
No Access Control,Not ALCIHOL,Urban,0,0,"N/A, Unknown, or Unstabilized",CYPRESS AVE(B)/,Not UNBELTED,48,Male,B,2,BIKE,0.69,1,1,,2. Angle,"Not Provided,Not Provided","Not Provided,Not Provided",13408818,0.693,4,1/10/2014,1/10/2014,22. Bicycle,750,B.Visiible Injury,2014,Left and Right sides,0,0,Virginia Beach,Urban,22. Bicycle,MAIN,6AM TO 9AM,134.Virginia Beach,"1,093",Intersection,Reset Filters,VDOT_OTHER,Friday,Not DEER,"North,East",DISTRACTED,5,1,140115108,"41,48","Male,Male","PDO,B","1,2","11. Did Not Have Right-of-Way,1. No Improper Action","2. Not Deployed,8. Deployed - Combination","Not Applicable,Not Applicable","1. No Defects,1. No Defects","7. Eyes Not on Road,14. No Driver Distraction","1. Had Not Been Drinking,1. Had Not Been Drinking","Not Applicable,Not Applicable","1. Not Ejected,2. Partially Ejected","No,Yes","No,No","3. Lap and Shoulder Belt,8. No Restraint Used","1. Not Obscured,1. Not Obscured",,,1,542475,SHOREHAME CT(R)/,0,0,"0.Two-way, non-divided","22,20",1. On Roadway,"0,0",I,I.Urban Collector,Other City or Town Streets (not state maintained),Not GUARDRAIL,Not HIT_RUN,"11,1",1,4. Four Approaches,140115108,C,0,0,36.84573,36.84573,0,0.05,Not LRTRUCK,1. Dawn,LOCATED,-75.98347,-75.98347,MAINLINE,MAIN,0,0,0,0,0,Undivided Roadway,"22,26",Not MOTORCYCLE,541982,541982. 13408721      13408721      13408818      13408818,13139,9889,9980,9618,6234,4,1,0.207,SEC_URBAN,,,,,,,,,0,0,52,0,1,,0,0,,,,,,,,,Not PED,,1,0,Virginia Beach,134,5,NOT-RD,9. Within Intersection,0,0.50,0.69,1. Straight - Level,1. No Defects,"1. Two-Way, Not Divided",1. Dry,"2. Blacktop, Asphalt, Bituminous",1900 CYPRESS AVE,URB,UR,R-VA134UR08818EB,"Urbanized (Population 200,000 and over)",3. No,"0,0",5284,3405,3436,3312,4014,Not SENIOR,Left and Right sides,"2,5","25,25",Not SPEED,"25,25",542474,0,"1. Yes,2. No",0,"0,0",6AM TO 9AM,1,1,4. Stop Sign,1. Yes - Working,Not a Parkway - Trucks and Commercial Vehicles Allowed,"1,2","2. Truck - Pick-up/Passenger Truck,9. Bicycle","TOYOTA,HUFFY","1. Going Straight Ahead,1. Going Straight Ahead","TACOMA,CRUISER",2001,5,5.Hampton Roads,1. No Adverse Condition (Clear/Cloudy),Not Provided,2. No,Not Provided,Not YOUNG
,Not ALCIHOL,Urban,0,0,,,Not UNBELTED,10,Male,C,2,BIKE,,0,0,,2. Angle,"Not Provided,Not Provided","Not Provided,Not Provided",,,,3/15/2012,3/15/2012,22. Bicycle,1530,C.Non-Visible Injury,2012,,1,1,Norfolk,Urban,22. Bicycle,MAIN,3PM TO 6PM,122.Norfolk,,Not Intersection,Reset Filters,VDOT_OTHER,Thursday,Not DEER,"South,West",,5,1,120960037,"10,25","Male,Female","C,PDO","2,1","11. Did Not Have Right-of-Way,1. No Improper Action","3. Unavailable/Not Applicable,2. Not Deployed","Not Applicable,Not Applicable","1. No Defects,1. No Defects","Not Applicable,Not Applicable","1. Had Not Been Drinking,1. Had Not Been Drinking","2. No,2. No","1. Not Ejected,1. Not Ejected","Yes,No","No,No","8. No Restraint Used,3. Lap and Shoulder Belt","10. Parked Vehicle(s),1. Not Obscured",,,,,,,,,"20,22",1. On Roadway,"0,0",,,,Not GUARDRAIL,Not HIT_RUN,"12,12",1,1. Not at Intersection,,C,0,0,36.864028,36.864028,,,Not LRTRUCK,2. Daylight,UNLOCATED,-76.274865,-76.274865,MAINLINE,,,,,,,,"20,22",Not MOTORCYCLE,,.,,,,,,,1,,SEC_URBAN,,,,,,,,,,,,0,1,,0,0,,,,,,,,,Not PED,,1,0,Norfolk,122,5,NOT-RD,8. Non-Intersection,,,,1. Straight - Level,1. No Defects,"4. One-Way, Not Divided",1. Dry,"2. Blacktop, Asphalt, Bituminous",800 a ave,UNKWN,SC,U-VA122SC99999UK,,3. No,"0,0",,,,,,Not SENIOR,,20,"0,25",Not SPEED,"0,25",,,"2. No,2. No",,"0,0",3PM TO 6PM,1,1,1. No Traffic Control,6. No Traffic Control Device Present,,"2,1","9. Bicycle,3. Van","huffy,chrysler","15. Other,1. Going Straight Ahead","raven,town & country",20052002,5,5.Hampton Roads,1. No Adverse Condition (Clear/Cloudy),Not Provided,2. No,Not Provided,Not YOUNG
No Access Control,Not ALCIHOL,Urban,0,0,Bituminous Concrete (Black Base),FOUNDRY LANE(R)/,Not UNBELTED,19,Female,B,2,BIKE,504.16,1,1,55,3. Head On,"Not Provided,Not Provided","Not Provided,Not Provided",US00058,505.093,4,3/15/2012,3/15/2012,22. Bicycle,1938,B.Visiible Injury,2012,Left and Right sides,0,0,Virginia Beach,Urban,22. Bicycle,MAIN,6PM TO 9PM,134.Virginia Beach,671,Intersection,Reset Filters,VDOT_OTHER,Thursday,Not DEER,"West,East",,5,1,120785220,"45,19","Female,Female","PDO,B","1,2","11. Did Not Have Right-of-Way,10. Wrong Side Of Road - Not Overtaking","2. Not Deployed,3. Unavailable/Not Applicable","Not Applicable,Not Applicable","1. No Defects,1. No Defects","14. No Driver Distraction,14. No Driver Distraction","1. Had Not Been Drinking,1. Had Not Been Drinking","2. No,2. No","1. Not Ejected,Not Provided","No,Yes","No,No","3. Lap and Shoulder Belt,9. Not Applicable","1. Not Obscured,1. Not Obscured",,,505,541073,SR-00279(L)/134-08685(R)/GR NECK RD,0,1,"1.Divided, no control of access","22,20","8. Off Roadway, Location Unknown","0,0",E,E.Urban Other Principle Arterials; Connecting Links of Other Rural Principal Arterial,Urban Extensions - Primary Routes,Not GUARDRAIL,Not HIT_RUN,"12,9",1,1. Not at Intersection,120785220,C,0,0,36.841942,36.841942,0,1.06,Not LRTRUCK,2. Daylight,LOCATED,-76.050503,-76.050503,MAINLINE,MAIN,0,0,Curbed Grass,28,4,Divided Roadway,"22,20",Not MOTORCYCLE,541073,541073.  SR00279       US00058       US00058      13408685,72812,72157,72823,70180,68463,8,1,0.127,PRI_URBAN,,,,,,,,,0,151,99,0,1,,0,0,,,,,,,,,Not PED,,1,0,Virginia Beach,134,5,NOT-RD,8. Non-Intersection,0,504.75,504.99,7. Dip - Straight,1. No Defects,"2. Two-Way, Divided, Unprotected Median",1. Dry,1. Concrete,2400 VIRGINIA BEACH BLVD.,USPRI,US,R-VA   US00058WB,"Urbanized (Population 200,000 and over)",3. No,"0,0",48198,41600,41984,40460,41278,Not SENIOR,Left and Right sides,"5,5","20,20",Not SPEED,"20,20",541074,0,"1. Yes,2. No",0,"0,0",6PM TO 9PM,1,1,1. No Traffic Control,6. No Traffic Control Device Present,Not a Parkway - Trucks and Commercial Vehicles Allowed,"1,2","2. Truck - Pick-up/Passenger Truck,9. Bicycle",Chevrolet,"2. Making Right Turn,1. Going Straight Ahead",Avalanche,2004,5,5.Hampton Roads,1. No Adverse Condition (Clear/Cloudy),Not Provided,2. No,Not Provided,YOUNG
No Access Control,ALCOHOL,Urban,0,0,"N/A, Unknown, or Unstabilized",134-08684(L)/VA-BEACH-NORFOLK EXPWY,Not UNBELTED,34,Female,PDO,2,BIKE,0.28,0,0,,2. Angle,"Not Provided,Not Provided","Not Provided,Not Provided",13408719,0.281,3,3/16/2012,3/16/2012,22. Bicycle,208,PDO.Property Damage Only,2012,Left and Right sides,0,0,Virginia Beach,Urban,22. Bicycle,MAIN,0AM TO 3AM,134.Virginia Beach,5,Intersection,Reset Filters,VDOT_OTHER,Friday,Not DEER,"East,South",DISTRACTED,5,1,120805229,"40,34","Female,Female","PDO,PDO","1,2","1. No Improper Action,11. Did Not Have Right-of-Way","2. Not Deployed,3. Unavailable/Not Applicable","4. No Test,4. No Test","1. No Defects,1. No Defects","Not Applicable,3. Looking at Scenery","6. Unknown,5. Drinking - Not Known Whether Impaired","2. No,2. No","1. Not Ejected,1. Not Ejected","No,No","No,No","3. Lap and Shoulder Belt,9. Not Applicable","1. Not Obscured,1. Not Obscured",,,0,541963,134-08722(L)/22ND ST,0,0,"0.Two-way, non-divided","22,22",1. On Roadway,"0,0",I,I.Urban Collector,Other City or Town Streets (not state maintained),Not GUARDRAIL,Not HIT_RUN,"10,12",0,3. Three Approaches,120805229,C,0,0,36.849261,36.849261,0,0.06,Not LRTRUCK,4. Darkness - Road Lighted,LOCATED,-75.975371,-75.975371,MAINLINE,MAIN,0,0,0,0,0,Undivided Roadway,"22,22",Not MOTORCYCLE,541659,541659. 13408684      13408719      13408719,11035,8682,8762,8444,8560,2,1,0.001,SEC_URBAN,,,,,,,,,0,0,50,1,0,,0,0,,,,,,,,,Not PED,,0,0,Virginia Beach,134,5,NOT-RD,9. Within Intersection,0,0.25,0.28,1. Straight - Level,1. No Defects,"1. Two-Way, Not Divided",1. Dry,"2. Blacktop, Asphalt, Bituminous",ATLANTIC AVENUE,URB,UR,R-VA134UR08719SB,"Urbanized (Population 200,000 and over)",3. No,"0,0",8390,7490,7559,7285,6867,Not SENIOR,Left and Right sides,"5,5","25,25",Not SPEED,"25,25",541659,0,"1. Yes,1. Yes",0,"0,0",0AM TO 3AM,1,1,3. Traffic Signal,1. Yes - Working,Not a Parkway - Trucks and Commercial Vehicles Allowed,"1,2","1. Passenger car,9. Bicycle",Mercedes Benz,"3. Making Left Turn,1. Going Straight Ahead",S550,2007,5,5.Hampton Roads,1. No Adverse Condition (Clear/Cloudy),Not Provided,2. No,Not Provided,Not YOUNG
No Access Control,Not ALCIHOL,Urban,0,0,"N/A, Unknown, or Unstabilized",GIMBERT DR(L)/,Not UNBELTED,,Female,B,2,BIKE,1.86,1,1,,3. Head On,"Not Provided,Not Provided","Not Provided,Not Provided",13408726,1.961,4,3/18/2012,3/18/2012,22. Bicycle,1520,B.Visiible Injury,2012,Left and Right sides,0,1,Virginia Beach,Urban,22. Bicycle,MAIN,3PM TO 6PM,134.Virginia Beach,100,Intersection,Reset Filters,VDOT_OTHER,Sunday,Not DEER,"South,South",,5,1,120885222,82,"Female,Female","C,B","1,2","21. Disregarded Traffic Signal,1. No Improper Action","2. Not Deployed,3. Unavailable/Not Applicable","4. No Test,4. No Test","1. No Defects,1. No Defects","14. No Driver Distraction,14. No Driver Distraction","1. Had Not Been Drinking,1. Had Not Been Drinking","2. No,2. No","1. Not Ejected,Not Provided","No,Yes","No,No","3. Lap and Shoulder Belt,9. Not Applicable","1. Not Obscured,1. Not Obscured",,,2,541294,134-00014(B)/S LYNNHAVEN RD,0,0,"0.Two-way, non-divided","22,27",1. On Roadway,"0,0",I,I.Urban Collector,Other City or Town Streets (not state maintained),Not GUARDRAIL,Not HIT_RUN,"1,3",1,4. Four Approaches,120885222,C,0,0,36.833255,36.833255,0,0.12,Not LRTRUCK,2. Daylight,LOCATED,-76.067668,-76.067668,MAINLINE,MAIN,0,0,0,0,0,Undivided Roadway,"22,27",Not MOTORCYCLE,541294,541294. 13400014      13400014      13408726      13408726,56874,47841,48283,46530,48567,4,1,0.019,SEC_URBAN,,,,,,,,,3.7,0,0,0,2,,0,0,,,,,,,,,Not PED,,2,0,Virginia Beach,134,5,NOT-RD,9. Within Intersection,0,1.75,1.97,1. Straight - Level,1. No Defects,"2. Two-Way, Divided, Unprotected Median",1. Dry,"2. Blacktop, Asphalt, Bituminous",498 S. LYNNHAVEN ROAD,URB,UR,R-VA134UR08726NB,"Urbanized (Population 200,000 and over)",3. No,"0,0",17373,16446,16598,15995,15699,SENIOR,Left and Right sides,"10,5","35,35",Not SPEED,"35,35",542069,0,"1. Yes,Not Provided",0,"0,0",3PM TO 6PM,1,1,3. Traffic Signal,1. Yes - Working,Not a Parkway - Trucks and Commercial Vehicles Allowed,"1,2","1. Passenger car,9. Bicycle",HYUNDAI,"2. Making Right Turn,1. Going Straight Ahead","SONATA,BICYCLE",2010,5,5.Hampton Roads,1. No Adverse Condition (Clear/Cloudy),Not Provided,2. No,Not Provided,Not YOUNG
No Access Control,Not ALCIHOL,Urban,1,1,Bituminous Concrete (Black Base),HOLLAND AVE(B)/,Not UNBELTED,58,Male,A,1,BIKE,0.17,0,0,,1. Rear End,"Not Provided,Not Provided","Not Provided,Not Provided",12208767,0.202,3,9/22/2012,9/22/2012,22. Bicycle,1600,A.Ambulatory Injury,2012,Left and Right sides,0,0,Norfolk,Urban,22. Bicycle,MAIN,3PM TO 6PM,122.Norfolk,"1,067",Intersection,Reset Filters,VDOT_OTHER,Saturday,Not DEER,"South,South",,5,1,123130230,58,"Male,Male","A,PDO","1,2","37. Other,Not Applicable","3. Unavailable/Not Applicable,Not Provided","Not Applicable,Not Applicable","9. Unknown,Not Applicable","Not Applicable,Not Applicable","1. Had Not Been Drinking,Not Applicable","Not Applicable,Not Applicable","1. Not Ejected,Not Provided","No,NotProvided","No,No","9. Not Applicable,Not Provided","1. Not Obscured,Not Applicable",,,0,485919,MORRIS AVE(B)/,0,0,"0.Two-way, non-divided","22,22",1. On Roadway,"0,0",I,I.Urban Collector,Other City or Town Streets (not state maintained),Not GUARDRAIL,Not HIT_RUN,"12,7",1,4. Four Approaches,123130230,C,0,0,36.880712,36.880712,0,0.04,Not LRTRUCK,2. Daylight,LOCATED,-76.267827,-76.267827,MAINLINE,MAIN,0,0,0,0,0,Undivided Roadway,"22,22",Not MOTORCYCLE,483547,483547.  SR00247       SR00247      12208767,16397,14587,14722,14188,16025,2,1,0.202,SEC_URBAN,,,,,,,,,0,0,26,0,1,,0,0,,,,,,,,,Not PED,,1,0,Norfolk,122,5,NOT-RD,10. Intersection Related - Within 150 Feet,0,0.00,0.20,1. Straight - Level,1. No Defects,"1. Two-Way, Not Divided",1. Dry,"2. Blacktop, Asphalt, Bituminous",3300 blk norway pl.,URB,UR,R-VA122UR08767SB,"Urbanized (Population 200,000 and over)",3. No,"0,0",1299,1142,1153,1111,1064,Not SENIOR,Left and Right sides,8,"25,25",Not SPEED,"25,25",485918,0,"2. No,Not Provided",0,"0,0",3PM TO 6PM,1,1,1. No Traffic Control,6. No Traffic Control Device Present,Not a Parkway - Trucks and Commercial Vehicles Allowed,"1,2","9. Bicycle,Not Applicable",nissan,"1. Going Straight Ahead,11. Parked","bicycle,altima",2006,5,5.Hampton Roads,1. No Adverse Condition (Clear/Cloudy),Not Provided,2. No,Not Provided,Not YOUNG
No Access Control,Not ALCIHOL,Rural,0,0,"N/A, Unknown, or Unstabilized",MAGNOLIA DR(R)/,Not UNBELTED,85,Male,B,1,BIKE,0.33,1,1,,2. Angle,"Not Provided,Not Provided","Not Provided,Not Provided",19000008,0.33,3,9/22/2012,9/22/2012,22. Bicycle,1035,B.Visiible Injury,2012,None,0,0,Chincoteaque,Rural,22. Bicycle,MAIN,9AM TO 12PM,190.Chincoteaque,"1,214",Intersection,Reset Filters,VDOT_OTHER,Saturday,Not DEER,"South,South",,5,1,122775239,"85,16","Male,Male","B,PDO","1,2","13. Fail to Signal or Improper Signal,1. No Improper Action","3. Unavailable/Not Applicable,2. Not Deployed","4. No Test,4. No Test","3. Hearing Defective,1. No Defects","14. No Driver Distraction,14. No Driver Distraction","1. Had Not Been Drinking,1. Had Not Been Drinking","2. No,2. No","2. Partially Ejected,1. Not Ejected","Yes,No","No,No","5. Helmet,3. Lap and Shoulder Belt","1. Not Obscured,1. Not Obscured",,,0,715255,QUILLEN DR(L)/,0,0,"0.Two-way, non-divided","22,22",1. On Roadway,"0,0",4,4.Rural Major Collector,Other City or Town Streets (not state maintained),Not GUARDRAIL,Not HIT_RUN,"9,11",1,1. Not at Intersection,122775239,T,0,0,37.934696,37.934696,3,0.12,Not LRTRUCK,2. Daylight,LOCATED,-75.363214,-75.363214,MAINLINE,MAIN,0,0,0,0,0,Undivided Roadway,"22,22",Not MOTORCYCLE,715264,715264. 19000002      19000008      19000008,3050,3078,3107,3181,3210,2,1,0.23,VDOT_SEC,,,,,,,,,0,0,18,0,1,,0,0,,,,,,,,,Not PED,,1,0,Chincoteaque,190,5,NOT-RD,8. Non-Intersection,3,0.25,0.33,1. Straight - Level,1. No Defects,"1. Two-Way, Not Divided",1. Dry,"2. Blacktop, Asphalt, Bituminous",DEEP HOLE ROAD,URB,UR,R-VA190UR00008EB,Rural,3. No,"0,0",2315,2336,2358,2321,2342,SENIOR,None,"5,10","25,25",Not SPEED,"25,25",715254,0,"2. No,2. No",0,"0,0",9AM TO 12PM,1,1,7. No Passing Lines,6. No Traffic Control Device Present,Not a Parkway - Trucks and Commercial Vehicles Allowed,"1,2","9. Bicycle,2. Truck - Pick-up/Passenger Truck","BICYCLE,CHEVROLET","4. Making U-Turn,1. Going Straight Ahead","NA,SILVERADO 1500",,5,5.Hampton Roads,1. No Adverse Condition (Clear/Cloudy),Not Provided,2. No,Not Provided,YOUNG
,Not ALCIHOL,Urban,0,0,,,Not UNBELTED,58,Not Provided,B,2,BIKE,,1,1,,16. Other,"Not Provided,Not Provided","Not Provided,Not Provided",,,,9/22/2012,9/22/2012,15. Other Fixed Object,2243,B.Visiible Injury,2012,,0,0,Norfolk,Urban,15. Other Fixed Object,MAIN,9PM TO 12AM,122.Norfolk,,Not Intersection,Reset Filters,VDOT_OTHER,Saturday,Not DEER,"East,North",DISTRACTED,5,1,123130215,58,"Not Provided,Not Provided","PDO,B","1,2","Not Applicable,40. Fail to Maintain Proper Control","3. Unavailable/Not Applicable,3. Unavailable/Not Applicable","Not Applicable,Not Applicable","Not Applicable,1. No Defects","Not Applicable,3. Looking at Scenery","Not Applicable,1. Had Not Been Drinking","Not Applicable,3. Unknown","1. Not Ejected,1. Not Ejected","NotProvided,Yes","No,No","9. Not Applicable,5. Helmet","Not Applicable,1. Not Obscured",,,,,,,,,"6,15",4. Roadside,"0,0",,,,Not GUARDRAIL,Not HIT_RUN,"7,0",1,2. Two Approaches,,C,0,0,36.888759,36.888759,,,Not LRTRUCK,4. Darkness - Road Lighted,UNLOCATED,-76.314917,-76.314917,MAINLINE,,,,,,,,"6,15",Not MOTORCYCLE,,.,,,,,,,1,,SEC_URBAN,,,,,,,,,,,,0,1,,0,0,,,,,,,,,Not PED,,1,0,Norfolk,122,5,NOT-RD,1. Main-Line Roadway,,,,1. Straight - Level,1. No Defects,"1. Two-Way, Not Divided",1. Dry,1. Concrete,1650 longwood dr,UNKWN,SC,U-VA122SC99999UK,,3. No,"0,0",,,,,,Not SENIOR,,"0,15","0,25",Not SPEED,"0,25",,,"Not Provided,Not Provided",,"0,0",9PM TO 12AM,1,1,1. No Traffic Control,6. No Traffic Control Device Present,,"1,2","22. Truck - Sport Utility Vehicle (SUV),9. Bicycle","toyo,FUJI","11. Parked,2. Making Right Turn",ROUBAIX,1999,5,5.Hampton Roads,1. No Adverse Condition (Clear/Cloudy),Not Provided,2. No,Not Provided,Not YOUNG