Access Control,Alcohol Notalcohol,Area Type1,A Crash,A People,Basetypedesc,Begin Node Dsc,Belted Unbelted,Bikeage,Bikegen,Bikeinjurytype,Bikevehiclenumber,Bike Nonbike,BMP,B Crash,B People,Carspeedlimit,Collision Type,Comm Cargo Body Type Cd,Comm Vehicle Body Type Cd,Cotedrouteid,Coted Mp,Count App,CRASH_DT (copy),Crash Dt,Crash Event Type Dsc,Crash Military Tm,Crash Severity,Crash Year,Curbgutterdesc,C Crash,C People,Juris Name Used,Area Type Used,First Harmful Event of Entire Crash,MAINLINE,Time Slicing Used,Phy_Juris_Nm,Offset-Ft,Intersection Analysis,Clear,Calculation_9640323132123359,Day Of Week,Deer Nodeer,Direction Of Travel Cd,Distracted Notdistracted,VSP,TOTAL CRASH,Document Nbr,Driverage,Drivergen,Driverinjurytype,Drivervehiclenumber,Driver Action Type Cd,Driver Airbag Deployment,Driver Alcohol Test Type Cd,Driver Condition Type Cd,Driver Distraction Type Cd,Driver Drinking Type Cd,Driver Drug Use Cd,Driver Ejected From Vehicle,Driver Ems Transport Ind,Driver Fled Scene Ind,Driver Safety Equip Used,Driver Vis Obscured Type Cd,Drowsy Notdrowsy,Drug Nodrug,EMP,End Node,End Node Dsc,End Offset,Facility,FAC,First Crash Event Cd,First Harmful Event,Fourth Crash Event Cd,Functionalclass,FUN,Govcondesc,Gr Nogr,Hitrun Not Hitrun,Initial Veh Impact Area Cd,Injury Crashes,Intersection Type,Int Doc,Jurtype,K_CRASH,K People,LAT (copy),LAT,Leftshoulderwidth,Length,Lgtruck Nonlgtruck,Light Condition,Located Unlocated,LON (copy),LON,MAINLINE (group),Mainline Yn,Medianleftshoulderwidth,Medianrightshoulderwidth,Mediantypedesc,Medianwidthmax,Medianwidthmin,Median Type,Most Harmful Crash Event Cd,Motor Nonmotor,Node,Node Info,Node Totaadt2011,Node Totaadt2012,Node Totaadt2013,Node Totaadt2014,Node Totaadt2015,Numberoflane,Number of Records,Offset,Ownership,Passage,Passgen,Passinjurytype,Passvehiclenumber,Pass Airbag Deployment,Pass Ejected From Vehicle,Pass Ems Transport Ind,Pass Safety Equip Used,Pavementconditionvalue,Pavementroughnessvalue,Pavementwidth,Pdo Crash,Total People Killed & Injured,Pedage,Pedestrians Injured,Pedestrians Killed,Pedgen,Pedinjurytype,Pednumber,Ped Action,Ped Al Test,Ped Cond,Ped Drink,Ped Drug,Ped Nonped,Ped Rflct,Persons Injured,Persons Killed,Physical Juris Nm,PJR,VSP_Used,Rd Type,Relation To Roadway,Rightshoulderwidth,RNS_MP (0.25 mi bin),Rns Mp,Roadway Alignment,Roadway Defect,Roadway Description,Roadway Surface Cond,Roadway Surface Type,Route Or Street Nm,Rte Category Cd,Rte Cat,Rte Nm,Ruralurbandesc,School Zone,Second Crash Event Cd,Segtotaadt2011,Segtotaadt2012,Segtotaadt2013,Segtotaadt2014,Segtotaadt2015,Senior Notsenior,Sidewalkdesc,Speed Before,Speed Max Safe,Speed Notspeed,Speed Posted,Start Node,Start Offset,Summons Issued Cd,Surfacedesc,Third Crash Event Cd,Time Slicing,Total Crashes including Property Damage Only,Total Crash,Traffic Control Type,Trfc Ctrl Status Type,Truckcommr,Vehiclenumber,Vehicle Body Type Cd,Vehicle Make Nm,Vehicle Maneuver Type Cd,Vehicle Model Nm,Vehicle Year Nbr,District,District_Used ,Weather Condition,Work Zone Location,Work Zone Related,Work Zone Type,Young Notyoung
No Access Control,Not ALCIHOL,Urban,0,0,Bituminous Concrete (Black Base),KENYA LN(R)/,Not UNBELTED,33,Male,B,1,BIKE,2.82,1,1,,2. Angle,"Not Provided,Not Provided","Not Provided,Not Provided",13408723,2.82,3,9/23/2012,9/23/2012,20. Motor Vehicle In Transport,1245,B.Visiible Injury,2012,Left and Right sides,0,0,Virginia Beach,Urban,20. Motor Vehicle In Transport,MAIN,12PM TO 3PM,134.Virginia Beach,317,Intersection,Reset Filters,VDOT_OTHER,Sunday,Not DEER,"South,West",,5,1,122765197,"33,34","Male,Male","B,PDO","1,2","37. Other,37. Other","3. Unavailable/Not Applicable,2. Not Deployed","Not Applicable,Not Applicable","1. No Defects,1. No Defects","14. No Driver Distraction,14. No Driver Distraction","1. Had Not Been Drinking,1. Had Not Been Drinking","3. Unknown,3. Unknown","1. Not Ejected,1. Not Ejected","No,NotProvided","No,No","9. Not Applicable,3. Lap and Shoulder Belt","6. Building,6. Building",,,3,542021,MILLER LN(L)/,0,1,"1.Divided, no control of access","20,20",1. On Roadway,"0,0",H,H.Urban Minor Arterial,Other City or Town Streets (not state maintained),Not GUARDRAIL,Not HIT_RUN,"11,1",1,2. Two Approaches,122765197,C,0,0,36.838811,36.838811,0,0.03,Not LRTRUCK,2. Daylight,LOCATED,-75.998112,-75.998112,MAINLINE,MAIN,0,0,Grass/Unprotected,14,3,Divided Roadway,"20,20",Not MOTORCYCLE,542019,542019. 13408723      13408723      13408724,17300,19878,20062,19334,19644,4,1,0.06,SEC_URBAN,,,,,,,,,0,0,56,0,1,,0,0,,,,,,,,,Not PED,,1,0,Virginia Beach,134,5,NOT-RD,9. Within Intersection,0,2.75,2.76,1. Straight - Level,1. No Defects,"1. Two-Way, Not Divided",1. Dry,"2. Blacktop, Asphalt, Bituminous",114 N. BIRDNECK RD,URB,UR,R-VA134UR08723NB,"Urbanized (Population 200,000 and over)",3. No,"0,0",11644,13955,14084,13573,13770,Not SENIOR,Left and Right sides,"1,1","10,25",Not SPEED,"35,25",542020,0,"2. No,2. No",0,"0,0",12PM TO 3PM,1,1,4. Stop Sign,1. Yes - Working,Not a Parkway - Trucks and Commercial Vehicles Allowed,"1,2","9. Bicycle,1. Passenger car","UPLAND,NISSAN","1. Going Straight Ahead,2. Making Right Turn","BEACH CRUISER,SENTRA",2008,5,5.Hampton Roads,1. No Adverse Condition (Clear/Cloudy),Not Provided,2. No,Not Provided,Not YOUNG
No Access Control,Not ALCIHOL,Urban,0,0,"N/A, Unknown, or Unstabilized",1SR-00247-P(B)/COLLEY AV,Not UNBELTED,25,Male,B,1,BIKE,1.28,1,1,,2. Angle,"Not Provided,Not Provided","Not Provided,Not Provided",12208563,1.286,4,9/24/2012,9/24/2012,20. Motor Vehicle In Transport,1108,B.Visiible Injury,2012,Left and Right sides,0,0,Norfolk,Urban,20. Motor Vehicle In Transport,MAIN,9AM TO 12PM,122.Norfolk,32,Intersection,Reset Filters,VDOT_OTHER,Monday,Not DEER,"West,South",,5,1,123180314,"25,21","Male,Male","B,PDO","1,2","11. Did Not Have Right-of-Way,1. No Improper Action","3. Unavailable/Not Applicable,2. Not Deployed","Not Applicable,Not Applicable","1. No Defects,1. No Defects","Not Applicable,Not Applicable","1. Had Not Been Drinking,1. Had Not Been Drinking","2. No,2. No","3. Totally Ejected,1. Not Ejected","Yes,No","No,No","8. No Restraint Used,3. Lap and Shoulder Belt","1. Not Obscured,1. Not Obscured",,,1,485088,28TH STREET(B)/,0,1,"1.Divided, no control of access","20,22",1. On Roadway,"0,0",H,H.Urban Minor Arterial,Other City or Town Streets (not state maintained),Not GUARDRAIL,Not HIT_RUN,"5,12",1,3. Three Approaches,123180314,C,0,0,36.875234,36.875234,0,0.06,Not LRTRUCK,2. Daylight,LOCATED,-76.29513,-76.29513,MAINLINE,MAIN,0,0,Curbed Grass,40,12,Divided Roadway,"20,22",Not MOTORCYCLE,483569,483569. 12208563      12208563      1SR00247P     1SR00247P,24144,23285,23500,22647,23309,4,1,0.006,SEC_URBAN,,,,,,,,,0,0,56,0,1,,0,0,,,,,,,,,Not PED,,1,0,Norfolk,122,5,NOT-RD,9. Within Intersection,0,1.25,1.28,1. Straight - Level,1. No Defects,"3. Two-Way, Divided, Positive Median Barrier",1. Dry,"2. Blacktop, Asphalt, Bituminous",2700 blk colley ave,URB,UR,R-VA122UR08563SB,"Urbanized (Population 200,000 and over)",3. No,"0,0",13625,13908,14036,13527,13627,Not SENIOR,Left and Right sides,"5,10","25,25",Not SPEED,"25,25",483569,0,"2. No,2. No",0,"0,0",9AM TO 12PM,1,1,3. Traffic Signal,1. Yes - Working,Not a Parkway - Trucks and Commercial Vehicles Allowed,"1,2","9. Bicycle,1. Passenger car","huffy,ford","1. Going Straight Ahead,1. Going Straight Ahead",focus,2007,5,5.Hampton Roads,1. No Adverse Condition (Clear/Cloudy),Not Provided,2. No,Not Provided,Not YOUNG
No Access Control,Not ALCIHOL,Urban,1,1,Bituminous Concrete (Black Base),147-07052(L)/CARY'S CHAPEL RD,Not UNBELTED,21,Male,A,2,BIKE,2.93,0,0,,1. Rear End,"Not Provided,Not Provided","Not Provided,Not Provided",SR00172,3.576,4,9/25/2012,9/25/2012,22. Bicycle,641,A.Ambulatory Injury,2012,None,0,0,Poquoson,Urban,22. Bicycle,MAIN,6AM TO 9AM,147.Poquoson,"2,186",Intersection,Reset Filters,VDOT_OTHER,Tuesday,Not DEER,"North,North",,5,1,122845105,"62,21","Male,Male","PDO,A","1,2","41. Improper Passing,1. No Improper Action","2. Not Deployed,3. Unavailable/Not Applicable","Not Applicable,Not Applicable","1. No Defects,1. No Defects","14. No Driver Distraction,14. No Driver Distraction","1. Had Not Been Drinking,1. Had Not Been Drinking","2. No,2. No","1. Not Ejected,3. Totally Ejected","No,Yes","No,No","3. Lap and Shoulder Belt,9. Not Applicable","1. Not Obscured,1. Not Obscured",,,4,672325,147-07052(L)/CARY'S CHAPEL RD,0.72,0,"0.Two-way, non-divided","22,20",1. On Roadway,"0,0",H,H.Urban Minor Arterial,Urban Extensions - Primary Routes,Not GUARDRAIL,Not HIT_RUN,"12,6",1,3. Three Approaches,122845105,C,0,0,37.117939,37.117939,6,0.72,Not LRTRUCK,1. Dawn,LOCATED,-76.39241,-76.39241,MAINLINE,MAIN,0,0,0,0,0,Undivided Roadway,"22,20",Not MOTORCYCLE,672314,672314.  SR00171       SR00171       SR00172       SR00172,24472,23930,23957,23103,23572,2,1,0.414,PRI_URBAN,,,,,,,,,0,0,24,0,1,,0,0,,,,,,,,,Not PED,,1,0,Poquoson,147,5,NOT-RD,10. Intersection Related - Within 150 Feet,6,3.50,3.58,3. Grade - Straight,1. No Defects,"1. Two-Way, Not Divided",1. Dry,"2. Blacktop, Asphalt, Bituminous",WYTHE CREEK ROAD,STPRI,SR,R-VA   SR00172NB,"Urbanized (Population 200,000 and over)",3. No,"0,0",12534,12257,12377,11936,12178,Not SENIOR,None,,"35,35",Not SPEED,"35,35",672325,0,"1. Yes,2. No",0,"0,0",6AM TO 9AM,1,1,1. No Traffic Control,6. No Traffic Control Device Present,Not a Parkway - Trucks and Commercial Vehicles Allowed,"1,2","2. Truck - Pick-up/Passenger Truck,9. Bicycle","Ford,BICYCLE","13. Passing,3. Making Left Turn","Ranger,BICYCLE",1993,5,5.Hampton Roads,1. No Adverse Condition (Clear/Cloudy),Not Provided,2. No,Not Provided,Not YOUNG
Partial Access Control,Not ALCIHOL,Urban,0,0,Portland Cement Concrete,SR-00105-W000A(L)/US-00060-W252B(R)/RAMPN FRO,Not UNBELTED,58,Male,K,2,BIKE,0.46,0,0,,4. Sideswipe - Same Direction,"Not Provided,Not Provided","Not Provided,Not Provided",SR00105,0.488,3,9/25/2012,9/25/2012,22. Bicycle,1510,K.Fatal Injury,2012,None,0,0,Newport News,Urban,22. Bicycle,MAIN,3PM TO 6PM,121.Newport News,253,Intersection,Reset Filters,VDOT_OTHER,Tuesday,Not DEER,"West,West",DISTRACTED,5,1,122850001,"64,58","Male,Male","PDO,K","1,2","41. Improper Passing,1. No Improper Action","2. Not Deployed,3. Unavailable/Not Applicable","Not Applicable,Not Applicable","1. No Defects,1. No Defects","11. Other,Not Applicable","1. Had Not Been Drinking,1. Had Not Been Drinking","2. No,2. No","1. Not Ejected,Not Provided","No,Yes","No,No","3. Lap and Shoulder Belt,9. Not Applicable","1. Not Obscured,1. Not Obscured",,,1,646095,SR-00105-W000A(L)/US-00060-W252B(R)/RAMPN FRO,0.15,2,"2.Divided, partial control of access","22,20",1. On Roadway,"22,0",E,E.Urban Other Principle Arterials; Connecting Links of Other Rural Principal Arterial,Urban Extensions - Primary Routes,Not GUARDRAIL,Not HIT_RUN,"1,11",0,1. Not at Intersection,122850001,C,1,1,37.172559,37.172559,0,0.13,Not LRTRUCK,2. Daylight,LOCATED,-76.563505,-76.563505,MAINLINE,MAIN,0,0,Curbed (solid raised),4,4,Divided Roadway,"0,20",Not MOTORCYCLE,646095,646095.  SR00105       SR00105       US00060W252B,38442,38842,39242,38042,38042,4,1,0.048,PRI_URBAN,,,,,,,,,0,134,72,0,1,,0,0,,,,,,,,,Not PED,,0,1,Newport News,121,5,NOT-RD,"7. Other location not listed above within an interchange area (median, shoulder , roadside)",0,0.25,0.43,1. Straight - Level,10. Edge Pavement Drop Off,"2. Two-Way, Divided, Unprotected Median",1. Dry,"2. Blacktop, Asphalt, Bituminous",F TEUStis blvd,STPRI,SR,R-VA   SR00105WB,"Urbanized (Population 200,000 and over)",3. No,"0,0",38442,38842,39242,38042,38042,Not SENIOR,None,"45,20","45,45",Not SPEED,"45,45",646095,0.02,"2. No,2. No",0,"0,0",3PM TO 6PM,1,1,6. Traffic Lanes Marked,1. Yes - Working,Designated Truck Route - D1,"1,2","1. Passenger car,9. Bicycle",LINCOLNC,"13. Passing,1. Going Straight Ahead","TOWNCAR,BICYCLE",1998,5,5.Hampton Roads,1. No Adverse Condition (Clear/Cloudy),Not Provided,2. No,Not Provided,Not YOUNG
No Access Control,Not ALCIHOL,Urban,0,0,Bituminous Concrete (Black Base),UPPER CHESLA REA(R)RIVER RD(L)(B)/,Not UNBELTED,50,Male,PDO,2,BIKE,3.88,1,1,,2. Angle,"Not Provided,Not Provided","Not Provided,Not Provided",SR00279,4.254,3,9/26/2012,9/26/2012,22. Bicycle,1510,B.Visiible Injury,2012,Left and Right sides,0,0,Virginia Beach,Urban,22. Bicycle,MAIN,3PM TO 6PM,134.Virginia Beach,"6,843",Intersection,Reset Filters,VDOT_OTHER,Wednesday,Not DEER,"East,North",,5,1,122835314,"28,50","Male,Male","PDO,PDO","1,2","1. No Improper Action,1. No Improper Action","2. Not Deployed,2. Not Deployed","Not Applicable,Not Applicable","1. No Defects,1. No Defects","14. No Driver Distraction,14. No Driver Distraction","1. Had Not Been Drinking,1. Had Not Been Drinking","2. No,2. No","1. Not Ejected,2. Partially Ejected","NotProvided,NotProvided","No,No","3. Lap and Shoulder Belt,5. Helmet","1. Not Obscured,1. Not Obscured",,,4,541234,THOMAS BISHOP LANE(R)/,0,1,"1.Divided, no control of access","22,20",1. On Roadway,"0,0",H,H.Urban Minor Arterial,Urban Extensions - Primary Routes,Not GUARDRAIL,Not HIT_RUN,"12,10",1,3. Three Approaches,122835314,C,0,0,36.8951,36.8951,0,0.61,Not LRTRUCK,2. Daylight,LOCATED,-76.060293,-76.060293,MAINLINE,MAIN,0,0,Curbed Grass,40,4,Divided Roadway,"22,20",Not MOTORCYCLE,541119,541119.  SR00279       US00060       US00060,40261,36798,36789,36155,35925,4,1,1.296,PRI_URBAN,4,Female,B,2,2. Not Deployed,1. Not Ejected,No,5. Helmet,0,0,52,0,1,,0,0,,,,,,,,,Not PED,,1,0,Virginia Beach,134,5,NOT-RD,9. Within Intersection,0,4.25,4.25,1. Straight - Level,1. No Defects,"2. Two-Way, Divided, Unprotected Median",1. Dry,"2. Blacktop, Asphalt, Bituminous",1800 N. GREAT NECK RD,STPRI,SR,R-VA   SR00279SB,"Urbanized (Population 200,000 and over)",2. Yes - With School Activity,"0,0",37780,34644,34964,33695,30384,Not SENIOR,Left and Right sides,"2,5","25,25",Not SPEED,"25,25",541233,0,"2. No,2. No",0,"0,0",3PM TO 6PM,1,1,4. Stop Sign,1. Yes - Working,Not a Parkway - Trucks and Commercial Vehicles Allowed,"1,2","2. Truck - Pick-up/Passenger Truck,9. Bicycle",CHEVROLET,"2. Making Right Turn,1. Going Straight Ahead","SILVERADO 1500,BICYCLE",2006,5,5.Hampton Roads,1. No Adverse Condition (Clear/Cloudy),Not Provided,2. No,Not Provided,Not YOUNG
,Not ALCIHOL,Urban,0,0,,,Not UNBELTED,53,Male,B,1,BIKE,,1,1,,2. Angle,"Not Provided,Not Provided","Not Provided,Not Provided",,,,9/26/2012,9/26/2012,20. Motor Vehicle In Transport,1759,B.Visiible Injury,2012,,0,1,Hampton,Urban,20. Motor Vehicle In Transport,MAIN,3PM TO 6PM,114.Hampton,,Not Intersection,Reset Filters,VDOT_OTHER,Wednesday,Not DEER,"East,South",,5,1,123420041,"53,28","Male,Male","B,C","1,2","11. Did Not Have Right-of-Way,1. No Improper Action","3. Unavailable/Not Applicable,2. Not Deployed","4. No Test,4. No Test","1. No Defects,1. No Defects","Not Applicable,Not Applicable","1. Had Not Been Drinking,1. Had Not Been Drinking","2. No,2. No","1. Not Ejected,1. Not Ejected","Yes,No","No,No","8. No Restraint Used,3. Lap and Shoulder Belt","1. Not Obscured,1. Not Obscured",,,,,,,,,"20,22",1. On Roadway,"0,0",,,,Not GUARDRAIL,Not HIT_RUN,"12,2",1,3. Three Approaches,,C,0,0,37.061739,37.061739,,,Not LRTRUCK,2. Daylight,UNLOCATED,-76.433307,-76.433307,MAINLINE,,,,,,,,"20,22",Not MOTORCYCLE,,.,,,,,,,1,,SEC_URBAN,,,,,,,,,,,,0,2,,0,0,,,,,,,,,Not PED,,2,0,Hampton,114,5,NOT-RD,9. Within Intersection,,,,1. Straight - Level,1. No Defects,"2. Two-Way, Divided, Unprotected Median",1. Dry,"2. Blacktop, Asphalt, Bituminous",PARK RANGER WAY,UNKWN,SC,U-VA114SC99999UK,,3. No,"0,0",,,,,,Not SENIOR,,"1,15","15,15",Not SPEED,"15,15",,,"2. No,2. No",,"0,0",3PM TO 6PM,1,1,4. Stop Sign,1. Yes - Working,,"1,2","9. Bicycle,2. Truck - Pick-up/Passenger Truck","Ross,NISSAN","3. Making Left Turn,1. Going Straight Ahead","MOUNTAIN BIKE,FRONTIER",2010,5,5.Hampton Roads,1. No Adverse Condition (Clear/Cloudy),Not Provided,2. No,Not Provided,Not YOUNG
No Access Control,ALCOHOL,Urban,1,1,"N/A, Unknown, or Unstabilized",25TH STREET(R)/,Not UNBELTED,38,Female,A,2,BIKE,302.49,0,0,,2. Angle,"Not Provided,Not Provided","Not Provided,Not Provided",US00060,302.544,4,9/27/2012,9/27/2012,22. Bicycle,2332,A.Ambulatory Injury,2012,Left and Right sides,0,0,Virginia Beach,Urban,22. Bicycle,MAIN,9PM TO 12AM,134.Virginia Beach,718,Intersection,Reset Filters,VDOT_OTHER,Thursday,Not DEER,"South,East",,5,1,122755241,"24,38","Female,Female","PDO,A","1,2","1. No Improper Action,1. No Improper Action","2. Not Deployed,3. Unavailable/Not Applicable","4. No Test,4. No Test","1. No Defects,1. No Defects","14. No Driver Distraction,14. No Driver Distraction","4. Drinking - Ability Not Impaired,1. Had Not Been Drinking","2. No,2. No","1. Not Ejected,3. Totally Ejected","No,Yes","No,No","3. Lap and Shoulder Belt,9. Not Applicable","1. Not Obscured,1. Not Obscured",,,303,541108,134-08722(B)/22SD ST,0,1,"1.Divided, no control of access","22,20",1. On Roadway,"0,0",E,E.Urban Other Principle Arterials; Connecting Links of Other Rural Principal Arterial,Urban Extensions - Primary Routes,Not GUARDRAIL,Not HIT_RUN,"12,10",1,4. Four Approaches,122755241,C,0,0,36.851867,36.851867,0,0.19,Not LRTRUCK,4. Darkness - Road Lighted,LOCATED,-75.97735,-75.97735,MAINLINE,MAIN,0,0,Curbed (solid raised),2,2,Divided Roadway,"22,20",Not MOTORCYCLE,541108,541108.  US00060       US00060      13408722      13408722,25340,24166,24141,23764,24222,4,1,0.136,PRI_URBAN,,,,,,,,,0,235,44,0,1,,0,0,,,,,,,,,Not PED,,1,0,Virginia Beach,134,5,NOT-RD,9. Within Intersection,0,302.50,302.54,1. Straight - Level,1. No Defects,"1. Two-Way, Not Divided",1. Dry,"2. Blacktop, Asphalt, Bituminous",2300 PACIFIC AVENUE,USPRI,US,R-VA   US00060EB,"Urbanized (Population 200,000 and over)",3. No,"0,0",16522,15296,15206,15119,15239,Not SENIOR,Left and Right sides,"10,2","35,35",Not SPEED,"35,35",541109,0.05,"2. No,2. No",0,"0,0",9PM TO 12AM,1,1,4. Stop Sign,1. Yes - Working,Not a Parkway - Trucks and Commercial Vehicles Allowed,"1,2","22. Truck - Sport Utility Vehicle (SUV),9. Bicycle","Honda,RALEIGH","3. Making Left Turn,1. Going Straight Ahead","CR-V,BEACH CRUISER BICYCLE",2008,5,5.Hampton Roads,1. No Adverse Condition (Clear/Cloudy),Not Provided,2. No,Not Provided,Not YOUNG
No Access Control,Not ALCIHOL,Urban,0,0,Bituminous Concrete (Black Base),PLEASANT VALLEY RD(B)/,Not UNBELTED,11,Male,B,2,BIKE,2.68,1,1,,2. Angle,"Not Provided,Not Provided","Not Provided,Not Provided",13408717,2.687,4,3/20/2012,3/20/2012,22. Bicycle,1659,B.Visiible Injury,2012,Left and Right sides,0,0,Virginia Beach,Urban,22. Bicycle,MAIN,3PM TO 6PM,134.Virginia Beach,"3,047",Intersection,Reset Filters,VDOT_OTHER,Tuesday,Not DEER,"North,South",DISTRACTED,5,1,120815131,"33,11","Male,Male","PDO,B","1,2","11. Did Not Have Right-of-Way,1. No Improper Action","2. Not Deployed,3. Unavailable/Not Applicable","4. No Test,4. No Test","1. No Defects,1. No Defects","11. Other,Not Applicable","1. Had Not Been Drinking,1. Had Not Been Drinking","2. No,2. No","1. Not Ejected,3. Totally Ejected","No,Yes","No,No","3. Lap and Shoulder Belt,9. Not Applicable","1. Not Obscured,1. Not Obscured",,,3,541927,QUARTER WAY(L)/,0,1,"1.Divided, no control of access","22,20",1. On Roadway,"0,0",H,H.Urban Minor Arterial,Other City or Town Streets (not state maintained),Not GUARDRAIL,Not HIT_RUN,"1,10",1,4. Four Approaches,120815131,C,0,0,36.786633,36.786633,0,0.21,Not LRTRUCK,2. Daylight,LOCATED,-76.14964,-76.14964,MAINLINE,MAIN,0,0,Curbed Grass,16,4,Divided Roadway,"22,20",Not MOTORCYCLE,541318,541318. 13408590      13408590      13408717      13408717,34382,32723,33025,31827,32703,4,1,0.577,SEC_URBAN,,,,,,,,,0,0,52,0,1,,0,0,,,,,,,,,Not PED,,1,0,Virginia Beach,134,5,NOT-RD,9. Within Intersection,0,2.50,2.69,1. Straight - Level,1. No Defects,"2. Two-Way, Divided, Unprotected Median",1. Dry,"2. Blacktop, Asphalt, Bituminous",2400 LYNNHAVEN PARKWAY,URB,UR,R-VA134UR08717WB,"Urbanized (Population 200,000 and over)",3. No,"0,0",21241,20529,20719,19967,19828,Not SENIOR,Left and Right sides,"5,3","0,0",Not SPEED,"45,45",541926,0,"1. Yes,2. No",0,"0,0",3PM TO 6PM,1,1,3. Traffic Signal,1. Yes - Working,Not a Parkway - Trucks and Commercial Vehicles Allowed,"1,2","1. Passenger car,9. Bicycle","SATURN,N/A","2. Making Right Turn,1. Going Straight Ahead","ION,BICYCLE",20032011,5,5.Hampton Roads,1. No Adverse Condition (Clear/Cloudy),Not Provided,2. No,Not Provided,Not YOUNG
,Not ALCIHOL,Urban,0,0,,,Not UNBELTED,45,Female,C,2,BIKE,,0,0,,5. Sideswipe - Opposite Direction,"Not Provided,Not Provided","Not Provided,Not Provided",,,,1/15/2014,1/15/2014,20. Motor Vehicle In Transport,1110,C.Non-Visible Injury,2014,,1,1,Norfolk,Urban,20. Motor Vehicle In Transport,MAIN,9AM TO 12PM,122.Norfolk,,Not Intersection,Reset Filters,VDOT_OTHER,Wednesday,Not DEER,"East,West",DISTRACTED,5,1,141110035,"46,45","Female,Female","PDO,C","1,2","37. Other,37. Other","2. Not Deployed,Not Provided","Not Applicable,Not Applicable","9. Unknown,9. Unknown","11. Other,11. Other","Not Applicable,Not Applicable","3. Unknown,3. Unknown","1. Not Ejected,Not Provided","No,No","No,No","3. Lap and Shoulder Belt,Not Provided","13. Other,13. Other",,,,,,,,,"19,20",1. On Roadway,"0,0",,,,Not GUARDRAIL,Not HIT_RUN,"9,12",1,4. Four Approaches,,C,0,0,36.91637,36.91637,,,Not LRTRUCK,2. Daylight,UNLOCATED,-76.25412,-76.25412,MAINLINE,,,,,,,,"20,20",Not MOTORCYCLE,,.,,,,,,,1,,SEC_URBAN,,,,,,,,,,,,0,1,,0,0,,,,,,,,,Not PED,,1,0,Norfolk,122,5,NOT-RD,9. Within Intersection,,,,1. Straight - Level,1. No Defects,"4. One-Way, Not Divided",1. Dry,"2. Blacktop, Asphalt, Bituminous",600 BLK E LITTLE CREEK,UNKWN,SC,U-VA122SC99999UK,,3. No,"0,0",,,,,,Not SENIOR,,"15,10","35,35",Not SPEED,"35,35",,,"Not Provided,Not Provided",,"0,0",9AM TO 12PM,1,1,3. Traffic Signal,1. Yes - Working,,"1,2","1. Passenger car,9. Bicycle",Volvo,"3. Making Left Turn,1. Going Straight Ahead",XC90,2006,5,5.Hampton Roads,1. No Adverse Condition (Clear/Cloudy),Not Provided,2. No,Not Provided,Not YOUNG
No Access Control,Not ALCIHOL,Urban,0,0,Bituminous Concrete (Black Base),EXECUTIVE BLVD(R)/,Not UNBELTED,11,Female,B,2,BIKE,3.49,1,1,,2. Angle,"Not Provided,Not Provided","Not Provided,Not Provided",13108665,3.493,4,9/30/2012,9/30/2012,22. Bicycle,1100,B.Visiible Injury,2012,Left and Right sides,0,0,Chesapeake,Urban,22. Bicycle,MAIN,9AM TO 12PM,131.Chesapeake,"4,208",Intersection,Reset Filters,VDOT_OTHER,Sunday,Not DEER,"East,North",,5,1,122745088,"60,11","Female,Female","PDO,B","1,2","1. No Improper Action,1. No Improper Action","2. Not Deployed,3. Unavailable/Not Applicable","Not Applicable,Not Applicable","1. No Defects,1. No Defects","14. No Driver Distraction,14. No Driver Distraction","1. Had Not Been Drinking,1. Had Not Been Drinking","2. No,2. No","1. Not Ejected,3. Totally Ejected","No,Yes","No,No","3. Lap and Shoulder Belt,5. Helmet","1. Not Obscured,1. Not Obscured",,,4,484879,FAIRWAY DRIVE(L)/,0,1,"1.Divided, no control of access","22,20",1. On Roadway,"0,0",H,H.Urban Minor Arterial,Other City or Town Streets (not state maintained),Not GUARDRAIL,Not HIT_RUN,"11,6",1,3. Three Approaches,122745088,C,0,0,36.755493,36.755493,0,0.17,Not LRTRUCK,2. Daylight,LOCATED,-76.224604,-76.224604,MAINLINE,MAIN,0,0,Curbed Grass,16,4,Divided Roadway,"22,20",Not MOTORCYCLE,483473,483473.  SR00190       SR00190      13108665      13108665,44161,43183,43427,44442,45324,4,1,0.797,SEC_URBAN,,,,,,,,,4.2,0,54,0,1,,0,0,,,,,,,,,Not PED,,1,0,Chesapeake,131,5,NOT-RD,9. Within Intersection,0,3.25,3.49,1. Straight - Level,1. No Defects,"3. Two-Way, Divided, Positive Median Barrier",1. Dry,"2. Blacktop, Asphalt, Bituminous",GREENBRIER PW,URB,UR,R-VA131UR08665EB,"Urbanized (Population 200,000 and over)",3. No,"0,0",25829,25257,25400,26734,27265,Not SENIOR,Left and Right sides,"2,5","0,0",Not SPEED,"35,35",484880,0,"2. No,2. No",0,"0,0",9AM TO 12PM,1,1,3. Traffic Signal,1. Yes - Working,Not a Parkway - Trucks and Commercial Vehicles Allowed,"1,2","22. Truck - Sport Utility Vehicle (SUV),9. Bicycle","Honda,RED","2. Making Right Turn,1. Going Straight Ahead","CR-V,BICYCLE",20082012,5,5.Hampton Roads,1. No Adverse Condition (Clear/Cloudy),Not Provided,2. No,Not Provided,Not YOUNG