Access Control,Alcohol Notalcohol,Area Type1,A Crash,A People,Basetypedesc,Begin Node Dsc,Belted Unbelted,Bikeage,Bikegen,Bikeinjurytype,Bikevehiclenumber,Bike Nonbike,BMP,B Crash,B People,Carspeedlimit,Collision Type,Comm Cargo Body Type Cd,Comm Vehicle Body Type Cd,Cotedrouteid,Coted Mp,Count App,CRASH_DT (copy),Crash Dt,Crash Event Type Dsc,Crash Military Tm,Crash Severity,Crash Year,Curbgutterdesc,C Crash,C People,Juris Name Used,Area Type Used,First Harmful Event of Entire Crash,MAINLINE,Time Slicing Used,Phy_Juris_Nm,Offset-Ft,Intersection Analysis,Clear,Calculation_9640323132123359,Day Of Week,Deer Nodeer,Direction Of Travel Cd,Distracted Notdistracted,VSP,TOTAL CRASH,Document Nbr,Driverage,Drivergen,Driverinjurytype,Drivervehiclenumber,Driver Action Type Cd,Driver Airbag Deployment,Driver Alcohol Test Type Cd,Driver Condition Type Cd,Driver Distraction Type Cd,Driver Drinking Type Cd,Driver Drug Use Cd,Driver Ejected From Vehicle,Driver Ems Transport Ind,Driver Fled Scene Ind,Driver Safety Equip Used,Driver Vis Obscured Type Cd,Drowsy Notdrowsy,Drug Nodrug,EMP,End Node,End Node Dsc,End Offset,Facility,FAC,First Crash Event Cd,First Harmful Event,Fourth Crash Event Cd,Functionalclass,FUN,Govcondesc,Gr Nogr,Hitrun Not Hitrun,Initial Veh Impact Area Cd,Injury Crashes,Intersection Type,Int Doc,Jurtype,K_CRASH,K People,LAT (copy),LAT,Leftshoulderwidth,Length,Lgtruck Nonlgtruck,Light Condition,Located Unlocated,LON (copy),LON,MAINLINE (group),Mainline Yn,Medianleftshoulderwidth,Medianrightshoulderwidth,Mediantypedesc,Medianwidthmax,Medianwidthmin,Median Type,Most Harmful Crash Event Cd,Motor Nonmotor,Node,Node Info,Node Totaadt2011,Node Totaadt2012,Node Totaadt2013,Node Totaadt2014,Node Totaadt2015,Numberoflane,Number of Records,Offset,Ownership,Passage,Passgen,Passinjurytype,Passvehiclenumber,Pass Airbag Deployment,Pass Ejected From Vehicle,Pass Ems Transport Ind,Pass Safety Equip Used,Pavementconditionvalue,Pavementroughnessvalue,Pavementwidth,Pdo Crash,Total People Killed & Injured,Pedage,Pedestrians Injured,Pedestrians Killed,Pedgen,Pedinjurytype,Pednumber,Ped Action,Ped Al Test,Ped Cond,Ped Drink,Ped Drug,Ped Nonped,Ped Rflct,Persons Injured,Persons Killed,Physical Juris Nm,PJR,VSP_Used,Rd Type,Relation To Roadway,Rightshoulderwidth,RNS_MP (0.25 mi bin),Rns Mp,Roadway Alignment,Roadway Defect,Roadway Description,Roadway Surface Cond,Roadway Surface Type,Route Or Street Nm,Rte Category Cd,Rte Cat,Rte Nm,Ruralurbandesc,School Zone,Second Crash Event Cd,Segtotaadt2011,Segtotaadt2012,Segtotaadt2013,Segtotaadt2014,Segtotaadt2015,Senior Notsenior,Sidewalkdesc,Speed Before,Speed Max Safe,Speed Notspeed,Speed Posted,Start Node,Start Offset,Summons Issued Cd,Surfacedesc,Third Crash Event Cd,Time Slicing,Total Crashes including Property Damage Only,Total Crash,Traffic Control Type,Trfc Ctrl Status Type,Truckcommr,Vehiclenumber,Vehicle Body Type Cd,Vehicle Make Nm,Vehicle Maneuver Type Cd,Vehicle Model Nm,Vehicle Year Nbr,District,District_Used ,Weather Condition,Work Zone Location,Work Zone Related,Work Zone Type,Young Notyoung
No Access Control,ALCOHOL,Urban,0,0,Bituminous Concrete (Black Base),MT. VERNON AVE.(R)/,Not UNBELTED,57,Male,C,1,BIKE,0.27,0,0,,13. Bicyclist,"Not Provided,Not Provided","Not Provided,Not Provided",13707075,0.273,4,1/21/2014,1/21/2014,22. Bicycle,1320,C.Non-Visible Injury,2014,Left and Right sides,1,1,Williamsburg,Urban,22. Bicycle,MAIN,12PM TO 3PM,137.Williamsburg,512,Intersection,Reset Filters,VDOT_OTHER,Tuesday,Not DEER,"West,North",,5,1,141140075,"57,71","Male,Female","C,PDO","1,2","11. Did Not Have Right-of-Way,1. No Improper Action","3. Unavailable/Not Applicable,2. Not Deployed","Not Applicable,Not Applicable","1. No Defects,1. No Defects","Not Applicable,Not Applicable","4. Drinking - Ability Not Impaired,1. Had Not Been Drinking","2. No,2. No","1. Not Ejected,1. Not Ejected","Yes,No","No,No","9. Not Applicable,3. Lap and Shoulder Belt","1. Not Obscured,1. Not Obscured",,,0,398813,137-07077(L)/137-07083(R)/Gap Terminus/RICHMO,0,0,"0.Two-way, non-divided","20,22",1. On Roadway,"0,0",H,H.Urban Minor Arterial,Other City or Town Streets (not state maintained),Not GUARDRAIL,Not HIT_RUN,"12,2",1,3. Three Approaches,141140075,C,0,0,37.28352,37.28352,0,0.1,Not LRTRUCK,2. Daylight,LOCATED,-76.71983,-76.71983,MAINLINE,MAIN,0,0,0,0,0,Undivided Roadway,"20,22",Not MOTORCYCLE,398813,398813. 13707075      13707075      13707077      13707083,27434,26827,25596,24685,25185,2,1,0.097,SEC_URBAN,,,,,,,,,0,0,40,0,1,,0,0,,,,,,,,,Not PED,,1,0,Williamsburg,137,5,NOT-RD,9. Within Intersection,0,0.25,0.27,1. Straight - Level,1. No Defects,"1. Two-Way, Not Divided",1. Dry,"2. Blacktop, Asphalt, Bituminous",RICHMOND ROAD,URB,UR,R-VA137UR07075EB,"Urbanized (Population 200,000 and over)",3. No,"0,0",17873,17477,18549,17888,18251,SENIOR,Left and Right sides,5,"0,25",Not SPEED,"0,25",724022,0,"1. Yes,2. No",0,"0,0",12PM TO 3PM,1,1,3. Traffic Signal,1. Yes - Working,Not a Parkway - Trucks and Commercial Vehicles Allowed,"1,2","9. Bicycle,1. Passenger car",TOYOTA,"1. Going Straight Ahead,3. Making Left Turn",SEDAN,2010,5,5.Hampton Roads,1. No Adverse Condition (Clear/Cloudy),Not Provided,2. No,Not Provided,Not YOUNG
No Access Control,Not ALCIHOL,Urban,0,0,"N/A, Unknown, or Unstabilized",131-08778(L)/BARNES RD,Not UNBELTED,47,Not Provided,PDO,2,BIKE,395.32,0,0,,16. Other,"Not Provided,Not Provided","Not Provided,Not Provided",US00460,395.327,3,3/22/2012,3/22/2012,33. Explosion or Fire,643,PDO.Property Damage Only,2012,Left and Right sides,0,0,Chesapeake,Urban,33. Explosion or Fire,MAIN,6AM TO 9AM,131.Chesapeake,37,Intersection,Reset Filters,VDOT_OTHER,Thursday,Not DEER,"South,South",,5,1,120960131,47,"Not Provided,Not Provided","PDO,PDO","1,2","37. Other,Not Applicable","Not Provided,3. Unavailable/Not Applicable","Not Applicable,Not Applicable","8. Other,Not Applicable","Not Applicable,Not Applicable","6. Unknown,Not Applicable","3. Unknown,2. No","Not Provided,1. Not Ejected","NotProvided,Yes","Yes,No","Not Provided,9. Not Applicable","1. Not Obscured,Not Applicable",,,396,483778,131-08776(L)/PARK AV,0,0,"0.Two-way, non-divided","22,20",1. On Roadway,"0,0",H,H.Urban Minor Arterial,Urban Extensions - Primary Routes,Not GUARDRAIL,HIT_RUN,"12,6",0,4. Four Approaches,120960131,C,0,0,36.806807,36.806807,0,0.34,Not LRTRUCK,1. Dawn,LOCATED,-76.276864,-76.276864,MAINLINE,MAIN,0,0,0,0,0,Undivided Roadway,"22,20",Not MOTORCYCLE,483779,483779.  US00460       US00460      13108778,8865,8691,8681,9199,9381,4,1,0.007,PRI_URBAN,,,,,,,,,0,230,40,1,0,,0,0,,,,,,,,,Not PED,,0,0,Chesapeake,131,5,NOT-RD,9. Within Intersection,0,395.25,395.33,1. Straight - Level,1. No Defects,"1. Two-Way, Not Divided",1. Dry,"2. Blacktop, Asphalt, Bituminous",bainbridge bl,USPRI,US,R-VA   US00460EB,"Urbanized (Population 200,000 and over)",3. No,"0,0",8356,8193,8180,8666,8838,Not SENIOR,None,10,"0,45",Not SPEED,"0,45",483779,0,"Not Provided,Not Provided",0,"0,0",6AM TO 9AM,1,1,6. Traffic Lanes Marked,1. Yes - Working,Not a Parkway - Trucks and Commercial Vehicles Allowed,"1,2","2. Truck - Pick-up/Passenger Truck,9. Bicycle",bicycle,"1. Going Straight Ahead,1. Going Straight Ahead",,2012,5,5.Hampton Roads,1. No Adverse Condition (Clear/Cloudy),Not Provided,2. No,Not Provided,Not YOUNG
No Access Control,Not ALCIHOL,Urban,0,0,Dual Type,IS-00264-W011A(L)/FROM ROUTE 264 WEST,Not UNBELTED,58,Male,C,2,BIKE,398.5,0,0,,2. Angle,"Not Provided,Not Provided","Not Provided,Not Provided",US00460,398.576,3,3/23/2012,3/23/2012,20. Motor Vehicle In Transport,600,C.Non-Visible Injury,2012,Left and Right sides,1,1,Norfolk,Urban,20. Motor Vehicle In Transport,MAIN,3AM TO 6AM,122.Norfolk,21,Intersection,Reset Filters,VDOT_OTHER,Friday,Not DEER,"West,South",,5,1,121090039,"33,58","Male,Male","PDO,C","1,2","1. No Improper Action,1. No Improper Action","2. Not Deployed,3. Unavailable/Not Applicable","Not Applicable,Not Applicable","1. No Defects,1. No Defects","Not Applicable,Not Applicable","1. Had Not Been Drinking,1. Had Not Been Drinking","2. No,2. No","1. Not Ejected,1. Not Ejected","No,No","No,No","3. Lap and Shoulder Belt,9. Not Applicable","1. Not Obscured,1. Not Obscured",,,399,483362,SR-00166(R)/,0,0,"0.Two-way, non-divided","22,20",1. On Roadway,"0,0",E,E.Urban Other Principle Arterials; Connecting Links of Other Rural Principal Arterial,Urban Extensions - Primary Routes,Not GUARDRAIL,Not HIT_RUN,"3,12",1,4. Four Approaches,121090039,C,0,0,36.846618,36.846618,0,0.08,Not LRTRUCK,4. Darkness - Road Lighted,LOCATED,-76.270351,-76.270351,MAINLINE,MAIN,0,0,0,4,4,Undivided Roadway,"22,20",Not MOTORCYCLE,483362,483362.  SR00166       US00460       US00460,43175,42727,43122,41557,45929,4,1,0.004,PRI_URBAN,,,,,,,,,0,154,70,0,1,,0,0,,,,,,,,,Not PED,,1,0,Norfolk,122,5,NOT-RD,9. Within Intersection,0,398.50,398.58,1. Straight - Level,1. No Defects,"1. Two-Way, Not Divided",1. Dry,"2. Blacktop, Asphalt, Bituminous",1500 E BRAMBLETON AVE,USPRI,US,R-VA   US00460EB,"Urbanized (Population 200,000 and over)",3. No,"0,0",42839,41100,41479,39974,43699,Not SENIOR,None,"10,5","30,30",Not SPEED,"30,30",483766,0.03,"2. No,2. No",0,"0,0",3AM TO 6AM,1,1,3. Traffic Signal,1. Yes - Working,Truck Access System,"1,2","1. Passenger car,9. Bicycle","NISSAN,HUFFY","2. Making Right Turn,1. Going Straight Ahead","4D,PRO CYCLE",2005,5,5.Hampton Roads,1. No Adverse Condition (Clear/Cloudy),Not Provided,2. No,Not Provided,Not YOUNG
No Access Control,Not ALCIHOL,Urban,0,0,"Stabilized with Selected Material (Soil,Gravel,Stone,etc.)",DERBY RUN(R)/,Not UNBELTED,17,Male,B,2,BIKE,2.66,1,1,,16. Other,"Not Provided,Not Provided","Not Provided,Not Provided",13408690,2.756,3,3/24/2012,3/24/2012,22. Bicycle,2058,B.Visiible Injury,2012,None,0,0,Virginia Beach,Urban,22. Bicycle,MAIN,6PM TO 9PM,134.Virginia Beach,602,Intersection,Reset Filters,VDOT_OTHER,Saturday,Not DEER,"East,East",,5,1,120855229,"35,17","Male,Male","PDO,B","1,2","1. No Improper Action,37. Other","2. Not Deployed,3. Unavailable/Not Applicable","4. No Test,4. No Test","1. No Defects,1. No Defects","14. No Driver Distraction,14. No Driver Distraction","1. Had Not Been Drinking,1. Had Not Been Drinking","2. No,2. No","1. Not Ejected,1. Not Ejected","No,Yes","No,No","3. Lap and Shoulder Belt,9. Not Applicable","2. Rain, Snow, etc. on Windshield,Not Applicable",,,3,541708,134-08729(B)/OCEANA BLVD,0,0,"0.Two-way, non-divided","22,20",1. On Roadway,"0,0",I,I.Urban Collector,Other City or Town Streets (not state maintained),Not GUARDRAIL,Not HIT_RUN,"1,6",1,1. Not at Intersection,120855229,C,0,0,36.799585,36.799585,4,0.21,Not LRTRUCK,5. Darkness - Road Not Lighted,LOCATED,-76.006035,-76.006035,MAINLINE,MAIN,0,0,0,0,0,Undivided Roadway,"22,20",Not MOTORCYCLE,541708,541708. 13408690      13408729      13408729,36479,34571,34987,34507,35682,2,1,0.114,SEC_URBAN,,,,,,,,,0,0,22,0,1,,0,0,,,,,,,,,Not PED,,1,0,Virginia Beach,134,5,NOT-RD,8. Non-Intersection,4,2.75,2.76,1. Straight - Level,1. No Defects,"1. Two-Way, Not Divided",2. Wet,"2. Blacktop, Asphalt, Bituminous",1300 HARPERS ROAD,URB,UR,R-VA134UR08690EB,"Urbanized (Population 200,000 and over)",3. No,"0,0",6826,6630,6691,6448,7129,Not SENIOR,None,"35,3","35,35",Not SPEED,"35,35",541707,0,"2. No,2. No",0,"0,0",6PM TO 9PM,1,1,6. Traffic Lanes Marked,1. Yes - Working,Not a Parkway - Trucks and Commercial Vehicles Allowed,"1,2","1. Passenger car,9. Bicycle","NISSAN,BICYCLE","1. Going Straight Ahead,1. Going Straight Ahead","ALTIMA,BICYCLE",20122012,5,5.Hampton Roads,5. Rain,Not Provided,2. No,Not Provided,YOUNG
No Access Control,Not ALCIHOL,Urban,0,0,"N/A, Unknown, or Unstabilized",ENT TO WEDGEWOOD PLAZA(R)/,Not UNBELTED,25,Male,C,1,BIKE,0.87,0,0,,13. Bicyclist,"Not Provided,Not Provided","Not Provided,Not Provided",SR00170,0.88,4,1/25/2014,1/25/2014,20. Motor Vehicle In Transport,1855,C.Non-Visible Injury,2014,None,1,1,Norfolk,Urban,20. Motor Vehicle In Transport,MAIN,6PM TO 9PM,122.Norfolk,"1,056",Intersection,Reset Filters,VDOT_OTHER,Saturday,Not DEER,"West,North",,5,1,141190244,"25,57","Male,Male","C,PDO","1,2","37. Other,1. No Improper Action","2. Not Deployed,2. Not Deployed","Not Applicable,Not Applicable","1. No Defects,1. No Defects","Not Applicable,Not Applicable","1. Had Not Been Drinking,1. Had Not Been Drinking","2. No,2. No","1. Not Ejected,1. Not Ejected","Yes,No","No,No","5. Helmet,1. Lap Belt Only","1. Not Obscured,14. Blind Spot",,,1,746447,ENT TO WEDGEWOOD PLAZA(R)/,0.16,1,"1.Divided, no control of access","20,22",2. Shoulder,"0,0",E,E.Urban Other Principle Arterials; Connecting Links of Other Rural Principal Arterial,Urban Extensions - Primary Routes,Not GUARDRAIL,Not HIT_RUN,"12,1",1,1. Not at Intersection,141190244,C,0,0,36.91566,36.91566,10,0.16,Not LRTRUCK,4. Darkness - Road Lighted,LOCATED,-76.22417,-76.22417,MAINLINE,MAIN,2,2,Grass/Unprotected,20,4,Divided Roadway,"20,22",Not MOTORCYCLE,483459,483459.  SR00170       SR00170      12208631      12208631,30719,28910,29368,28638,28378,4,1,0.2,PRI_URBAN,,,,,,,,,0,170,46,0,1,,0,0,,,,,,,,,Not PED,,1,0,Norfolk,122,5,NOT-RD,8. Non-Intersection,10,0.75,0.88,1. Straight - Level,1. No Defects,"2. Two-Way, Divided, Unprotected Median",1. Dry,"2. Blacktop, Asphalt, Bituminous",1800 BLK E LITTLE CREEK RD,STPRI,SR,R-VA   SR00170EB,"Urbanized (Population 200,000 and over)",3. No,"0,0",25669,24296,24718,24168,23603,Not SENIOR,None,"5,5","35,35",Not SPEED,"35,35",746447,0,"2. No,2. No",0,"0,0",6PM TO 9PM,1,1,3. Traffic Signal,1. Yes - Working,Not a Parkway - Trucks and Commercial Vehicles Allowed,"1,2","9. Bicycle,1. Passenger car","NEXT,cadillac","1. Going Straight Ahead,2. Making Right Turn","AVALON (BIKE),DEVILLE",2003,5,5.Hampton Roads,1. No Adverse Condition (Clear/Cloudy),Not Provided,2. No,Not Provided,Not YOUNG
,Not ALCIHOL,Urban,0,0,,,Not UNBELTED,42,Male,C,1,BIKE,,0,0,,2. Angle,"Not Provided,Not Provided","Not Provided,Not Provided",,,,1/27/2014,1/27/2014,20. Motor Vehicle In Transport,1140,C.Non-Visible Injury,2014,,1,1,Virginia Beach,Urban,20. Motor Vehicle In Transport,MAIN,9AM TO 12PM,134.Virginia Beach,,Not Intersection,Reset Filters,VDOT_OTHER,Monday,Not DEER,"East,South",,5,1,140285046,"42,47","Male,Male","C,PDO","1,2","1. No Improper Action,17. Other Improper Turn","3. Unavailable/Not Applicable,2. Not Deployed","Not Applicable,Not Applicable","1. No Defects,1. No Defects","Not Applicable,Not Applicable","1. Had Not Been Drinking,1. Had Not Been Drinking","Not Applicable,Not Applicable","1. Not Ejected,1. Not Ejected","No,No","No,No","5. Helmet,3. Lap and Shoulder Belt","1. Not Obscured,1. Not Obscured",,,,,,,,,"20,20",1. On Roadway,"0,0",,,,Not GUARDRAIL,Not HIT_RUN,"12,12",1,4. Four Approaches,,C,0,0,36.84745,36.84745,,,Not LRTRUCK,2. Daylight,UNLOCATED,-76.0891,-76.0891,MAINLINE,,,,,,,,"20,20",Not MOTORCYCLE,,.,,,,,,,1,,SEC_URBAN,,,,,,,,,,,,0,1,,0,0,,,,,,,,,Not PED,,1,0,Virginia Beach,134,5,NOT-RD,1. Main-Line Roadway,,,,1. Straight - Level,1. No Defects,"1. Two-Way, Not Divided",1. Dry,"2. Blacktop, Asphalt, Bituminous",EDINBURGH DR,UNKWN,SC,U-VA134SC99999UK,,3. No,"0,0",,,,,,Not SENIOR,,,"25,25",Not SPEED,"25,25",,,"2. No,1. Yes",,"0,0",9AM TO 12PM,1,1,1. No Traffic Control,6. No Traffic Control Device Present,,"1,2","9. Bicycle,22. Truck - Sport Utility Vehicle (SUV)","BMC,HONDA","1. Going Straight Ahead,3. Making Left Turn","BICYCLE,SUV",2009,5,5.Hampton Roads,1. No Adverse Condition (Clear/Cloudy),Not Provided,2. No,Not Provided,Not YOUNG
,Not ALCIHOL,Urban,0,0,,,Not UNBELTED,41,Male,B,1,BIKE,,1,1,,2. Angle,"Not Provided,Not Provided","Not Provided,Not Provided",,,,1/27/2014,1/27/2014,20. Motor Vehicle In Transport,915,B.Visiible Injury,2014,,0,0,Virginia Beach,Urban,20. Motor Vehicle In Transport,MAIN,9AM TO 12PM,134.Virginia Beach,,Not Intersection,Reset Filters,VDOT_OTHER,Monday,Not DEER,"West,East",DISTRACTED,5,1,140365047,"41,27","Male,Female","B,PDO","1,2","37. Other,37. Other","2. Not Deployed,2. Not Deployed","Not Applicable,Not Applicable","1. No Defects,1. No Defects","11. Other,11. Other","1. Had Not Been Drinking,1. Had Not Been Drinking","Not Applicable,Not Applicable","1. Not Ejected,1. Not Ejected","No,No","No,No","5. Helmet,3. Lap and Shoulder Belt","1. Not Obscured,1. Not Obscured",,,,,,,,,"20,20",1. On Roadway,"0,0",,,,Not GUARDRAIL,Not HIT_RUN,"12,12",1,2. Two Approaches,,C,0,0,36.8432,36.8432,,,Not LRTRUCK,1. Dawn,UNLOCATED,-76.122,-76.122,MAINLINE,,,,,,,,"20,20",Not MOTORCYCLE,,.,,,,,,,1,,SEC_URBAN,,,,,,,,,,,,0,1,,0,0,,,,,,,,,Not PED,,1,0,Virginia Beach,134,5,NOT-RD,1. Main-Line Roadway,,,,1. Straight - Level,1. No Defects,"1. Two-Way, Not Divided",2. Wet,"2. Blacktop, Asphalt, Bituminous",VA BEACH BLVD,UNKWN,SC,U-VA134SC99999UK,,3. No,"0,0",,,,,,Not SENIOR,,,"45,25",Not SPEED,"45,25",,,"1. Yes,1. Yes",,"0,0",9AM TO 12PM,1,1,4. Stop Sign,1. Yes - Working,,"1,2","9. Bicycle,1. Passenger car","SCHWINN,NISSAN","1. Going Straight Ahead,2. Making Right Turn","MOUNTAIN BIKE,2DR",2009,5,5.Hampton Roads,1. No Adverse Condition (Clear/Cloudy),Not Provided,2. No,Not Provided,Not YOUNG
,Not ALCIHOL,Urban,1,1,,,Not UNBELTED,33,Male,A,2,BIKE,,0,0,,2. Angle,"Not Provided,Not Provided","Not Provided,Not Provided",,,,5/20/2015,5/20/2015,20. Motor Vehicle In Transport,2353,A.Ambulatory Injury,2015,,0,0,Virginia Beach,Urban,20. Motor Vehicle In Transport,MAIN,9PM TO 12AM,134.Virginia Beach,,Not Intersection,Reset Filters,VDOT_OTHER,Wednesday,Not DEER,"South,East",DISTRACTED,5,1,151425010,"28,33","Female,Male","PDO,A","1,2","1. No Improper Action,11. Did Not Have Right-of-Way","2. Not Deployed,3. Unavailable/Not Applicable","Not Applicable,Not Applicable","1. No Defects,1. No Defects","14. No Driver Distraction,5. Radio/CD, etc.","1. Had Not Been Drinking,1. Had Not Been Drinking","2. No,3. Unknown","1. Not Ejected,1. Not Ejected","No,Yes","No,No","3. Lap and Shoulder Belt,8. No Restraint Used","1. Not Obscured,10. Parked Vehicle(s)",,,,,,,,,"22,20",1. On Roadway,"0,0",,,,Not GUARDRAIL,Not HIT_RUN,"2,12",1,4. Four Approaches,,C,0,0,36.85104,36.85104,,,Not LRTRUCK,4. Darkness - Road Lighted,UNLOCATED,-75.98991,-75.98991,MAINLINE,,,,,,,,"22,20",Not MOTORCYCLE,,.,,,,,,,1,,SEC_URBAN,,,,,,,,,,,,0,1,,0,0,,,,,,,,,Not PED,,1,0,Virginia Beach,134,5,NOT-RD,9. Within Intersection,,,,1. Straight - Level,1. No Defects,"1. Two-Way, Not Divided",1. Dry,"2. Blacktop, Asphalt, Bituminous",BARBERTON DRIVE,UNKWN,SC,U-VA134SC99999UK,,3. No,"0,0",,,,,,Not SENIOR,,"15,5","25,25",Not SPEED,"25,25",,,"2. No,3. Pending",,"0,0",9PM TO 12AM,1,1,4. Stop Sign,1. Yes - Working,,"1,2","1. Passenger car,9. Bicycle","MAZDA,BICYCLE","1. Going Straight Ahead,1. Going Straight Ahead","5,BICYCLE",2008,5,5.Hampton Roads,1. No Adverse Condition (Clear/Cloudy),Not Provided,2. No,Not Provided,Not YOUNG
No Access Control,ALCOHOL,Urban,0,0,Bituminous Concrete (Black Base),134-08829(L)/GREEN RUN BLVD,Not UNBELTED,27,Female,B,2,BIKE,2.82,1,1,,2. Angle,"Not Provided,Not Provided","Not Provided,Not Provided",13400012,2.906,4,3/25/2012,3/25/2012,22. Bicycle,2045,B.Visiible Injury,2012,Left and Right sides,0,0,Virginia Beach,Urban,22. Bicycle,MAIN,6PM TO 9PM,134.Virginia Beach,74,Intersection,Reset Filters,VDOT_OTHER,Sunday,Not DEER,"South,West",,5,1,120885115,"32,27","Female,Female","PDO,B","1,2","1. No Improper Action,37. Other","2. Not Deployed,3. Unavailable/Not Applicable","4. No Test,4. No Test","1. No Defects,1. No Defects","Not Applicable,Not Applicable","1. Had Not Been Drinking,3. Drinking - Ability Impaired","2. No,3. Unknown","1. Not Ejected,3. Totally Ejected","No,Yes","No,No","3. Lap and Shoulder Belt,5. Helmet","1. Not Obscured,1. Not Obscured",,,3,541275,134-00014(L)/134-08717(R)/Gap Terminus/LYNNHA,0,1,"1.Divided, no control of access","22,20",1. On Roadway,"0,0",H,H.Urban Minor Arterial,Other City or Town Streets (not state maintained),Not GUARDRAIL,Not HIT_RUN,"12,3",1,4. Four Approaches,120885115,C,0,0,36.800399,36.800399,0,0.1,Not LRTRUCK,4. Darkness - Road Lighted,LOCATED,-76.085906,-76.085906,MAINLINE,MAIN,0,0,Curbed Grass,16,4,Divided Roadway,"22,20",Not MOTORCYCLE,541275,541275. 13400012      13400012      13400014      13408717,57323,59152,59698,57532,59080,4,1,0.014,SEC_URBAN,,,,,,,,,0,0,52,0,1,,0,0,,,,,,,,,Not PED,,1,0,Virginia Beach,134,5,NOT-RD,9. Within Intersection,0,2.75,2.91,1. Straight - Level,1. No Defects,"2. Two-Way, Divided, Unprotected Median",2. Wet,"2. Blacktop, Asphalt, Bituminous",3301 HOLLAND RD,URB,UR,R-VA134UR00012WB,"Urbanized (Population 200,000 and over)",3. No,"0,0",28098,29924,30200,29104,29116,Not SENIOR,Left and Right sides,7,"45,45",Not SPEED,"45,45",541274,0,"2. No,1. Yes",0,"0,0",6PM TO 9PM,1,1,3. Traffic Signal,1. Yes - Working,Not a Parkway - Trucks and Commercial Vehicles Allowed,"1,2","22. Truck - Sport Utility Vehicle (SUV),9. Bicycle",LEXUS,"1. Going Straight Ahead,1. Going Straight Ahead","SUV,BICYCLE",2000,5,5.Hampton Roads,5. Rain,Not Provided,2. No,Not Provided,Not YOUNG
No Access Control,Not ALCIHOL,Urban,0,0,"N/A, Unknown, or Unstabilized",HILBER STREET(R)/,Not UNBELTED,18,Not Provided,B,2,BIKE,1.64,1,1,,2. Angle,"Not Provided,Not Provided","Not Provided,Not Provided",13400013,1.669,3,3/27/2012,3/27/2012,22. Bicycle,1455,B.Visiible Injury,2012,Left and Right sides,0,0,Virginia Beach,Urban,22. Bicycle,MAIN,12PM TO 3PM,134.Virginia Beach,5,Intersection,Reset Filters,VDOT_OTHER,Tuesday,Not DEER,"West,North",,5,1,120925007,18,"Not Provided,Not Provided","PDO,B","1,2","34. Hit and Run,1. No Improper Action","Not Provided,3. Unavailable/Not Applicable","Not Applicable,Not Applicable","Not Applicable,Not Applicable","Not Applicable,Not Applicable","6. Unknown,1. Had Not Been Drinking","3. Unknown,2. No","Not Provided,1. Not Ejected","NotProvided,No","Yes,No","Not Provided,6. Other","Not Applicable,Not Applicable",,,2,541284,IS-00264-E018A(L)/FROM ROUTE 254 EAST,0,1,"1.Divided, no control of access","22,20",1. On Roadway,"0,0",H,H.Urban Minor Arterial,Other City or Town Streets (not state maintained),Not GUARDRAIL,HIT_RUN,"0,10",1,3. Three Approaches,120925007,C,0,0,36.837233,36.837233,0,0.03,Not LRTRUCK,2. Daylight,LOCATED,-76.096467,-76.096467,MAINLINE,MAIN,0,0,Curbed Grass,14,4,Divided Roadway,"22,20",Not MOTORCYCLE,541284,541284.  IS00264E018A 13400013      13400013,32096,31540,39605,38450,30108,4,1,0.001,SEC_URBAN,,,,,,,,,0,0,52,0,1,,0,0,,,,,,,,,Not PED,,1,0,Virginia Beach,134,5,NOT-RD,9. Within Intersection,0,1.50,1.67,1. Straight - Level,1. No Defects,"3. Two-Way, Divided, Positive Median Barrier",1. Dry,"2. Blacktop, Asphalt, Bituminous",100 ROSEMONT ROAD S.,URB,UR,R-VA134UR00013NB,"Urbanized (Population 200,000 and over)",3. No,"0,0",32096,31540,31831,30676,29087,Not SENIOR,Right side,3,"0,45",Not SPEED,"0,45",735002,0.01,"Not Provided,2. No",0,"0,0",12PM TO 3PM,1,1,6. Traffic Lanes Marked,1. Yes - Working,Not a Parkway - Trucks and Commercial Vehicles Allowed,"1,2","2. Truck - Pick-up/Passenger Truck,9. Bicycle",BICYCLE,"3. Making Left Turn,1. Going Straight Ahead",BICYCLE,2011,5,5.Hampton Roads,1. No Adverse Condition (Clear/Cloudy),Not Provided,2. No,Not Provided,YOUNG