Access Control,Alcohol Notalcohol,Area Type1,A Crash,A People,Basetypedesc,Begin Node Dsc,Belted Unbelted,Bikeage,Bikegen,Bikeinjurytype,Bikevehiclenumber,Bike Nonbike,BMP,B Crash,B People,Carspeedlimit,Collision Type,Comm Cargo Body Type Cd,Comm Vehicle Body Type Cd,Cotedrouteid,Coted Mp,Count App,CRASH_DT (copy),Crash Dt,Crash Event Type Dsc,Crash Military Tm,Crash Severity,Crash Year,Curbgutterdesc,C Crash,C People,Juris Name Used,Area Type Used,First Harmful Event of Entire Crash,MAINLINE,Time Slicing Used,Phy_Juris_Nm,Offset-Ft,Intersection Analysis,Clear,Calculation_9640323132123359,Day Of Week,Deer Nodeer,Direction Of Travel Cd,Distracted Notdistracted,VSP,TOTAL CRASH,Document Nbr,Driverage,Drivergen,Driverinjurytype,Drivervehiclenumber,Driver Action Type Cd,Driver Airbag Deployment,Driver Alcohol Test Type Cd,Driver Condition Type Cd,Driver Distraction Type Cd,Driver Drinking Type Cd,Driver Drug Use Cd,Driver Ejected From Vehicle,Driver Ems Transport Ind,Driver Fled Scene Ind,Driver Safety Equip Used,Driver Vis Obscured Type Cd,Drowsy Notdrowsy,Drug Nodrug,EMP,End Node,End Node Dsc,End Offset,Facility,FAC,First Crash Event Cd,First Harmful Event,Fourth Crash Event Cd,Functionalclass,FUN,Govcondesc,Gr Nogr,Hitrun Not Hitrun,Initial Veh Impact Area Cd,Injury Crashes,Intersection Type,Int Doc,Jurtype,K_CRASH,K People,LAT (copy),LAT,Leftshoulderwidth,Length,Lgtruck Nonlgtruck,Light Condition,Located Unlocated,LON (copy),LON,MAINLINE (group),Mainline Yn,Medianleftshoulderwidth,Medianrightshoulderwidth,Mediantypedesc,Medianwidthmax,Medianwidthmin,Median Type,Most Harmful Crash Event Cd,Motor Nonmotor,Node,Node Info,Node Totaadt2011,Node Totaadt2012,Node Totaadt2013,Node Totaadt2014,Node Totaadt2015,Numberoflane,Number of Records,Offset,Ownership,Passage,Passgen,Passinjurytype,Passvehiclenumber,Pass Airbag Deployment,Pass Ejected From Vehicle,Pass Ems Transport Ind,Pass Safety Equip Used,Pavementconditionvalue,Pavementroughnessvalue,Pavementwidth,Pdo Crash,Total People Killed & Injured,Pedage,Pedestrians Injured,Pedestrians Killed,Pedgen,Pedinjurytype,Pednumber,Ped Action,Ped Al Test,Ped Cond,Ped Drink,Ped Drug,Ped Nonped,Ped Rflct,Persons Injured,Persons Killed,Physical Juris Nm,PJR,VSP_Used,Rd Type,Relation To Roadway,Rightshoulderwidth,RNS_MP (0.25 mi bin),Rns Mp,Roadway Alignment,Roadway Defect,Roadway Description,Roadway Surface Cond,Roadway Surface Type,Route Or Street Nm,Rte Category Cd,Rte Cat,Rte Nm,Ruralurbandesc,School Zone,Second Crash Event Cd,Segtotaadt2011,Segtotaadt2012,Segtotaadt2013,Segtotaadt2014,Segtotaadt2015,Senior Notsenior,Sidewalkdesc,Speed Before,Speed Max Safe,Speed Notspeed,Speed Posted,Start Node,Start Offset,Summons Issued Cd,Surfacedesc,Third Crash Event Cd,Time Slicing,Total Crashes including Property Damage Only,Total Crash,Traffic Control Type,Trfc Ctrl Status Type,Truckcommr,Vehiclenumber,Vehicle Body Type Cd,Vehicle Make Nm,Vehicle Maneuver Type Cd,Vehicle Model Nm,Vehicle Year Nbr,District,District_Used ,Weather Condition,Work Zone Location,Work Zone Related,Work Zone Type,Young Notyoung
No Access Control,Not ALCIHOL,Urban,0,0,"N/A, Unknown, or Unstabilized",SR-00170(B)/MEADOW CK RD,Not UNBELTED,52,Male,C,2,BIKE,0,0,0,,3. Head On,"Not Provided,Not Provided","Not Provided,Not Provided",12208629,0.01,3,5/27/2015,5/27/2015,22. Bicycle,1440,C.Non-Visible Injury,2015,None,1,1,Norfolk,Urban,22. Bicycle,MAIN,12PM TO 3PM,122.Norfolk,53,Intersection,Reset Filters,VDOT_OTHER,Wednesday,Not DEER,"East,South",,5,1,152310010,"23,52","Female,Male","PDO,C","1,2","1. No Improper Action,10. Wrong Side Of Road - Not Overtaking","2. Not Deployed,3. Unavailable/Not Applicable","Not Applicable,Not Applicable","1. No Defects,1. No Defects","Not Applicable,Not Applicable","Not Applicable,Not Applicable","Not Applicable,Not Applicable","1. Not Ejected,1. Not Ejected","No,Yes","Yes,No","3. Lap and Shoulder Belt,9. Not Applicable","1. Not Obscured,1. Not Obscured",,,0,485663,122-08768(R)/WAPITI AVE(L)/(8629-MEADOW CREEK,0,0,"0.Two-way, non-divided","22,20",1. On Roadway,"0,0",I,I.Urban Collector,Other City or Town Streets (not state maintained),Not GUARDRAIL,HIT_RUN,"11,9",1,3. Three Approaches,152310010,C,0,0,36.91698,36.91698,3,0.17,Not LRTRUCK,2. Daylight,LOCATED,-76.22985,-76.22985,MAINLINE,MAIN,0,0,0,0,0,Undivided Roadway,"22,20",Not MOTORCYCLE,483460,483460.  SR00170       SR00170      12208629,26905,25385,25817,25227,24688,2,1,0.01,SEC_URBAN,,,,,,,,,0,0,24,0,1,,0,0,,,,,,,,,Not PED,,1,0,Norfolk,122,5,NOT-RD,9. Within Intersection,3,0.00,0.01,1. Straight - Level,1. No Defects,"2. Two-Way, Divided, Unprotected Median",1. Dry,"2. Blacktop, Asphalt, Bituminous",EAST LITTLE CREEK,URB,UR,R-VA122UR08629SB,"Urbanized (Population 200,000 and over)",3. No,"0,0",2472,2178,2198,2118,2169,Not SENIOR,None,"10,5","35,35",Not SPEED,"35,35",483460,0,"2. No,1. Yes",0,"0,0",12PM TO 3PM,1,1,3. Traffic Signal,1. Yes - Working,Not a Parkway - Trucks and Commercial Vehicles Allowed,"1,2","1. Passenger car,9. Bicycle","HONDA,BICYCLE","2. Making Right Turn,1. Going Straight Ahead",CIVIC,2013,5,5.Hampton Roads,5. Rain,Not Provided,2. No,Not Provided,Not YOUNG
No Access Control,Not ALCIHOL,Urban,0,0,"N/A, Unknown, or Unstabilized",134-08722(L)/22ND ST,Not UNBELTED,22,Female,B,2,BIKE,0.34,1,1,,2. Angle,"Not Provided,Not Provided","Not Provided,Not Provided",13408719,0.34,3,5/29/2015,5/29/2015,20. Motor Vehicle In Transport,2316,B.Visiible Injury,2015,Left and Right sides,0,0,Virginia Beach,Urban,20. Motor Vehicle In Transport,MAIN,9PM TO 12AM,134.Virginia Beach,0,Intersection,Reset Filters,VDOT_OTHER,Friday,Not DEER,"West,South",DISTRACTED,5,1,151525405,"19,22","Female,Female","PDO,B","1,2","1. No Improper Action,31. Avoiding Other Vehicle","2. Not Deployed,3. Unavailable/Not Applicable","Not Applicable,Not Applicable","1. No Defects,1. No Defects","14. No Driver Distraction,7. Eyes Not on Road","1. Had Not Been Drinking,1. Had Not Been Drinking","Not Applicable,Not Applicable","1. Not Ejected,1. Not Ejected","NotProvided,Yes","No,No","3. Lap and Shoulder Belt,8. No Restraint Used","1. Not Obscured,1. Not Obscured",,,0,541964,23RD ST(L)/,0,0,"0.Two-way, non-divided","20,22",1. On Roadway,"0,0",I,I.Urban Collector,Other City or Town Streets (not state maintained),Not GUARDRAIL,Not HIT_RUN,"2,12",1,2. Two Approaches,151525405,C,0,0,36.85024,36.85024,0,0.07,Not LRTRUCK,4. Darkness - Road Lighted,LOCATED,-75.97565,-75.97565,MAINLINE,MAIN,0,0,0,0,0,Undivided Roadway,"20,22",Not MOTORCYCLE,541963,541963. 13408719      13408719      13408722,9733,8949,9032,8704,8322,2,1,0,SEC_URBAN,,,,,,,,,0,0,50,0,1,,0,0,,,,,,,,,Not PED,,1,0,Virginia Beach,134,5,NOT-RD,9. Within Intersection,0,0.25,0.34,1. Straight - Level,1. No Defects,"1. Two-Way, Not Divided",1. Dry,"2. Blacktop, Asphalt, Bituminous",2200 ATLANTIC AVE,URB,UR,R-VA134UR08719SB,"Urbanized (Population 200,000 and over)",3. No,"0,0",8390,7490,7559,7285,6867,Not SENIOR,Left and Right sides,"5,8","25,25",Not SPEED,"25,25",541963,0,"2. No,2. No",0,"0,0",9PM TO 12AM,1,1,3. Traffic Signal,1. Yes - Working,Not a Parkway - Trucks and Commercial Vehicles Allowed,"1,2","1. Passenger car,9. Bicycle","CHEVROLET,UNK","3. Making Left Turn,1. Going Straight Ahead","COBALT,BICYCLE",2007,5,5.Hampton Roads,1. No Adverse Condition (Clear/Cloudy),Not Provided,2. No,Not Provided,YOUNG
No Access Control,Not ALCIHOL,Urban,0,0,Bituminous Concrete (Black Base),NARROW STREET(B)/,Not UNBELTED,68,Male,C,2,BIKE,19.74,0,0,,16. Other,"13. Intermodel Container Chassis,Not Provided","7. Truck Trailer(s) [Single-Unit Truck Pulling Trailer(s)],Not Provided",SR00168,19.74,3,5/30/2015,5/30/2015,20. Motor Vehicle In Transport,1133,C.Non-Visible Injury,2015,None,1,1,Chesapeake,Urban,20. Motor Vehicle In Transport,MAIN,9AM TO 12PM,131.Chesapeake,"3,696",Intersection,Reset Filters,VDOT_OTHER,Saturday,Not DEER,"East,North",,5,1,151505220,"63,68","Male,Male","PDO,C","1,2","11. Did Not Have Right-of-Way,1. No Improper Action","2. Not Deployed,3. Unavailable/Not Applicable","Not Applicable,Not Applicable","1. No Defects,1. No Defects","14. No Driver Distraction,14. No Driver Distraction","1. Had Not Been Drinking,1. Had Not Been Drinking","3. Unknown,3. Unknown","1. Not Ejected,2. Partially Ejected","No,Yes","No,No","3. Lap and Shoulder Belt,8. No Restraint Used","1. Not Obscured,1. Not Obscured",,,20,484798,STRAWBERRY LANE(R)/,0,1,"1.Divided, no control of access","22,20",1. On Roadway,"0,0",E,E.Urban Other Principle Arterials; Connecting Links of Other Rural Principal Arterial,Urban Extensions - Primary Routes,Not GUARDRAIL,Not HIT_RUN,"11,9",1,4. Four Approaches,151505220,C,0,0,36.8035,36.8035,0,0.08,LRTRUCK,2. Daylight,LOCATED,-76.26325,-76.26325,MAINLINE,MAIN,0,0,Curbed Grass,14,4,Divided Roadway,"22,20",Not MOTORCYCLE,484804,484804.  SR00168       SR00168      13108657,14296,14112,14187,16458,16895,4,1,0.7,PRI_URBAN,,,,,,,,,0,217,54,0,1,,0,0,,,,,,,,,Not PED,,1,0,Chesapeake,131,5,NOT-RD,9. Within Intersection,0,19.50,19.74,1. Straight - Level,1. No Defects,"3. Two-Way, Divided, Positive Median Barrier",1. Dry,1. Concrete,ATLANTIC AVE,STPRI,SR,R-VA   SR00168SB,"Urbanized (Population 200,000 and over)",3. No,"0,0",15971,15792,15874,16161,16626,SENIOR,None,"5,5","25,45",Not SPEED,"25,45",484797,0,"1. Yes,2. No",0,"0,0",9AM TO 12PM,1,1,4. Stop Sign,1. Yes - Working,Not a Parkway - Trucks and Commercial Vehicles Allowed,"1,2","23. Truck - Single Unit Truck (3 Axles or More),9. Bicycle","FRIEGHTLINER,BICYCLE","2. Making Right Turn,1. Going Straight Ahead","TRACTOR TRUCK,BICYCLE",20152015,5,5.Hampton Roads,1. No Adverse Condition (Clear/Cloudy),Not Provided,2. No,Not Provided,Not YOUNG
No Access Control,ALCOHOL,Urban,0,0,"N/A, Unknown, or Unstabilized",23RD ST(L)/,Not UNBELTED,30,Male,B,2,BIKE,0.41,1,1,,2. Angle,"Not Provided,Not Provided","Not Provided,Not Provided",13408719,0.41,3,5/30/2015,5/30/2015,20. Motor Vehicle In Transport,2300,B.Visiible Injury,2015,Left and Right sides,0,0,Virginia Beach,Urban,20. Motor Vehicle In Transport,MAIN,9PM TO 12AM,134.Virginia Beach,370,Intersection,Reset Filters,VDOT_OTHER,Saturday,Not DEER,"South,North",,5,1,151525408,"66,30","Male,Male","PDO,B","1,2","11. Did Not Have Right-of-Way,1. No Improper Action","2. Not Deployed,3. Unavailable/Not Applicable","Not Applicable,2. Breath","1. No Defects,1. No Defects","14. No Driver Distraction,14. No Driver Distraction","1. Had Not Been Drinking,1. Had Not Been Drinking","2. No,2. No","1. Not Ejected,Not Provided","No,Yes","No,No","3. Lap and Shoulder Belt,6. Other","1. Not Obscured,1. Not Obscured",,,0,541965,24TH ST(L)/,0,0,"0.Two-way, non-divided","22,20",1. On Roadway,"0,0",I,I.Urban Collector,Other City or Town Streets (not state maintained),Not GUARDRAIL,Not HIT_RUN,"12,9",1,1. Not at Intersection,151525408,C,0,0,36.85137,36.85137,0,0.07,Not LRTRUCK,2. Daylight,LOCATED,-75.97585,-75.97585,MAINLINE,MAIN,0,0,0,0,0,Undivided Roadway,"22,20",Not MOTORCYCLE,541963,541963. 13408719      13408719      13408722,9733,8949,9032,8704,8322,2,1,0.07,SEC_URBAN,,,,,,,,,0,0,50,0,1,,0,0,,,,,,,,,Not PED,,1,0,Virginia Beach,134,5,NOT-RD,"13. Driveway, Alley-Access - Related",0,0.25,0.42,1. Straight - Level,1. No Defects,"1. Two-Way, Not Divided",1. Dry,"2. Blacktop, Asphalt, Bituminous",2301 Atlantic Avenue,URB,UR,R-VA134UR08719NB,"Urbanized (Population 200,000 and over)",3. No,"0,0",8390,7490,7559,7285,6867,SENIOR,Left and Right sides,"10,5","25,25",Not SPEED,"25,25",541964,0,"1. Yes,2. No",0,"0,0",9PM TO 12AM,1,1,6. Traffic Lanes Marked,1. Yes - Working,Not a Parkway - Trucks and Commercial Vehicles Allowed,"1,2","2. Truck - Pick-up/Passenger Truck,9. Bicycle",TOYOTA,"3. Making Left Turn,1. Going Straight Ahead","TACOMA,BICYCLE",2003,5,5.Hampton Roads,1. No Adverse Condition (Clear/Cloudy),Not Provided,2. No,Not Provided,Not YOUNG
No Access Control,Not ALCIHOL,Urban,0,0,Bituminous Concrete (Black Base),PINEWOOD RD(B)/,UNBELTED,54,Female,B,2,BIKE,1.07,1,1,,2. Angle,"Not Provided,Not Provided","Not Provided,Not Provided",13408721,1.079,4,5/31/2015,5/31/2015,22. Bicycle,1534,B.Visiible Injury,2015,None,0,0,Virginia Beach,Urban,22. Bicycle,MAIN,3PM TO 6PM,134.Virginia Beach,417,Intersection,Reset Filters,VDOT_OTHER,Sunday,Not DEER,"South,West",,5,1,151525311,"64,54","Female,Female","PDO,B","1,2","37. Other,1. No Improper Action","2. Not Deployed,5. Unknown","Not Applicable,Not Applicable","1. No Defects,1. No Defects","14. No Driver Distraction,14. No Driver Distraction","1. Had Not Been Drinking,1. Had Not Been Drinking","2. No,2. No","1. Not Ejected,1. Not Ejected","No,Yes","No,No","8. No Restraint Used,6. Other","14. Blind Spot,1. Not Obscured",,,1,541994,33RD ST(R)/,0,0,"0.Two-way, non-divided","22,20",1. On Roadway,"0,0",I,I.Urban Collector,Other City or Town Streets (not state maintained),Not GUARDRAIL,Not HIT_RUN,"11,3",1,4. Four Approaches,151525311,C,0,0,36.85971,36.85971,1,0.07,Not LRTRUCK,2. Daylight,LOCATED,-75.98233,-75.98233,MAINLINE,MAIN,0,0,0,0,0,Undivided Roadway,"22,20",Not MOTORCYCLE,541058,541058.  US00058       US00058      13408721      13408721,36599,34646,35409,34600,35262,2,1,0.079,SEC_URBAN,,,,,,,,,3.7,0,24,0,1,,0,0,,,,,,,,,Not PED,,1,0,Virginia Beach,134,5,NOT-RD,9. Within Intersection,1,1.00,1.08,1. Straight - Level,1. No Defects,"1. Two-Way, Not Divided",1. Dry,"2. Blacktop, Asphalt, Bituminous",3200 HOLLY RD,URB,UR,R-VA134UR08721SB,"Urbanized (Population 200,000 and over)",3. No,"0,0",8697,9687,9776,9422,9612,Not SENIOR,None,"5,3","25,25",Not SPEED,"25,25",541993,0,"2. No,2. No",0,"0,0",3PM TO 6PM,1,1,3. Traffic Signal,1. Yes - Working,Not a Parkway - Trucks and Commercial Vehicles Allowed,"1,2","3. Van,9. Bicycle","DODGE,SPECIALIZED","2. Making Right Turn,1. Going Straight Ahead","RAM VAN,EXPEDITION",1995,5,5.Hampton Roads,1. No Adverse Condition (Clear/Cloudy),Not Provided,2. No,Not Provided,Not YOUNG
,Not ALCIHOL,Urban,1,1,,,Not UNBELTED,24,Male,A,2,BIKE,,0,0,,2. Angle,"Not Provided,Not Provided","Not Provided,Not Provided",,,,6/2/2015,6/2/2015,22. Bicycle,1057,A.Ambulatory Injury,2015,,0,0,Virginia Beach,Urban,22. Bicycle,MAIN,9AM TO 12PM,134.Virginia Beach,,Not Intersection,Reset Filters,VDOT_OTHER,Tuesday,Not DEER,"East,North",DISTRACTED,5,1,151735212,"46,24","Male,Male","PDO,A","1,2","1. No Improper Action,10. Wrong Side Of Road - Not Overtaking","2. Not Deployed,3. Unavailable/Not Applicable","Not Applicable,Not Applicable","1. No Defects,1. No Defects","Not Applicable,6. Cell Phone","1. Had Not Been Drinking,1. Had Not Been Drinking","2. No,2. No","1. Not Ejected,2. Partially Ejected","No,Yes","No,No","3. Lap and Shoulder Belt,9. Not Applicable","1. Not Obscured,1. Not Obscured",,,,,,,,,"22,20",1. On Roadway,"0,0",,,,Not GUARDRAIL,Not HIT_RUN,"11,10",1,3. Three Approaches,,C,0,0,36.90671,36.90671,,,Not LRTRUCK,2. Daylight,UNLOCATED,-76.12797,-76.12797,MAINLINE,,,,,,,,"22,20",Not MOTORCYCLE,,.,,,,,,,1,,SEC_URBAN,,,,,,,,,,,,0,1,,0,0,,,,,,,,,Not PED,,1,0,Virginia Beach,134,5,NOT-RD,9. Within Intersection,,,,1. Straight - Level,1. No Defects,"1. Two-Way, Not Divided",1. Dry,"2. Blacktop, Asphalt, Bituminous",2200 GREENWELL RD,UNKWN,SC,U-VA134SC99999UK,,3. No,"0,0",,,,,,Not SENIOR,,"5,10","25,25",Not SPEED,"25,25",,,"3. Pending,3. Pending",,"0,0",9AM TO 12PM,1,1,6. Traffic Lanes Marked,1. Yes - Working,,"1,2","1. Passenger car,9. Bicycle","HONDA,OTH","2. Making Right Turn,14. Changing Lanes","CIVIC,BICYCLE",2005,5,5.Hampton Roads,1. No Adverse Condition (Clear/Cloudy),Not Provided,2. No,Not Provided,Not YOUNG
No Access Control,Not ALCIHOL,Urban,0,0,Bituminous Concrete (Black Base),134-08829(B)/,Not UNBELTED,17,Female,B,2,BIKE,3.76,1,1,,2. Angle,"Not Provided,Not Provided","Not Provided,Not Provided",13408627,3.76,4,4/6/2012,4/6/2012,22. Bicycle,1045,B.Visiible Injury,2012,Left and Right sides,0,0,Virginia Beach,Urban,22. Bicycle,MAIN,9AM TO 12PM,134.Virginia Beach,0,Intersection,Reset Filters,VDOT_OTHER,Friday,Not DEER,"West,North",,5,1,121015024,"30,17","Female,Female","PDO,B","1,2","1. No Improper Action,21. Disregarded Traffic Signal","2. Not Deployed,3. Unavailable/Not Applicable","Not Applicable,Not Applicable","1. No Defects,1. No Defects","14. No Driver Distraction,14. No Driver Distraction","1. Had Not Been Drinking,1. Had Not Been Drinking","Not Applicable,Not Applicable","1. Not Ejected,Not Provided","NotProvided,No","No,No","3. Lap and Shoulder Belt,9. Not Applicable","1. Not Obscured,1. Not Obscured",,,4,541353,134-08734(L)/Gap Terminus/WINDSOR OAKS BLVD,0,1,"1.Divided, no control of access","22,22",1. On Roadway,"0,0",H,H.Urban Minor Arterial,Other City or Town Streets (not state maintained),Not GUARDRAIL,Not HIT_RUN,"12,3",1,4. Four Approaches,121015024,C,0,0,36.802186,36.802186,0,0.4,Not LRTRUCK,2. Daylight,LOCATED,-76.112219,-76.112219,MAINLINE,MAIN,6,6,Grass/Unprotected,40,24,Divided Roadway,"22,22",Not MOTORCYCLE,541352,541352. 13408627      13408627      13408829      13408829,31219,30975,31261,30126,30346,4,1,0,SEC_URBAN,,,,,,,,,0,0,52,0,1,,0,0,,,,,,,,,Not PED,,1,0,Virginia Beach,134,5,NOT-RD,9. Within Intersection,0,3.75,3.76,1. Straight - Level,1. No Defects,"3. Two-Way, Divided, Positive Median Barrier",1. Dry,"2. Blacktop, Asphalt, Bituminous",1898 S. INDEPENDENCE BLVD,URB,UR,R-VA134UR08627NB,"Urbanized (Population 200,000 and over)",1. Yes,"0,0",24984,25066,25297,24379,25174,Not SENIOR,Left and Right sides,"15,5","45,45",Not SPEED,"45,45",541352,0,"2. No,1. Yes",0,"0,0",9AM TO 12PM,1,1,3. Traffic Signal,1. Yes - Working,Not a Parkway - Trucks and Commercial Vehicles Allowed,"1,2","1. Passenger car,9. Bicycle",MITSUBISHI,"1. Going Straight Ahead,1. Going Straight Ahead","Galant,BICYCLE",2009,5,5.Hampton Roads,1. No Adverse Condition (Clear/Cloudy),Not Provided,2. No,Not Provided,YOUNG
No Access Control,Not ALCIHOL,Urban,0,0,Bituminous Concrete (Black Base),RUDEE POINT ROAD(R)/HARBOR POINT(L)/,Not UNBELTED,31,Male,B,2,BIKE,22.18,1,1,,2. Angle,"Not Provided,Not Provided","Not Provided,Not Provided",13408669,22.257,4,4/7/2012,4/7/2012,22. Bicycle,1045,B.Visiible Injury,2012,Left and Right sides,0,0,Virginia Beach,Urban,22. Bicycle,MAIN,9AM TO 12PM,134.Virginia Beach,"1,441",Intersection,Reset Filters,VDOT_OTHER,Saturday,Not DEER,"East,North",,5,1,121095065,"53,31","Male,Male","PDO,B","1,2","1. No Improper Action,11. Did Not Have Right-of-Way","2. Not Deployed,3. Unavailable/Not Applicable","4. No Test,4. No Test","1. No Defects,1. No Defects","Not Applicable,Not Applicable","1. Had Not Been Drinking,1. Had Not Been Drinking","2. No,2. No","1. Not Ejected,3. Totally Ejected","No,Yes","No,No","3. Lap and Shoulder Belt,9. Not Applicable","1. Not Obscured,1. Not Obscured",,,22,541489,5TH ST(R)/WINSTON SALEM AVE(L)/,0,1,"1.Divided, no control of access","22,22",1. On Roadway,"0,0",H,H.Urban Minor Arterial,Other City or Town Streets (not state maintained),Not GUARDRAIL,Not HIT_RUN,"1,12",1,4. Four Approaches,121095065,C,0,0,36.833477,36.833477,0,0.08,Not LRTRUCK,2. Daylight,LOCATED,-75.97243,-75.97243,MAINLINE,MAIN,0,0,Positive Barrier *_(PF1 FOR NOTE),2,2,Divided Roadway,"22,22",Not MOTORCYCLE,541493,541493. 13408669      13408669      13408724      13408724,26452,23305,23520,22666,22386,4,1,0.273,SEC_URBAN,,,,,,,,,0,0,56,0,1,,0,0,,,,,,,,,Not PED,,1,0,Virginia Beach,134,5,NOT-RD,9. Within Intersection,0,22.25,22.26,4. Grade - Curve,1. No Defects,"1. Two-Way, Not Divided",1. Dry,"2. Blacktop, Asphalt, Bituminous",400 PACIFIC AVE,URB,UR,R-VA134UR08669SB,"Urbanized (Population 200,000 and over)",3. No,"0,0",15328,16751,17349,16731,11352,Not SENIOR,Left and Right sides,"2,5","25,25",Not SPEED,"25,25",742546,0.27,"2. No,1. Yes",0,"0,0",9AM TO 12PM,1,1,3. Traffic Signal,1. Yes - Working,Not a Parkway - Trucks and Commercial Vehicles Allowed,"1,2","22. Truck - Sport Utility Vehicle (SUV),9. Bicycle","Ford,UPLAND","2. Making Right Turn,1. Going Straight Ahead","Explorer,SPIRIT BICYCLE",2004,5,5.Hampton Roads,1. No Adverse Condition (Clear/Cloudy),Not Provided,2. No,Not Provided,Not YOUNG
No Access Control,Not ALCIHOL,Urban,0,0,"N/A, Unknown, or Unstabilized",SR-00168-S026B(L)/TO RT 64 WEST,Not UNBELTED,22,Male,B,2,BIKE,27.62,1,1,,2. Angle,"Not Provided,Not Provided","Not Provided,Not Provided",SR00168,27.646,3,4/8/2012,4/8/2012,22. Bicycle,1042,B.Visiible Injury,2012,Left and Right sides,0,0,Norfolk,Urban,22. Bicycle,MAIN,9AM TO 12PM,122.Norfolk,137,Intersection,Reset Filters,VDOT_OTHER,Sunday,Not DEER,"East,North",,5,1,121090529,"57,22","Male,Male","PDO,B","1,2","1. No Improper Action,1. No Improper Action","2. Not Deployed,3. Unavailable/Not Applicable","4. No Test,4. No Test","1. No Defects,1. No Defects","Not Applicable,Not Applicable","1. Had Not Been Drinking,1. Had Not Been Drinking","2. No,2. No","1. Not Ejected,2. Partially Ejected","NotProvided,No","No,No","3. Lap and Shoulder Belt,9. Not Applicable","1. Not Obscured,1. Not Obscured",,,28,483433,BILTMORE ROAD(L)/EASY STREET(R)/,0,1,"1.Divided, no control of access","22,22",1. On Roadway,"0,0",H,H.Urban Minor Arterial,Urban Extensions - Primary Routes,Not GUARDRAIL,Not HIT_RUN,"1,12",1,1. Not at Intersection,121090529,C,0,0,36.909402,36.909402,0,0.05,Not LRTRUCK,2. Daylight,LOCATED,-76.256385,-76.256385,MAINLINE,MAIN,0,0,Curbed (solid raised),4,4,Divided Roadway,"22,22",Not MOTORCYCLE,483432,483432.  SR00168       SR00168       SR00168S026B,27542,31553,31830,30732,29068,5,1,0.026,PRI_URBAN,,,,,,,,,0,246,64,0,1,,0,0,,,,,,,,,Not PED,,1,0,Norfolk,122,5,NOT-RD,8. Non-Intersection,0,27.50,27.65,1. Straight - Level,1. No Defects,"2. Two-Way, Divided, Unprotected Median",1. Dry,"2. Blacktop, Asphalt, Bituminous",7431 TIDEWATER DR,STPRI,SR,R-VA   SR00168SB,"Urbanized (Population 200,000 and over)",3. No,"0,0",27542,29979,30256,29158,27494,Not SENIOR,None,0,"10,0",Not SPEED,"10,0",483432,0,"2. No,2. No",0,"0,0",9AM TO 12PM,1,1,6. Traffic Lanes Marked,1. Yes - Working,Not a Parkway - Trucks and Commercial Vehicles Allowed,"1,2","1. Passenger car,9. Bicycle","BUICK, bicycle","2. Making Right Turn,1. Going Straight Ahead",LACROSSE,2007,5,5.Hampton Roads,1. No Adverse Condition (Clear/Cloudy),Not Provided,2. No,Not Provided,Not YOUNG
No Access Control,Not ALCIHOL,Urban,0,0,Bituminous Concrete (Black Base),SR-00306(L)/121-07027(R)/HARPERSVILLE RD,Not UNBELTED,44,Male,C,1,BIKE,54.13,0,0,,12. Ped,"Not Provided,Not Provided","Not Provided,Not Provided",US00017,54.137,4,4/8/2012,4/8/2012,22. Bicycle,2218,C.Non-Visible Injury,2012,Left and Right sides,1,1,Newport News,Urban,22. Bicycle,MAIN,9PM TO 12AM,121.Newport News,37,Intersection,Reset Filters,VDOT_OTHER,Sunday,Not DEER,"North,West",,5,1,121500052,"44,22","Male,Male","C,PDO","1,2","11. Did Not Have Right-of-Way,1. No Improper Action","3. Unavailable/Not Applicable,3. Unavailable/Not Applicable","4. No Test,4. No Test","1. No Defects,1. No Defects","Not Applicable,Not Applicable","1. Had Not Been Drinking,1. Had Not Been Drinking","2. No,2. No","1. Not Ejected,1. Not Ejected","Yes,No","No,No","8. No Restraint Used,5. Helmet","1. Not Obscured,1. Not Obscured",,,55,756306,US-00017-N055A(R)/RAMP TO US 17,0,1,"1.Divided, no control of access","20,19",1. On Roadway,"0,0",E,E.Urban Other Principle Arterials; Connecting Links of Other Rural Principal Arterial,Urban Extensions - Primary Routes,Not GUARDRAIL,Not HIT_RUN,"1,11",1,4. Four Approaches,121500052,C,0,0,37.059464,37.059464,0,1.09,Not LRTRUCK,4. Darkness - Road Lighted,LOCATED,-76.465786,-76.465786,MAINLINE,MAIN,0,0,Curbed Grass,14,4,Divided Roadway,"20,19",MOTORCYCLE,646006,646006.  SR00306       US00017       US00017      12107027,60649,61968,58803,58409,58883,6,1,0.007,PRI_URBAN,,,,,,,,,0,179,72,0,1,,0,0,,,,,,,,,Not PED,,1,0,Newport News,121,5,NOT-RD,9. Within Intersection,0,54.00,54.14,1. Straight - Level,1. No Defects,"3. Two-Way, Divided, Positive Median Barrier",1. Dry,"2. Blacktop, Asphalt, Bituminous",JEFFERSON AVE,USPRI,US,R-VA   US00017NB,"Urbanized (Population 200,000 and over)",3. No,"0,0",47241,48276,47486,47670,47853,Not SENIOR,Left and Right sides,"0,40","0,35",SPEED,"0,35",646006,0,"1. Yes,2. No",0,"0,0",9PM TO 12AM,1,1,3. Traffic Signal,1. Yes - Working,Designated Truck Route - D2,"1,2","9. Bicycle,11. Motorcycle",honda,"1. Going Straight Ahead,1. Going Straight Ahead",,2006,5,5.Hampton Roads,1. No Adverse Condition (Clear/Cloudy),Not Provided,2. No,Not Provided,Not YOUNG