Access Control,Alcohol Notalcohol,Area Type1,A Crash,A People,Basetypedesc,Begin Node Dsc,Belted Unbelted,Bikeage,Bikegen,Bikeinjurytype,Bikevehiclenumber,Bike Nonbike,BMP,B Crash,B People,Carspeedlimit,Collision Type,Comm Cargo Body Type Cd,Comm Vehicle Body Type Cd,Cotedrouteid,Coted Mp,Count App,CRASH_DT (copy),Crash Dt,Crash Event Type Dsc,Crash Military Tm,Crash Severity,Crash Year,Curbgutterdesc,C Crash,C People,Juris Name Used,Area Type Used,First Harmful Event of Entire Crash,MAINLINE,Time Slicing Used,Phy_Juris_Nm,Offset-Ft,Intersection Analysis,Clear,Calculation_9640323132123359,Day Of Week,Deer Nodeer,Direction Of Travel Cd,Distracted Notdistracted,VSP,TOTAL CRASH,Document Nbr,Driverage,Drivergen,Driverinjurytype,Drivervehiclenumber,Driver Action Type Cd,Driver Airbag Deployment,Driver Alcohol Test Type Cd,Driver Condition Type Cd,Driver Distraction Type Cd,Driver Drinking Type Cd,Driver Drug Use Cd,Driver Ejected From Vehicle,Driver Ems Transport Ind,Driver Fled Scene Ind,Driver Safety Equip Used,Driver Vis Obscured Type Cd,Drowsy Notdrowsy,Drug Nodrug,EMP,End Node,End Node Dsc,End Offset,Facility,FAC,First Crash Event Cd,First Harmful Event,Fourth Crash Event Cd,Functionalclass,FUN,Govcondesc,Gr Nogr,Hitrun Not Hitrun,Initial Veh Impact Area Cd,Injury Crashes,Intersection Type,Int Doc,Jurtype,K_CRASH,K People,LAT (copy),LAT,Leftshoulderwidth,Length,Lgtruck Nonlgtruck,Light Condition,Located Unlocated,LON (copy),LON,MAINLINE (group),Mainline Yn,Medianleftshoulderwidth,Medianrightshoulderwidth,Mediantypedesc,Medianwidthmax,Medianwidthmin,Median Type,Most Harmful Crash Event Cd,Motor Nonmotor,Node,Node Info,Node Totaadt2011,Node Totaadt2012,Node Totaadt2013,Node Totaadt2014,Node Totaadt2015,Numberoflane,Number of Records,Offset,Ownership,Passage,Passgen,Passinjurytype,Passvehiclenumber,Pass Airbag Deployment,Pass Ejected From Vehicle,Pass Ems Transport Ind,Pass Safety Equip Used,Pavementconditionvalue,Pavementroughnessvalue,Pavementwidth,Pdo Crash,Total People Killed & Injured,Pedage,Pedestrians Injured,Pedestrians Killed,Pedgen,Pedinjurytype,Pednumber,Ped Action,Ped Al Test,Ped Cond,Ped Drink,Ped Drug,Ped Nonped,Ped Rflct,Persons Injured,Persons Killed,Physical Juris Nm,PJR,VSP_Used,Rd Type,Relation To Roadway,Rightshoulderwidth,RNS_MP (0.25 mi bin),Rns Mp,Roadway Alignment,Roadway Defect,Roadway Description,Roadway Surface Cond,Roadway Surface Type,Route Or Street Nm,Rte Category Cd,Rte Cat,Rte Nm,Ruralurbandesc,School Zone,Second Crash Event Cd,Segtotaadt2011,Segtotaadt2012,Segtotaadt2013,Segtotaadt2014,Segtotaadt2015,Senior Notsenior,Sidewalkdesc,Speed Before,Speed Max Safe,Speed Notspeed,Speed Posted,Start Node,Start Offset,Summons Issued Cd,Surfacedesc,Third Crash Event Cd,Time Slicing,Total Crashes including Property Damage Only,Total Crash,Traffic Control Type,Trfc Ctrl Status Type,Truckcommr,Vehiclenumber,Vehicle Body Type Cd,Vehicle Make Nm,Vehicle Maneuver Type Cd,Vehicle Model Nm,Vehicle Year Nbr,District,District_Used ,Weather Condition,Work Zone Location,Work Zone Related,Work Zone Type,Young Notyoung
No Access Control,Not ALCIHOL,Urban,0,0,Bituminous Concrete (Black Base),C7US-00058(B)/BIRDNECK RD,Not UNBELTED,56,Male,B,1,BIKE,3.07,1,1,,2. Angle,"Not Provided,Not Provided","Not Provided,Not Provided",13408723,3.07,4,6/6/2015,6/6/2015,22. Bicycle,719,B.Visiible Injury,2015,Left and Right sides,0,1,Virginia Beach,Urban,22. Bicycle,MAIN,6AM TO 9AM,134.Virginia Beach,0,Intersection,Reset Filters,VDOT_OTHER,Saturday,Not DEER,"East,North",,5,1,151755195,"56,52","Male,Female","B,C","1,2","11. Did Not Have Right-of-Way,1. No Improper Action","2. Not Deployed,2. Not Deployed","4. No Test,4. No Test","1. No Defects,1. No Defects","14. No Driver Distraction,14. No Driver Distraction","1. Had Not Been Drinking,1. Had Not Been Drinking","2. No,2. No","1. Not Ejected,1. Not Ejected","Yes,No","No,No","6. Other,3. Lap and Shoulder Belt","1. Not Obscured,1. Not Obscured",,,3,542024,CARVER AVE(L)/,0,1,"1.Divided, no control of access","20,22",1. On Roadway,"0,0",H,H.Urban Minor Arterial,Other City or Town Streets (not state maintained),Not GUARDRAIL,Not HIT_RUN,"1,12",1,4. Four Approaches,151755195,C,0,0,36.84163,36.84163,0,0.09,Not LRTRUCK,2. Daylight,LOCATED,-75.99602,-75.99602,MAINLINE,MAIN,0,0,Grass/Unprotected,14,3,Divided Roadway,"20,22",Not MOTORCYCLE,541093,541093. 13408723      13408723     C7US00058     C7US00058,31884,31906,32201,31032,32535,4,1,0,SEC_URBAN,,,,,,,,,0,0,56,0,2,,0,0,,,,,,,,,Not PED,,2,0,Virginia Beach,134,5,NOT-RD,9. Within Intersection,0,2.75,2.85,1. Straight - Level,1. No Defects,"3. Two-Way, Divided, Positive Median Barrier",1. Dry,"2. Blacktop, Asphalt, Bituminous",200 BIRDNECK RD N,URB,UR,R-VA134UR08723NB,"Urbanized (Population 200,000 and over)",3. No,"0,0",25641,26357,26600,25635,28421,Not SENIOR,Left and Right sides,"5,5","35,35",Not SPEED,"35,35",541093,0,"2. No,2. No",0,"0,0",6AM TO 9AM,1,1,14. Ped Crosswalk,1. Yes - Working,Not a Parkway - Trucks and Commercial Vehicles Allowed,"1,2","9. Bicycle,1. Passenger car","BICYCLE,TOYOTA","1. Going Straight Ahead,1. Going Straight Ahead","UNK,CAMRY",2007,5,5.Hampton Roads,1. No Adverse Condition (Clear/Cloudy),Not Provided,2. No,Not Provided,Not YOUNG
No Access Control,Not ALCIHOL,Urban,0,0,Bituminous Concrete (Black Base),Gap Terminus/,Not UNBELTED,76,Female,B,1,BIKE,20.47,1,1,15,2. Angle,"Not Provided,Not Provided","Not Provided,Not Provided",SR00031,20.737,4,6/8/2015,6/8/2015,20. Motor Vehicle In Transport,1142,B.Visiible Injury,2015,None,0,0,James City,Urban,20. Motor Vehicle In Transport,MAIN,9AM TO 12PM,47.James City,16,Intersection,Reset Filters,VDOT_OTHER,Monday,Not DEER,"South,West",,5,1,151605079,76,"Female,Not Provided","B,PDO","1,2","1. No Improper Action,22. Disregarded Stop or Yield Sign","3. Unavailable/Not Applicable,Not Provided","4. No Test,4. No Test","1. No Defects,9. Unknown","Not Applicable,Not Applicable","1. Had Not Been Drinking,6. Unknown","2. No,3. Unknown","3. Totally Ejected,Not Provided","Yes,No","No,Yes","5. Helmet,Not Provided","1. Not Obscured,1. Not Obscured",,,21,398714,FR-00665(L)/SR-00359(R)/,0,0,"0.Two-way, non-divided","20,22",1. On Roadway,"0,0",H,H.Urban Minor Arterial,State Primary and Interstate,Not GUARDRAIL,HIT_RUN,"12,8",1,4. Four Approaches,151605079,N,0,0,37.22775,37.22775,6,0.27,Not LRTRUCK,2. Daylight,LOCATED,-76.78272,-76.78272,MAINLINE,MAIN,0,0,0,0,0,Undivided Roadway,"20,22",Not MOTORCYCLE,398714,398714.  FR00665       SR00031       SR00031       SR00359,17035,16658,9547,9208,9641,2,1,0.003,VDOT_PRI,,,,,,,,,0,65,22,0,1,,0,0,,,,,,,,,Not PED,,1,0,James City,47,5,NOT-RD,10. Intersection Related - Within 150 Feet,6,20.50,20.74,1. Straight - Level,1. No Defects,"1. Two-Way, Not Divided",1. Dry,"4. Slag, Gravel, Stone",COLONIAL PARKWAY,STPRI,SR,R-VA   SR00031NB,"Urbanized (Population 200,000 and over)",3. No,"0,0",15957,15604,7136,6882,7268,SENIOR,None,"10,10","25,25",Not SPEED,"25,25",726712,0.37,"2. No,Not Provided",0,"0,0",9AM TO 12PM,1,1,4. Stop Sign,1. Yes - Working,Not a Parkway - Trucks and Commercial Vehicles Allowed,"1,2","9. Bicycle,1. Passenger car",,"1. Going Straight Ahead,3. Making Left Turn",,,5,5.Hampton Roads,1. No Adverse Condition (Clear/Cloudy),Not Provided,2. No,Not Provided,Not YOUNG
No Access Control,Not ALCIHOL,Urban,0,0,Bituminous Concrete (Black Base),99-00782(B)/YORKTOWN ROAD,Not UNBELTED,62,Male,C,1,BIKE,5.05,0,0,55,2. Angle,"Not Provided,Not Provided","Not Provided,Not Provided",SR00171,5.065,4,10/12/2012,10/12/2012,22. Bicycle,1124,C.Non-Visible Injury,2012,None,1,1,York,Urban,22. Bicycle,MAIN,9AM TO 12PM,99.York,79,Intersection,Reset Filters,VDOT_OTHER,Friday,Not DEER,"East,East",,5,1,122865155,"62,54","Male,Male","C,PDO","1,2","42. Improper or Unsafe Lane Change,1. No Improper Action","3. Unavailable/Not Applicable,2. Not Deployed","Not Applicable,Not Applicable","1. No Defects,1. No Defects","14. No Driver Distraction,14. No Driver Distraction","1. Had Not Been Drinking,1. Had Not Been Drinking","2. No,2. No","1. Not Ejected,1. Not Ejected","No,NotProvided","No,No","5. Helmet,3. Lap and Shoulder Belt","1. Not Obscured,1. Not Obscured",,,5,671313,99-00691(R)/ELLIOTT ROAD,0,0,"0.Two-way, non-divided","20,22",1. On Roadway,"0,0",H,H.Urban Minor Arterial,State Primary and Interstate,Not GUARDRAIL,Not HIT_RUN,"7,11",1,1. Not at Intersection,122865155,N,0,0,37.124741,37.124741,8,0.2,Not LRTRUCK,2. Daylight,LOCATED,-76.409699,-76.409699,MAINLINE,MAIN,0,0,0,0,0,Undivided Roadway,"20,22",Not MOTORCYCLE,671470,671470.  9900782       9900782       SR00171       SR00171,24600,24056,23484,22647,23106,2,1,0.015,VDOT_PRI,,,,,,,,,0,120,25,0,1,,0,0,,,,,,,,,Not PED,,1,0,York,99,5,NOT-RD,8. Non-Intersection,8,5.00,5.05,1. Straight - Level,1. No Defects,"1. Two-Way, Not Divided",1. Dry,"2. Blacktop, Asphalt, Bituminous",VICTORY BLVD,STPRI,SR,R-VA   SR00171EB,"Urbanized (Population 200,000 and over)",3. No,"0,0",19704,19268,18559,17898,18261,Not SENIOR,None,"5,50","5,55",Not SPEED,"55,55",671470,0,"2. No,2. No",0,"0,0",9AM TO 12PM,1,1,6. Traffic Lanes Marked,1. Yes - Working,Not a Parkway - Trucks and Commercial Vehicles Allowed,"1,2","9. Bicycle,1. Passenger car","TREK,LINCOLN","4. Making U-Turn,1. Going Straight Ahead","MADONE 5.2,MK2",20082012,5,5.Hampton Roads,1. No Adverse Condition (Clear/Cloudy),Not Provided,2. No,Not Provided,Not YOUNG
,Not ALCIHOL,Urban,0,0,,,Not UNBELTED,20,Male,B,2,BIKE,,1,1,,2. Angle,"Not Provided,Not Provided","Not Provided,Not Provided",,,,10/12/2012,10/12/2012,22. Bicycle,1127,B.Visiible Injury,2012,,0,0,Newport News,Urban,22. Bicycle,MAIN,9AM TO 12PM,121.Newport News,,Not Intersection,Reset Filters,VDOT_OTHER,Friday,Not DEER,"West,South",,5,1,122865183,"46,20","Male,Male","PDO,B","1,2","37. Other,1. No Improper Action","2. Not Deployed,3. Unavailable/Not Applicable","4. No Test,4. No Test","1. No Defects,1. No Defects","14. No Driver Distraction,14. No Driver Distraction","1. Had Not Been Drinking,1. Had Not Been Drinking","Not Applicable,Not Applicable","1. Not Ejected,1. Not Ejected","NotProvided,NotProvided","No,No","3. Lap and Shoulder Belt,8. No Restraint Used","5. Trees, Crops, etc.,5. Trees, Crops, etc.",,,,,,,,,"22,20",1. On Roadway,"0,0",,,,Not GUARDRAIL,Not HIT_RUN,"3,0",1,1. Not at Intersection,,C,0,0,37.061785,37.061785,,,Not LRTRUCK,2. Daylight,UNLOCATED,-76.498818,-76.498818,MAINLINE,,,,,,,,"22,20",Not MOTORCYCLE,,.,,,,,,,1,,SEC_URBAN,,,,,,,,,,,,0,1,,0,0,,,,,,,,,Not PED,,1,0,Newport News,121,5,NOT-RD,1. Main-Line Roadway,,,,1. Straight - Level,1. No Defects,"1. Two-Way, Not Divided",1. Dry,"2. Blacktop, Asphalt, Bituminous",UNIVERSITY PLACE,UNKWN,SC,U-VA121SC99999UK,,3. No,"0,0",,,,,,Not SENIOR,,"5,10","10,10",Not SPEED,"10,10",,,"3. Pending,Not Provided",,"0,0",9AM TO 12PM,1,1,1. No Traffic Control,6. No Traffic Control Device Present,,"1,2","1. Passenger car,9. Bicycle","FIAT,HARO","1. Going Straight Ahead,1. Going Straight Ahead","FIAT 500,MOUNTAIN BIKE",2012,5,5.Hampton Roads,1. No Adverse Condition (Clear/Cloudy),Not Provided,2. No,Not Provided,YOUNG
,Not ALCIHOL,Urban,0,0,,,Not UNBELTED,68,Male,B,1,BIKE,,1,1,,2. Angle,"Not Provided,Not Provided","Not Provided,Not Provided",,,,10/12/2012,10/12/2012,19. Ped,1330,B.Visiible Injury,2012,,0,0,Norfolk,Urban,19. Ped,MAIN,12PM TO 3PM,122.Norfolk,,Not Intersection,Reset Filters,VDOT_OTHER,Friday,Not DEER,"West,Not Provided",,5,1,130860042,"68,51","Male,Male","B,PDO","1,2","1. No Improper Action,1. No Improper Action","3. Unavailable/Not Applicable,2. Not Deployed","Not Applicable,Not Applicable","2. Eyesight Defective,1. No Defects","Not Applicable,Not Applicable","1. Had Not Been Drinking,1. Had Not Been Drinking","2. No,2. No","3. Totally Ejected,1. Not Ejected","Yes,No","No,No","9. Not Applicable,3. Lap and Shoulder Belt","10. Parked Vehicle(s),10. Parked Vehicle(s)",,,,,,,,,"19,0",1. On Roadway,"0,0",,,,Not GUARDRAIL,Not HIT_RUN,"1,0",1,4. Four Approaches,,C,0,0,36.870703,36.870703,,,Not LRTRUCK,2. Daylight,UNLOCATED,-76.287892,-76.287892,MAINLINE,,,,,,,,"19,0",Not MOTORCYCLE,,.,,,,,,,1,,SEC_URBAN,,,,,,,,,,,,0,1,,0,0,,,,,,,,,Not PED,,1,0,Norfolk,122,5,NOT-RD,10. Intersection Related - Within 150 Feet,,,,1. Straight - Level,1. No Defects,"1. Two-Way, Not Divided",1. Dry,"2. Blacktop, Asphalt, Bituminous",300 W 24TH ST,UNKWN,SC,U-VA122SC99999UK,,3. No,"0,0",,,,,,SENIOR,,20,"0,25",Not SPEED,"0,25",,,"2. No,Not Provided",,"0,0",12PM TO 3PM,1,1,4. Stop Sign,1. Yes - Working,,"1,2","9. Bicycle,1. Passenger car",CHRYSLER,"15. Other,2. Making Right Turn",300,2005,5,5.Hampton Roads,1. No Adverse Condition (Clear/Cloudy),Not Provided,2. No,Not Provided,Not YOUNG
No Access Control,Not ALCIHOL,Urban,0,0,Bituminous Concrete (Black Base),PALACE GREEN BLVD(B)/,Not UNBELTED,85,Female,B,2,BIKE,1.62,1,1,,2. Angle,"Not Provided,Not Provided","Not Provided,Not Provided",13408733,1.62,3,10/14/2012,10/14/2012,22. Bicycle,1556,B.Visiible Injury,2012,Left and Right sides,0,0,Virginia Beach,Urban,22. Bicycle,MAIN,3PM TO 6PM,134.Virginia Beach,"2,006",Intersection,Reset Filters,VDOT_OTHER,Sunday,Not DEER,"West,North",,5,1,122895213,"42,85","Female,Female","PDO,B","1,2","1. No Improper Action,37. Other","2. Not Deployed,2. Not Deployed","4. No Test,4. No Test","1. No Defects,1. No Defects","14. No Driver Distraction,14. No Driver Distraction","1. Had Not Been Drinking,1. Had Not Been Drinking","2. No,2. No","1. Not Ejected,3. Totally Ejected","No,Yes","No,No","3. Lap and Shoulder Belt,8. No Restraint Used","1. Not Obscured,1. Not Obscured",,,2,542153,PRESIDENTIAL BLVD(B)/,0,0,"0.Two-way, non-divided","22,20",1. On Roadway,"0,0",H,H.Urban Minor Arterial,Other City or Town Streets (not state maintained),Not GUARDRAIL,Not HIT_RUN,"12,4",1,4. Four Approaches,122895213,C,0,0,36.829391,36.829391,0,0.22,Not LRTRUCK,2. Daylight,LOCATED,-76.104757,-76.104757,MAINLINE,MAIN,0,0,0,0,0,Undivided Roadway,"22,20",Not MOTORCYCLE,542150,542150. 13408733      13408733      13408742,12568,9816,9907,9547,9685,2,1,0.38,SEC_URBAN,,,,,,,,,0,0,40,0,1,,0,0,,,,,,,,,Not PED,,1,0,Virginia Beach,134,5,NOT-RD,9. Within Intersection,0,1.50,1.62,1. Straight - Level,1. No Defects,"1. Two-Way, Not Divided",1. Dry,"2. Blacktop, Asphalt, Bituminous",3799 S PLAZA TL,URB,UR,R-VA134UR08733SB,"Urbanized (Population 200,000 and over)",3. No,"0,0",11812,9165,9250,8914,8978,SENIOR,Left and Right sides,25,"25,25",Not SPEED,"25,25",542152,0,"2. No,2. No",0,"0,0",3PM TO 6PM,1,1,1. No Traffic Control,6. No Traffic Control Device Present,Not a Parkway - Trucks and Commercial Vehicles Allowed,"1,2","1. Passenger car,9. Bicycle","NISSAN,UNK","1. Going Straight Ahead,1. Going Straight Ahead","VERSA,BICYCLE",2011,5,5.Hampton Roads,1. No Adverse Condition (Clear/Cloudy),Not Provided,2. No,Not Provided,Not YOUNG
No Access Control,ALCOHOL,Urban,1,1,"N/A, Unknown, or Unstabilized",WAGNER ST(R)/,Not UNBELTED,39,Male,A,1,BIKE,3.17,0,0,,3. Head On,"Not Provided,Not Provided","Not Provided,Not Provided",13408738,3.17,4,10/14/2012,10/14/2012,20. Motor Vehicle In Transport,215,A.Ambulatory Injury,2012,Left and Right sides,0,0,Virginia Beach,Urban,20. Motor Vehicle In Transport,MAIN,0AM TO 3AM,134.Virginia Beach,"2,534",Intersection,Reset Filters,VDOT_OTHER,Sunday,Not DEER,"East,West",,5,1,122955261,"39,26","Male,Male","A,PDO","1,2","10. Wrong Side Of Road - Not Overtaking,1. No Improper Action","3. Unavailable/Not Applicable,2. Not Deployed","4. No Test,4. No Test","1. No Defects,1. No Defects","14. No Driver Distraction,14. No Driver Distraction","2. Drinking - Obviously Drunk,4. Drinking - Ability Not Impaired","3. Unknown,2. No","1. Not Ejected,1. Not Ejected","Yes,No","No,No","8. No Restraint Used,3. Lap and Shoulder Belt","1. Not Obscured,1. Not Obscured",,,3,542248,CHESTNUT CT(R)/,0,0,"0.Two-way, non-divided","20,22",1. On Roadway,"0,0",I,I.Urban Collector,Other City or Town Streets (not state maintained),Not GUARDRAIL,Not HIT_RUN,"12,12",1,3. Three Approaches,122955261,C,0,0,36.839249,36.839249,0,0.11,Not LRTRUCK,4. Darkness - Road Lighted,LOCATED,-76.10615,-76.10615,MAINLINE,MAIN,0,0,0,0,0,Undivided Roadway,"20,22",Not MOTORCYCLE,541279,541279.  IS00264W018A 13400013      13400013      13408738,38270,39034,44038,42608,43581,4,1,0.48,SEC_URBAN,,,,,,,,,0,0,52,0,1,,0,0,,,,,,,,,Not PED,,1,0,Virginia Beach,134,5,RD-UNKNOWN,9. Within Intersection,0,3.00,3.17,1. Straight - Level,1. No Defects,"1. Two-Way, Not Divided",1. Dry,"2. Blacktop, Asphalt, Bituminous",3800 BONNEY ROAD,URB,UR,R-VA134UR08738WB,"Urbanized (Population 200,000 and over)",3. No,"0,0",13066,13161,13283,12800,13473,Not SENIOR,None,35,"35,35",Not SPEED,"35,35",542247,0,"3. Pending,2. No",0,"0,0",0AM TO 3AM,1,1,6. Traffic Lanes Marked,1. Yes - Working,Not a Parkway - Trucks and Commercial Vehicles Allowed,"1,2","9. Bicycle,1. Passenger car","TREK,CHEVY","1. Going Straight Ahead,1. Going Straight Ahead","ANTELOPE,CAPRICE",1995,5,5.Hampton Roads,1. No Adverse Condition (Clear/Cloudy),Not Provided,2. No,Not Provided,Not YOUNG
No Access Control,Not ALCIHOL,Urban,0,0,Portland Cement Concrete,124-08547(B)/DEEP CREEK BLVD,Not UNBELTED,22,Male,C,2,BIKE,26.88,0,0,,2. Angle,"Not Provided,Not Provided","Not Provided,Not Provided",US00017,26.885,4,4/9/2012,4/9/2012,22. Bicycle,1310,C.Non-Visible Injury,2012,Left and Right sides,1,1,Portsmouth,Urban,22. Bicycle,MAIN,12PM TO 3PM,124.Portsmouth,26,Intersection,Reset Filters,VDOT_OTHER,Monday,Not DEER,"West,East",,5,1,121675055,"26,22","Male,Male","PDO,C","1,2","1. No Improper Action,21. Disregarded Traffic Signal","2. Not Deployed,3. Unavailable/Not Applicable","Not Applicable,Not Applicable","1. No Defects,Not Applicable","Not Applicable,Not Applicable","1. Had Not Been Drinking,1. Had Not Been Drinking","2. No,3. Unknown","1. Not Ejected,3. Totally Ejected","No,No","No,No","3. Lap and Shoulder Belt,9. Not Applicable","1. Not Obscured,1. Not Obscured",,,27,483080,US-00017-N027A(R)/TO ROUTE 264 EAST,0,1,"1.Divided, no control of access","22,22",1. On Roadway,"0,0",E,E.Urban Other Principle Arterials; Connecting Links of Other Rural Principal Arterial,Urban Extensions - Primary Routes,Not GUARDRAIL,Not HIT_RUN,"1,7",1,2. Two Approaches,121675055,C,0,0,36.817826,36.817826,0,0.35,Not LRTRUCK,2. Daylight,LOCATED,-76.32681,-76.32681,MAINLINE,MAIN,0,0,Curbed Grass,26,26,Divided Roadway,"22,22",Not MOTORCYCLE,483081,483081.  US00017       US00017      12408547      12408547,27241,27855,23498,23899,24667,4,1,0.005,PRI_URBAN,,,,,,,,,0,226,48,0,1,,0,0,,,,,,,,,Not PED,,1,0,Portsmouth,124,5,NOT-RD,10. Intersection Related - Within 150 Feet,0,26.75,26.88,1. Straight - Level,1. No Defects,"3. Two-Way, Divided, Positive Median Barrier",1. Dry,1. Concrete,FREDERICK BLVD,USPRI,US,R-VA   US00017SB,"Urbanized (Population 200,000 and over)",3. No,"0,0",23918,24791,19362,20095,20829,Not SENIOR,Left side,"35,10","35,25",Not SPEED,"35,35",483081,0,"Not Provided,Not Provided",0,"0,0",12PM TO 3PM,1,1,3. Traffic Signal,1. Yes - Working,Designated Truck Route - D2,"1,2","1. Passenger car,9. Bicycle",CHRY,"1. Going Straight Ahead,1. Going Straight Ahead",SEBRING,2003,5,5.Hampton Roads,1. No Adverse Condition (Clear/Cloudy),Not Provided,2. No,Not Provided,Not YOUNG
No Access Control,Not ALCIHOL,Urban,0,0,Bituminous Concrete (Black Base),NIMMO PKWY(B)/,UNBELTED,17,Female,PDO,2,BIKE,16.76,1,1,,16. Other,"Not Provided,Not Provided","Not Provided,Not Provided",13408669,17.132,3,4/9/2012,4/9/2012,20. Motor Vehicle In Transport,1615,B.Visiible Injury,2012,Left and Right sides,0,0,Virginia Beach,Urban,20. Motor Vehicle In Transport,MAIN,3PM TO 6PM,134.Virginia Beach,"3,495",Intersection,Reset Filters,VDOT_OTHER,Monday,Not DEER,"North,East",,5,1,121025108,"19,17","Female,Female","B,PDO","1,2","11. Did Not Have Right-of-Way,1. No Improper Action","3. Unavailable/Not Applicable,2. Not Deployed","4. No Test,4. No Test","1. No Defects,1. No Defects","Not Applicable,Not Applicable","1. Had Not Been Drinking,1. Had Not Been Drinking","2. No,2. No","1. Not Ejected,1. Not Ejected","Yes,No","No,No","8. No Restraint Used,3. Lap and Shoulder Belt","1. Not Obscured,1. Not Obscured",,,17,742541,RED MILL BLVD(R)/LONDON BRIDGE ROAD(L)/,0,1,"1.Divided, no control of access","20,22",1. On Roadway,"0,0",E,E.Urban Other Principle Arterials; Connecting Links of Other Rural Principal Arterial,Other City or Town Streets (not state maintained),Not GUARDRAIL,Not HIT_RUN,"9,12",1,4. Four Approaches,121025108,C,0,0,36.768446,36.768446,0,0.38,Not LRTRUCK,2. Daylight,LOCATED,-76.013314,-76.013314,MAINLINE,MAIN,0,0,Curbed Grass,40,16,Divided Roadway,"20,22",Not MOTORCYCLE,541141,541141.  SR00149      13408669      13408669,44046,39106,39467,38035,31486,4,1,0.662,SEC_URBAN,,,,,,,,,0,0,52,0,1,,0,0,,,,,,,,,Not PED,,1,0,Virginia Beach,134,5,NOT-RD,9. Within Intersection,0,17.00,17.13,1. Straight - Level,1. No Defects,"2. Two-Way, Divided, Unprotected Median",1. Dry,"2. Blacktop, Asphalt, Bituminous",GENERAL BOOTH BLVD,URB,UR,R-VA134UR08669NB,"Urbanized (Population 200,000 and over)",3. No,"0,0",45628,37263,37607,36242,34903,Not SENIOR,Left and Right sides,"2,5","35,35",Not SPEED,"35,35",736637,0,"2. No,2. No",0,"0,0",3PM TO 6PM,1,1,3. Traffic Signal,1. Yes - Working,Not a Parkway - Trucks and Commercial Vehicles Allowed,"1,2","2. Truck - Pick-up/Passenger Truck,9. Bicycle","HUFFY,Ford","1. Going Straight Ahead,2. Making Right Turn","BEACH CRUISER,Excursion",20112001,5,5.Hampton Roads,1. No Adverse Condition (Clear/Cloudy),Not Provided,2. No,Not Provided,YOUNG
No Access Control,Not ALCIHOL,Urban,0,0,Bituminous Concrete (Black Base),SR-00143(R)/US-00258(R)/,Not UNBELTED,57,Female,C,2,BIKE,51.13,0,0,,12. Ped,"Not Provided,Not Provided","Not Provided,Not Provided",US00017,51.136,4,4/12/2012,4/12/2012,22. Bicycle,1635,C.Non-Visible Injury,2012,Left and Right sides,1,1,Newport News,Urban,22. Bicycle,MAIN,3PM TO 6PM,121.Newport News,32,Intersection,Reset Filters,VDOT_OTHER,Thursday,Not DEER,"East,West",,5,1,121770140,"26,57","Female,Female","PDO,C","1,2","1. No Improper Action,20. Disregarded Officer or Flagger","2. Not Deployed,3. Unavailable/Not Applicable","4. No Test,4. No Test","1. No Defects,1. No Defects","Not Applicable,Not Applicable","1. Had Not Been Drinking,1. Had Not Been Drinking","Not Applicable,3. Unknown","1. Not Ejected,1. Not Ejected","No,No","No,No","3. Lap and Shoulder Belt,9. Not Applicable","1. Not Obscured,1. Not Obscured",,,51,756246,US-00258-W059B(L)/US-00017-S051A(L)/RAMP TO U,0,1,"1.Divided, no control of access","22,20",1. On Roadway,"0,0",E,E.Urban Other Principle Arterials; Connecting Links of Other Rural Principal Arterial,Urban Extensions - Primary Routes,Not GUARDRAIL,Not HIT_RUN,"12,12",1,4. Four Approaches,121770140,C,0,0,37.019783,37.019783,0,0.06,Not LRTRUCK,2. Daylight,LOCATED,-76.444567,-76.444567,MAINLINE,MAIN,0,0,Curbed Grass,14,4,Divided Roadway,"22,20",Not MOTORCYCLE,910001,910001.  SR00143       US00017       US00017       US00258,73776,74973,68366,68709,69798,6,1,0.006,PRI_URBAN,,,,,,,,,0,179,72,0,1,,0,0,,,,,,,,,Not PED,,1,0,Newport News,121,5,NOT-RD,9. Within Intersection,0,11.25,11.26,1. Straight - Level,1. No Defects,"2. Two-Way, Divided, Unprotected Median",1. Dry,"2. Blacktop, Asphalt, Bituminous",JEFFERSON AVE,USPRI,US,R-VA   US00017NB,"Urbanized (Population 200,000 and over)",3. No,"0,0",40702,41593,39530,39683,39836,Not SENIOR,Left and Right sides,"1,3","35,35",Not SPEED,"35,35",910001,0,"2. No,1. Yes",0,"0,0",3PM TO 6PM,1,1,3. Traffic Signal,1. Yes - Working,Designated Truck Route - D2,"1,2","1. Passenger car,9. Bicycle",TOYOTA,"2. Making Right Turn,1. Going Straight Ahead",COROLLA,2009,5,5.Hampton Roads,1. No Adverse Condition (Clear/Cloudy),Not Provided,2. No,Not Provided,Not YOUNG