Access Control,Alcohol Notalcohol,Area Type1,A Crash,A People,Basetypedesc,Begin Node Dsc,Belted Unbelted,Bikeage,Bikegen,Bikeinjurytype,Bikevehiclenumber,Bike Nonbike,BMP,B Crash,B People,Carspeedlimit,Collision Type,Comm Cargo Body Type Cd,Comm Vehicle Body Type Cd,Cotedrouteid,Coted Mp,Count App,CRASH_DT (copy),Crash Dt,Crash Event Type Dsc,Crash Military Tm,Crash Severity,Crash Year,Curbgutterdesc,C Crash,C People,Juris Name Used,Area Type Used,First Harmful Event of Entire Crash,MAINLINE,Time Slicing Used,Phy_Juris_Nm,Offset-Ft,Intersection Analysis,Clear,Calculation_9640323132123359,Day Of Week,Deer Nodeer,Direction Of Travel Cd,Distracted Notdistracted,VSP,TOTAL CRASH,Document Nbr,Driverage,Drivergen,Driverinjurytype,Drivervehiclenumber,Driver Action Type Cd,Driver Airbag Deployment,Driver Alcohol Test Type Cd,Driver Condition Type Cd,Driver Distraction Type Cd,Driver Drinking Type Cd,Driver Drug Use Cd,Driver Ejected From Vehicle,Driver Ems Transport Ind,Driver Fled Scene Ind,Driver Safety Equip Used,Driver Vis Obscured Type Cd,Drowsy Notdrowsy,Drug Nodrug,EMP,End Node,End Node Dsc,End Offset,Facility,FAC,First Crash Event Cd,First Harmful Event,Fourth Crash Event Cd,Functionalclass,FUN,Govcondesc,Gr Nogr,Hitrun Not Hitrun,Initial Veh Impact Area Cd,Injury Crashes,Intersection Type,Int Doc,Jurtype,K_CRASH,K People,LAT (copy),LAT,Leftshoulderwidth,Length,Lgtruck Nonlgtruck,Light Condition,Located Unlocated,LON (copy),LON,MAINLINE (group),Mainline Yn,Medianleftshoulderwidth,Medianrightshoulderwidth,Mediantypedesc,Medianwidthmax,Medianwidthmin,Median Type,Most Harmful Crash Event Cd,Motor Nonmotor,Node,Node Info,Node Totaadt2011,Node Totaadt2012,Node Totaadt2013,Node Totaadt2014,Node Totaadt2015,Numberoflane,Number of Records,Offset,Ownership,Passage,Passgen,Passinjurytype,Passvehiclenumber,Pass Airbag Deployment,Pass Ejected From Vehicle,Pass Ems Transport Ind,Pass Safety Equip Used,Pavementconditionvalue,Pavementroughnessvalue,Pavementwidth,Pdo Crash,Total People Killed & Injured,Pedage,Pedestrians Injured,Pedestrians Killed,Pedgen,Pedinjurytype,Pednumber,Ped Action,Ped Al Test,Ped Cond,Ped Drink,Ped Drug,Ped Nonped,Ped Rflct,Persons Injured,Persons Killed,Physical Juris Nm,PJR,VSP_Used,Rd Type,Relation To Roadway,Rightshoulderwidth,RNS_MP (0.25 mi bin),Rns Mp,Roadway Alignment,Roadway Defect,Roadway Description,Roadway Surface Cond,Roadway Surface Type,Route Or Street Nm,Rte Category Cd,Rte Cat,Rte Nm,Ruralurbandesc,School Zone,Second Crash Event Cd,Segtotaadt2011,Segtotaadt2012,Segtotaadt2013,Segtotaadt2014,Segtotaadt2015,Senior Notsenior,Sidewalkdesc,Speed Before,Speed Max Safe,Speed Notspeed,Speed Posted,Start Node,Start Offset,Summons Issued Cd,Surfacedesc,Third Crash Event Cd,Time Slicing,Total Crashes including Property Damage Only,Total Crash,Traffic Control Type,Trfc Ctrl Status Type,Truckcommr,Vehiclenumber,Vehicle Body Type Cd,Vehicle Make Nm,Vehicle Maneuver Type Cd,Vehicle Model Nm,Vehicle Year Nbr,District,District_Used ,Weather Condition,Work Zone Location,Work Zone Related,Work Zone Type,Young Notyoung
No Access Control,Not ALCIHOL,Urban,0,0,"N/A, Unknown, or Unstabilized",134-08719(L)/ATLANTIC AV,Not UNBELTED,,"Female,Female,Female","B,B,B",,BIKE,303.14,1,3,,3. Head On,"Not Provided,Not Provided,Not Provided,Not Provided","Not Provided,Not Provided,Not Provided,Not Provided",US00060,303.255,3,4/12/2012,4/12/2012,22. Bicycle,552,B.Visiible Injury,2012,Left side,0,1,Virginia Beach,Urban,22. Bicycle,MAIN,3AM TO 6AM,134.Virginia Beach,871,Intersection,Reset Filters,VDOT_OTHER,Thursday,Not DEER,"South,North,North,North",,5,1,121185033,"65,32,34,23","Male,Female,Female,Female","C,B,B,B","1,2,3,4","11. Did Not Have Right-of-Way,1. No Improper Action,1. No Improper Action,1. No Improper Action","2. Not Deployed,3. Unavailable/Not Applicable,3. Unavailable/Not Applicable,3. Unavailable/Not Applicable","4. No Test,4. No Test,4. No Test,4. No Test","1. No Defects,1. No Defects,1. No Defects,1. No Defects","14. No Driver Distraction,14. No Driver Distraction,14. No Driver Distraction,14. No Driver Distraction","1. Had Not Been Drinking,1. Had Not Been Drinking,1. Had Not Been Drinking,1. Had Not Been Drinking","2. No,2. No,2. No,2. No","1. Not Ejected,3. Totally Ejected,3. Totally Ejected,1. Not Ejected","No,Yes,Yes,No","No,No,No,No","3. Lap and Shoulder Belt,5. Helmet,5. Helmet,5. Helmet","1. Not Obscured,1. Not Obscured,1. Not Obscured,1. Not Obscured",,,303,541105,134-08719(L)/ATLANTIC AV,0.33,0,"0.Two-way, non-divided","22,20,20,20",1. On Roadway,"0,0,0,0",I,I.Urban Collector,Urban Extensions - Primary Routes,Not GUARDRAIL,Not HIT_RUN,"12,12,12,12",1,1. Not at Intersection,121185033,C,0,0,36.842501,36.842501,0,0.28,Not LRTRUCK,1. Dawn,LOCATED,-75.973556,-75.973556,MAINLINE,MAIN,0,0,0,0,0,Undivided Roadway,"22,20,20,20",Not MOTORCYCLE,541105,541105.  US00060       US00060      13408719,12256,9957,10050,9685,9651,4,1,0.165,PRI_URBAN,,,,,,,,,0,108,46,0,4,,0,0,,,,,,,,,Not PED,,4,0,Virginia Beach,134,5,NOT-RD,8. Non-Intersection,6,303.25,303.25,1. Straight - Level,1. No Defects,"1. Two-Way, Not Divided",1. Dry,"2. Blacktop, Asphalt, Bituminous",1300 ATLANTIC AVE,USPRI,US,R-VA   US00060EB,"Urbanized (Population 200,000 and over)",3. No,"22,0,0,0",7746,6878,6942,6690,6381,SENIOR,Left side,"10,25,25,25","25,25,25,25",Not SPEED,"25,25,25,25",541105,0.05,"1. Yes,2. No,2. No,2. No",0,"22,0,0,0",3AM TO 6AM,1,1,6. Traffic Lanes Marked,1. Yes - Working,Not a Parkway - Trucks and Commercial Vehicles Allowed,"1,2,3,4","1. Passenger car,9. Bicycle,9. Bicycle,9. Bicycle","Chevrolet,TREK,CERVELO,TREK","3. Making Left Turn,1. Going Straight Ahead,1. Going Straight Ahead,1. Going Straight Ahead","Monte Carlo,CRV CARBON,T3,CLV CARBON",1.996201220e+15,5,5.Hampton Roads,1. No Adverse Condition (Clear/Cloudy),Not Provided,2. No,Not Provided,Not YOUNG
No Access Control,Not ALCIHOL,Urban,0,0,Bituminous Concrete (Black Base),SEWARD DRIVE(R)/,Not UNBELTED,51,Female,B,2,BIKE,0.43,1,1,,16. Other,"Not Provided,Not Provided","Not Provided,Not Provided",11407008,0.432,4,6/10/2015,6/10/2015,19. Ped,1541,B.Visiible Injury,2015,Left and Right sides,0,0,Hampton,Urban,19. Ped,MAIN,3PM TO 6PM,114.Hampton,"1,204",Intersection,Reset Filters,VDOT_OTHER,Wednesday,Not DEER,"North,South",,5,1,152165201,"53,51","Female,Female","PDO,B","1,2","11. Did Not Have Right-of-Way,Not Applicable","2. Not Deployed,3. Unavailable/Not Applicable","4. No Test,4. No Test","1. No Defects,1. No Defects","Not Applicable,Not Applicable","1. Had Not Been Drinking,1. Had Not Been Drinking","2. No,2. No","1. Not Ejected,3. Totally Ejected","No,Yes","No,No","3. Lap and Shoulder Belt,8. No Restraint Used","1. Not Obscured,1. Not Obscured",,,1,253252,114-07053(B)/ANDREWS BLVD,0,1,"1.Divided, no control of access","22,22",1. On Roadway,"0,0",I,I.Urban Collector,Other City or Town Streets (not state maintained),Not GUARDRAIL,Not HIT_RUN,"8,12",1,1. Not at Intersection,152165201,C,0,0,37.05034,37.05034,0,0.23,Not LRTRUCK,2. Daylight,LOCATED,-76.31077,-76.31077,MAINLINE,MAIN,0,0,Curbed Grass,16,3,Divided Roadway,"22,22",Not MOTORCYCLE,253252,253252. 11407008      11407008      11407053      11407053,9866,9658,8182,7890,8050,3,1,0.228,SEC_URBAN,,,,,,,,,3,0,48,0,1,,0,0,,,,,,,,,Not PED,,1,0,Hampton,114,5,NOT-RD,1. Main-Line Roadway,0,0.25,0.43,1. Straight - Level,1. No Defects,"3. Two-Way, Divided, Positive Median Barrier",1. Dry,"2. Blacktop, Asphalt, Bituminous",2070 NICKERSON BLVD,URB,UR,R-VA114UR07008WB,"Urbanized (Population 200,000 and over)",3. No,"0,0",4783,4687,3783,3648,3722,Not SENIOR,Left and Right sides,"10,10","35,35",Not SPEED,"35,35",253251,0,"1. Yes,2. No",0,"0,0",3PM TO 6PM,1,1,1. No Traffic Control,6. No Traffic Control Device Present,Not a Parkway - Trucks and Commercial Vehicles Allowed,"1,2","1. Passenger car,9. Bicycle",FORD,"Not Applicable,1. Going Straight Ahead",4DSN,2010,5,5.Hampton Roads,1. No Adverse Condition (Clear/Cloudy),Not Provided,2. No,Not Provided,Not YOUNG
,Not ALCIHOL,Urban,0,0,,,Not UNBELTED,8,Female,C,2,BIKE,,0,0,,2. Angle,"Not Provided,Not Provided","Not Provided,Not Provided",,,,6/10/2015,6/10/2015,22. Bicycle,1939,C.Non-Visible Injury,2015,,1,1,Norfolk,Urban,22. Bicycle,MAIN,6PM TO 9PM,122.Norfolk,,Not Intersection,Reset Filters,VDOT_OTHER,Wednesday,Not DEER,"North,West",,5,1,152310014,"38,8","Male,Female","PDO,C","1,2","1. No Improper Action,11. Did Not Have Right-of-Way","2. Not Deployed,3. Unavailable/Not Applicable","Not Applicable,Not Applicable","1. No Defects,1. No Defects","Not Applicable,Not Applicable","1. Had Not Been Drinking,1. Had Not Been Drinking","2. No,2. No","1. Not Ejected,3. Totally Ejected","No,Yes","No,No","3. Lap and Shoulder Belt,9. Not Applicable","1. Not Obscured,1. Not Obscured",,,,,,,,,"22,20",1. On Roadway,"0,0",,,,Not GUARDRAIL,Not HIT_RUN,"1,12",1,3. Three Approaches,,C,0,0,36.92025,36.92025,,,Not LRTRUCK,2. Daylight,UNLOCATED,-76.19461,-76.19461,MAINLINE,,,,,,,,"22,20",Not MOTORCYCLE,,.,,,,,,,1,,SEC_URBAN,,,,,,,,,,,,0,1,,0,0,,,,,,,,,Not PED,,1,0,Norfolk,122,5,NOT-RD,9. Within Intersection,,,,1. Straight - Level,1. No Defects,"1. Two-Way, Not Divided",1. Dry,"2. Blacktop, Asphalt, Bituminous",7900 RANSOM RD,UNKWN,SC,U-VA122SC99999UK,,3. No,"0,0",,,,,,Not SENIOR,,25,"25,0",Not SPEED,"25,0",,,"2. No,2. No",,"0,0",6PM TO 9PM,1,1,1. No Traffic Control,6. No Traffic Control Device Present,,"1,2","2. Truck - Pick-up/Passenger Truck,9. Bicycle",FORD,"1. Going Straight Ahead,1. Going Straight Ahead",F150,1998,5,5.Hampton Roads,1. No Adverse Condition (Clear/Cloudy),Not Provided,2. No,Not Provided,Not YOUNG
No Access Control,Not ALCIHOL,Urban,1,1,Bituminous Concrete (Black Base),MICALE AVE(R)/,Not UNBELTED,19,Male,A,2,BIKE,0.34,0,0,,12. Ped,"Not Provided,Not Provided","Not Provided,Not Provided",11407026,0.34,4,6/11/2015,6/11/2015,22. Bicycle,1435,A.Ambulatory Injury,2015,None,0,0,Hampton,Urban,22. Bicycle,MAIN,12PM TO 3PM,114.Hampton,"4,541",Intersection,Reset Filters,VDOT_OTHER,Thursday,Not DEER,"North,West",,5,1,152165209,"19,19","Male,Male","PDO,A","1,2","1. No Improper Action,Not Applicable","2. Not Deployed,3. Unavailable/Not Applicable","4. No Test,4. No Test","1. No Defects,1. No Defects","Not Applicable,Not Applicable","1. Had Not Been Drinking,1. Had Not Been Drinking","2. No,2. No","1. Not Ejected,1. Not Ejected","No,No","No,No","3. Lap and Shoulder Belt,8. No Restraint Used","1. Not Obscured,Not Applicable",,,1,734435,STREET(L)/,0,1,"1.Divided, no control of access","22,20",1. On Roadway,"0,0",B,B.Urban Freeways and Expressways; Connecting Links of Rural Principle Arterial,Other City or Town Streets (not state maintained),Not GUARDRAIL,Not HIT_RUN,"3,10",1,3. Three Approaches,152165209,C,0,0,37.06238,37.06238,7,0.51,Not LRTRUCK,2. Daylight,LOCATED,-76.44245,-76.44245,MAINLINE,MAIN,5,5,Grass/Unprotected,38,24,Divided Roadway,"22,20",Not MOTORCYCLE,716613,716613. 11407021      11407021      11407026      11407026,56237,55815,52023,50969,51396,4,1,0.86,SEC_URBAN,,,,,,,,,0,56,54,0,1,,0,0,,,,,,,,,Not PED,,1,0,Hampton,114,5,NOT-RD,9. Within Intersection,7,0.25,0.34,1. Straight - Level,1. No Defects,"3. Two-Way, Divided, Positive Median Barrier",1. Dry,"2. Blacktop, Asphalt, Bituminous",HAMPTON ROADS CENTER PKWY,URB,UR,R-VA114UR07026EB,"Urbanized (Population 200,000 and over)",3. No,"0,0",21321,21396,21819,21579,21608,Not SENIOR,Left side,"5,5","25,45",Not SPEED,"25,45",734434,0,"2. No,2. No",0,"0,0",12PM TO 3PM,1,1,3. Traffic Signal,1. Yes - Working,Not a Parkway - Trucks and Commercial Vehicles Allowed,"1,2","1. Passenger car,9. Bicycle","TOYT,UNK","3. Making Left Turn,1. Going Straight Ahead","COROLLA,UNKNOWN",,5,5.Hampton Roads,1. No Adverse Condition (Clear/Cloudy),Not Provided,2. No,Not Provided,YOUNG
No Access Control,Not ALCIHOL,Urban,0,0,Bituminous Concrete (Black Base),131-08799(R)/,Not UNBELTED,37,Not Provided,B,2,BIKE,4.88,1,1,,4. Sideswipe - Same Direction,"Not Provided,Not Provided","Not Provided,Not Provided",SR00165,4.9,3,4/14/2012,4/14/2012,22. Bicycle,1550,B.Visiible Injury,2012,None,0,0,Chesapeake,Urban,22. Bicycle,MAIN,3PM TO 6PM,131.Chesapeake,106,Intersection,Reset Filters,VDOT_OTHER,Saturday,Not DEER,"East,East",,5,1,121230175,37,"0,Not Provided","PDO,B","1,2","34. Hit and Run,1. No Improper Action","Not Provided,3. Unavailable/Not Applicable","4. No Test,4. No Test","9. Unknown,1. No Defects","14. No Driver Distraction,14. No Driver Distraction","6. Unknown,1. Had Not Been Drinking","3. Unknown,3. Unknown","Not Provided,3. Totally Ejected","NotProvided,Yes","Yes,No","Not Provided,5. Helmet","1. Not Obscured,1. Not Obscured",,,5,483345,131-08799(R)/,0.06,1,"1.Divided, no control of access","22,20",1. On Roadway,"0,0",H,H.Urban Minor Arterial,Urban Extensions - Primary Routes,Not GUARDRAIL,HIT_RUN,"4,11",1,1. Not at Intersection,121230175,C,0,0,36.710518,36.710518,0,0.06,Not LRTRUCK,2. Daylight,LOCATED,-76.270778,-76.270778,MAINLINE,MAIN,0,0,Curbed Grass,14,4,Divided Roadway,"22,20",Not MOTORCYCLE,483345,483345.  SR00165       SR00165      13108799,30876,30193,30364,34550,35236,3,1,0.02,PRI_URBAN,,,,,,,,,0,220,50,0,1,,0,0,,,,,,,,,Not PED,,1,0,Chesapeake,131,5,NOT-RD,8. Non-Intersection,0,4.75,4.88,1. Straight - Level,1. No Defects,"3. Two-Way, Divided, Positive Median Barrier",1. Dry,"2. Blacktop, Asphalt, Bituminous",CEDAR RD,STPRI,SR,R-VA   SR00165NB,"Urbanized (Population 200,000 and over)",3. No,"0,0",26691,26100,26248,30376,30979,Not SENIOR,None,"45,15","45,45",Not SPEED,"45,45",483345,0,"Not Provided,2. No",0,"0,0",3PM TO 6PM,1,1,6. Traffic Lanes Marked,1. Yes - Working,Not a Parkway - Trucks and Commercial Vehicles Allowed,"1,2","1. Passenger car,9. Bicycle","VW,CERVELO","1. Going Straight Ahead,1. Going Straight Ahead",JETTA SDN,20022011,5,5.Hampton Roads,1. No Adverse Condition (Clear/Cloudy),Not Provided,2. No,Not Provided,Not YOUNG
,ALCOHOL,Urban,0,0,,,Not UNBELTED,60,Male,B,1,BIKE,,1,1,,1. Rear End,"Not Provided,Not Provided","Not Provided,Not Provided",,,,4/14/2012,4/14/2012,22. Bicycle,1830,B.Visiible Injury,2012,,0,0,Hampton,Urban,22. Bicycle,MAIN,6PM TO 9PM,114.Hampton,,Not Intersection,Reset Filters,VDOT_OTHER,Saturday,Not DEER,"Not Provided,West",,5,1,121560202,60,"Male,Male","B,PDO","1,2","31. Avoiding Other Vehicle,Not Applicable","3. Unavailable/Not Applicable,Not Provided","4. No Test,Not Applicable","8. Other,Not Applicable","Not Applicable,Not Applicable","3. Drinking - Ability Impaired,Not Applicable","2. No,Not Applicable","3. Totally Ejected,Not Provided","No,NotProvided","No,No","8. No Restraint Used,Not Provided","1. Not Obscured,Not Applicable",,,,,,,,,"6,22",1. On Roadway,"0,0",,,,Not GUARDRAIL,Not HIT_RUN,"0,6",1,1. Not at Intersection,,C,0,0,37.041676,37.041676,,,Not LRTRUCK,2. Daylight,UNLOCATED,-76.354118,-76.354118,MAINLINE,,,,,,,,"6,22",Not MOTORCYCLE,,.,,,,,,,1,,SEC_URBAN,,,,,,,,,,,,0,1,,0,0,,,,,,,,,Not PED,,1,0,Hampton,114,5,RD-UNKNOWN,8. Non-Intersection,,,,1. Straight - Level,1. No Defects,"1. Two-Way, Not Divided",1. Dry,"2. Blacktop, Asphalt, Bituminous",1238 Easterly Avenve,UNKWN,SC,U-VA114SC99999UK,,3. No,"0,0",,,,,,Not SENIOR,,0,"0,25",Not SPEED,"0,25",,,"2. No,2. No",,"0,0",6PM TO 9PM,1,1,1. No Traffic Control,6. No Traffic Control Device Present,,"1,2","9. Bicycle,1. Passenger car",HYUNDAI,"1. Going Straight Ahead,11. Parked",ACCENT,2004,5,5.Hampton Roads,1. No Adverse Condition (Clear/Cloudy),Not Provided,2. No,Not Provided,Not YOUNG
No Access Control,Not ALCIHOL,Urban,1,1,Bituminous Concrete (Black Base),VERO ST(L)/,Not UNBELTED,17,Male,A,2,BIKE,4.12,0,0,,2. Angle,"Not Provided,Not Provided","Not Provided,Not Provided",SR00194,4.364,3,4/15/2012,4/15/2012,20. Motor Vehicle In Transport,1106,A.Ambulatory Injury,2012,None,0,0,Norfolk,Urban,20. Motor Vehicle In Transport,MAIN,9AM TO 12PM,122.Norfolk,32,Intersection,Reset Filters,VDOT_OTHER,Sunday,Not DEER,"South,West",,5,1,121230252,"21,17","Male,Male","PDO,A","1,2","1. No Improper Action,11. Did Not Have Right-of-Way","2. Not Deployed,3. Unavailable/Not Applicable","Not Applicable,Not Applicable","1. No Defects,1. No Defects","Not Applicable,Not Applicable","1. Had Not Been Drinking,1. Had Not Been Drinking","2. No,2. No","1. Not Ejected,3. Totally Ejected","No,No","No,No","3. Lap and Shoulder Belt,9. Not Applicable","1. Not Obscured,1. Not Obscured",,,4,483499,122-08581(R)/FISHERMAN'S RD(L)/,0,0,"0.Two-way, non-divided","22,20",1. On Roadway,"0,0",H,H.Urban Minor Arterial,Urban Extensions - Primary Routes,Not GUARDRAIL,Not HIT_RUN,"11,3",1,4. Four Approaches,121230252,C,0,0,36.929548,36.929548,5,0.25,Not LRTRUCK,2. Daylight,LOCATED,-76.243901,-76.243901,MAINLINE,MAIN,0,0,0,48,48,Undivided Roadway,"22,20",Not MOTORCYCLE,483499,483499.  SR00194       SR00194      12208581,24950,25450,25685,24752,24277,4,1,0.006,PRI_URBAN,,,,,,,,,0,0,40,0,1,,0,0,,,,,,,,,Not PED,,1,0,Norfolk,122,5,NOT-RD,9. Within Intersection,5,4.25,4.36,1. Straight - Level,1. No Defects,"2. Two-Way, Divided, Unprotected Median",1. Dry,"2. Blacktop, Asphalt, Bituminous",8400 BLK CHESAPEAKE BLVD,STPRI,SR,R-VA   SR00194SB,"Urbanized (Population 200,000 and over)",3. No,"0,0",22567,23281,23496,22643,22522,Not SENIOR,None,30,"35,0",Not SPEED,"35,0",483500,0,"2. No,2. No",0,"0,0",9AM TO 12PM,1,1,3. Traffic Signal,1. Yes - Working,Not a Parkway - Trucks and Commercial Vehicles Allowed,"1,2","1. Passenger car,9. Bicycle",FORD,"1. Going Straight Ahead,15. Other",FUSION,2006,5,5.Hampton Roads,1. No Adverse Condition (Clear/Cloudy),Not Provided,2. No,Not Provided,YOUNG
No Access Control,Not ALCIHOL,Urban,0,0,"N/A, Unknown, or Unstabilized",SR-00166(B)/,Not UNBELTED,50,Male,C,1,BIKE,492.85,0,0,,2. Angle,"Not Provided,Not Provided","Not Provided,Not Provided",US00058,493.454,3,2/13/2014,2/13/2014,22. Bicycle,1922,C.Non-Visible Injury,2014,Left and Right sides,1,1,Norfolk,Urban,22. Bicycle,MAIN,6PM TO 9PM,122.Norfolk,507,Intersection,Reset Filters,VDOT_OTHER,Thursday,Not DEER,"South,West",,5,1,141250036,"50,22","Male,Female","C,PDO","1,2","11. Did Not Have Right-of-Way,1. No Improper Action","3. Unavailable/Not Applicable,2. Not Deployed","4. No Test,4. No Test","1. No Defects,1. No Defects","Not Applicable,Not Applicable","1. Had Not Been Drinking,1. Had Not Been Drinking","3. Unknown,3. Unknown","1. Not Ejected,1. Not Ejected","Yes,No","No,No","8. No Restraint Used,3. Lap and Shoulder Belt","1. Not Obscured,1. Not Obscured",,,494,483127,122-08637(L)/Gap Terminus/MERRIMAC AV,0,0,"0.Two-way, non-divided","20,22",1. On Roadway,"0,0",E,E.Urban Other Principle Arterials; Connecting Links of Other Rural Principal Arterial,Urban Extensions - Primary Routes,Not GUARDRAIL,Not HIT_RUN,"0,1",1,1. Not at Intersection,141250036,C,0,0,36.85231,36.85231,0,0.7,Not LRTRUCK,5. Darkness - Road Not Lighted,LOCATED,-76.25461,-76.25461,MAINLINE,MAIN,0,0,0,0,0,Undivided Roadway,"20,22",Not MOTORCYCLE,483127,483127.  US00058       US00058      12208637,14401,17470,17631,16991,16727,4,1,0.096,PRI_URBAN,,,,,,,,,0,324,54,0,1,,0,0,,,,,,,,,Not PED,,1,0,Norfolk,122,5,NOT-RD,8. Non-Intersection,0,493.25,493.45,1. Straight - Level,1. No Defects,"1. Two-Way, Not Divided",2. Wet,"2. Blacktop, Asphalt, Bituminous",2800 E VIRGINIA BEACH BLVD,USPRI,US,R-VA   US00058WB,"Urbanized (Population 200,000 and over)",3. No,"0,0",13845,16928,17084,16464,16190,Not SENIOR,Left and Right sides,"10,35","35,35",Not SPEED,"35,35",483128,0,"2. No,2. No",0,"0,0",6PM TO 9PM,1,1,6. Traffic Lanes Marked,1. Yes - Working,Not a Parkway - Trucks and Commercial Vehicles Allowed,"1,2","9. Bicycle,1. Passenger car",CHEVY,"14. Changing Lanes,1. Going Straight Ahead","BICYCLE,COBALT",2007,5,5.Hampton Roads,5. Rain,Not Provided,2. No,Not Provided,Not YOUNG
,Not ALCIHOL,Urban,0,0,,,Not UNBELTED,53,Male,C,2,BIKE,,0,0,,13. Bicyclist,"Not Provided,Not Provided","Not Provided,Not Provided",,,,2/13/2014,2/13/2014,22. Bicycle,1515,C.Non-Visible Injury,2014,,1,1,Norfolk,Urban,22. Bicycle,MAIN,3PM TO 6PM,122.Norfolk,,Not Intersection,Reset Filters,VDOT_OTHER,Thursday,Not DEER,"South,West",,5,1,141250042,"35,53","Male,Male","PDO,C","1,2","11. Did Not Have Right-of-Way,1. No Improper Action","2. Not Deployed,3. Unavailable/Not Applicable","4. No Test,4. No Test","1. No Defects,1. No Defects","Not Applicable,Not Applicable","1. Had Not Been Drinking,1. Had Not Been Drinking","2. No,2. No","1. Not Ejected,3. Totally Ejected","No,Yes","No,No","3. Lap and Shoulder Belt,9. Not Applicable","1. Not Obscured,1. Not Obscured",,,,,,,,,"22,0",1. On Roadway,"0,0",,,,Not GUARDRAIL,Not HIT_RUN,"1,3",1,3. Three Approaches,,C,0,0,36.9163,36.9163,,,Not LRTRUCK,2. Daylight,UNLOCATED,-76.28941,-76.28941,MAINLINE,,,,,,,,"22,0",Not MOTORCYCLE,,.,,,,,,,1,,SEC_URBAN,,,,,,,,,,,,0,1,,0,0,,,,,,,,,Not PED,,1,0,Norfolk,122,5,NOT-RD,9. Within Intersection,,,,1. Straight - Level,1. No Defects,"1. Two-Way, Not Divided",2. Wet,"2. Blacktop, Asphalt, Bituminous",7700 OGDEN AVE,UNKWN,SC,U-VA122SC99999UK,,3. No,"0,0",,,,,,Not SENIOR,,"1,1","25,25",Not SPEED,"25,25",,,"1. Yes,2. No",,"0,0",3PM TO 6PM,1,1,4. Stop Sign,1. Yes - Working,,"1,2","1. Passenger car,9. Bicycle","HONDA,BICYCLE","2. Making Right Turn,1. Going Straight Ahead",ACCORD,2003,5,5.Hampton Roads,5. Rain,Not Provided,2. No,Not Provided,Not YOUNG
No Access Control,Not ALCIHOL,Urban,1,1,"N/A, Unknown, or Unstabilized",WILLOW GREEN DRIVE(L)/,Not UNBELTED,31,Male,A,2,BIKE,0.81,0,0,,2. Angle,"Not Provided,Not Provided","Not Provided,Not Provided",12107034,0.81,4,6/12/2015,6/12/2015,22. Bicycle,1515,A.Ambulatory Injury,2015,None,0,0,Newport News,Urban,22. Bicycle,MAIN,3PM TO 6PM,121.Newport News,"3,590",Intersection,Reset Filters,VDOT_OTHER,Friday,Not DEER,"North,North",DISTRACTED,5,1,153410015,"52,31","Female,Male","PDO,A","1,2","23. Driver Distraction,1. No Improper Action","2. Not Deployed,3. Unavailable/Not Applicable","Not Applicable,Not Applicable","1. No Defects,Not Applicable","6. Cell Phone,Not Applicable","Not Applicable,Not Applicable","Not Applicable,Not Applicable","1. Not Ejected,3. Totally Ejected","No,Yes","No,No","3. Lap and Shoulder Belt,9. Not Applicable","1. Not Obscured,1. Not Obscured",,,1,646397,GAWAIN DRIVE(L)/,0,0,"0.Two-way, non-divided","22,20",2. Shoulder,"0,0",I,I.Urban Collector,Other City or Town Streets (not state maintained),Not GUARDRAIL,Not HIT_RUN,"12,6",1,2. Two Approaches,153410015,C,0,0,37.10282,37.10282,2,0.14,Not LRTRUCK,2. Daylight,LOCATED,-76.46814,-76.46814,MAINLINE,MAIN,0,0,0,0,0,Undivided Roadway,"22,20",Not MOTORCYCLE,646001,646001.  US00017       US00017      12107034      12107034,46521,46458,46055,45850,46181,2,1,0.68,SEC_URBAN,,,,,,,,,0,0,22,0,1,,0,0,,,,,,,,,Not PED,,1,0,Newport News,121,5,NOT-RD,9. Within Intersection,2,0.75,0.81,1. Straight - Level,1. No Defects,"1. Two-Way, Not Divided",1. Dry,"2. Blacktop, Asphalt, Bituminous",OLD OYSTER POINT RD,URB,UR,R-VA121UR07034WB,"Urbanized (Population 200,000 and over)",3. No,"0,0",5855,5726,5409,5216,5322,Not SENIOR,None,"3,5","25,25",Not SPEED,"25,25",646396,0,"1. Yes,2. No",0,"0,0",3PM TO 6PM,1,1,1. No Traffic Control,6. No Traffic Control Device Present,Not a Parkway - Trucks and Commercial Vehicles Allowed,"1,2","22. Truck - Sport Utility Vehicle (SUV),9. Bicycle",TOYOTA,"2. Making Right Turn,1. Going Straight Ahead",RAV4,2010,5,5.Hampton Roads,1. No Adverse Condition (Clear/Cloudy),Not Provided,2. No,Not Provided,Not YOUNG