Access Control,Alcohol Notalcohol,Area Type1,A Crash,A People,Basetypedesc,Begin Node Dsc,Belted Unbelted,Bikeage,Bikegen,Bikeinjurytype,Bikevehiclenumber,Bike Nonbike,BMP,B Crash,B People,Carspeedlimit,Collision Type,Comm Cargo Body Type Cd,Comm Vehicle Body Type Cd,Cotedrouteid,Coted Mp,Count App,CRASH_DT (copy),Crash Dt,Crash Event Type Dsc,Crash Military Tm,Crash Severity,Crash Year,Curbgutterdesc,C Crash,C People,Juris Name Used,Area Type Used,First Harmful Event of Entire Crash,MAINLINE,Time Slicing Used,Phy_Juris_Nm,Offset-Ft,Intersection Analysis,Clear,Calculation_9640323132123359,Day Of Week,Deer Nodeer,Direction Of Travel Cd,Distracted Notdistracted,VSP,TOTAL CRASH,Document Nbr,Driverage,Drivergen,Driverinjurytype,Drivervehiclenumber,Driver Action Type Cd,Driver Airbag Deployment,Driver Alcohol Test Type Cd,Driver Condition Type Cd,Driver Distraction Type Cd,Driver Drinking Type Cd,Driver Drug Use Cd,Driver Ejected From Vehicle,Driver Ems Transport Ind,Driver Fled Scene Ind,Driver Safety Equip Used,Driver Vis Obscured Type Cd,Drowsy Notdrowsy,Drug Nodrug,EMP,End Node,End Node Dsc,End Offset,Facility,FAC,First Crash Event Cd,First Harmful Event,Fourth Crash Event Cd,Functionalclass,FUN,Govcondesc,Gr Nogr,Hitrun Not Hitrun,Initial Veh Impact Area Cd,Injury Crashes,Intersection Type,Int Doc,Jurtype,K_CRASH,K People,LAT (copy),LAT,Leftshoulderwidth,Length,Lgtruck Nonlgtruck,Light Condition,Located Unlocated,LON (copy),LON,MAINLINE (group),Mainline Yn,Medianleftshoulderwidth,Medianrightshoulderwidth,Mediantypedesc,Medianwidthmax,Medianwidthmin,Median Type,Most Harmful Crash Event Cd,Motor Nonmotor,Node,Node Info,Node Totaadt2011,Node Totaadt2012,Node Totaadt2013,Node Totaadt2014,Node Totaadt2015,Numberoflane,Number of Records,Offset,Ownership,Passage,Passgen,Passinjurytype,Passvehiclenumber,Pass Airbag Deployment,Pass Ejected From Vehicle,Pass Ems Transport Ind,Pass Safety Equip Used,Pavementconditionvalue,Pavementroughnessvalue,Pavementwidth,Pdo Crash,Total People Killed & Injured,Pedage,Pedestrians Injured,Pedestrians Killed,Pedgen,Pedinjurytype,Pednumber,Ped Action,Ped Al Test,Ped Cond,Ped Drink,Ped Drug,Ped Nonped,Ped Rflct,Persons Injured,Persons Killed,Physical Juris Nm,PJR,VSP_Used,Rd Type,Relation To Roadway,Rightshoulderwidth,RNS_MP (0.25 mi bin),Rns Mp,Roadway Alignment,Roadway Defect,Roadway Description,Roadway Surface Cond,Roadway Surface Type,Route Or Street Nm,Rte Category Cd,Rte Cat,Rte Nm,Ruralurbandesc,School Zone,Second Crash Event Cd,Segtotaadt2011,Segtotaadt2012,Segtotaadt2013,Segtotaadt2014,Segtotaadt2015,Senior Notsenior,Sidewalkdesc,Speed Before,Speed Max Safe,Speed Notspeed,Speed Posted,Start Node,Start Offset,Summons Issued Cd,Surfacedesc,Third Crash Event Cd,Time Slicing,Total Crashes including Property Damage Only,Total Crash,Traffic Control Type,Trfc Ctrl Status Type,Truckcommr,Vehiclenumber,Vehicle Body Type Cd,Vehicle Make Nm,Vehicle Maneuver Type Cd,Vehicle Model Nm,Vehicle Year Nbr,District,District_Used ,Weather Condition,Work Zone Location,Work Zone Related,Work Zone Type,Young Notyoung
No Access Control,Not ALCIHOL,Urban,0,0,"N/A, Unknown, or Unstabilized",SR-00166(B)/CORPREW AVENUE(U)/CORPREW AV,Not UNBELTED,60,Female,C,2,BIKE,0,0,0,,2. Angle,"Not Provided,Not Provided","Not Provided,Not Provided",12208588,0.005,3,10/17/2012,10/17/2012,22. Bicycle,1500,C.Non-Visible Injury,2012,Left and Right sides,1,1,Norfolk,Urban,22. Bicycle,MAIN,12PM TO 3PM,122.Norfolk,26,Intersection,Reset Filters,VDOT_OTHER,Wednesday,Not DEER,"West,South",,5,1,123200226,"20,60","Female,Female","PDO,C","1,2","1. No Improper Action,37. Other","2. Not Deployed,3. Unavailable/Not Applicable","4. No Test,4. No Test","Not Applicable,Not Applicable","Not Applicable,Not Applicable","1. Had Not Been Drinking,1. Had Not Been Drinking","2. No,3. Unknown","1. Not Ejected,Not Provided","No,Yes","No,No","3. Lap and Shoulder Belt,9. Not Applicable","11. Moving Vehicle(s),1. Not Obscured",,,0,485397,MADISON ST(L)/,0,0,"0.Two-way, non-divided","22,20",1. On Roadway,"0,0",I,I.Urban Collector,Other City or Town Streets (not state maintained),Not GUARDRAIL,Not HIT_RUN,"12,8",1,4. Four Approaches,123200226,C,0,0,36.850723,36.850723,0,0.04,Not LRTRUCK,2. Daylight,LOCATED,-76.266532,-76.266532,MAINLINE,MAIN,0,0,0,0,0,Undivided Roadway,"22,20",Not MOTORCYCLE,483361,483361.  SR00166       SR00166      12208588,17094,16973,17130,16509,15987,2,1,0.005,SEC_URBAN,,,,,,,,,0,0,44,0,1,,0,0,,,,,,,,,Not PED,,1,0,Norfolk,122,5,NOT-RD,9. Within Intersection,0,0.00,0.00,1. Straight - Level,1. No Defects,"2. Two-Way, Divided, Unprotected Median",1. Dry,"2. Blacktop, Asphalt, Bituminous",7500 BIK Coprew Av,URB,UR,R-VA122UR08588WB,"Urbanized (Population 200,000 and over)",3. No,"0,0",5858,4932,4978,4797,4357,Not SENIOR,Left and Right sides,0,"25,0",Not SPEED,"25,0",483361,0,"2. No,1. Yes",0,"0,0",12PM TO 3PM,1,1,3. Traffic Signal,1. Yes - Working,Not a Parkway - Trucks and Commercial Vehicles Allowed,"1,2","1. Passenger car,9. Bicycle","Kla,bicycle","2. Making Right Turn,1. Going Straight Ahead","Spectra,Kent",2008,5,5.Hampton Roads,1. No Adverse Condition (Clear/Cloudy),Not Provided,2. No,Not Provided,YOUNG
No Access Control,Not ALCIHOL,Urban,1,1,"N/A, Unknown, or Unstabilized",JERRYLEE DR(B)/,Not UNBELTED,12,Male,A,2,BIKE,1.44,0,0,,2. Angle,"2. Bus (Seats For 16 People or More, Including Driver),Not Provided","4. Bus (Seats for 16 People or More, Including Driver),Not Provided",12208768,1.487,3,4/16/2012,4/16/2012,22. Bicycle,1527,A.Ambulatory Injury,2012,Left and Right sides,0,0,Norfolk,Urban,22. Bicycle,MAIN,3PM TO 6PM,122.Norfolk,16,Intersection,Reset Filters,VDOT_OTHER,Monday,Not DEER,"East,East",,5,1,121210012,"25,12","Male,Male","PDO,A","1,2","11. Did Not Have Right-of-Way,1. No Improper Action","2. Not Deployed,3. Unavailable/Not Applicable","Not Applicable,Not Applicable","1. No Defects,1. No Defects","Not Applicable,Not Applicable","1. Had Not Been Drinking,1. Had Not Been Drinking","2. No,2. No","1. Not Ejected,3. Totally Ejected","No,Yes","No,No","3. Lap and Shoulder Belt,9. Not Applicable","1. Not Obscured,1. Not Obscured",,,1,485728,122-08633(B)/DOMINION AVENUE(U)/(8633-WALTERS,0,0,"0.Two-way, non-divided","22,20",1. On Roadway,"0,0",I,I.Urban Collector,Other City or Town Streets (not state maintained),Not GUARDRAIL,Not HIT_RUN,"4,11",1,4. Four Approaches,121210012,C,0,0,36.918592,36.918592,0,0.05,Not LRTRUCK,2. Daylight,LOCATED,-76.203195,-76.203195,MAINLINE,MAIN,0,0,0,0,0,Undivided Roadway,"22,20",Not MOTORCYCLE,485728,485728. 12208633      12208633      12208768,1801,1855,1872,1804,1842,2,1,0.003,SEC_URBAN,,,,,,,,,0,0,28,0,1,,0,0,,,,,,,,,Not PED,,1,0,Norfolk,122,5,NOT-RD,9. Within Intersection,0,1.25,1.49,1. Straight - Level,1. No Defects,"1. Two-Way, Not Divided",1. Dry,"2. Blacktop, Asphalt, Bituminous",3200 BLK DOMINION AVE,URB,UR,R-VA122UR08768EB,"Urbanized (Population 200,000 and over)",3. No,"0,0",1286,1327,1339,1291,1271,Not SENIOR,Right side,"5,3","25,25",Not SPEED,"25,25",485939,0,"1. Yes,2. No",0,"0,0",3PM TO 6PM,1,1,4. Stop Sign,1. Yes - Working,Not a Parkway - Trucks and Commercial Vehicles Allowed,"1,2","13. Bus - School Bus,9. Bicycle",Mongoose,"2. Making Right Turn,1. Going Straight Ahead","Bus,Bicycle",1998,5,5.Hampton Roads,1. No Adverse Condition (Clear/Cloudy),Not Provided,2. No,Not Provided,Not YOUNG
No Access Control,Not ALCIHOL,Urban,1,1,Portland Cement Concrete,SR-00196(L)/131-08605(R)/CANAL RD,Not UNBELTED,21,Male,A,1,BIKE,38.15,0,0,,3. Head On,"Not Provided,Not Provided","Not Provided,Not Provided",US00013,38.578,4,4/18/2012,4/18/2012,20. Motor Vehicle In Transport,852,A.Ambulatory Injury,2012,None,0,0,Chesapeake,Urban,20. Motor Vehicle In Transport,MAIN,6AM TO 9AM,131.Chesapeake,"2,260",Intersection,Reset Filters,VDOT_OTHER,Wednesday,Not DEER,"East,West",DISTRACTED,5,1,121300190,"21,50","Male,Male","A,PDO","1,2","10. Wrong Side Of Road - Not Overtaking,1. No Improper Action","3. Unavailable/Not Applicable,2. Not Deployed","4. No Test,4. No Test","1. No Defects,1. No Defects","11. Other,Not Applicable","Not Applicable,Not Applicable","Not Applicable,Not Applicable","3. Totally Ejected,1. Not Ejected","No,No","No,No","9. Not Applicable,3. Lap and Shoulder Belt","Not Applicable,Not Applicable",,,39,483039,131-08604(R)/SHELL RD,0,1,"1.Divided, no control of access","20,20",1. On Roadway,"0,0",E,E.Urban Other Principle Arterials; Connecting Links of Other Rural Principal Arterial,Urban Extensions - Primary Routes,Not GUARDRAIL,Not HIT_RUN,"12,12",1,1. Not at Intersection,121300190,C,0,0,36.77303175,36.77303175,6,0.94,Not LRTRUCK,2. Daylight,LOCATED,-76.31710906,-76.31710906,MAINLINE,MAIN,0,0,Grass/Unprotected,16,4,Divided Roadway,"20,20",Not MOTORCYCLE,483040,483040.  SR00196       US00013       US00013      13108605,26308,22880,22454,31067,34576,4,1,0.428,PRI_URBAN,,,,,,,,,0,161,40,0,1,,0,0,,,,,,,,,Not PED,,1,0,Chesapeake,131,5,RD-UNKNOWN,8. Non-Intersection,6,38.50,38.58,1. Straight - Level,1. No Defects,"2. Two-Way, Divided, Unprotected Median",1. Dry,"2. Blacktop, Asphalt, Bituminous",MILITARY HWY,USPRI,US,R-VA   US00013SB,"Urbanized (Population 200,000 and over)",3. No,"0,0",21586,17573,16981,26570,30689,Not SENIOR,None,"5,35","50,50",Not SPEED,"50,50",483040,0,"Not Provided,Not Provided",0,"0,0",6AM TO 9AM,1,1,6. Traffic Lanes Marked,1. Yes - Working,Not a Parkway - Trucks and Commercial Vehicles Allowed,"1,2","9. Bicycle,22. Truck - Sport Utility Vehicle (SUV)","MONGOOSE,FORD","1. Going Straight Ahead,1. Going Straight Ahead","BICYCLE,EXPEDTIION",1998,5,5.Hampton Roads,11. Severe Crosswinds,Not Provided,2. No,Not Provided,Not YOUNG
No Access Control,Not ALCIHOL,Urban,0,0,"N/A, Unknown, or Unstabilized",124-08762(L)/SOUTH ST,Not UNBELTED,50,Male,C,1,BIKE,1.78,0,0,,2. Angle,"Not Provided,Not Provided","Not Provided,Not Provided",SR00141,1.865,4,10/19/2012,10/19/2012,22. Bicycle,1344,C.Non-Visible Injury,2012,Left and Right sides,1,1,Portsmouth,Urban,22. Bicycle,MAIN,12PM TO 3PM,124.Portsmouth,79,Intersection,Reset Filters,VDOT_OTHER,Friday,Not DEER,"North,South",DISTRACTED,5,1,123485175,"50,33","Male,Male","C,PDO","1,2","10. Wrong Side Of Road - Not Overtaking,1. No Improper Action","2. Not Deployed,2. Not Deployed","4. No Test,Not Applicable","1. No Defects,1. No Defects","11. Other,Not Applicable","1. Had Not Been Drinking,1. Had Not Been Drinking","2. No,2. No","1. Not Ejected,1. Not Ejected","No,No","No,No","9. Not Applicable,3. Lap and Shoulder Belt","1. Not Obscured,1. Not Obscured",,,2,483294,124-08539(B)/COUNTY ST,0,1,"1.Divided, no control of access","20,22",1. On Roadway,"0,0",E,E.Urban Other Principle Arterials; Connecting Links of Other Rural Principal Arterial,Urban Extensions - Primary Routes,Not GUARDRAIL,Not HIT_RUN,"9,12",1,4. Four Approaches,123485175,C,0,0,36.833521,36.833521,0,0.1,Not LRTRUCK,2. Daylight,LOCATED,-76.306902,-76.306902,MAINLINE,MAIN,0,0,Curbed Grass,14,4,Divided Roadway,"20,22",Not MOTORCYCLE,483294,483294.  SR00141       SR00141      12408539      12408539,30264,29594,27852,26855,27399,4,1,0.015,PRI_URBAN,,,,,,,,,0,311,66,0,1,,0,0,,,,,,,,,Not PED,,1,0,Portsmouth,124,5,NOT-RD,9. Within Intersection,0,1.75,1.87,1. Straight - Level,1. No Defects,"1. Two-Way, Not Divided",1. Dry,"2. Blacktop, Asphalt, Bituminous",600 EFFINGHAM ST,STPRI,SR,R-VA   SR00141SB,"Urbanized (Population 200,000 and over)",3. No,"0,0",25818,25247,23478,22642,23101,Not SENIOR,Left and Right sides,"10,5","35,35",Not SPEED,"35,35",483293,0,"1. Yes,2. No",0,"0,0",12PM TO 3PM,1,1,3. Traffic Signal,1. Yes - Working,Not a Parkway - Trucks and Commercial Vehicles Allowed,"1,2","9. Bicycle,22. Truck - Sport Utility Vehicle (SUV)","UNK,CHRY","1. Going Straight Ahead,2. Making Right Turn","BICYCLE,PACIFICA",20052004,5,5.Hampton Roads,1. No Adverse Condition (Clear/Cloudy),Not Provided,2. No,Not Provided,Not YOUNG
No Access Control,Not ALCIHOL,Urban,0,0,Dual Type,SR-00332(R)/,Not UNBELTED,24,Male,B,1,BIKE,14.45,1,1,,2. Angle,"Not Provided,Not Provided","Not Provided,Not Provided",SR00166,14.487,3,6/16/2015,6/16/2015,20. Motor Vehicle In Transport,812,B.Visiible Injury,2015,Left side,0,0,Virginia Beach,Urban,20. Motor Vehicle In Transport,MAIN,6AM TO 9AM,134.Virginia Beach,195,Intersection,Reset Filters,VDOT_OTHER,Tuesday,Not DEER,"East,South",,5,1,151695056,"24,49","Male,Female","B,PDO","1,2","11. Did Not Have Right-of-Way,1. No Improper Action","3. Unavailable/Not Applicable,2. Not Deployed","Not Applicable,Not Applicable","1. No Defects,1. No Defects","14. No Driver Distraction,14. No Driver Distraction","1. Had Not Been Drinking,1. Had Not Been Drinking","2. No,2. No","1. Not Ejected,1. Not Ejected","No,No","No,No","8. No Restraint Used,3. Lap and Shoulder Belt","1. Not Obscured,1. Not Obscured",,,15,486033,SR-00332(R)/,0.07,1,"1.Divided, no control of access","20,22",1. On Roadway,"0,0",H,H.Urban Minor Arterial,Urban Extensions - Primary Routes,Not GUARDRAIL,Not HIT_RUN,"11,12",1,1. Not at Intersection,151695056,C,0,0,36.89267,36.89267,0,0.07,Not LRTRUCK,2. Daylight,LOCATED,-76.1811,-76.1811,MAINLINE,MAIN,2,2,Grass/Unprotected,34,8,Divided Roadway,"20,22",Not MOTORCYCLE,486033,486033.  SR00166       SR00166       SR00332,27966,26976,27225,26237,27090,4,1,0.037,PRI_URBAN,,,,,,,,,0,103,44,0,1,,0,0,,,,,,,,,Not PED,,1,0,Virginia Beach,134,5,NOT-RD,8. Non-Intersection,5,14.25,14.49,1. Straight - Level,1. No Defects,"2. Two-Way, Divided, Unprotected Median",1. Dry,1. Concrete,1400  DIAMOND  SPRINGS  ROAD,STPRI,SR,R-VA   SR00166WB,"Urbanized (Population 200,000 and over)",3. No,"0,28",27966,26976,27225,26237,27090,Not SENIOR,None,"5,45","45,45",Not SPEED,"45,45",486033,0,"2. No,2. No",0,"0,0",6AM TO 9AM,1,1,6. Traffic Lanes Marked,1. Yes - Working,Truck Access System,"1,2","9. Bicycle,1. Passenger car","TREK,FORD","1. Going Straight Ahead,10. Ran Off Road - Left","3500  BICYCLE,MUSTANG",20152008,5,5.Hampton Roads,1. No Adverse Condition (Clear/Cloudy),Not Provided,2. No,Not Provided,Not YOUNG
No Access Control,Not ALCIHOL,Urban,1,1,"N/A, Unknown, or Unstabilized",122-08573(B)/BALLENTINE BLVD,Not UNBELTED,52,Male,A,1,BIKE,9.87,0,0,,1. Rear End,"Not Provided,Not Provided","Not Provided,Not Provided",SR00166,9.975,4,6/16/2015,6/16/2015,22. Bicycle,615,A.Ambulatory Injury,2015,Left side,0,0,Norfolk,Urban,22. Bicycle,MAIN,6AM TO 9AM,122.Norfolk,502,Intersection,Reset Filters,VDOT_OTHER,Tuesday,Not DEER,"West,West",,5,1,152310016,"52,36","Male,Male","A,PDO","1,2","11. Did Not Have Right-of-Way,1. No Improper Action","3. Unavailable/Not Applicable,2. Not Deployed","Not Applicable,Not Applicable","1. No Defects,1. No Defects","Not Applicable,Not Applicable","1. Had Not Been Drinking,1. Had Not Been Drinking","2. No,2. No","1. Not Ejected,1. Not Ejected","Yes,No","No,No","8. No Restraint Used,3. Lap and Shoulder Belt","1. Not Obscured,1. Not Obscured",,,10,483355,122-08639(B)/INGLESIDE AV,0,0,"0.Two-way, non-divided","20,22",1. On Roadway,"0,0",E,E.Urban Other Principle Arterials; Connecting Links of Other Rural Principal Arterial,Urban Extensions - Primary Routes,Not GUARDRAIL,Not HIT_RUN,"6,12",1,1. Not at Intersection,152310016,C,0,0,36.86244,36.86244,0,0.2,Not LRTRUCK,2. Daylight,LOCATED,-76.24562,-76.24562,MAINLINE,MAIN,0,0,0,0,0,Undivided Roadway,"20,22",Not MOTORCYCLE,483355,483355.  SR00166       SR00166      12208639      12208639,34255,32986,32959,32565,34731,4,1,0.095,PRI_URBAN,,,,,,,,,0,155,48,0,1,,0,0,,,,,,,,,Not PED,,1,0,Norfolk,122,5,NOT-RD,8. Non-Intersection,8,9.75,9.97,1. Straight - Level,1. No Defects,"1. Two-Way, Not Divided",1. Dry,"2. Blacktop, Asphalt, Bituminous",3300 BLK E PRINCESS ANNE RD,STPRI,SR,R-VA   SR00166WB,"Urbanized (Population 200,000 and over)",3. No,"0,13",20315,20428,20285,20351,21108,Not SENIOR,Left side,"10,35","40,40",Not SPEED,"40,40",483356,0.16,"2. No,2. No",0,"0,0",6AM TO 9AM,1,1,6. Traffic Lanes Marked,1. Yes - Working,Not a Parkway - Trucks and Commercial Vehicles Allowed,"1,2","9. Bicycle,1. Passenger car","MINT CRAFT,BMW","14. Changing Lanes,1. Going Straight Ahead","BEACH CRUISER,325 I ",2001,5,5.Hampton Roads,1. No Adverse Condition (Clear/Cloudy),Not Provided,2. No,Not Provided,Not YOUNG
No Access Control,Not ALCIHOL,Urban,0,0,Bituminous Concrete (Black Base),99-01197(L)/FREEDOM BLVD.,Not UNBELTED,50,Male,B,2,BIKE,6.71,1,1,45,2. Angle,"Not Provided,Not Provided","Not Provided,Not Provided",SR00173,6.735,3,10/20/2012,10/20/2012,20. Motor Vehicle In Transport,1138,B.Visiible Injury,2012,None,0,0,York,Urban,20. Motor Vehicle In Transport,MAIN,9AM TO 12PM,99.York,132,Intersection,Reset Filters,VDOT_OTHER,Saturday,Not DEER,"East,West",,5,1,123115214,"69,50","Male,Male","PDO,B","1,2","1. No Improper Action,1. No Improper Action","2. Not Deployed,3. Unavailable/Not Applicable","Not Applicable,Not Applicable","3. Hearing Defective,1. No Defects","14. No Driver Distraction,14. No Driver Distraction","1. Had Not Been Drinking,1. Had Not Been Drinking","2. No,2. No","1. Not Ejected,1. Not Ejected","No,Yes","No,No","3. Lap and Shoulder Belt,5. Helmet","14. Blind Spot,1. Not Obscured",,,7,671418,99-00732(R)/NORTH,0,0,"0.Two-way, non-divided","20,20",1. On Roadway,"0,0",I,I.Urban Collector,State Primary and Interstate,Not GUARDRAIL,Not HIT_RUN,"12,12",1,1. Not at Intersection,123115214,N,0,0,37.175932,37.175932,6,0.05,LRTRUCK,2. Daylight,LOCATED,-76.472211,-76.472211,MAINLINE,MAIN,0,0,0,0,0,Undivided Roadway,"20,20",Not MOTORCYCLE,671418,671418.  9900732       SR00173       SR00173,8525,8338,8948,8631,8805,2,1,0.025,VDOT_PRI,,,,,,,,,0,138,36,0,1,,0,0,,,,,,,,,Not PED,,1,0,York,99,5,NOT-RD,8. Non-Intersection,6,6.50,6.74,1. Straight - Level,1. No Defects,"2. Two-Way, Divided, Unprotected Median",1. Dry,"2. Blacktop, Asphalt, Bituminous",RTE 173 GOODWIN NECK,STPRI,SR,R-VA   SR00173EB,"Urbanized (Population 200,000 and over)",3. No,"0,0",8480,8293,8902,8585,8759,SENIOR,None,"5,10","45,45",Not SPEED,"45,45",744104,0,"2. No,2. No",0,"0,0",9AM TO 12PM,1,1,6. Traffic Lanes Marked,1. Yes - Working,Not a Parkway - Trucks and Commercial Vehicles Allowed,"1,2","23. Truck - Single Unit Truck (3 Axles or More),9. Bicycle","Toyota,CANNODALE","3. Making Left Turn,3. Making Left Turn","Tacoma,SRX",2006,5,5.Hampton Roads,1. No Adverse Condition (Clear/Cloudy),Not Provided,2. No,Not Provided,Not YOUNG
,Not ALCIHOL,Urban,1,1,,,Not UNBELTED,44,Female,A,2,BIKE,,0,0,,2. Angle,"Not Provided,Not Provided","Not Provided,Not Provided",,,,10/21/2012,10/21/2012,22. Bicycle,1550,A.Ambulatory Injury,2012,,0,0,Virginia Beach,Urban,22. Bicycle,MAIN,3PM TO 6PM,134.Virginia Beach,,Not Intersection,Reset Filters,VDOT_OTHER,Sunday,Not DEER,"North,East",,5,1,122975020,"39,44","Female,Female","PDO,A","1,2","1. No Improper Action,11. Did Not Have Right-of-Way","2. Not Deployed,3. Unavailable/Not Applicable","4. No Test,4. No Test","1. No Defects,1. No Defects","14. No Driver Distraction,14. No Driver Distraction","1. Had Not Been Drinking,1. Had Not Been Drinking","2. No,2. No","1. Not Ejected,3. Totally Ejected","No,Yes","No,No","3. Lap and Shoulder Belt,9. Not Applicable","1. Not Obscured,1. Not Obscured",,,,,,,,,"22,20",1. On Roadway,"0,0",,,,Not GUARDRAIL,Not HIT_RUN,"12,9",1,4. Four Approaches,,C,0,0,36.851376,36.851376,,,Not LRTRUCK,2. Daylight,UNLOCATED,-75.981092,-75.981092,MAINLINE,,,,,,,,"22,20",Not MOTORCYCLE,,.,,,,,,,1,,SEC_URBAN,,,,,,,,,,,,0,1,,0,0,,,,,,,,,Not PED,,1,0,Virginia Beach,134,5,NOT-RD,9. Within Intersection,,,,1. Straight - Level,1. No Defects,"3. Two-Way, Divided, Positive Median Barrier",1. Dry,"2. Blacktop, Asphalt, Bituminous",2398 BALTIC AVENUE,URB,UR,R-VA134UR08721SB,,3. No,"0,39",,,,,,Not SENIOR,,"25,5","25,25",Not SPEED,"25,25",,,"2. No,1. Yes",,"0,0",3PM TO 6PM,1,1,14. Ped Crosswalk,1. Yes - Working,,"1,2","1. Passenger car,9. Bicycle","CADILLAC,BICYCLE","1. Going Straight Ahead,1. Going Straight Ahead","CTS,TREK/RTS",2005,5,5.Hampton Roads,1. No Adverse Condition (Clear/Cloudy),Not Provided,2. No,Not Provided,Not YOUNG
No Access Control,Not ALCIHOL,Urban,0,0,Bituminous Concrete (Black Base),GREENBRIER ROAD(R)/,Not UNBELTED,39,Male,B,2,BIKE,3.79,1,1,,2. Angle,"Not Provided,Not Provided","Not Provided,Not Provided",13108665,4.274,4,10/22/2012,10/22/2012,22. Bicycle,1700,B.Visiible Injury,2012,Left and Right sides,0,0,Chesapeake,Urban,22. Bicycle,MAIN,3PM TO 6PM,131.Chesapeake,84,Intersection,Reset Filters,VDOT_OTHER,Monday,Not DEER,"South,East",,5,1,122965295,"56,39","Male,Male","PDO,B","1,2","1. No Improper Action,10. Wrong Side Of Road - Not Overtaking","2. Not Deployed,3. Unavailable/Not Applicable","Not Applicable,Not Applicable","1. No Defects,1. No Defects","14. No Driver Distraction,14. No Driver Distraction","1. Had Not Been Drinking,1. Had Not Been Drinking","2. No,2. No","1. Not Ejected,1. Not Ejected","No,Yes","No,No","3. Lap and Shoulder Belt,5. Helmet","1. Not Obscured,1. Not Obscured",,,4,483473,SR-00190(B)/BUTTS STA RD,0,1,"1.Divided, no control of access","22,20",1. On Roadway,"0,0",H,H.Urban Minor Arterial,Other City or Town Streets (not state maintained),Not GUARDRAIL,Not HIT_RUN,"1,11",1,4. Four Approaches,122965295,C,0,0,36.744378,36.744378,0,0.5,Not LRTRUCK,2. Daylight,LOCATED,-76.221517,-76.221517,MAINLINE,MAIN,0,0,Curbed Grass,16,4,Divided Roadway,"22,20",Not MOTORCYCLE,483473,483473.  SR00190       SR00190      13108665      13108665,44161,43183,43427,44442,45324,4,1,0.016,SEC_URBAN,,,,,,,,,4.2,0,54,0,1,,0,0,,,,,,,,,Not PED,,1,0,Chesapeake,131,5,NOT-RD,9. Within Intersection,0,4.25,4.27,1. Straight - Level,1. No Defects,"3. Two-Way, Divided, Positive Median Barrier",1. Dry,"2. Blacktop, Asphalt, Bituminous",GREENBRIER PW,URB,UR,R-VA131UR08665WB,"Urbanized (Population 200,000 and over)",3. No,"0,0",25829,25257,25400,26734,27265,Not SENIOR,Left and Right sides,"5,5","45,45",Not SPEED,"45,45",484878,0,"2. No,2. No",0,"0,0",3PM TO 6PM,1,1,3. Traffic Signal,1. Yes - Working,Not a Parkway - Trucks and Commercial Vehicles Allowed,"1,2","2. Truck - Pick-up/Passenger Truck,9. Bicycle","FORD,SCOTT","2. Making Right Turn,1. Going Straight Ahead","F-150 PICKUP,BICYCLE",19862011,5,5.Hampton Roads,1. No Adverse Condition (Clear/Cloudy),Not Provided,2. No,Not Provided,Not YOUNG
,Not ALCIHOL,Urban,1,1,,,Not UNBELTED,,Male,A,2,BIKE,,0,0,,2. Angle,"Not Provided,Not Provided","Not Provided,Not Provided",,,,10/22/2012,10/22/2012,22. Bicycle,950,A.Ambulatory Injury,2012,,0,0,Hampton,Urban,22. Bicycle,MAIN,9AM TO 12PM,114.Hampton,,Not Intersection,Reset Filters,VDOT_OTHER,Monday,Not DEER,"West,Not Provided",,5,1,130360035,24,"Male,Male","PDO,A","1,2","1. No Improper Action,Not Applicable","2. Not Deployed,3. Unavailable/Not Applicable","4. No Test,Not Applicable","1. No Defects,Not Applicable","Not Applicable,Not Applicable","1. Had Not Been Drinking,Not Applicable","2. No,Not Applicable","1. Not Ejected,1. Not Ejected","NotProvided,Yes","No,No","3. Lap and Shoulder Belt,9. Not Applicable","1. Not Obscured,Not Applicable",,,,,,,,,"22,0",1. On Roadway,"0,0",,,,Not GUARDRAIL,Not HIT_RUN,"0,0",1,1. Not at Intersection,,C,0,0,37.026718,37.026718,,,Not LRTRUCK,2. Daylight,UNLOCATED,-76.437259,-76.437259,MAINLINE,,,,,,,,"22,0",Not MOTORCYCLE,,.,,,,,,,1,,SEC_URBAN,,,,,,,,,,,,0,1,,0,0,,,,,,,,,Not PED,,1,0,Hampton,114,5,NOT-RD,8. Non-Intersection,,,,1. Straight - Level,1. No Defects,"2. Two-Way, Divided, Unprotected Median",1. Dry,"2. Blacktop, Asphalt, Bituminous",NETCENTER WAY,UNKWN,SC,U-VA114SC99999UK,,3. No,"0,0",,,,,,Not SENIOR,,15,"25,0",Not SPEED,"25,0",,,"2. No,1. Yes",,"0,0",9AM TO 12PM,1,1,7. No Passing Lines,6. No Traffic Control Device Present,,"1,2","1. Passenger car,9. Bicycle","NISSAN,BIKE","1. Going Straight Ahead,Not Applicable",SENTRA,2006,5,5.Hampton Roads,1. No Adverse Condition (Clear/Cloudy),Not Provided,2. No,Not Provided,Not YOUNG