Access Control,Alcohol Notalcohol,Area Type1,A Crash,A People,Basetypedesc,Begin Node Dsc,Belted Unbelted,Bikeage,Bikegen,Bikeinjurytype,Bikevehiclenumber,Bike Nonbike,BMP,B Crash,B People,Carspeedlimit,Collision Type,Comm Cargo Body Type Cd,Comm Vehicle Body Type Cd,Cotedrouteid,Coted Mp,Count App,CRASH_DT (copy),Crash Dt,Crash Event Type Dsc,Crash Military Tm,Crash Severity,Crash Year,Curbgutterdesc,C Crash,C People,Juris Name Used,Area Type Used,First Harmful Event of Entire Crash,MAINLINE,Time Slicing Used,Phy_Juris_Nm,Offset-Ft,Intersection Analysis,Clear,Calculation_9640323132123359,Day Of Week,Deer Nodeer,Direction Of Travel Cd,Distracted Notdistracted,VSP,TOTAL CRASH,Document Nbr,Driverage,Drivergen,Driverinjurytype,Drivervehiclenumber,Driver Action Type Cd,Driver Airbag Deployment,Driver Alcohol Test Type Cd,Driver Condition Type Cd,Driver Distraction Type Cd,Driver Drinking Type Cd,Driver Drug Use Cd,Driver Ejected From Vehicle,Driver Ems Transport Ind,Driver Fled Scene Ind,Driver Safety Equip Used,Driver Vis Obscured Type Cd,Drowsy Notdrowsy,Drug Nodrug,EMP,End Node,End Node Dsc,End Offset,Facility,FAC,First Crash Event Cd,First Harmful Event,Fourth Crash Event Cd,Functionalclass,FUN,Govcondesc,Gr Nogr,Hitrun Not Hitrun,Initial Veh Impact Area Cd,Injury Crashes,Intersection Type,Int Doc,Jurtype,K_CRASH,K People,LAT (copy),LAT,Leftshoulderwidth,Length,Lgtruck Nonlgtruck,Light Condition,Located Unlocated,LON (copy),LON,MAINLINE (group),Mainline Yn,Medianleftshoulderwidth,Medianrightshoulderwidth,Mediantypedesc,Medianwidthmax,Medianwidthmin,Median Type,Most Harmful Crash Event Cd,Motor Nonmotor,Node,Node Info,Node Totaadt2011,Node Totaadt2012,Node Totaadt2013,Node Totaadt2014,Node Totaadt2015,Numberoflane,Number of Records,Offset,Ownership,Passage,Passgen,Passinjurytype,Passvehiclenumber,Pass Airbag Deployment,Pass Ejected From Vehicle,Pass Ems Transport Ind,Pass Safety Equip Used,Pavementconditionvalue,Pavementroughnessvalue,Pavementwidth,Pdo Crash,Total People Killed & Injured,Pedage,Pedestrians Injured,Pedestrians Killed,Pedgen,Pedinjurytype,Pednumber,Ped Action,Ped Al Test,Ped Cond,Ped Drink,Ped Drug,Ped Nonped,Ped Rflct,Persons Injured,Persons Killed,Physical Juris Nm,PJR,VSP_Used,Rd Type,Relation To Roadway,Rightshoulderwidth,RNS_MP (0.25 mi bin),Rns Mp,Roadway Alignment,Roadway Defect,Roadway Description,Roadway Surface Cond,Roadway Surface Type,Route Or Street Nm,Rte Category Cd,Rte Cat,Rte Nm,Ruralurbandesc,School Zone,Second Crash Event Cd,Segtotaadt2011,Segtotaadt2012,Segtotaadt2013,Segtotaadt2014,Segtotaadt2015,Senior Notsenior,Sidewalkdesc,Speed Before,Speed Max Safe,Speed Notspeed,Speed Posted,Start Node,Start Offset,Summons Issued Cd,Surfacedesc,Third Crash Event Cd,Time Slicing,Total Crashes including Property Damage Only,Total Crash,Traffic Control Type,Trfc Ctrl Status Type,Truckcommr,Vehiclenumber,Vehicle Body Type Cd,Vehicle Make Nm,Vehicle Maneuver Type Cd,Vehicle Model Nm,Vehicle Year Nbr,District,District_Used ,Weather Condition,Work Zone Location,Work Zone Related,Work Zone Type,Young Notyoung
No Access Control,ALCOHOL,Urban,0,0,Bituminous Concrete (Black Base),CAMPBELL RD(B)/,Not UNBELTED,50,Male,B,1,BIKE,0.17,1,1,,13. Bicyclist,"Not Provided,Not Provided","Not Provided,Not Provided",12107104,0.176,4,2/19/2014,2/19/2014,22. Bicycle,1920,B.Visiible Injury,2014,Left and Right sides,0,0,Newport News,Urban,22. Bicycle,MAIN,6PM TO 9PM,121.Newport News,929,Intersection,Reset Filters,VDOT_OTHER,Wednesday,Not DEER,"North,West",,5,1,141470148,"50,26","Male,Female","B,PDO","1,2","28. Driving Without Lights,1. No Improper Action","3. Unavailable/Not Applicable,2. Not Deployed","4. No Test,Not Applicable","8. Other,1. No Defects","Not Applicable,Not Applicable","5. Drinking - Not Known Whether Impaired,1. Had Not Been Drinking","2. No,2. No","3. Totally Ejected,1. Not Ejected","No,No","No,No","9. Not Applicable,3. Lap and Shoulder Belt","1. Not Obscured,1. Not Obscured",,,1,727304,CHATHAM DR(R)/,0,1,"1.Divided, no control of access","20,22",1. On Roadway,"0,0",H,H.Urban Minor Arterial,Other City or Town Streets (not state maintained),Not GUARDRAIL,Not HIT_RUN,"1,11",1,4. Four Approaches,141470148,C,0,0,37.12224,37.12224,0,0.55,Not LRTRUCK,4. Darkness - Road Lighted,LOCATED,-76.52322,-76.52322,MAINLINE,MAIN,0,0,Curbed Grass,14,4,Divided Roadway,"20,22",Not MOTORCYCLE,716487,716487.  US00060       US00060      12100014      12107104,52093,50941,53018,51129,52166,4,1,0.176,SEC_URBAN,,,,,,,,,0,0,54,0,1,,0,0,,,,,,,,,Not PED,,1,0,Newport News,121,5,NOT-RD,9. Within Intersection,0,0.00,0.18,1. Straight - Level,1. No Defects,"3. Two-Way, Divided, Positive Median Barrier",1. Dry,"2. Blacktop, Asphalt, Bituminous",BLAND BLVD,URB,UR,R-VA121UR07104WB,"Urbanized (Population 200,000 and over)",3. No,"0,0",30985,30300,29532,28480,29057,Not SENIOR,Left and Right sides,"4,5","0,45",Not SPEED,"45,45",727303,0,"1. Yes,2. No",0,"0,0",6PM TO 9PM,1,1,3. Traffic Signal,1. Yes - Working,Not a Parkway - Trucks and Commercial Vehicles Allowed,"1,2","9. Bicycle,22. Truck - Sport Utility Vehicle (SUV)",HYUNDAI,"1. Going Straight Ahead,1. Going Straight Ahead",SANTA FE,2013,5,5.Hampton Roads,1. No Adverse Condition (Clear/Cloudy),Not Provided,2. No,Not Provided,Not YOUNG
No Access Control,Not ALCIHOL,Urban,1,1,Portland Cement Concrete,122-08636(L)/ROBIN HOOD ROAD(R)/,Not UNBELTED,48,Not Provided,A,2,BIKE,33.42,0,0,,2. Angle,"Not Provided,Not Provided","Not Provided,Not Provided",SR00165,33.753,4,10/23/2012,10/23/2012,20. Motor Vehicle In Transport,1715,A.Ambulatory Injury,2012,None,0,0,Norfolk,Urban,20. Motor Vehicle In Transport,MAIN,3PM TO 6PM,122.Norfolk,354,Intersection,Reset Filters,VDOT_OTHER,Tuesday,Not DEER,"South,South",,5,1,123400177,48,"0,Not Provided","PDO,A","1,2","34. Hit and Run,1. No Improper Action","3. Unavailable/Not Applicable,3. Unavailable/Not Applicable","Not Applicable,Not Applicable","9. Unknown,1. No Defects","Not Applicable,Not Applicable","6. Unknown,1. Had Not Been Drinking","3. Unknown,2. No","1. Not Ejected,3. Totally Ejected","NotProvided,Yes","Yes,No","9. Not Applicable,8. No Restraint Used","Not Applicable,1. Not Obscured",,,34,483318,SR-00192(R)/122-08641(L)/AZALEA GARDEN RD,0,0,"0.Two-way, non-divided","22,20",1. On Roadway,"0,0",E,E.Urban Other Principle Arterials; Connecting Links of Other Rural Principal Arterial,Urban Extensions - Primary Routes,Not GUARDRAIL,HIT_RUN,"12,9",1,1. Not at Intersection,123400177,C,0,0,36.888915,36.888915,8,0.4,Not LRTRUCK,2. Daylight,LOCATED,-76.2194,-76.2194,MAINLINE,MAIN,0,0,0,0,0,Undivided Roadway,"22,20",Not MOTORCYCLE,483318,483318.  SR00165       SR00165       SR00192      12208641,34598,26840,27087,33011,33492,4,1,0.067,PRI_URBAN,,,,,,,,,0,176,60,0,1,,0,0,,,,,,,,,Not PED,,1,0,Norfolk,122,5,NOT-RD,1. Main-Line Roadway,8,33.75,33.75,1. Straight - Level,1. No Defects,"2. Two-Way, Divided, Unprotected Median",1. Dry,"2. Blacktop, Asphalt, Bituminous",3400 N MILITARY HWY,STPRI,SR,R-VA   SR00165SB,"Urbanized (Population 200,000 and over)",3. No,"0,0",24485,12195,12308,25674,24801,Not SENIOR,None,3,"45,45",Not SPEED,"45,45",483319,0.14,"Not Provided,2. No",0,"0,0",3PM TO 6PM,1,1,1. No Traffic Control,6. No Traffic Control Device Present,Not a Parkway - Trucks and Commercial Vehicles Allowed,"1,2","2. Truck - Pick-up/Passenger Truck,9. Bicycle",CGEV,"2. Making Right Turn,1. Going Straight Ahead",,,5,5.Hampton Roads,1. No Adverse Condition (Clear/Cloudy),Not Provided,2. No,Not Provided,Not YOUNG
No Access Control,Not ALCIHOL,Urban,0,0,Bituminous Concrete (Black Base),STONEMOSS CT/,Not UNBELTED,26,Male,B,1,BIKE,0.76,1,1,,2. Angle,"Not Provided,Not Provided","Not Provided,Not Provided",13408832,0.8,3,10/24/2012,10/24/2012,22. Bicycle,720,B.Visiible Injury,2012,Left and Right sides,0,1,Virginia Beach,Urban,22. Bicycle,MAIN,6AM TO 9AM,134.Virginia Beach,106,Intersection,Reset Filters,VDOT_OTHER,Wednesday,Not DEER,"South,East",,5,1,122995075,"26,27","Male,Male","B,C","1,2","21. Disregarded Traffic Signal,1. No Improper Action","3. Unavailable/Not Applicable,2. Not Deployed","Not Applicable,Not Applicable","1. No Defects,1. No Defects","14. No Driver Distraction,14. No Driver Distraction","1. Had Not Been Drinking,1. Had Not Been Drinking","3. Unknown,2. No","3. Totally Ejected,1. Not Ejected","Yes,No","No,No","9. Not Applicable,3. Lap and Shoulder Belt","1. Not Obscured,1. Not Obscured",,,1,541356,134-08627(B)/GREEN MEADOWS DRIVE(U)/,0,0,"0.Two-way, non-divided","20,22",1. On Roadway,"0,0",I,I.Urban Collector,Other City or Town Streets (not state maintained),Not GUARDRAIL,Not HIT_RUN,"2,11",1,4. Four Approaches,122995075,C,0,0,36.816865,36.816865,0,0.06,Not LRTRUCK,2. Daylight,LOCATED,-76.127003,-76.127003,MAINLINE,MAIN,0,0,0,0,0,Undivided Roadway,"20,22",Not MOTORCYCLE,541356,541356. 13408627      13408627      13408832,37096,37989,38339,36948,36657,2,1,0.02,SEC_URBAN,,,,,,,,,0,0,36,0,2,,0,0,,,,,,,,,Not PED,,2,0,Virginia Beach,134,5,NOT-RD,9. Within Intersection,0,0.75,0.80,1. Straight - Level,1. No Defects,"3. Two-Way, Divided, Positive Median Barrier",1. Dry,"2. Blacktop, Asphalt, Bituminous",1500 S. INDEPENDENCE BLVD,URB,UR,R-VA134UR08832EB,"Urbanized (Population 200,000 and over)",3. No,"0,0",3553,3621,3654,3522,3295,Not SENIOR,Left and Right sides,"5,45","35,45",Not SPEED,"35,45",542623,0,"1. Yes,2. No",0,"0,0",6AM TO 9AM,1,1,3. Traffic Signal,1. Yes - Working,Not a Parkway - Trucks and Commercial Vehicles Allowed,"1,2","9. Bicycle,1. Passenger car","KENOL,FORD","1. Going Straight Ahead,1. Going Straight Ahead","BICYCLE,ESCAPE",20122009,5,5.Hampton Roads,1. No Adverse Condition (Clear/Cloudy),Not Provided,2. No,Not Provided,Not YOUNG
No Access Control,ALCOHOL,Urban,1,1,"N/A, Unknown, or Unstabilized",114-07059(B)/POWHATAN PKWY,Not UNBELTED,48,Female,A,2,BIKE,271.64,0,0,,2. Angle,"Not Provided,Not Provided","Not Provided,Not Provided",US00060,271.663,4,10/24/2012,10/24/2012,22. Bicycle,1332,A.Ambulatory Injury,2012,Left and Right sides,0,0,Hampton,Urban,22. Bicycle,MAIN,12PM TO 3PM,114.Hampton,"1,357",Intersection,Reset Filters,VDOT_OTHER,Wednesday,Not DEER,"East,East",DISTRACTED,5,1,123470192,"26,48","Female,Female","PDO,A","1,2","1. No Improper Action,42. Improper or Unsafe Lane Change","2. Not Deployed,2. Not Deployed","4. No Test,4. No Test","1. No Defects,9. Unknown","Not Applicable,9. Eating/Drinking","1. Had Not Been Drinking,2. Drinking - Obviously Drunk","2. No,2. No","1. Not Ejected,3. Totally Ejected","No,Yes","No,No","3. Lap and Shoulder Belt,9. Not Applicable","1. Not Obscured,1. Not Obscured",,,272,253012,114-07035(B)/LASALLE AV,0,0,"0.Two-way, non-divided","22,20",1. On Roadway,"0,0",H,H.Urban Minor Arterial,Urban Extensions - Primary Routes,Not GUARDRAIL,Not HIT_RUN,"1,6",1,1. Not at Intersection,123470192,C,0,0,37.007921,37.007921,0,0.28,Not LRTRUCK,2. Daylight,LOCATED,-76.364341,-76.364341,MAINLINE,MAIN,0,0,0,0,0,Undivided Roadway,"19,20",Not MOTORCYCLE,253012,253012.  US00060       US00060      11407035      11407035,10661,10425,10024,9667,9863,4,1,0.257,PRI_URBAN,,,,,,,,,0,185,44,0,1,,0,0,,,,,,,,,Not PED,,1,0,Hampton,114,5,NOT-RD,8. Non-Intersection,0,271.50,271.66,1. Straight - Level,1. No Defects,"2. Two-Way, Divided, Unprotected Median",1. Dry,"2. Blacktop, Asphalt, Bituminous",3403 KEOUGHTON RD,USPRI,US,R-VA   US00060EB,"Urbanized (Population 200,000 and over)",1. Yes,"19,0",5999,5867,5898,5688,5803,Not SENIOR,Left side,35,"35,0",Not SPEED,"35,0",253013,0.75,"2. No,1. Yes",0,"0,0",12PM TO 3PM,1,1,6. Traffic Lanes Marked,1. Yes - Working,Not a Parkway - Trucks and Commercial Vehicles Allowed,"1,2","1. Passenger car,9. Bicycle","HYUN,BICYCLE","1. Going Straight Ahead,14. Changing Lanes",ACCENT,2005,5,5.Hampton Roads,1. No Adverse Condition (Clear/Cloudy),Not Provided,2. No,Not Provided,Not YOUNG
,Not ALCIHOL,Urban,0,0,,,Not UNBELTED,,Male,C,2,BIKE,,0,0,,2. Angle,"Not Provided,Not Provided","Not Provided,Not Provided",,,,10/25/2012,10/25/2012,22. Bicycle,1619,C.Non-Visible Injury,2012,,1,1,Norfolk,Urban,22. Bicycle,MAIN,3PM TO 6PM,122.Norfolk,,Not Intersection,Reset Filters,VDOT_OTHER,Thursday,Not DEER,"South,North",,5,1,123470041,,"Not Provided,Male","PDO,C","1,2","11. Did Not Have Right-of-Way,1. No Improper Action","Not Provided,3. Unavailable/Not Applicable","Not Applicable,Not Applicable","9. Unknown,1. No Defects","Not Applicable,Not Applicable","6. Unknown,1. Had Not Been Drinking","3. Unknown,Not Applicable","Not Provided,2. Partially Ejected","NotProvided,Yes","Yes,No","Not Provided,8. No Restraint Used","1. Not Obscured,1. Not Obscured",,,,,,,,,"22,20",1. On Roadway,"0,0",,,,Not GUARDRAIL,HIT_RUN,"11,0",1,3. Three Approaches,,C,0,0,36.862401,36.862401,,,Not LRTRUCK,2. Daylight,UNLOCATED,-76.276323,-76.276323,MAINLINE,,,,,,,,"22,20",Not MOTORCYCLE,,.,,,,,,,1,,SEC_URBAN,,,,,,,,,,,,0,1,,0,0,,,,,,,,,Not PED,,1,0,Norfolk,122,5,NOT-RD,9. Within Intersection,,,,1. Straight - Level,1. No Defects,"1. Two-Way, Not Divided",1. Dry,"2. Blacktop, Asphalt, Bituminous",803 LEXINGTON,UNKWN,SC,U-VA122SC99999UK,,3. No,"0,0",,,,,,Not SENIOR,,,"0,0",Not SPEED,"0,0",,,"3. Pending,1. Yes",,"0,0",3PM TO 6PM,1,1,4. Stop Sign,1. Yes - Working,,"1,2","1. Passenger car,9. Bicycle",SCHWINN,"2. Making Right Turn,1. Going Straight Ahead",GERNERIC,,5,5.Hampton Roads,1. No Adverse Condition (Clear/Cloudy),Not Provided,2. No,Not Provided,Not YOUNG
No Access Control,Not ALCIHOL,Urban,0,0,"N/A, Unknown, or Unstabilized",20TH ST(L)/,Not UNBELTED,25,Male,B,2,BIKE,0.21,1,1,,4. Sideswipe - Same Direction,"Not Provided,Not Provided","Not Provided,Not Provided",13408719,0.235,3,4/19/2012,4/19/2012,22. Bicycle,1356,B.Visiible Injury,2012,Left and Right sides,0,0,Virginia Beach,Urban,22. Bicycle,MAIN,12PM TO 3PM,134.Virginia Beach,238,Intersection,Reset Filters,VDOT_OTHER,Thursday,Not DEER,"South,South",,5,1,121125181,"44,25","Male,Male","PDO,B","1,2","1. No Improper Action,42. Improper or Unsafe Lane Change","2. Not Deployed,3. Unavailable/Not Applicable","4. No Test,4. No Test","1. No Defects,1. No Defects","14. No Driver Distraction,14. No Driver Distraction","1. Had Not Been Drinking,1. Had Not Been Drinking","2. No,2. No","1. Not Ejected,1. Not Ejected","No,No","No,No","3. Lap and Shoulder Belt,9. Not Applicable","1. Not Obscured,1. Not Obscured",,,0,541659,134-08684(L)/VA-BEACH-NORFOLK EXPWY,0,0,"0.Two-way, non-divided","22,20",1. On Roadway,"0,0",I,I.Urban Collector,Other City or Town Streets (not state maintained),Not GUARDRAIL,Not HIT_RUN,"2,10",1,1. Not at Intersection,121125181,C,0,0,36.848907,36.848907,0,0.07,Not LRTRUCK,2. Daylight,LOCATED,-75.975228,-75.975228,MAINLINE,MAIN,0,0,0,0,0,Undivided Roadway,"22,20",Not MOTORCYCLE,541659,541659. 13408684      13408719      13408719,11035,8682,8762,8444,8560,2,1,0.045,SEC_URBAN,,,,,,,,,0,0,50,0,1,,0,0,,,,,,,,,Not PED,,1,0,Virginia Beach,134,5,NOT-RD,1. Main-Line Roadway,0,0.25,0.25,1. Straight - Level,1. No Defects,"1. Two-Way, Not Divided",1. Dry,"2. Blacktop, Asphalt, Bituminous",2014 ATLANTIC AVE,URB,UR,R-VA134UR08719SB,"Urbanized (Population 200,000 and over)",3. No,"0,0",9020,6158,6215,5989,6539,Not SENIOR,Left and Right sides,"10,10","25,25",Not SPEED,"25,25",541962,0,"2. No,2. No",0,"0,0",12PM TO 3PM,1,1,6. Traffic Lanes Marked,1. Yes - Working,Not a Parkway - Trucks and Commercial Vehicles Allowed,"1,2","1. Passenger car,9. Bicycle","HYUNDAI,PACIFIC SUN","1. Going Straight Ahead,14. Changing Lanes","SONATA,BICYCLE CRUISER",20122010,5,5.Hampton Roads,1. No Adverse Condition (Clear/Cloudy),Not Provided,2. No,Not Provided,Not YOUNG
No Access Control,Not ALCIHOL,Urban,0,0,Bituminous Concrete (Black Base),HEMLOCK RD,Not UNBELTED,,"Male,Male","C,C",,BIKE,53.16,0,0,,2. Angle,"Not Provided,Not Provided,Not Provided","Not Provided,Not Provided,Not Provided",US00017,53.639,4,4/19/2012,4/19/2012,22. Bicycle,1722,C.Non-Visible Injury,2012,Left and Right sides,1,2,Newport News,Urban,22. Bicycle,MAIN,3PM TO 6PM,121.Newport News,"2,592",Intersection,Reset Filters,VDOT_OTHER,Thursday,Not DEER,"West,South,South",,5,1,121370060,"28,18,37","Female,Male,Male","PDO,C,C","1,2,3","1. No Improper Action,11. Did Not Have Right-of-Way,11. Did Not Have Right-of-Way","2. Not Deployed,3. Unavailable/Not Applicable,3. Unavailable/Not Applicable","4. No Test,4. No Test,4. No Test","1. No Defects,1. No Defects,1. No Defects","Not Applicable,Not Applicable,Not Applicable","1. Had Not Been Drinking,1. Had Not Been Drinking,1. Had Not Been Drinking","2. No,2. No,2. No","1. Not Ejected,1. Not Ejected,1. Not Ejected","No,No,No","No,No,No","3. Lap and Shoulder Belt,8. No Restraint Used,8. No Restraint Used","1. Not Obscured,1. Not Obscured,1. Not Obscured",,,54,646006,SR-00306(L)/121-07027(R)/HARPERSVILLE RD,0,1,"1.Divided, no control of access","22,20,20",4. Roadside,"0,0,0",E,E.Urban Other Principle Arterials; Connecting Links of Other Rural Principal Arterial,Urban Extensions - Primary Routes,Not GUARDRAIL,Not HIT_RUN,"2,12,12",1,1. Not at Intersection,121370060,C,0,0,37.053096,37.053096,0,0.97,Not LRTRUCK,2. Daylight,LOCATED,-76.461826,-76.461826,MAINLINE,MAIN,0,0,Curbed Grass,14,4,Divided Roadway,"22,20,20",Not MOTORCYCLE,646006,646006.  SR00306       US00017       US00017      12107027,60649,61968,58803,58409,58883,6,1,0.491,PRI_URBAN,,,,,,,,,0,179,72,0,2,,0,0,,,,,,,,,Not PED,,2,0,Newport News,121,5,NOT-RD,"13. Driveway, Alley-Access - Related",0,53.50,53.64,1. Straight - Level,1. No Defects,"2. Two-Way, Divided, Unprotected Median",1. Dry,1. Concrete,JEFFERSON AVE,USPRI,US,R-VA   US00017NB,"Urbanized (Population 200,000 and over)",3. No,"0,0,0",44461,46718,38625,38774,38924,Not SENIOR,Left and Right sides,"3,3,5","45,45,45",Not SPEED,"45,45,45",646007,0,"1. Yes,2. No,2. No",0,"0,0,0",3PM TO 6PM,1,1,1. No Traffic Control,6. No Traffic Control Device Present,Designated Truck Route - D2,"1,2,3","1. Passenger car,9. Bicycle,9. Bicycle",MERCURY,"16. Entering Street From Parking Lot,1. Going Straight Ahead,1. Going Straight Ahead",SABLE,1998,5,5.Hampton Roads,1. No Adverse Condition (Clear/Cloudy),Not Provided,2. No,Not Provided,YOUNG
,Not ALCIHOL,Urban,0,0,,,Not UNBELTED,30,Male,B,1,BIKE,,1,1,,2. Angle,"Not Provided,Not Provided","Not Provided,Not Provided",,,,4/19/2012,4/19/2012,20. Motor Vehicle In Transport,1530,B.Visiible Injury,2012,,0,0,Newport News,Urban,20. Motor Vehicle In Transport,MAIN,3PM TO 6PM,121.Newport News,,Not Intersection,Reset Filters,VDOT_OTHER,Thursday,Not DEER,"South,West",,5,1,122890083,"30,25","Male,Male","B,PDO","1,2","37. Other,1. No Improper Action","3. Unavailable/Not Applicable,2. Not Deployed","4. No Test,4. No Test","1. No Defects,1. No Defects","Not Applicable,Not Applicable","1. Had Not Been Drinking,1. Had Not Been Drinking","2. No,2. No","1. Not Ejected,1. Not Ejected","No,No","No,No","9. Not Applicable,3. Lap and Shoulder Belt","5. Trees, Crops, etc.,5. Trees, Crops, etc.",,,,,,,,,"20,22",1. On Roadway,"0,0",,,,Not GUARDRAIL,Not HIT_RUN,"9,1",1,2. Two Approaches,,C,0,0,37.015077,37.015077,,,Not LRTRUCK,2. Daylight,UNLOCATED,-76.44169,-76.44169,MAINLINE,,,,,,,,"20,22",Not MOTORCYCLE,,.,,,,,,,1,,SEC_URBAN,,,,,,,,,,,,0,1,,0,0,,,,,,,,,Not PED,,1,0,Newport News,121,5,NOT-RD,9. Within Intersection,,,,1. Straight - Level,1. No Defects,"3. Two-Way, Divided, Positive Median Barrier",1. Dry,"2. Blacktop, Asphalt, Bituminous",JEFFERSON AVE,UNKWN,SC,U-VA121SC99999UK,,3. No,"0,0",,,,,,Not SENIOR,,"10,2","0,0",SPEED,"0,0",,,"2. No,2. No",,"0,0",3PM TO 6PM,1,1,4. Stop Sign,1. Yes - Working,,"1,2","9. Bicycle,2. Truck - Pick-up/Passenger Truck",TOYOTA,"1. Going Straight Ahead,2. Making Right Turn",TACOMA,2002,5,5.Hampton Roads,1. No Adverse Condition (Clear/Cloudy),Not Provided,2. No,Not Provided,Not YOUNG
No Access Control,Not ALCIHOL,Urban,0,0,Bituminous Concrete (Black Base),121-00014(L)/121-07104(R)/,Not UNBELTED,21,Female,B,1,BIKE,255.88,1,1,,2. Angle,"Not Provided,Not Provided","Not Provided,Not Provided",US00060,256.334,3,4/20/2012,4/20/2012,22. Bicycle,2030,B.Visiible Injury,2012,Left and Right sides,0,0,Newport News,Urban,22. Bicycle,MAIN,6PM TO 9PM,121.Newport News,243,Intersection,Reset Filters,VDOT_OTHER,Friday,Not DEER,"South,West",,5,1,122510019,"21,22","Female,Female","B,PDO","1,2","11. Did Not Have Right-of-Way,1. No Improper Action","3. Unavailable/Not Applicable,2. Not Deployed","4. No Test,4. No Test","8. Other,1. No Defects","Not Applicable,Not Applicable","1. Had Not Been Drinking,1. Had Not Been Drinking","Not Applicable,2. No","2. Partially Ejected,1. Not Ejected","Yes,No","No,No","9. Not Applicable,3. Lap and Shoulder Belt","1. Not Obscured,1. Not Obscured",,,256,646054,121-07040(R)/COLONY DR,0,1,"1.Divided, no control of access","20,22","8. Off Roadway, Location Unknown","0,0",H,H.Urban Minor Arterial,Urban Extensions - Primary Routes,Not GUARDRAIL,Not HIT_RUN,"12,12",1,1. Not at Intersection,122510019,C,0,0,37.114166,37.114166,0,0.5,Not LRTRUCK,4. Darkness - Road Lighted,LOCATED,-76.519167,-76.519167,MAINLINE,MAIN,0,0,Curbed Grass,28,28,Divided Roadway,"20,22",Not MOTORCYCLE,646054,646054.  US00060       US00060      12107040,35128,34352,37007,35689,36413,4,1,0.046,PRI_URBAN,,,,,,,,,0,115,54,0,1,,0,0,,,,,,,,,Not PED,,1,0,Newport News,121,5,NOT-RD,8. Non-Intersection,0,256.25,256.35,1. Straight - Level,1. No Defects,5. Unknown,1. Dry,1. Concrete,13300 WARWICK BLVD,USPRI,US,R-VA   US00060WB,"Urbanized (Population 200,000 and over)",3. No,"0,0",31394,30700,33849,32643,33305,Not SENIOR,Left and Right sides,"5,3","10,15",Not SPEED,"10,15",716487,0,"2. No,2. No",0,"0,0",6PM TO 9PM,1,1,1. No Traffic Control,6. No Traffic Control Device Present,Not a Parkway - Trucks and Commercial Vehicles Allowed,"1,2","9. Bicycle,1. Passenger car",DODGE,"1. Going Straight Ahead,2. Making Right Turn",NEON,2003,5,5.Hampton Roads,1. No Adverse Condition (Clear/Cloudy),Not Provided,2. No,Not Provided,Not YOUNG
No Access Control,Not ALCIHOL,Urban,0,0,"N/A, Unknown, or Unstabilized",1SR-00337-P(L)/122-08580(L)/MAY STREET(R)/& C,Not UNBELTED,32,Female,B,2,BIKE,26.68,1,1,,2. Angle,"Not Provided,Not Provided","Not Provided,Not Provided",SR00337,26.68,4,4/20/2012,4/20/2012,20. Motor Vehicle In Transport,1544,B.Visiible Injury,2012,Left and Right sides,0,0,Norfolk,Urban,20. Motor Vehicle In Transport,MAIN,3PM TO 6PM,122.Norfolk,0,Intersection,Reset Filters,VDOT_OTHER,Friday,Not DEER,"South,West",,5,1,121300211,"47,32","Female,Female","PDO,B","1,2","1. No Improper Action,37. Other","2. Not Deployed,3. Unavailable/Not Applicable","Not Applicable,Not Applicable","1. No Defects,1. No Defects","Not Applicable,Not Applicable","1. Had Not Been Drinking,1. Had Not Been Drinking","2. No,2. No","1. Not Ejected,2. Partially Ejected","No,Yes","No,No","3. Lap and Shoulder Belt,9. Not Applicable","16. Stopped Vehicle(s),16. Stopped Vehicle(s)",,,27,483415,SR-00168(L)/US-00460(B)/,0,1,"1.Divided, no control of access","22,20",1. On Roadway,"0,0",E,E.Urban Other Principle Arterials; Connecting Links of Other Rural Principal Arterial,Urban Extensions - Primary Routes,Not GUARDRAIL,Not HIT_RUN,"1,0",1,3. Three Approaches,121300211,C,0,0,36.847546,36.847546,0,0.38,Not LRTRUCK,2. Daylight,LOCATED,-76.277482,-76.277482,MAINLINE,MAIN,0,0,0,0,0,Divided Roadway,"22,20",Not MOTORCYCLE,483666,483666.  SR00337       SR00337      12208580      1SR00337P,22449,20833,20357,19180,22930,7,1,0,PRI_URBAN,,,,,,,,,0,0,0,0,1,,0,0,,,,,,,,,Not PED,,1,0,Norfolk,122,5,NOT-RD,10. Intersection Related - Within 150 Feet,0,26.50,26.68,1. Straight - Level,1. No Defects,"2. Two-Way, Divided, Unprotected Median",1. Dry,"2. Blacktop, Asphalt, Bituminous",400 TIDEWATER DR,STPRI,SR,R-VA   SR00337WB,"Urbanized (Population 200,000 and over)",3. No,"0,0",21525,19907,19422,18279,21893,Not SENIOR,Left and Right sides,10,"30,25",Not SPEED,"30,25",483666,0,"2. No,1. Yes",0,"0,0",3PM TO 6PM,1,1,4. Stop Sign,1. Yes - Working,Not a Parkway - Trucks and Commercial Vehicles Allowed,"1,2","22. Truck - Sport Utility Vehicle (SUV),9. Bicycle","FORD,MAGNA","1. Going Straight Ahead,15. Other","EXPEDITION,GLACIER POINT",2004,5,5.Hampton Roads,1. No Adverse Condition (Clear/Cloudy),Not Provided,2. No,Not Provided,Not YOUNG