Access Control,Alcohol Notalcohol,Area Type1,A Crash,A People,Basetypedesc,Begin Node Dsc,Belted Unbelted,Bikeage,Bikegen,Bikeinjurytype,Bikevehiclenumber,Bike Nonbike,BMP,B Crash,B People,Carspeedlimit,Collision Type,Comm Cargo Body Type Cd,Comm Vehicle Body Type Cd,Cotedrouteid,Coted Mp,Count App,CRASH_DT (copy),Crash Dt,Crash Event Type Dsc,Crash Military Tm,Crash Severity,Crash Year,Curbgutterdesc,C Crash,C People,Juris Name Used,Area Type Used,First Harmful Event of Entire Crash,MAINLINE,Time Slicing Used,Phy_Juris_Nm,Offset-Ft,Intersection Analysis,Clear,Calculation_9640323132123359,Day Of Week,Deer Nodeer,Direction Of Travel Cd,Distracted Notdistracted,VSP,TOTAL CRASH,Document Nbr,Driverage,Drivergen,Driverinjurytype,Drivervehiclenumber,Driver Action Type Cd,Driver Airbag Deployment,Driver Alcohol Test Type Cd,Driver Condition Type Cd,Driver Distraction Type Cd,Driver Drinking Type Cd,Driver Drug Use Cd,Driver Ejected From Vehicle,Driver Ems Transport Ind,Driver Fled Scene Ind,Driver Safety Equip Used,Driver Vis Obscured Type Cd,Drowsy Notdrowsy,Drug Nodrug,EMP,End Node,End Node Dsc,End Offset,Facility,FAC,First Crash Event Cd,First Harmful Event,Fourth Crash Event Cd,Functionalclass,FUN,Govcondesc,Gr Nogr,Hitrun Not Hitrun,Initial Veh Impact Area Cd,Injury Crashes,Intersection Type,Int Doc,Jurtype,K_CRASH,K People,LAT (copy),LAT,Leftshoulderwidth,Length,Lgtruck Nonlgtruck,Light Condition,Located Unlocated,LON (copy),LON,MAINLINE (group),Mainline Yn,Medianleftshoulderwidth,Medianrightshoulderwidth,Mediantypedesc,Medianwidthmax,Medianwidthmin,Median Type,Most Harmful Crash Event Cd,Motor Nonmotor,Node,Node Info,Node Totaadt2011,Node Totaadt2012,Node Totaadt2013,Node Totaadt2014,Node Totaadt2015,Numberoflane,Number of Records,Offset,Ownership,Passage,Passgen,Passinjurytype,Passvehiclenumber,Pass Airbag Deployment,Pass Ejected From Vehicle,Pass Ems Transport Ind,Pass Safety Equip Used,Pavementconditionvalue,Pavementroughnessvalue,Pavementwidth,Pdo Crash,Total People Killed & Injured,Pedage,Pedestrians Injured,Pedestrians Killed,Pedgen,Pedinjurytype,Pednumber,Ped Action,Ped Al Test,Ped Cond,Ped Drink,Ped Drug,Ped Nonped,Ped Rflct,Persons Injured,Persons Killed,Physical Juris Nm,PJR,VSP_Used,Rd Type,Relation To Roadway,Rightshoulderwidth,RNS_MP (0.25 mi bin),Rns Mp,Roadway Alignment,Roadway Defect,Roadway Description,Roadway Surface Cond,Roadway Surface Type,Route Or Street Nm,Rte Category Cd,Rte Cat,Rte Nm,Ruralurbandesc,School Zone,Second Crash Event Cd,Segtotaadt2011,Segtotaadt2012,Segtotaadt2013,Segtotaadt2014,Segtotaadt2015,Senior Notsenior,Sidewalkdesc,Speed Before,Speed Max Safe,Speed Notspeed,Speed Posted,Start Node,Start Offset,Summons Issued Cd,Surfacedesc,Third Crash Event Cd,Time Slicing,Total Crashes including Property Damage Only,Total Crash,Traffic Control Type,Trfc Ctrl Status Type,Truckcommr,Vehiclenumber,Vehicle Body Type Cd,Vehicle Make Nm,Vehicle Maneuver Type Cd,Vehicle Model Nm,Vehicle Year Nbr,District,District_Used ,Weather Condition,Work Zone Location,Work Zone Related,Work Zone Type,Young Notyoung
No Access Control,Not ALCIHOL,Urban,0,0,Portland Cement Concrete,US-00058(L)/134-08578(R)/LASKIN RD,Not UNBELTED,13,Male,B,1,BIKE,302.03,1,1,,2. Angle,"Not Provided,Not Provided","Not Provided,Not Provided",US00060,302.041,4,4/21/2012,4/21/2012,20. Motor Vehicle In Transport,1209,B.Visiible Injury,2012,Left and Right sides,0,0,Virginia Beach,Urban,20. Motor Vehicle In Transport,MAIN,12PM TO 3PM,134.Virginia Beach,58,Intersection,Reset Filters,VDOT_OTHER,Saturday,Not DEER,"West,South",,5,1,121125169,"13,54","Male,Male","B,PDO","1,2","11. Did Not Have Right-of-Way,1. No Improper Action","3. Unavailable/Not Applicable,2. Not Deployed","Not Applicable,Not Applicable","1. No Defects,1. No Defects","Not Applicable,Not Applicable","1. Had Not Been Drinking,1. Had Not Been Drinking","2. No,2. No","1. Not Ejected,1. Not Ejected","Yes,No","No,No","9. Not Applicable,3. Lap and Shoulder Belt","1. Not Obscured,1. Not Obscured",,,302,541110,30TH ST,0,0,"0.Two-way, non-divided","22,20",1. On Roadway,"0,0",E,E.Urban Other Principle Arterials; Connecting Links of Other Rural Principal Arterial,Urban Extensions - Primary Routes,Not GUARDRAIL,Not HIT_RUN,"2,12",1,4. Four Approaches,121125169,C,0,0,36.859047,36.859047,0,0.07,Not LRTRUCK,2. Daylight,LOCATED,-75.979356,-75.979356,MAINLINE,MAIN,0,0,0,0,0,Undivided Roadway,"20,20",Not MOTORCYCLE,541057,541057.  US00058       US00060       US00060      13408578,35003,33265,33529,33082,32581,4,1,0.011,PRI_URBAN,,,,,,,,,0,350,62,0,1,,0,0,,,,,,,,,Not PED,,1,0,Virginia Beach,134,5,NOT-RD,9. Within Intersection,0,302.00,302.04,1. Straight - Level,1. No Defects,"2. Two-Way, Divided, Unprotected Median",1. Dry,"2. Blacktop, Asphalt, Bituminous",3000 PACIFIC AVENUE,USPRI,US,R-VA   US00060EB,"Urbanized (Population 200,000 and over)",3. No,"20,0",16522,15296,15206,15119,15239,Not SENIOR,Left and Right sides,"5,15","35,35",Not SPEED,"35,35",541057,0,"2. No,2. No",0,"0,0",12PM TO 3PM,1,1,3. Traffic Signal,1. Yes - Working,Not a Parkway - Trucks and Commercial Vehicles Allowed,"1,2","9. Bicycle,22. Truck - Sport Utility Vehicle (SUV)","GT FLY,JEEP","1. Going Straight Ahead,1. Going Straight Ahead","BMX 500,LATITUDE",20112011,5,5.Hampton Roads,1. No Adverse Condition (Clear/Cloudy),Not Provided,2. No,Not Provided,Not YOUNG
,Not ALCIHOL,Urban,1,1,,,Not UNBELTED,,Female,A,2,BIKE,,0,0,,2. Angle,"Not Provided,Not Provided","Not Provided,Not Provided",,,,4/21/2012,4/21/2012,22. Bicycle,1745,A.Ambulatory Injury,2012,,0,0,Norfolk,Urban,22. Bicycle,MAIN,3PM TO 6PM,122.Norfolk,,Not Intersection,Reset Filters,VDOT_OTHER,Saturday,Not DEER,"West,South",,5,1,121930053,38,"Female,Female","PDO,A","1,2","1. No Improper Action,8. Cutting In","2. Not Deployed,Not Provided","Not Applicable,Not Applicable","1. No Defects,1. No Defects","Not Applicable,Not Applicable","1. Had Not Been Drinking,1. Had Not Been Drinking","Not Applicable,Not Applicable","1. Not Ejected,Not Provided","No,Yes","No,No","3. Lap and Shoulder Belt,8. No Restraint Used","1. Not Obscured,10. Parked Vehicle(s)",,,,,,,,,"22,20",1. On Roadway,"0,0",,,,Not GUARDRAIL,Not HIT_RUN,"12,12",1,1. Not at Intersection,,C,0,0,36.855552,36.855552,,,Not LRTRUCK,2. Daylight,UNLOCATED,-76.283375,-76.283375,MAINLINE,,,,,,,,"22,20",Not MOTORCYCLE,,.,,,,,,,1,,SEC_URBAN,,,,,,,,,,,,0,1,,0,0,,,,,,,,,Not PED,,1,0,Norfolk,122,5,NOT-RD,8. Non-Intersection,,,,1. Straight - Level,1. No Defects,"1. Two-Way, Not Divided",1. Dry,"2. Blacktop, Asphalt, Bituminous",360 E . OLNEY,UNKWN,SC,U-VA122SC99999UK,,3. No,"0,0",,,,,,Not SENIOR,,20,"25,0",Not SPEED,"25,0",,,"2. No,2. No",,"0,0",3PM TO 6PM,1,1,1. No Traffic Control,6. No Traffic Control Device Present,,"1,2","3. Van,9. Bicycle","FORD,PINK ,BLAC","1. Going Straight Ahead,15. Other",FREESTER,2004,5,5.Hampton Roads,1. No Adverse Condition (Clear/Cloudy),Not Provided,2. No,Not Provided,Not YOUNG
No Access Control,Not ALCIHOL,Urban,0,0,Bituminous Concrete (Black Base),122-08564(B)/38TH ST,Not UNBELTED,21,Female,B,2,BIKE,30.66,1,1,,3. Head On,"Not Provided,Not Provided","Not Provided,Not Provided",SR00337,30.685,4,4/24/2012,4/24/2012,22. Bicycle,1916,B.Visiible Injury,2012,Left and Right sides,0,0,Norfolk,Urban,22. Bicycle,MAIN,6PM TO 9PM,122.Norfolk,554,Intersection,Reset Filters,VDOT_OTHER,Tuesday,Not DEER,"North,East",,5,1,121245068,"22,21","Female,Female","PDO,B","1,2","1. No Improper Action,21. Disregarded Traffic Signal","1. Deployed - Front,3. Unavailable/Not Applicable","Not Applicable,Not Applicable","1. No Defects,1. No Defects","14. No Driver Distraction,14. No Driver Distraction","1. Had Not Been Drinking,1. Had Not Been Drinking","2. No,2. No","1. Not Ejected,Not Provided","No,No","No,No","3. Lap and Shoulder Belt,9. Not Applicable","12. Sun or Headlight Glare,1. Not Obscured",,,31,483654,122-08562(B)/43RD ST,0,1,"1.Divided, no control of access","22,20",1. On Roadway,"0,0",E,E.Urban Other Principle Arterials; Connecting Links of Other Rural Principal Arterial,Urban Extensions - Primary Routes,Not GUARDRAIL,Not HIT_RUN,"1,12",1,1. Not at Intersection,121245068,C,0,0,36.883528,36.883528,0,0.17,Not LRTRUCK,3. Dusk,LOCATED,-76.302226,-76.302226,MAINLINE,MAIN,0,0,Curbed Grass,14,4,Divided Roadway,"22,20",Not MOTORCYCLE,483655,483655.  SR00337       SR00337      12208564      12208564,38699,40866,40042,37803,32041,6,1,0.105,PRI_URBAN,,,,,,,,,0,180,64,0,1,,0,0,,,,,,,,,Not PED,,1,0,Norfolk,122,5,NOT-RD,1. Main-Line Roadway,0,30.50,30.69,1. Straight - Level,1. No Defects,"3. Two-Way, Divided, Positive Median Barrier",1. Dry,"2. Blacktop, Asphalt, Bituminous",4300 HAMPTON BLVD,STPRI,SR,R-VA   SR00337EB,"Urbanized (Population 200,000 and over)",1. Yes,"0,0",33979,35765,34894,32841,26393,Not SENIOR,Left and Right sides,"5,5","25,25",Not SPEED,"25,25",483655,0.08,"Not Provided,1. Yes",0,"0,0",6PM TO 9PM,1,1,3. Traffic Signal,1. Yes - Working,Not a Parkway - Trucks and Commercial Vehicles Allowed,"1,2","1. Passenger car,9. Bicycle",Volvo,"2. Making Right Turn,1. Going Straight Ahead",740,1991,5,5.Hampton Roads,1. No Adverse Condition (Clear/Cloudy),Not Provided,2. No,Not Provided,Not YOUNG
No Access Control,Not ALCIHOL,Urban,0,0,Bituminous Concrete (Black Base),134-08832(L)/GREEN MEADOWS DRIVE(R)/,Not UNBELTED,,Male,B,2,BIKE,5.1,1,1,,2. Angle,"Not Provided,Not Provided","Not Provided,Not Provided",13408627,5.1,3,6/19/2015,6/19/2015,22. Bicycle,825,B.Visiible Injury,2015,Left and Right sides,0,0,Virginia Beach,Urban,22. Bicycle,MAIN,6AM TO 9AM,134.Virginia Beach,0,Intersection,Reset Filters,VDOT_OTHER,Friday,Not DEER,"South,West",,5,1,151715033,32,"Female,Male","PDO,B","1,2","37. Other,1. No Improper Action","2. Not Deployed,3. Unavailable/Not Applicable","Not Applicable,Not Applicable","1. No Defects,1. No Defects","Not Applicable,Not Applicable","1. Had Not Been Drinking,1. Had Not Been Drinking","2. No,2. No","1. Not Ejected,3. Totally Ejected","No,Yes","No,No","3. Lap and Shoulder Belt,6. Other","1. Not Obscured,1. Not Obscured",,,5,541357,MINNARD COURT/,0,1,"1.Divided, no control of access","22,20",1. On Roadway,"0,0",H,H.Urban Minor Arterial,Other City or Town Streets (not state maintained),Not GUARDRAIL,Not HIT_RUN,"1,11",1,4. Four Approaches,151715033,C,0,0,36.81693,36.81693,0,0.08,Not LRTRUCK,2. Daylight,LOCATED,-76.12679,-76.12679,MAINLINE,MAIN,6,6,Grass/Unprotected,40,24,Divided Roadway,"22,20",Not MOTORCYCLE,541356,541356. 13408627      13408627      13408832,37096,37989,38339,36948,36657,4,1,0,SEC_URBAN,,,,,,,,,0,0,52,0,1,,0,0,,,,,,,,,Not PED,,1,0,Virginia Beach,134,5,NOT-RD,9. Within Intersection,0,5.00,5.10,1. Straight - Level,1. No Defects,"1. Two-Way, Not Divided",1. Dry,"2. Blacktop, Asphalt, Bituminous",S. INDEPENDENCE BLVD,URB,UR,R-VA134UR08627NB,"Urbanized (Population 200,000 and over)",3. No,"0,0",35319,36178,36512,35187,35009,Not SENIOR,Left and Right sides,"5,1","45,45",Not SPEED,"45,45",541356,0,"2. No,2. No",0,"0,0",6AM TO 9AM,1,1,3. Traffic Signal,1. Yes - Working,Not a Parkway - Trucks and Commercial Vehicles Allowed,"1,2","1. Passenger car,9. Bicycle","NISSAN,OTH","1. Going Straight Ahead,1. Going Straight Ahead","JUKE,BICYCLE",20152015,5,5.Hampton Roads,1. No Adverse Condition (Clear/Cloudy),Not Provided,2. No,Not Provided,Not YOUNG
No Access Control,Not ALCIHOL,Urban,0,0,Bituminous Concrete (Black Base),COMMERCE PARK RD.(R)/,Not UNBELTED,51,Female,B,2,BIKE,0.63,1,1,,12. Ped,"Not Provided,Not Provided","Not Provided,Not Provided",14503904,0.693,4,6/20/2015,6/20/2015,22. Bicycle,1530,B.Visiible Injury,2015,Left and Right sides,0,0,Franklin,Urban,22. Bicycle,MAIN,3PM TO 6PM,145.Franklin,"2,360",Intersection,Reset Filters,VDOT_OTHER,Saturday,Not DEER,"South,East",,5,1,151725217,"35,51","Female,Female","PDO,B","1,2","11. Did Not Have Right-of-Way,1. No Improper Action","2. Not Deployed,3. Unavailable/Not Applicable","4. No Test,4. No Test","1. No Defects,1. No Defects","14. No Driver Distraction,Not Applicable","1. Had Not Been Drinking,1. Had Not Been Drinking","2. No,2. No","1. Not Ejected,1. Not Ejected","No,Yes","No,No","3. Lap and Shoulder Belt,8. No Restraint Used","1. Not Obscured,1. Not Obscured",,,1,716602,BAILEY DR.(L)/,0,0,"0.Two-way, non-divided","22,20",1. On Roadway,"0,0",H,H.Urban Minor Arterial,Other City or Town Streets (not state maintained),Not GUARDRAIL,Not HIT_RUN,"1,12",1,3. Three Approaches,151725217,C,0,0,36.67027,36.67027,0,0.07,Not LRTRUCK,2. Daylight,LOCATED,-76.94611,-76.94611,MAINLINE,MAIN,0,0,0,0,0,Undivided Roadway,"22,20",Not MOTORCYCLE,611853,611853. 14503904      14503904      14503907      14503907,18681,17948,18114,17457,15949,4,1,0.447,SEC_URBAN,,,,,,,,,3.9,0,64,0,1,,0,0,,,,,,,,,Not PED,,1,0,Franklin,145,5,NOT-RD,9. Within Intersection,0,0.50,0.69,1. Straight - Level,1. No Defects,"1. Two-Way, Not Divided",1. Dry,"2. Blacktop, Asphalt, Bituminous",Bailey Dr.,URB,UR,R-VA145UR03904WB,"Small Urban (Population 5,000 - 49,999)",3. No,"0,0",12321,12981,13101,12625,12509,Not SENIOR,Left and Right sides,3,25,Not SPEED,25,611740,0,"1. Yes,2. No",0,"0,0",3PM TO 6PM,1,1,3. Traffic Signal,1. Yes - Working,Not a Parkway - Trucks and Commercial Vehicles Allowed,"1,2","22. Truck - Sport Utility Vehicle (SUV),9. Bicycle","Ford,Bicycle","2. Making Right Turn,1. Going Straight Ahead",Explorer,2013,5,5.Hampton Roads,1. No Adverse Condition (Clear/Cloudy),Not Provided,2. No,Not Provided,Not YOUNG
No Access Control,Not ALCIHOL,Urban,0,0,Bituminous Concrete (Black Base),IS-00064-W255B(R)/FROM RT 64 WEST,Not UNBELTED,20,Male,B,1,BIKE,18.92,1,1,,2. Angle,"Not Provided,Not Provided","Not Provided,Not Provided",SR00143,19.116,3,4/26/2012,4/26/2012,22. Bicycle,2249,B.Visiible Injury,2012,Left and Right sides,0,0,Newport News,Urban,22. Bicycle,MAIN,9PM TO 12AM,121.Newport News,"1,035",Intersection,Reset Filters,VDOT_OTHER,Thursday,Not DEER,"West,North",,5,1,121770196,"20,31","Male,Male","B,PDO","1,2","11. Did Not Have Right-of-Way,1. No Improper Action","3. Unavailable/Not Applicable,2. Not Deployed","4. No Test,4. No Test","1. No Defects,1. No Defects","Not Applicable,Not Applicable","Not Applicable,1. Had Not Been Drinking","Not Applicable,2. No","3. Totally Ejected,1. Not Ejected","No,No","Yes,No","9. Not Applicable,3. Lap and Shoulder Belt","1. Not Obscured,1. Not Obscured",,,19,730755,WAL-MART WAY(L)/BRICK KILN BLVD(R)/,0,1,"1.Divided, no control of access","22,22",1. On Roadway,"0,0",E,E.Urban Other Principle Arterials; Connecting Links of Other Rural Principal Arterial,Urban Extensions - Primary Routes,Not GUARDRAIL,HIT_RUN,"9,12",1,4. Four Approaches,121770196,C,0,0,37.12132,37.12132,0,0.2,Not LRTRUCK,4. Darkness - Road Lighted,LOCATED,-76.506468,-76.506468,MAINLINE,MAIN,0,0,Curbed Grass,16,4,Divided Roadway,"22,22",Not MOTORCYCLE,672295,672295.  IS00064W255B  SR00143       SR00143,88849,92092,81597,81516,84397,7,1,0.196,PRI_URBAN,,,,,,,,,0,127,90,0,1,,0,0,,,,,,,,,Not PED,,1,0,Newport News,121,5,NOT-RD,1. Main-Line Roadway,0,19.00,19.12,1. Straight - Level,1. No Defects,"2. Two-Way, Divided, Unprotected Median",1. Dry,"2. Blacktop, Asphalt, Bituminous",BRICK KILN BLVD,STPRI,SR,R-VA   SR00143NB,"Urbanized (Population 200,000 and over)",3. No,"0,0",88849,92092,73009,72928,75809,Not SENIOR,Left and Right sides,"3,45","45,45",Not SPEED,"45,45",672295,0,"2. No,2. No",0,"0,0",9PM TO 12AM,1,1,6. Traffic Lanes Marked,1. Yes - Working,Not a Parkway - Trucks and Commercial Vehicles Allowed,"1,2","9. Bicycle,2. Truck - Pick-up/Passenger Truck",DODGE,"Not Applicable,1. Going Straight Ahead","State,DURANGO",2000,5,5.Hampton Roads,1. No Adverse Condition (Clear/Cloudy),Not Provided,2. No,Not Provided,YOUNG
No Access Control,Not ALCIHOL,Urban,0,0,Bituminous Concrete (Black Base),134-08687(B)/,Not UNBELTED,25,Female,B,2,BIKE,1.7,1,1,,2. Angle,"Not Provided,Not Provided","Not Provided,Not Provided",13408688,1.7,4,10/26/2012,10/26/2012,22. Bicycle,1102,B.Visiible Injury,2012,None,0,0,Virginia Beach,Urban,22. Bicycle,MAIN,9AM TO 12PM,134.Virginia Beach,0,Intersection,Reset Filters,VDOT_OTHER,Friday,Not DEER,"North,South",,5,1,123215044,"27,25","Female,Female","PDO,B","1,2","1. No Improper Action,37. Other","2. Not Deployed,3. Unavailable/Not Applicable","4. No Test,4. No Test","1. No Defects,1. No Defects","14. No Driver Distraction,14. No Driver Distraction","1. Had Not Been Drinking,1. Had Not Been Drinking","2. No,2. No","1. Not Ejected,3. Totally Ejected","No,Yes","No,No","3. Lap and Shoulder Belt,9. Not Applicable","1. Not Obscured,1. Not Obscured",,,2,715409,134-08690(B)/,0,1,"1.Divided, no control of access","22,20",1. On Roadway,"0,0",H,H.Urban Minor Arterial,Other City or Town Streets (not state maintained),Not GUARDRAIL,Not HIT_RUN,"11,12",1,4. Four Approaches,123215044,C,0,0,36.784848,36.784848,6,0.61,Not LRTRUCK,2. Daylight,LOCATED,-76.049781,-76.049781,MAINLINE,MAIN,4,4,Grass/Unprotected,30,4,Divided Roadway,"22,20",Not MOTORCYCLE,715408,715408. 13408687      13408687      13408688      13408688,53285,54484,54988,52992,48548,4,1,0,SEC_URBAN,,,,,,,,,0,0,48,0,1,,0,0,,,,,,,,,Not PED,,1,0,Virginia Beach,134,5,NOT-RD,9. Within Intersection,6,1.50,1.70,1. Straight - Level,1. No Defects,"2. Two-Way, Divided, Unprotected Median",1. Dry,"2. Blacktop, Asphalt, Bituminous",2299 DAM NECK RD,URB,UR,R-VA134UR08688WB,"Urbanized (Population 200,000 and over)",3. No,"0,0",29016,29756,30031,28941,27481,Not SENIOR,Left and Right sides,"20,1",55,Not SPEED,55,715408,0,"2. No,2. No",0,"0,0",9AM TO 12PM,1,1,3. Traffic Signal,1. Yes - Working,Not a Parkway - Trucks and Commercial Vehicles Allowed,"1,2","1. Passenger car,9. Bicycle",CHEV,"2. Making Right Turn,15. Other","CAVALIER,BICYCLE",2002,5,5.Hampton Roads,1. No Adverse Condition (Clear/Cloudy),Not Provided,2. No,Not Provided,Not YOUNG
No Access Control,Not ALCIHOL,Urban,0,0,Portland Cement Concrete,SR-00194(R)/,Not UNBELTED,52,Male,B,1,BIKE,282.61,1,1,,16. Other,"Not Provided,Not Provided","Not Provided,Not Provided",US00060,282.875,3,6/21/2015,6/21/2015,20. Motor Vehicle In Transport,2146,B.Visiible Injury,2015,Left and Right sides,0,0,Norfolk,Urban,20. Motor Vehicle In Transport,MAIN,9PM TO 12AM,122.Norfolk,"1,399",Intersection,Reset Filters,VDOT_OTHER,Sunday,Not DEER,"South,West",,5,1,152040075,"52,72","Male,Female","B,PDO","1,2","37. Other,1. No Improper Action","3. Unavailable/Not Applicable,2. Not Deployed","4. No Test,4. No Test","1. No Defects,1. No Defects","Not Applicable,Not Applicable","1. Had Not Been Drinking,1. Had Not Been Drinking","2. No,2. No","3. Totally Ejected,1. Not Ejected","No,NotProvided","No,No","9. Not Applicable,3. Lap and Shoulder Belt","Not Applicable,Not Applicable",,,283,483170,122-08619(R)/BEACH VIEW ST,0,0,"0.Two-way, non-divided","20,22",1. On Roadway,"0,0",E,E.Urban Other Principle Arterials; Connecting Links of Other Rural Principal Arterial,Urban Extensions - Primary Routes,Not GUARDRAIL,Not HIT_RUN,"5,12",1,1. Not at Intersection,152040075,C,0,0,36.94679,36.94679,0,0.58,Not LRTRUCK,4. Darkness - Road Lighted,LOCATED,-76.23971,-76.23971,MAINLINE,MAIN,0,0,0,0,0,Undivided Roadway,"20,22",Not MOTORCYCLE,483171,483171.  SR00194       US00060       US00060,18532,18814,18988,18298,19737,4,1,0.265,PRI_URBAN,,,,,,,,,0,170,64,0,1,,0,0,,,,,,,,,Not PED,,1,0,Norfolk,122,5,NOT-RD,8. Non-Intersection,0,282.75,282.88,1. Straight - Level,1. No Defects,"2. Two-Way, Divided, Unprotected Median",1. Dry,"2. Blacktop, Asphalt, Bituminous",1000 E OCEAN VIEW AVE,USPRI,US,R-VA   US00060WB,"Urbanized (Population 200,000 and over)",3. No,"0,0",14094,13716,13843,13340,15276,SENIOR,Left and Right sides,35,"0,35",Not SPEED,"0,35",483171,0,"2. No,2. No",0,"0,0",9PM TO 12AM,1,1,6. Traffic Lanes Marked,6. No Traffic Control Device Present,Not a Parkway - Trucks and Commercial Vehicles Allowed,"1,2","9. Bicycle,1. Passenger car",TOYOTA,"1. Going Straight Ahead,1. Going Straight Ahead",COROLLA,2006,5,5.Hampton Roads,1. No Adverse Condition (Clear/Cloudy),Not Provided,2. No,Not Provided,Not YOUNG
,Not ALCIHOL,Urban,0,0,,,Not UNBELTED,10,Male,B,1,BIKE,,1,1,,2. Angle,"Not Provided,Not Provided","Not Provided,Not Provided",,,,6/21/2015,6/21/2015,20. Motor Vehicle In Transport,1425,B.Visiible Injury,2015,,0,0,Virginia Beach,Urban,20. Motor Vehicle In Transport,MAIN,12PM TO 3PM,134.Virginia Beach,,Not Intersection,Reset Filters,VDOT_OTHER,Sunday,Not DEER,"West,North",DISTRACTED,5,1,151855054,"10,27","Male,Female","B,PDO","1,2","22. Disregarded Stop or Yield Sign,1. No Improper Action","3. Unavailable/Not Applicable,2. Not Deployed","4. No Test,4. No Test","1. No Defects,1. No Defects","7. Eyes Not on Road,14. No Driver Distraction","6. Unknown,6. Unknown","3. Unknown,3. Unknown","1. Not Ejected,1. Not Ejected","No,No","No,No","8. No Restraint Used,3. Lap and Shoulder Belt","1. Not Obscured,1. Not Obscured",,,,,,,,,"20,20",1. On Roadway,"0,0",,,,Not GUARDRAIL,Not HIT_RUN,"9,12",1,2. Two Approaches,,C,0,0,36.84082,36.84082,,,Not LRTRUCK,2. Daylight,UNLOCATED,-76.0858,-76.0858,MAINLINE,,,,,,,,"20,20",Not MOTORCYCLE,,.,,,,,,,1,,SEC_URBAN,,,,,,,,,,,,0,1,,0,0,,,,,,,,,Not PED,,1,0,Virginia Beach,134,5,NOT-RD,1. Main-Line Roadway,,,,1. Straight - Level,1. No Defects,"1. Two-Way, Not Divided",1. Dry,"2. Blacktop, Asphalt, Bituminous",200 GROVELAND RD,UNKWN,SC,U-VA134SC99999UK,,3. No,"0,0",,,,,,Not SENIOR,,"10,20","25,25",Not SPEED,"25,25",,,"2. No,2. No",,"0,0",12PM TO 3PM,1,1,4. Stop Sign,1. Yes - Working,,"1,2","9. Bicycle,1. Passenger car","BICYCLE,HYUNDAI","1. Going Straight Ahead,1. Going Straight Ahead","UNKNOWN,ELANTRA",20102013,5,5.Hampton Roads,1. No Adverse Condition (Clear/Cloudy),Not Provided,2. No,Not Provided,Not YOUNG
Full Access Control,Not ALCIHOL,Urban,0,0,"N/A, Unknown, or Unstabilized",134-08723-S003A(L)/FROM BIRDNECK ROAD - SOUTH,Not UNBELTED,21,Female,B,2,BIKE,24.55,1,1,55,2. Angle,"Not Provided,Not Provided","Not Provided,Not Provided",IS00264W,24.751,,6/23/2015,6/23/2015,22. Bicycle,2049,B.Visiible Injury,2015,None,0,0,Virginia Beach,Urban,22. Bicycle,MAIN,6PM TO 9PM,134.Virginia Beach,,Not Intersection,Reset Filters,VDOT_OTHER,Tuesday,Not DEER,"West,West",,5,1,151785094,"28,21","Female,Female","PDO,B","1,2","11. Did Not Have Right-of-Way,1. No Improper Action","2. Not Deployed,3. Unavailable/Not Applicable","Not Applicable,Not Applicable","1. No Defects,1. No Defects","14. No Driver Distraction,14. No Driver Distraction","1. Had Not Been Drinking,1. Had Not Been Drinking","2. No,2. No","1. Not Ejected,Not Provided","No,Yes","No,No","3. Lap and Shoulder Belt,8. No Restraint Used","1. Not Obscured,1. Not Obscured",,,25,718901,134-08723-N003A(L)/FROM BIRDNECK ROAD - NORTH,0,3,"3.Divided, full control of access","22,20",1. On Roadway,"0,0",A,A.Urban Interstate,State Primary and Interstate,Not GUARDRAIL,Not HIT_RUN,"12,8",1,1. Not at Intersection,,X,0,0,36.84747,36.84747,10,0.28,Not LRTRUCK,5. Darkness - Road Not Lighted,LOCATED,-75.99449,-75.99449,MAINLINE,MAIN,3,0,0,0,0,Divided Roadway,"22,20",Not MOTORCYCLE,,.,,,,,,3,1,,VDOT_IS,,,,,,,,,0,0,36,0,1,,0,0,,,,,,,,,Not PED,,1,0,Virginia Beach,134,5,NOT-RD,5. On Entrance/Exit Ramp,0,24.75,24.75,4. Grade - Curve,1. No Defects,"2. Two-Way, Divided, Unprotected Median",1. Dry,"2. Blacktop, Asphalt, Bituminous",BIRDNECK,IS,IS,R-VA   IS00264WB,"Urbanized (Population 200,000 and over)",3. No,"0,0",12318,12058,12553,12024,17875,Not SENIOR,None,"20,3","0,30",Not SPEED,"30,30",541054,0,"1. Yes,Not Provided",0,"0,0",6PM TO 9PM,1,1,14. Ped Crosswalk,1. Yes - Working,Designated Truck Route - D1,"1,2","22. Truck - Sport Utility Vehicle (SUV),9. Bicycle",HONDA,"1. Going Straight Ahead,1. Going Straight Ahead",CR-V,2016,5,5.Hampton Roads,1. No Adverse Condition (Clear/Cloudy),Not Provided,2. No,Not Provided,Not YOUNG