Access Control,Alcohol Notalcohol,Area Type1,A Crash,A People,Basetypedesc,Begin Node Dsc,Belted Unbelted,Bikeage,Bikegen,Bikeinjurytype,Bikevehiclenumber,Bike Nonbike,BMP,B Crash,B People,Carspeedlimit,Collision Type,Comm Cargo Body Type Cd,Comm Vehicle Body Type Cd,Cotedrouteid,Coted Mp,Count App,CRASH_DT (copy),Crash Dt,Crash Event Type Dsc,Crash Military Tm,Crash Severity,Crash Year,Curbgutterdesc,C Crash,C People,Juris Name Used,Area Type Used,First Harmful Event of Entire Crash,MAINLINE,Time Slicing Used,Phy_Juris_Nm,Offset-Ft,Intersection Analysis,Clear,Calculation_9640323132123359,Day Of Week,Deer Nodeer,Direction Of Travel Cd,Distracted Notdistracted,VSP,TOTAL CRASH,Document Nbr,Driverage,Drivergen,Driverinjurytype,Drivervehiclenumber,Driver Action Type Cd,Driver Airbag Deployment,Driver Alcohol Test Type Cd,Driver Condition Type Cd,Driver Distraction Type Cd,Driver Drinking Type Cd,Driver Drug Use Cd,Driver Ejected From Vehicle,Driver Ems Transport Ind,Driver Fled Scene Ind,Driver Safety Equip Used,Driver Vis Obscured Type Cd,Drowsy Notdrowsy,Drug Nodrug,EMP,End Node,End Node Dsc,End Offset,Facility,FAC,First Crash Event Cd,First Harmful Event,Fourth Crash Event Cd,Functionalclass,FUN,Govcondesc,Gr Nogr,Hitrun Not Hitrun,Initial Veh Impact Area Cd,Injury Crashes,Intersection Type,Int Doc,Jurtype,K_CRASH,K People,LAT (copy),LAT,Leftshoulderwidth,Length,Lgtruck Nonlgtruck,Light Condition,Located Unlocated,LON (copy),LON,MAINLINE (group),Mainline Yn,Medianleftshoulderwidth,Medianrightshoulderwidth,Mediantypedesc,Medianwidthmax,Medianwidthmin,Median Type,Most Harmful Crash Event Cd,Motor Nonmotor,Node,Node Info,Node Totaadt2011,Node Totaadt2012,Node Totaadt2013,Node Totaadt2014,Node Totaadt2015,Numberoflane,Number of Records,Offset,Ownership,Passage,Passgen,Passinjurytype,Passvehiclenumber,Pass Airbag Deployment,Pass Ejected From Vehicle,Pass Ems Transport Ind,Pass Safety Equip Used,Pavementconditionvalue,Pavementroughnessvalue,Pavementwidth,Pdo Crash,Total People Killed & Injured,Pedage,Pedestrians Injured,Pedestrians Killed,Pedgen,Pedinjurytype,Pednumber,Ped Action,Ped Al Test,Ped Cond,Ped Drink,Ped Drug,Ped Nonped,Ped Rflct,Persons Injured,Persons Killed,Physical Juris Nm,PJR,VSP_Used,Rd Type,Relation To Roadway,Rightshoulderwidth,RNS_MP (0.25 mi bin),Rns Mp,Roadway Alignment,Roadway Defect,Roadway Description,Roadway Surface Cond,Roadway Surface Type,Route Or Street Nm,Rte Category Cd,Rte Cat,Rte Nm,Ruralurbandesc,School Zone,Second Crash Event Cd,Segtotaadt2011,Segtotaadt2012,Segtotaadt2013,Segtotaadt2014,Segtotaadt2015,Senior Notsenior,Sidewalkdesc,Speed Before,Speed Max Safe,Speed Notspeed,Speed Posted,Start Node,Start Offset,Summons Issued Cd,Surfacedesc,Third Crash Event Cd,Time Slicing,Total Crashes including Property Damage Only,Total Crash,Traffic Control Type,Trfc Ctrl Status Type,Truckcommr,Vehiclenumber,Vehicle Body Type Cd,Vehicle Make Nm,Vehicle Maneuver Type Cd,Vehicle Model Nm,Vehicle Year Nbr,District,District_Used ,Weather Condition,Work Zone Location,Work Zone Related,Work Zone Type,Young Notyoung
No Access Control,ALCOHOL,Urban,1,1,Portland Cement Concrete,US-00460(R)/GRANBY ST,Not UNBELTED,27,Male,A,2,BIKE,282.33,0,0,,3. Head On,"Not Provided,Not Provided","Not Provided,Not Provided",US00060,282.428,3,6/23/2015,6/23/2015,22. Bicycle,207,A.Ambulatory Injury,2015,Left and Right sides,0,0,Norfolk,Urban,22. Bicycle,MAIN,0AM TO 3AM,122.Norfolk,961,Intersection,Reset Filters,VDOT_OTHER,Tuesday,Not DEER,"East,East",,5,1,152310020,27,"Not Provided,Male","PDO,A","1,2","34. Hit and Run,1. No Improper Action","Not Provided,3. Unavailable/Not Applicable","Not Applicable,Not Applicable","Not Applicable,Not Applicable","Not Applicable,Not Applicable","6. Unknown,5. Drinking - Not Known Whether Impaired","3. Unknown,3. Unknown","Not Provided,1. Not Ejected","NotProvided,Yes","No,No","Not Provided,8. No Restraint Used","Not Applicable,Not Applicable",,,283,483171,SR-00194(R)/,0,0,"0.Two-way, non-divided","22,0",1. On Roadway,"0,0",E,E.Urban Other Principle Arterials; Connecting Links of Other Rural Principal Arterial,Urban Extensions - Primary Routes,Not GUARDRAIL,HIT_RUN,"12,6",1,1. Not at Intersection,152310020,C,0,0,36.94989,36.94989,0,0.28,Not LRTRUCK,4. Darkness - Road Lighted,LOCATED,-76.24593,-76.24593,MAINLINE,MAIN,0,0,0,0,0,Undivided Roadway,"22,0",Not MOTORCYCLE,483171,483171.  SR00194       US00060       US00060,18532,18814,18988,18298,19737,4,1,0.182,PRI_URBAN,,,,,,,,,0,170,64,0,1,,0,0,,,,,,,,,Not PED,,1,0,Norfolk,122,5,RD-UNKNOWN,1. Main-Line Roadway,0,282.25,282.40,2. Curve - Level,1. No Defects,"1. Two-Way, Not Divided",1. Dry,1. Concrete,600 E. OCEAN VIEW AVE,USPRI,US,R-VA   US00060EB,"Urbanized (Population 200,000 and over)",3. No,"0,0",17804,16888,17044,16425,17955,Not SENIOR,Left and Right sides,,"0,0",Not SPEED,"0,0",483172,0.19,"Not Provided,2. No",0,"0,0",0AM TO 3AM,1,1,13. Other,1. Yes - Working,Not a Parkway - Trucks and Commercial Vehicles Allowed,"1,2","Not Applicable,9. Bicycle",TREK,"1. Going Straight Ahead,1. Going Straight Ahead",24 INCH,,5,5.Hampton Roads,1. No Adverse Condition (Clear/Cloudy),Not Provided,2. No,Not Provided,Not YOUNG
No Access Control,Not ALCIHOL,Urban,0,0,"N/A, Unknown, or Unstabilized",122-08575(L)/A1US-00460-P(L)/Gap Terminus/ST,Not UNBELTED,9,Male,B,1,BIKE,9.12,1,1,,3. Head On,"Not Provided,Not Provided,Not Provided","Not Provided,Not Provided,Not Provided",A1US00460,9.134,4,6/24/2015,6/24/2015,22. Bicycle,1520,B.Visiible Injury,2015,Left and Right sides,0,0,Norfolk,Urban,22. Bicycle,MAIN,3PM TO 6PM,122.Norfolk,74,Intersection,Reset Filters,VDOT_OTHER,Wednesday,Not DEER,"East,South,South",DISTRACTED,5,1,152310021,"9,49,19","Male,Female,Female","B,PDO,PDO","1,2,3","11. Did Not Have Right-of-Way,1. No Improper Action,12. Following Too Close","3. Unavailable/Not Applicable,2. Not Deployed,2. Not Deployed","4. No Test,4. No Test,4. No Test","1. No Defects,1. No Defects,1. No Defects","Not Applicable,Not Applicable,11. Other","1. Had Not Been Drinking,1. Had Not Been Drinking,1. Had Not Been Drinking","Not Applicable,Not Applicable,Not Applicable","3. Totally Ejected,1. Not Ejected,1. Not Ejected","No,No,No","No,No,No","9. Not Applicable,3. Lap and Shoulder Belt,3. Lap and Shoulder Belt","1. Not Obscured,1. Not Obscured,1. Not Obscured",,,9,756710,MARINER STREET(R)/,0,1,"1.Divided, no control of access","20,22,20",1. On Roadway,"0,0,0",E,E.Urban Other Principle Arterials; Connecting Links of Other Rural Principal Arterial,Urban Extensions - Primary Routes,Not GUARDRAIL,Not HIT_RUN,"9,12,12",1,4. Four Approaches,152310021,C,0,0,36.84855,36.84855,0,0.05,Not LRTRUCK,2. Daylight,LOCATED,-76.28455,-76.28455,MAINLINE,MAIN,0,0,Curbed Grass,24,4,Divided Roadway,"20,22,20",Not MOTORCYCLE,756706,756706. 12208575     A1US00460     A1US00460     A1US00460P,50776,48414,48736,47229,45877,8,1,0.014,PRI_URBAN,,,,,,,,,0,0,0,0,1,,0,0,,,,,,,,,Not PED,,1,0,Norfolk,122,5,NOT-RD,9. Within Intersection,0,9.00,9.13,1. Straight - Level,1. No Defects,"3. Two-Way, Divided, Positive Median Barrier",1. Dry,"2. Blacktop, Asphalt, Bituminous",200 SAINT PAULS BLVD,USPRI,US,R-VA   US00460SBALT001,"Urbanized (Population 200,000 and over)",3. No,"0,20,0",43851,41624,42008,40484,41301,Not SENIOR,Left and Right sides,"25,20","0,35,35",Not SPEED,"0,35,35",756706,0,"2. No,2. No,2. No",0,"0,0,0",3PM TO 6PM,1,1,3. Traffic Signal,1. Yes - Working,Not a Parkway - Trucks and Commercial Vehicles Allowed,"1,2,3","9. Bicycle,1. Passenger car,1. Passenger car","MONGOOSE,HONDA,TOYOTA","15. Other,1. Going Straight Ahead,1. Going Straight Ahead","OUTER LIMIT,ACCORD,CAMRY",20021996,5,5.Hampton Roads,1. No Adverse Condition (Clear/Cloudy),Not Provided,2. No,Not Provided,YOUNG
Partial Access Control,Not ALCIHOL,Urban,0,0,Bituminous Concrete (Black Base),US-00258(B)/114-07033(L)/,Not UNBELTED,37,Male,C,2,BIKE,9.86,0,0,,12. Ped,"Not Provided,Not Provided","Not Provided,Not Provided",SR00134,9.896,4,6/25/2015,6/25/2015,22. Bicycle,430,C.Non-Visible Injury,2015,None,1,1,Hampton,Urban,22. Bicycle,MAIN,3AM TO 6AM,114.Hampton,190,Intersection,Reset Filters,VDOT_OTHER,Thursday,Not DEER,"North,East",,5,1,152165336,"20,37","Female,Male","PDO,C","1,2","1. No Improper Action,11. Did Not Have Right-of-Way","2. Not Deployed,3. Unavailable/Not Applicable","Not Applicable,Not Applicable","1. No Defects,1. No Defects","Not Applicable,Not Applicable","1. Had Not Been Drinking,1. Had Not Been Drinking","2. No,2. No","1. Not Ejected,1. Not Ejected","No,Yes","No,No","3. Lap and Shoulder Belt,8. No Restraint Used","1. Not Obscured,1. Not Obscured",,,10,253024,114-07022(R)/PINE CHAPEL RD,0,2,"2.Divided, partial control of access","22,20",1. On Roadway,"0,0",E,E.Urban Other Principle Arterials; Connecting Links of Other Rural Principal Arterial,Urban Extensions - Primary Routes,Not GUARDRAIL,Not HIT_RUN,"12,2",1,4. Four Approaches,152165336,C,0,0,37.04376,37.04376,6,0.24,Not LRTRUCK,4. Darkness - Road Lighted,LOCATED,-76.37672,-76.37672,MAINLINE,MAIN,4,4,Grass/Unprotected,40,40,Divided Roadway,"22,20",Not MOTORCYCLE,253023,253023.  SR00134       US00258       US00258      11407033,71588,70701,68826,67365,68698,4,1,0.036,PRI_URBAN,,,,,,,,,0,0,44,0,1,,0,0,,,,,,,,,Not PED,,1,0,Hampton,114,5,NOT-RD,10. Intersection Related - Within 150 Feet,6,9.75,9.90,1. Straight - Level,1. No Defects,"3. Two-Way, Divided, Positive Median Barrier",1. Dry,"2. Blacktop, Asphalt, Bituminous",N ARMISTEAD AVE,STPRI,SR,R-VA   SR00134WB,"Urbanized (Population 200,000 and over)",3. No,"0,0",18779,18363,17782,17149,17496,Not SENIOR,None,"25,0","45,45",Not SPEED,"45,45",253023,0,"2. No,1. Yes",0,"0,0",3AM TO 6AM,1,1,14. Ped Crosswalk,1. Yes - Working,Truck Access System,"1,2","1. Passenger car,9. Bicycle","HYUN,OTH","1. Going Straight Ahead,1. Going Straight Ahead","SONATA,BICYCLIST",,5,5.Hampton Roads,1. No Adverse Condition (Clear/Cloudy),Not Provided,2. No,Not Provided,YOUNG
No Access Control,Not ALCIHOL,Urban,1,1,Bituminous Concrete (Black Base),ARMISTEAD AVE (L) ROAD (R)/,Not UNBELTED,30,Female,A,2,BIKE,1.32,0,0,,16. Other,"Not Provided,Not Provided","Not Provided,Not Provided",13707075,1.403,3,6/26/2015,6/26/2015,20. Motor Vehicle In Transport,1643,A.Ambulatory Injury,2015,Left and Right sides,0,0,Williamsburg,Urban,20. Motor Vehicle In Transport,MAIN,3PM TO 6PM,137.Williamsburg,195,Intersection,Reset Filters,VDOT_OTHER,Friday,Not DEER,"North,West",,5,1,160225272,"21,30","Female,Female","PDO,A","1,2","11. Did Not Have Right-of-Way,1. No Improper Action","2. Not Deployed,3. Unavailable/Not Applicable","Not Applicable,4. No Test","1. No Defects,1. No Defects","Not Applicable,14. No Driver Distraction","1. Had Not Been Drinking,1. Had Not Been Drinking","2. No,2. No","1. Not Ejected,3. Totally Ejected","No,No","No,No","3. Lap and Shoulder Belt,8. No Restraint Used","1. Not Obscured,1. Not Obscured",,,1,398745,SR-00005(B)/Gap Terminus/DUKE OF GLOUCESTER S,0,0,"0.Two-way, non-divided","20,20",1. On Roadway,"0,0",H,H.Urban Minor Arterial,Other City or Town Streets (not state maintained),Not GUARDRAIL,Not HIT_RUN,"10,4",1,2. Two Approaches,160225272,C,0,0,37.27108,37.27108,0,0.12,Not LRTRUCK,2. Daylight,LOCATED,-76.7075,-76.7075,MAINLINE,MAIN,0,0,0,0,0,Undivided Roadway,"20,20",Not MOTORCYCLE,398745,398745.  SR00005       SR00005      13707075,12163,11894,9446,9110,9294,2,1,0.037,SEC_URBAN,,,,,,,,,0,0,50,0,1,,0,0,,,,,,,,,Not PED,,1,0,Williamsburg,137,5,NOT-RD,9. Within Intersection,0,1.25,1.40,1. Straight - Level,1. No Defects,"3. Two-Way, Divided, Positive Median Barrier",1. Dry,"2. Blacktop, Asphalt, Bituminous",RICHMOND RD,URB,UR,R-VA137UR07075WB,"Urbanized (Population 200,000 and over)",3. No,"0,0",,,,,,Not SENIOR,Left and Right sides,"5,5","25,25",Not SPEED,"25,25",398850,0,"1. Yes,2. No",0,"0,0",3PM TO 6PM,1,1,6. Traffic Lanes Marked,1. Yes - Working,Not a Parkway - Trucks and Commercial Vehicles Allowed,"1,2","1. Passenger car,9. Bicycle","CHEV,UNK","3. Making Left Turn,1. Going Straight Ahead",AVEO,20092010,5,5.Hampton Roads,1. No Adverse Condition (Clear/Cloudy),Not Provided,2. No,Not Provided,Not YOUNG
No Access Control,Not ALCIHOL,Urban,0,0,Bituminous Concrete (Black Base),29TH STREET(B)/,Not UNBELTED,55,Male,C,1,BIKE,1.46,0,0,,2. Angle,"Not Provided,Not Provided","Not Provided,Not Provided",12208569,1.507,3,4/28/2012,4/28/2012,22. Bicycle,935,C.Non-Visible Injury,2012,Left and Right sides,1,1,Norfolk,Urban,22. Bicycle,MAIN,9AM TO 12PM,122.Norfolk,649,Intersection,Reset Filters,VDOT_OTHER,Saturday,Not DEER,"North,East",,5,1,121390094,"55,32","Male,Male","C,PDO","1,2","1. No Improper Action,30. Avoiding Ped","3. Unavailable/Not Applicable,2. Not Deployed","4. No Test,4. No Test","1. No Defects,1. No Defects","Not Applicable,Not Applicable","6. Unknown,6. Unknown","2. No,2. No","Not Provided,1. Not Ejected","Yes,No","No,No","Not Provided,3. Lap and Shoulder Belt","1. Not Obscured,1. Not Obscured",,,2,485270,30TH STREET(B)/,0,0,"0.Two-way, non-divided","20,22",1. On Roadway,"0,0",I,I.Urban Collector,Other City or Town Streets (not state maintained),Not GUARDRAIL,Not HIT_RUN,"8,12",1,3. Three Approaches,121390094,C,0,0,36.873801,36.873801,0,0.05,Not LRTRUCK,2. Daylight,LOCATED,-76.282439,-76.282439,MAINLINE,MAIN,0,0,0,0,0,Undivided Roadway,"20,22",Not MOTORCYCLE,483756,483756.  US00460       US00460      12208569,28798,29598,29791,28879,27777,2,1,0.123,SEC_URBAN,,,,,,,,,0,0,36,0,1,,0,0,,,,,,,,,Not PED,,1,0,Norfolk,122,5,NOT-RD,9. Within Intersection,0,1.50,1.51,1. Straight - Level,1. No Defects,"2. Two-Way, Divided, Unprotected Median",1. Dry,"2. Blacktop, Asphalt, Bituminous",3000 BLK GRANBY ST,URB,UR,R-VA122UR08569SB,"Urbanized (Population 200,000 and over)",3. No,"0,0",9001,8826,8745,8767,6997,Not SENIOR,Left and Right sides,"5,5","0,30",SPEED,"0,30",485269,0,"2. No,1. Yes",0,"0,0",9AM TO 12PM,1,1,3. Traffic Signal,1. Yes - Working,Not a Parkway - Trucks and Commercial Vehicles Allowed,"1,2","9. Bicycle,22. Truck - Sport Utility Vehicle (SUV)","RALIGH,JEEP","1. Going Straight Ahead,2. Making Right Turn","BICYCLE,CHEROKEE",2005,5,5.Hampton Roads,1. No Adverse Condition (Clear/Cloudy),Not Provided,2. No,Not Provided,Not YOUNG
No Access Control,Not ALCIHOL,Urban,0,0,Dual Type,JB-137/NCL WILLIAMSBURG/,Not UNBELTED,20,Male,B,2,BIKE,236.75,1,1,,3. Head On,"Not Provided,Not Provided","Not Provided,Not Provided",US00060,236.76,3,4/30/2012,4/30/2012,22. Bicycle,1404,B.Visiible Injury,2012,Right side,0,0,Williamsburg,Urban,22. Bicycle,MAIN,12PM TO 3PM,137.Williamsburg,"1,214",Intersection,Reset Filters,VDOT_OTHER,Monday,Not DEER,"East,West",,5,1,121500123,"26,20","Male,Male","PDO,B","1,2","1. No Improper Action,10. Wrong Side Of Road - Not Overtaking","2. Not Deployed,3. Unavailable/Not Applicable","4. No Test,4. No Test","1. No Defects,1. No Defects","Not Applicable,Not Applicable","1. Had Not Been Drinking,1. Had Not Been Drinking","2. No,2. No","1. Not Ejected,3. Totally Ejected","No,No","No,No","3. Lap and Shoulder Belt,9. Not Applicable","1. Not Obscured,1. Not Obscured",,,237,398769,JB-137/NCL WILLIAMSBURG/,0.44,1,"1.Divided, no control of access","22,20",1. On Roadway,"0,0",E,E.Urban Other Principle Arterials; Connecting Links of Other Rural Principal Arterial,Urban Extensions - Primary Routes,Not GUARDRAIL,Not HIT_RUN,"12,12",1,2. Two Approaches,121500123,C,0,0,37.309448,37.309448,6,0.41,Not LRTRUCK,2. Daylight,LOCATED,-76.731045,-76.731045,MAINLINE,MAIN,3,3,Grass/Unprotected,120,42,Divided Roadway,"22,20",Not MOTORCYCLE,398129,398129.  4700645       US00060       US00060,24206,23710,21917,21201,21594,4,1,0.23,PRI_URBAN,,,,,,,,,0,82,56,0,1,,0,0,,,,,,,,,Not PED,,1,0,Williamsburg,137,5,NOT-RD,9. Within Intersection,0,236.75,236.76,1. Straight - Level,1. No Defects,"3. Two-Way, Divided, Positive Median Barrier",1. Dry,"2. Blacktop, Asphalt, Bituminous",RICHMOND RD,USPRI,US,R-VA   US00060EB,"Urbanized (Population 200,000 and over)",3. No,"0,30",22422,21926,20109,19393,19786,Not SENIOR,Right side,"10,15","35,35",Not SPEED,"35,35",398769,0.03,"2. No,2. No",0,"0,0",12PM TO 3PM,1,1,4. Stop Sign,6. No Traffic Control Device Present,Not a Parkway - Trucks and Commercial Vehicles Allowed,"1,2","1. Passenger car,9. Bicycle","SUBARU,BICYCLE","2. Making Right Turn,1. Going Straight Ahead",IMPREZA,20092011,5,5.Hampton Roads,1. No Adverse Condition (Clear/Cloudy),Not Provided,2. No,Not Provided,YOUNG
No Access Control,Not ALCIHOL,Urban,0,0,Dual Type,SR-00166(U)/US-00013(B)/DROPLINE,Not UNBELTED,20,Female,K,2,BIKE,393.15,0,0,,2. Angle,"Not Provided,Not Provided","Not Provided,Not Provided",US00460,393.176,4,4/30/2012,4/30/2012,22. Bicycle,1445,K.Fatal Injury,2012,None,0,0,Chesapeake,Urban,22. Bicycle,MAIN,12PM TO 3PM,131.Chesapeake,137,Intersection,Reset Filters,VDOT_OTHER,Monday,Not DEER,"West,West",DISTRACTED,5,1,121430283,"38,20","0,Female","PDO,K","1,2","5. Overtaking On Curve,37. Other","2. Not Deployed,2. Not Deployed","Not Applicable,Not Applicable","1. No Defects,1. No Defects","14. No Driver Distraction,5. Radio/CD, etc.","1. Had Not Been Drinking,6. Unknown","Not Applicable,3. Unknown","1. Not Ejected,3. Totally Ejected","NotProvided,Yes","No,No","3. Lap and Shoulder Belt,6. Other","1. Not Obscured,1. Not Obscured",,,393,483787,RAMP TO RT 13(L)/RAMP FROM RT 13(L)/,0,0,"0.Two-way, non-divided","22,20",1. On Roadway,"0,0",H,H.Urban Minor Arterial,Urban Extensions - Primary Routes,Not GUARDRAIL,Not HIT_RUN,"1,13",0,1. Not at Intersection,121430283,C,1,1,36.77829566,36.77829566,6,0.09,Not LRTRUCK,2. Daylight,LOCATED,-76.28556974,-76.28556974,MAINLINE,MAIN,0,0,0,0,0,Undivided Roadway,"2,20",Not MOTORCYCLE,483788,483788.  SR00166       US00013       US00013       US00460,34506,32271,32033,37354,41784,2,1,0.026,PRI_URBAN,,,,,,,,,0,123,20,0,1,,0,0,,,,,,,,,Not PED,,0,1,Chesapeake,131,5,NOT-RD,5. On Entrance/Exit Ramp,6,393.00,393.18,2. Curve - Level,"2. Holes, Ruts, Bumps","2. Two-Way, Divided, Unprotected Median",1. Dry,1. Concrete,4328 BAINBRIDGE BL,USPRI,US,R-VA   US00460WB,"Urbanized (Population 200,000 and over)",3. No,"0,0",12234,11963,12031,11277,11501,Not SENIOR,None,"20,10","35,35",Not SPEED,"35,35",483788,0,"3. Pending,2. No",0,"0,0",12PM TO 3PM,1,1,1. No Traffic Control,6. No Traffic Control Device Present,Not a Parkway - Trucks and Commercial Vehicles Allowed,"1,2","3. Van,9. Bicycle","Dodge,GT","15. Other,15. Other","Grand Caravan,BMX",20062012,5,5.Hampton Roads,1. No Adverse Condition (Clear/Cloudy),Not Provided,2. No,Not Provided,YOUNG
,Not ALCIHOL,Urban,0,0,,,Not UNBELTED,14,Male,C,2,BIKE,,0,0,,13. Bicyclist,"Not Provided,Not Provided","Not Provided,Not Provided",,,,2/24/2014,2/24/2014,22. Bicycle,1815,C.Non-Visible Injury,2014,,1,2,Hampton,Urban,22. Bicycle,MAIN,6PM TO 9PM,114.Hampton,,Not Intersection,Reset Filters,VDOT_OTHER,Monday,Not DEER,"South,Not Provided",,5,1,141340013,"75,14","Female,Male","PDO,C","1,2","1. No Improper Action,1. No Improper Action","2. Not Deployed,3. Unavailable/Not Applicable","4. No Test,4. No Test","1. No Defects,1. No Defects","Not Applicable,Not Applicable","1. Had Not Been Drinking,1. Had Not Been Drinking","2. No,2. No","1. Not Ejected,2. Partially Ejected","No,No","No,No","3. Lap and Shoulder Belt,9. Not Applicable","1. Not Obscured,1. Not Obscured",,,,,,,,,"22,0",1. On Roadway,"0,0",,,,Not GUARDRAIL,Not HIT_RUN,"1,0",1,4. Four Approaches,,C,0,0,37.01058,37.01058,,,Not LRTRUCK,4. Darkness - Road Lighted,UNLOCATED,-76.37712,-76.37712,MAINLINE,,,,,,,,"22,0",Not MOTORCYCLE,,.,,,,,,,1,,SEC_URBAN,13,Male,C,2,3. Unavailable/Not Applicable,2. Partially Ejected,No,9. Not Applicable,,,,0,2,,0,0,,,,,,,,,Not PED,,2,0,Hampton,114,5,NOT-RD,9. Within Intersection,,,,1. Straight - Level,1. No Defects,"1. Two-Way, Not Divided",1. Dry,"2. Blacktop, Asphalt, Bituminous",CELEY ST,UNKWN,SC,U-VA114SC99999UK,,3. No,"0,0",,,,,,SENIOR,,3,"25,0",Not SPEED,"25,0",,,"2. No,2. No",,"0,0",6PM TO 9PM,1,1,4. Stop Sign,1. Yes - Working,,"1,2","1. Passenger car,9. Bicycle",NISSAN,"2. Making Right Turn,1. Going Straight Ahead",4 DR,2007,5,5.Hampton Roads,1. No Adverse Condition (Clear/Cloudy),Not Provided,2. No,Not Provided,Not YOUNG
No Access Control,Not ALCIHOL,Rural,0,0,"Stabilized with Bituminous Material (Soil,Gravel,Stone,etc.)",01-00718(R)/WEST,Not UNBELTED,58,0,K,2,BIKE,6.55,0,0,,1. Rear End,"Not Provided,Not Provided","Not Provided,Not Provided",100638,6.577,3,2/25/2014,2/25/2014,22. Bicycle,1124,K.Fatal Injury,2014,None,0,1,Accomack,Rural,22. Bicycle,MAIN,9AM TO 12PM,1.Accomack,143,Intersection,Reset Filters,VDOT_OTHER,Tuesday,Not DEER,"North,North",,5,1,140575136,"71,58","0,0","C,K","1,2","9. Other Improper Passing,1. No Improper Action","2. Not Deployed,3. Unavailable/Not Applicable","4. No Test,4. No Test","1. No Defects,1. No Defects","14. No Driver Distraction,14. No Driver Distraction","1. Had Not Been Drinking,1. Had Not Been Drinking","2. No,2. No","1. Not Ejected,1. Not Ejected","No,Yes","No,No","3. Lap and Shoulder Belt,9. Not Applicable","1. Not Obscured,1. Not Obscured",,,7,105168,01-00807(R)/,0,0,"0.Two-way, non-divided","22,20",1. On Roadway,"0,0",4,4.Rural Major Collector,State Secondary,Not GUARDRAIL,Not HIT_RUN,"1,6",0,1. Not at Intersection,140575136,N,1,1,37.699042,37.699042,6,0.08,Not LRTRUCK,2. Daylight,LOCATED,-75.751118,-75.751118,MAINLINE,MAIN,0,0,0,0,0,Undivided Roadway,"22,20",Not MOTORCYCLE,106140,106140.  0100638       0100638       0100718,3200,3229,3258,3298,3328,2,1,0.027,VDOT_SEC,,,,,,,,,0,0,22,0,2,,0,0,,,,,,,,,Not PED,,1,1,Accomack,1,5,NOT-RD,8. Non-Intersection,6,6.50,6.55,2. Curve - Level,1. No Defects,"1. Two-Way, Not Divided",1. Dry,"2. Blacktop, Asphalt, Bituminous",RT638,SEC,SC,R-VA001SC00638EB,Rural,3. No,"0,0",3108,3136,3164,3242,3272,SENIOR,None,"45,10","55,55",Not SPEED,"55,55",106140,0,"1. Yes,2. No",Paved (unofficial definition),"0,0",9AM TO 12PM,1,1,6. Traffic Lanes Marked,1. Yes - Working,Not a Parkway - Trucks and Commercial Vehicles Allowed,"1,2","1. Passenger car,9. Bicycle","HYUNDAI,SCHWINN","1. Going Straight Ahead,1. Going Straight Ahead","SONATA,VOYAGEUR",2011,5,5.Hampton Roads,1. No Adverse Condition (Clear/Cloudy),Not Provided,2. No,Not Provided,Not YOUNG
No Access Control,Not ALCIHOL,Urban,0,0,Bituminous Concrete (Black Base),LYNHAVEN DRIVE(L)/,Not UNBELTED,17,Not Provided,B,2,BIKE,3.5,1,1,,2. Angle,"Not Provided,Not Provided","Not Provided,Not Provided",SR00152,3.558,3,10/30/2012,10/30/2012,22. Bicycle,1630,B.Visiible Injury,2012,Left and Right sides,0,0,Hampton,Urban,22. Bicycle,MAIN,3PM TO 6PM,114.Hampton,"1,837",Intersection,Reset Filters,VDOT_OTHER,Tuesday,Not DEER,"South,East",,5,1,130110044,17,"Not Provided,Not Provided","PDO,B","1,2","34. Hit and Run,1. No Improper Action","Not Provided,3. Unavailable/Not Applicable","4. No Test,4. No Test","9. Unknown,1. No Defects","Not Applicable,Not Applicable","6. Unknown,1. Had Not Been Drinking","3. Unknown,2. No","Not Provided,1. Not Ejected","NotProvided,No","Yes,No","Not Provided,9. Not Applicable","Not Applicable,1. Not Obscured",,,4,253071,LAKESHORE DRIVE(L)/TODDS LANE(R)/,0,0,"0.Two-way, non-divided","22,20",1. On Roadway,"0,0",H,H.Urban Minor Arterial,Urban Extensions - Primary Routes,Not GUARDRAIL,HIT_RUN,"12,9",1,3. Three Approaches,130110044,C,0,0,37.041425,37.041425,0,0.06,Not LRTRUCK,2. Daylight,LOCATED,-76.404104,-76.404104,MAINLINE,MAIN,0,0,0,0,0,Undivided Roadway,"22,20",Not MOTORCYCLE,253068,253068.  SR00152       SR00152      11407025,23815,23289,22824,22011,22457,4,1,0.348,PRI_URBAN,,,,,,,,,0,0,60,0,1,,0,0,,,,,,,,,Not PED,,1,0,Hampton,114,5,NOT-RD,9. Within Intersection,0,3.50,3.56,1. Straight - Level,1. No Defects,"1. Two-Way, Not Divided",1. Dry,"2. Blacktop, Asphalt, Bituminous",TODDS LANE,STPRI,SR,R-VA   SR00152WB,"Urbanized (Population 200,000 and over)",3. No,"0,0",20390,19939,21430,20667,21086,Not SENIOR,None,2,"25,25",Not SPEED,"25,25",253070,0.11,"Not Provided,2. No",0,"0,0",3PM TO 6PM,1,1,3. Traffic Signal,1. Yes - Working,Not a Parkway - Trucks and Commercial Vehicles Allowed,"1,2","1. Passenger car,9. Bicycle","FORD,HUFFEY","1. Going Straight Ahead,1. Going Straight Ahead",BICYLE,,5,5.Hampton Roads,1. No Adverse Condition (Clear/Cloudy),Not Provided,2. No,Not Provided,YOUNG