Access Control,Alcohol Notalcohol,Area Type1,A Crash,A People,Basetypedesc,Begin Node Dsc,Belted Unbelted,Bikeage,Bikegen,Bikeinjurytype,Bikevehiclenumber,Bike Nonbike,BMP,B Crash,B People,Carspeedlimit,Collision Type,Comm Cargo Body Type Cd,Comm Vehicle Body Type Cd,Cotedrouteid,Coted Mp,Count App,CRASH_DT (copy),Crash Dt,Crash Event Type Dsc,Crash Military Tm,Crash Severity,Crash Year,Curbgutterdesc,C Crash,C People,Juris Name Used,Area Type Used,First Harmful Event of Entire Crash,MAINLINE,Time Slicing Used,Phy_Juris_Nm,Offset-Ft,Intersection Analysis,Clear,Calculation_9640323132123359,Day Of Week,Deer Nodeer,Direction Of Travel Cd,Distracted Notdistracted,VSP,TOTAL CRASH,Document Nbr,Driverage,Drivergen,Driverinjurytype,Drivervehiclenumber,Driver Action Type Cd,Driver Airbag Deployment,Driver Alcohol Test Type Cd,Driver Condition Type Cd,Driver Distraction Type Cd,Driver Drinking Type Cd,Driver Drug Use Cd,Driver Ejected From Vehicle,Driver Ems Transport Ind,Driver Fled Scene Ind,Driver Safety Equip Used,Driver Vis Obscured Type Cd,Drowsy Notdrowsy,Drug Nodrug,EMP,End Node,End Node Dsc,End Offset,Facility,FAC,First Crash Event Cd,First Harmful Event,Fourth Crash Event Cd,Functionalclass,FUN,Govcondesc,Gr Nogr,Hitrun Not Hitrun,Initial Veh Impact Area Cd,Injury Crashes,Intersection Type,Int Doc,Jurtype,K_CRASH,K People,LAT (copy),LAT,Leftshoulderwidth,Length,Lgtruck Nonlgtruck,Light Condition,Located Unlocated,LON (copy),LON,MAINLINE (group),Mainline Yn,Medianleftshoulderwidth,Medianrightshoulderwidth,Mediantypedesc,Medianwidthmax,Medianwidthmin,Median Type,Most Harmful Crash Event Cd,Motor Nonmotor,Node,Node Info,Node Totaadt2011,Node Totaadt2012,Node Totaadt2013,Node Totaadt2014,Node Totaadt2015,Numberoflane,Number of Records,Offset,Ownership,Passage,Passgen,Passinjurytype,Passvehiclenumber,Pass Airbag Deployment,Pass Ejected From Vehicle,Pass Ems Transport Ind,Pass Safety Equip Used,Pavementconditionvalue,Pavementroughnessvalue,Pavementwidth,Pdo Crash,Total People Killed & Injured,Pedage,Pedestrians Injured,Pedestrians Killed,Pedgen,Pedinjurytype,Pednumber,Ped Action,Ped Al Test,Ped Cond,Ped Drink,Ped Drug,Ped Nonped,Ped Rflct,Persons Injured,Persons Killed,Physical Juris Nm,PJR,VSP_Used,Rd Type,Relation To Roadway,Rightshoulderwidth,RNS_MP (0.25 mi bin),Rns Mp,Roadway Alignment,Roadway Defect,Roadway Description,Roadway Surface Cond,Roadway Surface Type,Route Or Street Nm,Rte Category Cd,Rte Cat,Rte Nm,Ruralurbandesc,School Zone,Second Crash Event Cd,Segtotaadt2011,Segtotaadt2012,Segtotaadt2013,Segtotaadt2014,Segtotaadt2015,Senior Notsenior,Sidewalkdesc,Speed Before,Speed Max Safe,Speed Notspeed,Speed Posted,Start Node,Start Offset,Summons Issued Cd,Surfacedesc,Third Crash Event Cd,Time Slicing,Total Crashes including Property Damage Only,Total Crash,Traffic Control Type,Trfc Ctrl Status Type,Truckcommr,Vehiclenumber,Vehicle Body Type Cd,Vehicle Make Nm,Vehicle Maneuver Type Cd,Vehicle Model Nm,Vehicle Year Nbr,District,District_Used ,Weather Condition,Work Zone Location,Work Zone Related,Work Zone Type,Young Notyoung
,Not ALCIHOL,Urban,0,0,,,Not UNBELTED,18,Female,C,2,BIKE,,0,0,,2. Angle,"Not Provided,Not Provided","Not Provided,Not Provided",,,,10/30/2012,10/30/2012,22. Bicycle,1154,C.Non-Visible Injury,2012,,1,1,Portsmouth,Urban,22. Bicycle,MAIN,9AM TO 12PM,124.Portsmouth,,Not Intersection,Reset Filters,VDOT_OTHER,Tuesday,Not DEER,"South,West",DISTRACTED,5,1,123485204,"26,18","Female,Female","PDO,C","1,2","1. No Improper Action,22. Disregarded Stop or Yield Sign","2. Not Deployed,3. Unavailable/Not Applicable","4. No Test,4. No Test","1. No Defects,1. No Defects","11. Other,Not Applicable","1. Had Not Been Drinking,1. Had Not Been Drinking","2. No,2. No","1. Not Ejected,3. Totally Ejected","No,Yes","No,No","3. Lap and Shoulder Belt,9. Not Applicable","1. Not Obscured,1. Not Obscured",,,,,,,,,"22,20",1. On Roadway,"0,0",,,,Not GUARDRAIL,Not HIT_RUN,"11,10",1,4. Four Approaches,,C,0,0,36.833517,36.833517,,,Not LRTRUCK,2. Daylight,UNLOCATED,-76.343266,-76.343266,MAINLINE,,,,,,,,"22,20",Not MOTORCYCLE,,.,,,,,,,1,,SEC_URBAN,,,,,,,,,,,,0,1,,0,0,,,,,,,,,Not PED,,1,0,Portsmouth,124,5,NOT-RD,10. Intersection Related - Within 150 Feet,,,,1. Straight - Level,1. No Defects,"1. Two-Way, Not Divided",2. Wet,"2. Blacktop, Asphalt, Bituminous",LOUDOUN AVE,UNKWN,SC,U-VA124SC99999UK,,3. No,"0,0",,,,,,Not SENIOR,,"25,5","25,25",Not SPEED,"25,25",,,"Not Provided,Not Provided",,"0,0",9AM TO 12PM,1,1,4. Stop Sign,1. Yes - Working,,"1,2","1. Passenger car,9. Bicycle",TOYT,"1. Going Straight Ahead,1. Going Straight Ahead",SION XB,2008,5,5.Hampton Roads,5. Rain,Not Provided,2. No,Not Provided,YOUNG
No Access Control,Not ALCIHOL,Rural,0,0,"Stabilized with Selected Material (Soil,Gravel,Stone,etc.)",47-00645(L)/99-00645(R)/JB-99-47/@ JAMES CITY,Not UNBELTED,59,Male,B,1,BIKE,2.14,1,1,35,4. Sideswipe - Same Direction,"Not Provided,Not Provided","Not Provided,Not Provided",9900603,2.252,4,6/29/2015,6/29/2015,14. Ditch,1005,B.Visiible Injury,2015,None,0,0,James City,Rural,14. Ditch,MAIN,9AM TO 12PM,47.James City,591,Intersection,Reset Filters,VDOT_OTHER,Monday,Not DEER,"North,North",,5,1,151835108,59,"Male,Not Provided","B,PDO","1,2","1. No Improper Action,34. Hit and Run","3. Unavailable/Not Applicable,Not Provided","Not Applicable,Not Applicable","1. No Defects,9. Unknown","14. No Driver Distraction,Not Applicable","1. Had Not Been Drinking,6. Unknown","2. No,3. Unknown","3. Totally Ejected,Not Provided","Yes,NotProvided","No,Yes","5. Helmet,Not Provided","1. Not Obscured,1. Not Obscured",,,2,717964,99-01030(R)/,0,0,"0.Two-way, non-divided","20,22",1. On Roadway,"39,0",4,4.Rural Major Collector,State Secondary,Not GUARDRAIL,HIT_RUN,"9,2",1,1. Not at Intersection,151835108,N,0,0,37.31451,37.31451,1,0.3,Not LRTRUCK,2. Daylight,LOCATED,-76.73025,-76.73025,MAINLINE,MAIN,0,0,0,0,0,Undivided Roadway,"39,22",Not MOTORCYCLE,860012,860012.  4700645       9900603       9900603       9900645,11741,11809,11471,11537,11357,2,1,0.112,VDOT_SEC,,,,,,,,,0,0,0,0,1,,0,0,,,,,,,,,Not PED,,1,0,James City,47,5,NOT-RD,8. Non-Intersection,1,2.25,2.25,1. Straight - Level,10. Edge Pavement Drop Off,"1. Two-Way, Not Divided",1. Dry,"2. Blacktop, Asphalt, Bituminous",MOORETOWN ROAD,SEC,SC,R-VA099SC00603NB,Rural,3. No,"28,0",8877,8958,8605,8684,8467,Not SENIOR,None,10,"45,45",Not SPEED,"45,45",860012,0,"2. No,Not Provided",Paved (unofficial definition),"14,0",9AM TO 12PM,1,1,7. No Passing Lines,1. Yes - Working,Not a Parkway - Trucks and Commercial Vehicles Allowed,"1,2","9. Bicycle,1. Passenger car",TREK,"9. Ran Off Road - Right,13. Passing",7.5 FX,,5,5.Hampton Roads,1. No Adverse Condition (Clear/Cloudy),Not Provided,2. No,Not Provided,Not YOUNG
,Not ALCIHOL,Urban,0,0,,,Not UNBELTED,28,Male,B,2,BIKE,,1,1,,2. Angle,"Not Provided,Not Provided","Not Provided,Not Provided",,,,6/30/2015,6/30/2015,22. Bicycle,628,B.Visiible Injury,2015,,0,0,Newport News,Urban,22. Bicycle,MAIN,6AM TO 9AM,121.Newport News,,Not Intersection,Reset Filters,VDOT_OTHER,Tuesday,Not DEER,"East,South",,5,1,160390333,"37,28","Female,Male","PDO,B","1,2","1. No Improper Action,24. Fail to Stop at Through Highway - No Sign","2. Not Deployed,3. Unavailable/Not Applicable","Not Applicable,4. No Test","1. No Defects,1. No Defects","Not Applicable,Not Applicable","1. Had Not Been Drinking,1. Had Not Been Drinking","Not Applicable,Not Applicable","1. Not Ejected,1. Not Ejected","No,Yes","No,No","1. Lap Belt Only,8. No Restraint Used","1. Not Obscured,1. Not Obscured",,,,,,,,,"22,20",1. On Roadway,"0,0",,,,Not GUARDRAIL,Not HIT_RUN,"3,12",1,4. Four Approaches,,C,0,0,37.03513,37.03513,,,Not LRTRUCK,2. Daylight,UNLOCATED,-76.45453,-76.45453,MAINLINE,,,,,,,,"22,20",Not MOTORCYCLE,,.,,,,,,,1,,SEC_URBAN,,,,,,,,,,,,0,1,,0,0,,,,,,,,,Not PED,,1,0,Newport News,121,5,NOT-RD,9. Within Intersection,,,,1. Straight - Level,1. No Defects,"1. Two-Way, Not Divided",1. Dry,"2. Blacktop, Asphalt, Bituminous",ABERTHAW,UNKWN,SC,U-VA121SC99999UK,,3. No,"0,0",,,,,,Not SENIOR,,"5,15","25,45",Not SPEED,"25,45",,,"2. No,2. No",,"0,0",6AM TO 9AM,1,1,4. Stop Sign,1. Yes - Working,,"1,2","1. Passenger car,9. Bicycle",DODGE,"8. Stopped in Traffic Lane,1. Going Straight Ahead",AVENGER,2012,5,5.Hampton Roads,1. No Adverse Condition (Clear/Cloudy),Not Provided,2. No,Not Provided,Not YOUNG
No Access Control,Not ALCIHOL,Urban,0,0,Bituminous Concrete (Black Base),US-00058(B)/,Not UNBELTED,53,Male,B,1,BIKE,13.43,1,1,,2. Angle,"Not Provided,Not Provided","Not Provided,Not Provided",SR00190,13.456,4,6/30/2015,6/30/2015,20. Motor Vehicle In Transport,2159,B.Visiible Injury,2015,Left and Right sides,0,0,Virginia Beach,Urban,20. Motor Vehicle In Transport,MAIN,9PM TO 12AM,134.Virginia Beach,137,Intersection,Reset Filters,VDOT_OTHER,Tuesday,Not DEER,"West,West",,5,1,152055215,"53,80","Male,Male","B,PDO","1,2","11. Did Not Have Right-of-Way,1. No Improper Action","3. Unavailable/Not Applicable,2. Not Deployed","4. No Test,4. No Test","1. No Defects,1. No Defects","14. No Driver Distraction,14. No Driver Distraction","1. Had Not Been Drinking,1. Had Not Been Drinking","2. No,2. No","1. Not Ejected,1. Not Ejected","No,No","No,No","8. No Restraint Used,3. Lap and Shoulder Belt","1. Not Obscured,1. Not Obscured",,,14,541186,LAVENDER LANE(R)/,0,1,"1.Divided, no control of access","20,22",1. On Roadway,"0,0",H,H.Urban Minor Arterial,Urban Extensions - Primary Routes,Not GUARDRAIL,Not HIT_RUN,"12,11",1,4. Four Approaches,152055215,C,0,0,36.84597,36.84597,0,0.64,Not LRTRUCK,4. Darkness - Road Lighted,LOCATED,-76.15648,-76.15648,MAINLINE,MAIN,0,0,Curbed Grass,16,8,Divided Roadway,"20,22",Not MOTORCYCLE,541088,541088.  SR00190       SR00190       US00058       US00058,66613,65287,61214,59003,55773,4,1,0.026,PRI_URBAN,,,,,,,,,3,0,54,0,1,,0,0,,,,,,,,,Not PED,,1,0,Virginia Beach,134,5,NOT-RD,9. Within Intersection,0,13.25,13.47,1. Straight - Level,1. No Defects,"3. Two-Way, Divided, Positive Median Barrier",1. Dry,"2. Blacktop, Asphalt, Bituminous",301 WITCHDUCK RD,STPRI,SR,R-VA   SR00190WB,"Urbanized (Population 200,000 and over)",3. No,"0,0",18442,16730,16884,16272,15297,SENIOR,Left and Right sides,"5,5","45,45",Not SPEED,"45,45",541088,0,"1. Yes,2. No",0,"0,0",9PM TO 12AM,1,1,3. Traffic Signal,1. Yes - Working,Not a Parkway - Trucks and Commercial Vehicles Allowed,"1,2","9. Bicycle,1. Passenger car","GIANT,CHRYSLER","1. Going Straight Ahead,2. Making Right Turn","FARRAGO,200",2015,5,5.Hampton Roads,1. No Adverse Condition (Clear/Cloudy),Not Provided,2. No,Not Provided,Not YOUNG
No Access Control,Not ALCIHOL,Urban,1,1,Bituminous Concrete (Black Base),MELON STREET(L)/,Not UNBELTED,52,Male,A,1,BIKE,21.58,0,0,,2. Angle,"Not Provided,Not Provided","Not Provided,Not Provided",SR00168,21.599,4,11/1/2012,11/1/2012,22. Bicycle,1810,A.Ambulatory Injury,2012,Left and Right sides,0,0,Norfolk,Urban,22. Bicycle,MAIN,6PM TO 9PM,122.Norfolk,533,Intersection,Reset Filters,VDOT_OTHER,Thursday,Not DEER,"East,North",,5,1,123620129,"52,30","Male,Male","A,PDO","1,2","11. Did Not Have Right-of-Way,1. No Improper Action","3. Unavailable/Not Applicable,2. Not Deployed","Not Applicable,Not Applicable","1. No Defects,1. No Defects","Not Applicable,Not Applicable","1. Had Not Been Drinking,1. Had Not Been Drinking","3. Unknown,3. Unknown","3. Totally Ejected,1. Not Ejected","Yes,NotProvided","No,No","9. Not Applicable,3. Lap and Shoulder Belt","1. Not Obscured,1. Not Obscured",,,22,724448,COLON AVE(L)/,0,1,"1.Divided, no control of access","20,22",1. On Roadway,"0,0",E,E.Urban Other Principle Arterials; Connecting Links of Other Rural Principal Arterial,Urban Extensions - Primary Routes,Not GUARDRAIL,Not HIT_RUN,"3,12",1,3. Three Approaches,123620129,C,0,0,36.82866,36.82866,0,0.02,Not LRTRUCK,2. Daylight,LOCATED,-76.261081,-76.261081,MAINLINE,MAIN,0,0,Curbed Grass,16,4,Divided Roadway,"20,22",Not MOTORCYCLE,483413,483413.  SR00168       SR00168       SR00407      12208590,38248,35890,36221,34906,37480,6,1,0.101,PRI_URBAN,,,,,,,,,0,170,78,0,1,,0,0,,,,,,,,,Not PED,,1,0,Norfolk,122,5,NOT-RD,9. Within Intersection,0,21.50,21.60,1. Straight - Level,1. No Defects,"2. Two-Way, Divided, Unprotected Median",1. Dry,"2. Blacktop, Asphalt, Bituminous",1300 campostella rd,STPRI,SR,R-VA   SR00168NB,"Urbanized (Population 200,000 and over)",3. No,"0,0",22648,18489,18660,17982,19167,Not SENIOR,Left and Right sides,"2,30","30,30",Not SPEED,"30,30",724447,0,"1. Yes,2. No",0,"0,0",6PM TO 9PM,1,1,6. Traffic Lanes Marked,1. Yes - Working,Not a Parkway - Trucks and Commercial Vehicles Allowed,"1,2","9. Bicycle,1. Passenger car","trek,honda","6. Merging Into Traffic Lane,1. Going Straight Ahead","bicycle,accord",2003,5,5.Hampton Roads,1. No Adverse Condition (Clear/Cloudy),Not Provided,2. No,Not Provided,Not YOUNG
,Not ALCIHOL,Urban,0,0,,,Not UNBELTED,18,Male,B,1,BIKE,,1,1,,2. Angle,"Not Provided,Not Provided","Not Provided,Not Provided",,,,3/1/2014,3/1/2014,22. Bicycle,900,B.Visiible Injury,2014,,0,0,Virginia Beach,Urban,22. Bicycle,MAIN,6AM TO 9AM,134.Virginia Beach,,Not Intersection,Reset Filters,VDOT_OTHER,Saturday,Not DEER,"West,North",,5,1,140615067,"18,36","Male,Female","B,PDO","1,2","37. Other,1. No Improper Action","3. Unavailable/Not Applicable,2. Not Deployed","4. No Test,4. No Test","1. No Defects,1. No Defects","14. No Driver Distraction,14. No Driver Distraction","1. Had Not Been Drinking,1. Had Not Been Drinking","2. No,2. No","3. Totally Ejected,1. Not Ejected","No,No","No,No","9. Not Applicable,3. Lap and Shoulder Belt","5. Trees, Crops, etc.,5. Trees, Crops, etc.",,,,,,,,,"20,22",1. On Roadway,"0,0",,,,Not GUARDRAIL,Not HIT_RUN,"12,1",1,3. Three Approaches,,C,0,0,36.86903,36.86903,,,Not LRTRUCK,2. Daylight,UNLOCATED,-76.14985,-76.14985,MAINLINE,,,,,,,,"20,22",Not MOTORCYCLE,,.,,,,,,,1,,SEC_URBAN,,,,,,,,,,,,0,1,,0,0,,,,,,,,,Not PED,,1,0,Virginia Beach,134,5,NOT-RD,9. Within Intersection,,,,1. Straight - Level,1. No Defects,"1. Two-Way, Not Divided",1. Dry,1. Concrete,4900 HAYGOOD ROAD,UNKWN,SC,U-VA134SC99999UK,,3. No,"0,0",,,,,,Not SENIOR,,"5,5","35,35",Not SPEED,"35,35",,,"1. Yes,2. No",,"0,0",6AM TO 9AM,1,1,4. Stop Sign,1. Yes - Working,,"1,2","9. Bicycle,22. Truck - Sport Utility Vehicle (SUV)","ROADMASTER,Ford","1. Going Straight Ahead,2. Making Right Turn","MT. FURY,Expedition",2004,5,5.Hampton Roads,1. No Adverse Condition (Clear/Cloudy),Not Provided,2. No,Not Provided,YOUNG
No Access Control,Not ALCIHOL,Urban,0,0,"N/A, Unknown, or Unstabilized",IS-00564-S000A(R)/SR-00165- 038A(L)/FROM RT 5,Not UNBELTED,41,Not Provided,C,2,BIKE,37.47,0,0,,2. Angle,"Not Provided,Not Provided","Not Provided,Not Provided",SR00165,37.471,4,5/1/2012,5/1/2012,20. Motor Vehicle In Transport,551,C.Non-Visible Injury,2012,Left and Right sides,1,1,Norfolk,Urban,20. Motor Vehicle In Transport,MAIN,3AM TO 6AM,122.Norfolk,5,Intersection,Reset Filters,VDOT_OTHER,Tuesday,Not DEER,"South,East",,5,1,121420009,"27,41","Not Provided,Not Provided","PDO,C","1,2","1. No Improper Action,10. Wrong Side Of Road - Not Overtaking","2. Not Deployed,3. Unavailable/Not Applicable","Not Applicable,Not Applicable","1. No Defects,1. No Defects","Not Applicable,Not Applicable","1. Had Not Been Drinking,1. Had Not Been Drinking","2. No,2. No","1. Not Ejected,1. Not Ejected","No,Yes","No,No","3. Lap and Shoulder Belt,9. Not Applicable","1. Not Obscured,1. Not Obscured",,,38,483307,ADM TUSSIG BLVD(L)WACO ST(R)/,0,1,"1.Divided, no control of access","22,20",1. On Roadway,"0,0",H,H.Urban Minor Arterial,Urban Extensions - Primary Routes,Not GUARDRAIL,Not HIT_RUN,"12,9",1,4. Four Approaches,121420009,C,0,0,36.916578,36.916578,0,0.04,Not LRTRUCK,1. Dawn,LOCATED,-76.267865,-76.267865,MAINLINE,MAIN,0,0,0,54,54,Divided Roadway,"22,20",Not MOTORCYCLE,483308,483308.  IS00564S000A  SR00165       SR00165       SR00165 038A,24388,24219,25389,25456,28492,6,1,0.001,PRI_URBAN,,,,,,,,,0,200,78,0,1,,0,0,,,,,,,,,Not PED,,1,0,Norfolk,122,5,NOT-RD,6. Intersection at end of Ramp,0,37.25,37.47,1. Straight - Level,1. No Defects,"1. Two-Way, Not Divided",1. Dry,1. Concrete,200 E LITTLE CREEK RD,STPRI,SR,R-VA   SR00165NB,"Urbanized (Population 200,000 and over)",3. No,"0,0",24388,21364,21214,21281,24485,Not SENIOR,Left and Right sides,"5,5","30,5",Not SPEED,"30,5",483308,0,"2. No,2. No",0,"0,0",3AM TO 6AM,1,1,3. Traffic Signal,1. Yes - Working,Not a Parkway - Trucks and Commercial Vehicles Allowed,"1,2","1. Passenger car,9. Bicycle","MITSUBISHI,PACIFIC","3. Making Left Turn,1. Going Straight Ahead","GALANT,MTASPEIN",2008,5,5.Hampton Roads,1. No Adverse Condition (Clear/Cloudy),Not Provided,2. No,Not Provided,Not YOUNG
No Access Control,ALCOHOL,Urban,1,1,Bituminous Concrete (Black Base),134-08729(R)/OCEANA BLVD(L)/OCEANA BLVD,Not UNBELTED,41,Male,A,2,BIKE,2.71,0,0,,2. Angle,"Not Provided,Not Provided","Not Provided,Not Provided",C7US00058,2.748,4,5/3/2012,5/3/2012,22. Bicycle,2106,A.Ambulatory Injury,2012,Left and Right sides,0,0,Virginia Beach,Urban,22. Bicycle,MAIN,9PM TO 12AM,134.Virginia Beach,275,Intersection,Reset Filters,VDOT_OTHER,Thursday,Not DEER,"West,North",,5,1,121265090,"56,41","Male,Male","PDO,A","1,2","1. No Improper Action,11. Did Not Have Right-of-Way","2. Not Deployed,3. Unavailable/Not Applicable","Not Applicable,4. No Test","1. No Defects,1. No Defects","14. No Driver Distraction,14. No Driver Distraction","1. Had Not Been Drinking,2. Drinking - Obviously Drunk","2. No,2. No","1. Not Ejected,3. Totally Ejected","No,Yes","No,No","3. Lap and Shoulder Belt,9. Not Applicable","1. Not Obscured,1. Not Obscured",,,3,541093,134-08723(B)/BIRDNECK RD,0,1,"1.Divided, no control of access","22,20",1. On Roadway,"0,0",H,H.Urban Minor Arterial,Urban Extensions - Primary Routes,Not GUARDRAIL,Not HIT_RUN,"9,12",1,1. Not at Intersection,121265090,C,0,0,36.841889,36.841889,0,0.09,Not LRTRUCK,4. Darkness - Road Lighted,LOCATED,-75.996965,-75.996965,MAINLINE,MAIN,0,0,Curbed Grass,16,4,Divided Roadway,"22,20",Not MOTORCYCLE,541093,541093. 13408723      13408723     C7US00058     C7US00058,31884,31906,32201,31032,32535,4,1,0.052,PRI_URBAN,,,,,,,,,0,96,54,0,1,,0,0,,,,,,,,,Not PED,,1,0,Virginia Beach,134,5,NOT-RD,1. Main-Line Roadway,0,2.50,2.75,1. Straight - Level,1. No Defects,"2. Two-Way, Divided, Unprotected Median",1. Dry,"2. Blacktop, Asphalt, Bituminous",1100 BLOCK VIRGINIA BEACH BLVD,USPRI,US,R-VA   US00058WBBUS007,"Urbanized (Population 200,000 and over)",3. No,"0,0",13535,11995,12106,11666,12096,Not SENIOR,Left and Right sides,"25,5","35,35",Not SPEED,"35,35",541094,0.87,"2. No,2. No",0,"0,0",9PM TO 12AM,1,1,6. Traffic Lanes Marked,6. No Traffic Control Device Present,Not a Parkway - Trucks and Commercial Vehicles Allowed,"1,2","22. Truck - Sport Utility Vehicle (SUV),9. Bicycle",GMC,"1. Going Straight Ahead,1. Going Straight Ahead","Yukon,BICYCLE",2007,5,5.Hampton Roads,1. No Adverse Condition (Clear/Cloudy),Not Provided,2. No,Not Provided,Not YOUNG
No Access Control,Not ALCIHOL,Urban,0,0,"N/A, Unknown, or Unstabilized",25TH STREET(R)/,Not UNBELTED,21,Male,B,2,BIKE,302.49,1,1,,2. Angle,"Not Provided,Not Provided","Not Provided,Not Provided",US00060,302.608,4,5/4/2012,5/4/2012,22. Bicycle,940,B.Visiible Injury,2012,Left and Right sides,0,1,Virginia Beach,Urban,22. Bicycle,MAIN,9AM TO 12PM,134.Virginia Beach,380,Intersection,Reset Filters,VDOT_OTHER,Friday,Not DEER,"North,West",,5,1,121465077,"21,21","Male,Male","C,B","1,2","1. No Improper Action,11. Did Not Have Right-of-Way","2. Not Deployed,3. Unavailable/Not Applicable","4. No Test,4. No Test","1. No Defects,1. No Defects","Not Applicable,Not Applicable","1. Had Not Been Drinking,1. Had Not Been Drinking","2. No,2. No","1. Not Ejected,3. Totally Ejected","No,Yes","No,No","3. Lap and Shoulder Belt,9. Not Applicable","1. Not Obscured,1. Not Obscured",,,303,541108,134-08722(B)/22SD ST,0,1,"1.Divided, no control of access","22,20",1. On Roadway,"0,0",E,E.Urban Other Principle Arterials; Connecting Links of Other Rural Principal Arterial,Urban Extensions - Primary Routes,Not GUARDRAIL,Not HIT_RUN,"2,11",1,4. Four Approaches,121465077,C,0,0,36.851044,36.851044,0,0.19,Not LRTRUCK,2. Daylight,LOCATED,-75.977043,-75.977043,MAINLINE,MAIN,0,0,Curbed (solid raised),2,2,Divided Roadway,"22,20",Not MOTORCYCLE,541108,541108.  US00060       US00060      13408722      13408722,25340,24166,24141,23764,24222,4,1,0.072,PRI_URBAN,,,,,,,,,0,235,44,0,2,,0,0,,,,,,,,,Not PED,,2,0,Virginia Beach,134,5,NOT-RD,1. Main-Line Roadway,0,302.50,302.60,1. Straight - Level,1. No Defects,"2. Two-Way, Divided, Unprotected Median",1. Dry,1. Concrete,2300 PACIFIC AVENUE,USPRI,US,R-VA   US00060EB,"Urbanized (Population 200,000 and over)",3. No,"0,0",16522,15296,15206,15119,15239,Not SENIOR,Left and Right sides,"30,5","35,35",Not SPEED,"35,35",541109,0.05,"2. No,1. Yes",0,"0,0",9AM TO 12PM,1,1,4. Stop Sign,1. Yes - Working,Not a Parkway - Trucks and Commercial Vehicles Allowed,"1,2","1. Passenger car,9. Bicycle","Ford,MURRAY","1. Going Straight Ahead,1. Going Straight Ahead","Focus,CRUISER",20042005,5,5.Hampton Roads,1. No Adverse Condition (Clear/Cloudy),Not Provided,2. No,Not Provided,Not YOUNG
No Access Control,ALCOHOL,Urban,0,0,Dual Type,SR-00404(R)/122-08576(L)/P ANNE RD,Not UNBELTED,42,Female,B,2,BIKE,23.84,1,1,,2. Angle,"Not Provided,Not Provided","Not Provided,Not Provided",SR00168,23.841,4,5/5/2012,5/5/2012,19. Ped,1700,B.Visiible Injury,2012,Left and Right sides,0,0,Norfolk,Urban,19. Ped,MAIN,3PM TO 6PM,122.Norfolk,5,Intersection,Reset Filters,VDOT_OTHER,Saturday,Not DEER,"West,South",,5,1,121500239,"66,42","Female,Female","PDO,B","1,2","11. Did Not Have Right-of-Way,11. Did Not Have Right-of-Way","2. Not Deployed,3. Unavailable/Not Applicable","Not Applicable,1. Blood","1. No Defects,1. No Defects","Not Applicable,Not Applicable","1. Had Not Been Drinking,2. Drinking - Obviously Drunk","2. No,2. No","1. Not Ejected,3. Totally Ejected","No,Yes","No,No","3. Lap and Shoulder Belt,9. Not Applicable","1. Not Obscured,1. Not Obscured",,,24,483416,SR-00404(R)/122-08576(L)/P ANNE RD,0.16,1,"1.Divided, no control of access","19,12",1. On Roadway,"0,0",E,E.Urban Other Principle Arterials; Connecting Links of Other Rural Principal Arterial,Urban Extensions - Primary Routes,Not GUARDRAIL,Not HIT_RUN,"2,12",1,4. Four Approaches,121500239,C,0,0,36.856517,36.856517,0,0.16,Not LRTRUCK,2. Daylight,LOCATED,-76.273296,-76.273296,MAINLINE,MAIN,0,0,Curbed Grass,26,26,Divided Roadway,"19,12",Not MOTORCYCLE,483416,483416.  SR00168       SR00168       SR00404      12208576,48668,42459,43085,41932,44680,6,1,0.001,PRI_URBAN,,,,,,,,,0,158,88,0,1,,0,0,,,,,,,,,Not PED,,1,0,Norfolk,122,5,NOT-RD,9. Within Intersection,0,23.75,23.84,1. Straight - Level,1. No Defects,"1. Two-Way, Not Divided",1. Dry,"2. Blacktop, Asphalt, Bituminous",1200 BLK TIDEWATER DR,STPRI,SR,R-VA   SR00168NB,"Urbanized (Population 200,000 and over)",3. No,"0,0",30196,28776,29276,28624,31812,SENIOR,None,"0,2","25,5",Not SPEED,"25,5",483416,0,"1. Yes,Not Provided",0,"0,0",3PM TO 6PM,1,1,3. Traffic Signal,1. Yes - Working,Not a Parkway - Trucks and Commercial Vehicles Allowed,"1,2","1. Passenger car,9. Bicycle",HONDA,"3. Making Left Turn,1. Going Straight Ahead",ACCORD,2005,5,5.Hampton Roads,1. No Adverse Condition (Clear/Cloudy),Not Provided,2. No,Not Provided,Not YOUNG