Access Control,Alcohol Notalcohol,Area Type1,A Crash,A People,Basetypedesc,Begin Node Dsc,Belted Unbelted,Bikeage,Bikegen,Bikeinjurytype,Bikevehiclenumber,Bike Nonbike,BMP,B Crash,B People,Carspeedlimit,Collision Type,Comm Cargo Body Type Cd,Comm Vehicle Body Type Cd,Cotedrouteid,Coted Mp,Count App,CRASH_DT (copy),Crash Dt,Crash Event Type Dsc,Crash Military Tm,Crash Severity,Crash Year,Curbgutterdesc,C Crash,C People,Juris Name Used,Area Type Used,First Harmful Event of Entire Crash,MAINLINE,Time Slicing Used,Phy_Juris_Nm,Offset-Ft,Intersection Analysis,Clear,Calculation_9640323132123359,Day Of Week,Deer Nodeer,Direction Of Travel Cd,Distracted Notdistracted,VSP,TOTAL CRASH,Document Nbr,Driverage,Drivergen,Driverinjurytype,Drivervehiclenumber,Driver Action Type Cd,Driver Airbag Deployment,Driver Alcohol Test Type Cd,Driver Condition Type Cd,Driver Distraction Type Cd,Driver Drinking Type Cd,Driver Drug Use Cd,Driver Ejected From Vehicle,Driver Ems Transport Ind,Driver Fled Scene Ind,Driver Safety Equip Used,Driver Vis Obscured Type Cd,Drowsy Notdrowsy,Drug Nodrug,EMP,End Node,End Node Dsc,End Offset,Facility,FAC,First Crash Event Cd,First Harmful Event,Fourth Crash Event Cd,Functionalclass,FUN,Govcondesc,Gr Nogr,Hitrun Not Hitrun,Initial Veh Impact Area Cd,Injury Crashes,Intersection Type,Int Doc,Jurtype,K_CRASH,K People,LAT (copy),LAT,Leftshoulderwidth,Length,Lgtruck Nonlgtruck,Light Condition,Located Unlocated,LON (copy),LON,MAINLINE (group),Mainline Yn,Medianleftshoulderwidth,Medianrightshoulderwidth,Mediantypedesc,Medianwidthmax,Medianwidthmin,Median Type,Most Harmful Crash Event Cd,Motor Nonmotor,Node,Node Info,Node Totaadt2011,Node Totaadt2012,Node Totaadt2013,Node Totaadt2014,Node Totaadt2015,Numberoflane,Number of Records,Offset,Ownership,Passage,Passgen,Passinjurytype,Passvehiclenumber,Pass Airbag Deployment,Pass Ejected From Vehicle,Pass Ems Transport Ind,Pass Safety Equip Used,Pavementconditionvalue,Pavementroughnessvalue,Pavementwidth,Pdo Crash,Total People Killed & Injured,Pedage,Pedestrians Injured,Pedestrians Killed,Pedgen,Pedinjurytype,Pednumber,Ped Action,Ped Al Test,Ped Cond,Ped Drink,Ped Drug,Ped Nonped,Ped Rflct,Persons Injured,Persons Killed,Physical Juris Nm,PJR,VSP_Used,Rd Type,Relation To Roadway,Rightshoulderwidth,RNS_MP (0.25 mi bin),Rns Mp,Roadway Alignment,Roadway Defect,Roadway Description,Roadway Surface Cond,Roadway Surface Type,Route Or Street Nm,Rte Category Cd,Rte Cat,Rte Nm,Ruralurbandesc,School Zone,Second Crash Event Cd,Segtotaadt2011,Segtotaadt2012,Segtotaadt2013,Segtotaadt2014,Segtotaadt2015,Senior Notsenior,Sidewalkdesc,Speed Before,Speed Max Safe,Speed Notspeed,Speed Posted,Start Node,Start Offset,Summons Issued Cd,Surfacedesc,Third Crash Event Cd,Time Slicing,Total Crashes including Property Damage Only,Total Crash,Traffic Control Type,Trfc Ctrl Status Type,Truckcommr,Vehiclenumber,Vehicle Body Type Cd,Vehicle Make Nm,Vehicle Maneuver Type Cd,Vehicle Model Nm,Vehicle Year Nbr,District,District_Used ,Weather Condition,Work Zone Location,Work Zone Related,Work Zone Type,Young Notyoung
No Access Control,Not ALCIHOL,Urban,0,0,Bituminous Concrete (Black Base),134-00007(L)/134-08590(R)/Gap Terminus/INDIAN,Not UNBELTED,13,Male,B,1,BIKE,9.84,1,1,,2. Angle,"Not Provided,Not Provided","Not Provided,Not Provided",SR00190,10.037,3,7/1/2015,7/1/2015,22. Bicycle,1632,B.Visiible Injury,2015,Left and Right sides,0,0,Virginia Beach,Urban,22. Bicycle,MAIN,3PM TO 6PM,134.Virginia Beach,280,Intersection,Reset Filters,VDOT_OTHER,Wednesday,Not DEER,"East,North",,5,1,151835174,"13,70","Male,Female","B,PDO","1,2","21. Disregarded Traffic Signal,1. No Improper Action","3. Unavailable/Not Applicable,2. Not Deployed","Not Applicable,Not Applicable","1. No Defects,1. No Defects","14. No Driver Distraction,14. No Driver Distraction","1. Had Not Been Drinking,1. Had Not Been Drinking","2. No,2. No","3. Totally Ejected,1. Not Ejected","Yes,No","No,No","8. No Restraint Used,3. Lap and Shoulder Belt","1. Not Obscured,1. Not Obscured",,,10,541172,134-08731(L)/WHITEHURST LAND RD,0,1,"1.Divided, no control of access","20,22",1. On Roadway,"0,0",H,H.Urban Minor Arterial,Urban Extensions - Primary Routes,Not GUARDRAIL,Not HIT_RUN,"12,10",1,4. Four Approaches,151835174,C,0,0,36.80266,36.80266,0,0.25,Not LRTRUCK,2. Daylight,LOCATED,-76.17371,-76.17371,MAINLINE,MAIN,0,0,Curbed Grass,16,4,Divided Roadway,"20,22",Not MOTORCYCLE,541172,541172.  SR00190       SR00190      13408731,32109,30068,30345,29244,28013,4,1,0.053,PRI_URBAN,,,,,,,,,0,0,52,0,1,,0,0,,,,,,,,,Not PED,,1,0,Virginia Beach,134,5,NOT-RD,9. Within Intersection,0,10.00,10.04,1. Straight - Level,1. No Defects,"2. Two-Way, Divided, Unprotected Median",1. Dry,"2. Blacktop, Asphalt, Bituminous",1212 KEMPSVILLE RD,STPRI,SR,R-VA   SR00190EB,"Urbanized (Population 200,000 and over)",3. No,"0,0",30350,28211,28471,27438,26297,SENIOR,Left and Right sides,"2,40","45,45",Not SPEED,"45,45",541171,0,"2. No,2. No",0,"0,0",3PM TO 6PM,1,1,3. Traffic Signal,1. Yes - Working,Not a Parkway - Trucks and Commercial Vehicles Allowed,"1,2","9. Bicycle,22. Truck - Sport Utility Vehicle (SUV)","THRUSTER,KIA","1. Going Straight Ahead,1. Going Straight Ahead","BICYCLE,SPORTAGE",2005,5,5.Hampton Roads,1. No Adverse Condition (Clear/Cloudy),Not Provided,2. No,Not Provided,Not YOUNG
No Access Control,Not ALCIHOL,Urban,0,0,Bituminous Concrete (Black Base),TOPAZ LANE(R)/,Not UNBELTED,68,Male,K,3,BIKE,2.06,0,0,,16. Other,"Not Provided,Not Provided,Not Provided","Not Provided,Not Provided,Not Provided",13408627,2.06,4,7/2/2015,7/2/2015,22. Bicycle,1343,K.Fatal Injury,2015,Left and Right sides,0,0,Virginia Beach,Urban,22. Bicycle,MAIN,12PM TO 3PM,134.Virginia Beach,"3,432",Intersection,Reset Filters,VDOT_OTHER,Thursday,Not DEER,"West,West,East",,5,1,151925210,"67,67,68","Female,Female,Male","PDO,PDO,K","1,2,3","1. No Improper Action,1. No Improper Action,37. Other","2. Not Deployed,2. Not Deployed,3. Unavailable/Not Applicable","Not Applicable,Not Applicable,Not Applicable","1. No Defects,1. No Defects,9. Unknown","14. No Driver Distraction,14. No Driver Distraction,14. No Driver Distraction","1. Had Not Been Drinking,1. Had Not Been Drinking,6. Unknown","2. No,2. No,3. Unknown","1. Not Ejected,1. Not Ejected,1. Not Ejected","No,No,No","No,No,No","3. Lap and Shoulder Belt,3. Lap and Shoulder Belt,8. No Restraint Used","1. Not Obscured,1. Not Obscured,1. Not Obscured",,,2,724437,ARCTURUS LANE(B)/,0,1,"1.Divided, no control of access","22,22,20",1. On Roadway,"0,0,0",H,H.Urban Minor Arterial,Other City or Town Streets (not state maintained),Not GUARDRAIL,Not HIT_RUN,"4,12,2",0,1. Not at Intersection,151925210,C,1,1,36.78254,36.78254,0,0.17,Not LRTRUCK,2. Daylight,LOCATED,-76.11983,-76.11983,MAINLINE,MAIN,0,0,Curbed Grass,16,4,Divided Roadway,"22,22,20",Not MOTORCYCLE,541155,541155.  SR00165       SR00165      13408627      13408627,60502,58535,58683,57377,62841,4,1,0.65,SEC_URBAN,,,,,,,,,0,0,52,0,1,,0,0,,,,,,,,,Not PED,,0,1,Virginia Beach,134,5,NOT-RD,8. Non-Intersection,0,2.00,2.12,1. Straight - Level,1. No Defects,"2. Two-Way, Divided, Unprotected Median",1. Dry,"2. Blacktop, Asphalt, Bituminous",SOUTH INDEPENDENCE BOULEVARD,URB,UR,R-VA134UR08627SB,"Urbanized (Population 200,000 and over)",3. No,"0,0,20",8056,7608,7678,7400,7363,SENIOR,Left and Right sides,"40,45,10","45,45,45",Not SPEED,"45,45,45",724441,0,"2. No,2. No,2. No",0,"0,0,0",12PM TO 3PM,1,1,6. Traffic Lanes Marked,1. Yes - Working,Not a Parkway - Trucks and Commercial Vehicles Allowed,"1,2,3","22. Truck - Sport Utility Vehicle (SUV),1. Passenger car,9. Bicycle","FORD,CHEVROLET,BICYCLE","1. Going Straight Ahead,1. Going Straight Ahead,1. Going Straight Ahead","EXPEDITION,IMPALA,BICYCLE",20032008,5,5.Hampton Roads,1. No Adverse Condition (Clear/Cloudy),Not Provided,2. No,Not Provided,Not YOUNG
No Access Control,Not ALCIHOL,Urban,0,0,Portland Cement Concrete,IRONBOUND RD(R)/,Not UNBELTED,67,Male,B,2,BIKE,240.25,1,1,,4. Sideswipe - Same Direction,"Not Provided,Not Provided","Not Provided,Not Provided",US00060,240.268,3,7/3/2015,7/3/2015,22. Bicycle,1322,B.Visiible Injury,2015,Left and Right sides,0,0,Williamsburg,Urban,22. Bicycle,MAIN,12PM TO 3PM,137.Williamsburg,63,Intersection,Reset Filters,VDOT_OTHER,Friday,Not DEER,"East,East",,5,1,160225275,"41,67","Male,Male","PDO,B","1,2","1. No Improper Action,1. No Improper Action","2. Not Deployed,3. Unavailable/Not Applicable","4. No Test,4. No Test","1. No Defects,1. No Defects","Not Applicable,Not Applicable","1. Had Not Been Drinking,1. Had Not Been Drinking","2. No,2. No","1. Not Ejected,1. Not Ejected","No,No","No,No","3. Lap and Shoulder Belt,5. Helmet","1. Not Obscured,1. Not Obscured",,,240,860027,SR-00005(R)/,0,1,"1.Divided, no control of access","22,20",1. On Roadway,"0,0",E,E.Urban Other Principle Arterials; Connecting Links of Other Rural Principal Arterial,Urban Extensions - Primary Routes,Not GUARDRAIL,Not HIT_RUN,"4,0",1,3. Three Approaches,160225275,C,0,0,37.27859,37.27859,0,0.03,Not LRTRUCK,2. Daylight,LOCATED,-76.69026,-76.69026,MAINLINE,MAIN,0,0,Curbed (solid raised),3,3,Divided Roadway,"22,20",Not MOTORCYCLE,860027,860027.  SR00005       US00060       US00060,16587,16227,18853,18182,18550,4,1,0.012,PRI_URBAN,,,,,,,,,0,66,48,0,1,,0,0,,,,,,,,,Not PED,,1,0,Williamsburg,137,5,NOT-RD,10. Intersection Related - Within 150 Feet,0,240.25,240.27,2. Curve - Level,1. No Defects,"3. Two-Way, Divided, Positive Median Barrier",1. Dry,"2. Blacktop, Asphalt, Bituminous",BYPASS RD,USPRI,US,R-VA   US00060EB,"Urbanized (Population 200,000 and over)",3. No,"0,0",12443,12168,10652,10273,10481,SENIOR,Left and Right sides,"0,15","25,25",Not SPEED,"25,25",398766,0.13,"2. No,2. No",0,"0,0",12PM TO 3PM,1,1,8. Yield Sign,1. Yes - Working,Not a Parkway - Trucks and Commercial Vehicles Allowed,"1,2","2. Truck - Pick-up/Passenger Truck,9. Bicycle",TOYT,"6. Merging Into Traffic Lane,6. Merging Into Traffic Lane","TUNDRA,TREK DOMANE",,5,5.Hampton Roads,1. No Adverse Condition (Clear/Cloudy),Not Provided,2. No,Not Provided,Not YOUNG
No Access Control,Not ALCIHOL,Urban,0,0,Bituminous Concrete (Black Base),MARABOU LN(R)/WATERFRONT DR(L)/,Not UNBELTED,59,Female,B,1,BIKE,3.68,1,1,,2. Angle,"Not Provided,Not Provided","Not Provided,Not Provided",13408723,3.68,4,3/6/2014,3/6/2014,20. Motor Vehicle In Transport,810,B.Visiible Injury,2014,Left and Right sides,0,0,Virginia Beach,Urban,20. Motor Vehicle In Transport,MAIN,6AM TO 9AM,134.Virginia Beach,"1,214",Intersection,Reset Filters,VDOT_OTHER,Thursday,Not DEER,"North,East",,5,1,140685090,"59,29","Female,Male","B,PDO","1,2","11. Did Not Have Right-of-Way,1. No Improper Action","3. Unavailable/Not Applicable,2. Not Deployed","4. No Test,4. No Test","1. No Defects,1. No Defects","14. No Driver Distraction,14. No Driver Distraction","1. Had Not Been Drinking,1. Had Not Been Drinking","2. No,2. No","1. Not Ejected,1. Not Ejected","No,No","No,No","9. Not Applicable,3. Lap and Shoulder Belt","1. Not Obscured,1. Not Obscured",,,4,542032,FLEMING CIRCLE(R)/,0,1,"1.Divided, no control of access","20,20",1. On Roadway,"0,0",H,H.Urban Minor Arterial,Other City or Town Streets (not state maintained),Not GUARDRAIL,Not HIT_RUN,"9,12",1,4. Four Approaches,140685090,C,0,0,36.85033,36.85033,0,0.05,Not LRTRUCK,2. Daylight,LOCATED,-75.99443,-75.99443,MAINLINE,MAIN,0,0,Grass/Unprotected,14,3,Divided Roadway,"20,20",Not MOTORCYCLE,542029,542029. 13408723      13408723      13408723N003A 13408723S003A,21852,28628,28827,28038,31705,4,1,0.23,SEC_URBAN,,,,,,,,,0,0,56,0,1,,0,0,,,,,,,,,Not PED,,1,0,Virginia Beach,134,5,NOT-RD,9. Within Intersection,0,3.50,3.68,1. Straight - Level,1. No Defects,"2. Two-Way, Divided, Unprotected Median",1. Dry,"2. Blacktop, Asphalt, Bituminous",500 N BIRDNECK RD,URB,UR,R-VA134UR08723SB,"Urbanized (Population 200,000 and over)",3. No,"0,0",21852,21532,21731,20942,24609,Not SENIOR,Left and Right sides,"5,3","35,35",Not SPEED,"35,35",542031,0,"1. Yes,2. No",0,"0,0",6AM TO 9AM,1,1,3. Traffic Signal,1. Yes - Working,Not a Parkway - Trucks and Commercial Vehicles Allowed,"1,2","9. Bicycle,1. Passenger car","DIAMONDBACK,PONTIAC","1. Going Straight Ahead,2. Making Right Turn","BICYCLE,G6",20102008,5,5.Hampton Roads,1. No Adverse Condition (Clear/Cloudy),Not Provided,2. No,Not Provided,Not YOUNG
No Access Control,Not ALCIHOL,Urban,0,0,"N/A, Unknown, or Unstabilized",IS-00064-W277A(L)/FROM RT 64 WEST,Not UNBELTED,52,Male,B,1,BIKE,27.58,1,1,,13. Bicyclist,"Not Provided,Not Provided","Not Provided,Not Provided",SR00168,27.616,3,3/9/2014,3/9/2014,22. Bicycle,1735,B.Visiible Injury,2014,Left and Right sides,0,0,Norfolk,Urban,22. Bicycle,MAIN,3PM TO 6PM,122.Norfolk,21,Intersection,Reset Filters,VDOT_OTHER,Sunday,Not DEER,"West,Not Provided",,5,1,141470048,"52,17","Male,Female","B,PDO","1,2","11. Did Not Have Right-of-Way,1. No Improper Action","3. Unavailable/Not Applicable,2. Not Deployed","4. No Test,4. No Test","8. Other,1. No Defects","Not Applicable,Not Applicable","1. Had Not Been Drinking,1. Had Not Been Drinking","2. No,2. No","3. Totally Ejected,1. Not Ejected","No,No","No,No","9. Not Applicable,3. Lap and Shoulder Belt","1. Not Obscured,1. Not Obscured",,,28,483432,SR-00168-S026B(L)/TO RT 64 WEST,0,1,"1.Divided, no control of access","20,22",1. On Roadway,"0,0",H,H.Urban Minor Arterial,Urban Extensions - Primary Routes,Not GUARDRAIL,Not HIT_RUN,"8,1",1,2. Two Approaches,141470048,C,0,0,36.90903,36.90903,0,0.04,Not LRTRUCK,2. Daylight,LOCATED,-76.2565,-76.2565,MAINLINE,MAIN,0,0,Curbed (solid raised),4,4,Divided Roadway,"20,22",Not MOTORCYCLE,483432,483432.  SR00168       SR00168       SR00168S026B,27542,31553,31830,30732,29068,5,1,0.004,PRI_URBAN,,,,,,,,,0,246,64,0,1,,0,0,,,,,,,,,Not PED,,1,0,Norfolk,122,5,NOT-RD,9. Within Intersection,0,27.50,27.62,1. Straight - Level,1. No Defects,"4. One-Way, Not Divided",1. Dry,1. Concrete,6900 BLK TIDEWATER DR,STPRI,SR,R-VA   SR00168SB,"Urbanized (Population 200,000 and over)",3. No,"0,0",27542,29979,30256,29158,27494,Not SENIOR,None,35,"35,35",Not SPEED,"35,35",483431,0,"1. Yes,2. No",0,"0,0",3PM TO 6PM,1,1,8. Yield Sign,6. No Traffic Control Device Present,Not a Parkway - Trucks and Commercial Vehicles Allowed,"1,2","9. Bicycle,1. Passenger car","BICYCLE,TOYOTA","2. Making Right Turn,1. Going Straight Ahead","MONGOOSE,CAMRY",2003,5,5.Hampton Roads,1. No Adverse Condition (Clear/Cloudy),Not Provided,2. No,Not Provided,YOUNG
,Not ALCIHOL,Urban,0,0,,,Not UNBELTED,27,Female,B,2,BIKE,,1,1,,2. Angle,"Not Provided,Not Provided","Not Provided,Not Provided",,,,3/12/2014,3/12/2014,22. Bicycle,1025,B.Visiible Injury,2014,,0,1,Virginia Beach,Urban,22. Bicycle,MAIN,9AM TO 12PM,134.Virginia Beach,,Not Intersection,Reset Filters,VDOT_OTHER,Wednesday,Not DEER,"North,West",,5,1,140775162,"25,27","Female,Female","C,B","1,2","1. No Improper Action,10. Wrong Side Of Road - Not Overtaking","2. Not Deployed,3. Unavailable/Not Applicable","4. No Test,4. No Test","1. No Defects,1. No Defects","14. No Driver Distraction,14. No Driver Distraction","1. Had Not Been Drinking,1. Had Not Been Drinking","Not Applicable,Not Applicable","1. Not Ejected,3. Totally Ejected","No,Yes","No,No","3. Lap and Shoulder Belt,8. No Restraint Used","5. Trees, Crops, etc.,5. Trees, Crops, etc.",,,,,,,,,"22,20",1. On Roadway,"0,0",,,,Not GUARDRAIL,Not HIT_RUN,"12,9",1,3. Three Approaches,,C,0,0,36.84174,36.84174,,,Not LRTRUCK,2. Daylight,UNLOCATED,-75.99412,-75.99412,MAINLINE,,,,,,,,"22,20",Not MOTORCYCLE,,.,,,,,,,1,,SEC_URBAN,,,,,,,,,,,,0,2,,0,0,,,,,,,,,Not PED,,2,0,Virginia Beach,134,5,NOT-RD,1. Main-Line Roadway,,,,1. Straight - Level,1. No Defects,"1. Two-Way, Not Divided",1. Dry,"2. Blacktop, Asphalt, Bituminous",1055 VIRGINIA BEACH BL,UNKWN,SC,U-VA134SC99999UK,,3. No,"0,0",,,,,,Not SENIOR,,"5,5","35,35",Not SPEED,"35,35",,,"2. No,1. Yes",,"0,0",9AM TO 12PM,1,1,4. Stop Sign,1. Yes - Working,,"1,2","1. Passenger car,9. Bicycle","Toyota,3G","2. Making Right Turn,1. Going Straight Ahead","Corolla,CRUISER",19962005,5,5.Hampton Roads,1. No Adverse Condition (Clear/Cloudy),Not Provided,2. No,Not Provided,Not YOUNG
,ALCOHOL,Urban,0,0,,,Not UNBELTED,62,Male,C,1,BIKE,,0,0,,2. Angle,"Not Provided,Not Provided","Not Provided,Not Provided",,,,3/12/2014,3/12/2014,22. Bicycle,1730,C.Non-Visible Injury,2014,,1,1,Newport News,Urban,22. Bicycle,MAIN,3PM TO 6PM,121.Newport News,,Not Intersection,Reset Filters,VDOT_OTHER,Wednesday,Not DEER,"East,North",,5,1,141480079,"62,43","Male,Female","C,PDO","1,2","22. Disregarded Stop or Yield Sign,1. No Improper Action","3. Unavailable/Not Applicable,2. Not Deployed","4. No Test,4. No Test","8. Other,1. No Defects","Not Applicable,Not Applicable","2. Drinking - Obviously Drunk,1. Had Not Been Drinking","3. Unknown,2. No","3. Totally Ejected,1. Not Ejected","Yes,No","No,No","9. Not Applicable,3. Lap and Shoulder Belt","1. Not Obscured,1. Not Obscured",,,,,,,,,"20,22",1. On Roadway,"0,0",,,,Not GUARDRAIL,Not HIT_RUN,"12,10",1,4. Four Approaches,,C,0,0,36.98098,36.98098,,,Not LRTRUCK,2. Daylight,UNLOCATED,-76.41408,-76.41408,MAINLINE,,,,,,,,"20,22",Not MOTORCYCLE,,.,,,,,,,1,,SEC_URBAN,,,,,,,,,,,,0,1,,0,0,,,,,,,,,Not PED,,1,0,Newport News,121,5,NOT-RD,9. Within Intersection,,,,1. Straight - Level,1. No Defects,"2. Two-Way, Divided, Unprotected Median",1. Dry,"2. Blacktop, Asphalt, Bituminous",HAMPTON AVE,UNKWN,SC,U-VA121SC99999UK,,3. No,"0,0",,,,,,Not SENIOR,,"0,25","0,25",Not SPEED,"25,25",,,"1. Yes,2. No",,"0,0",3PM TO 6PM,1,1,4. Stop Sign,1. Yes - Working,,"1,2","9. Bicycle,1. Passenger car",NISSAN,"1. Going Straight Ahead,1. Going Straight Ahead",ALTIMA,2012,5,5.Hampton Roads,1. No Adverse Condition (Clear/Cloudy),Not Provided,2. No,Not Provided,Not YOUNG
No Access Control,Not ALCIHOL,Urban,0,0,Portland Cement Concrete,PARKS AVE(L)/,Not UNBELTED,19,Male,B,2,BIKE,3.44,1,1,,4. Sideswipe - Same Direction,"Not Provided,Not Provided","Not Provided,Not Provided",C7US00058,3.51,3,7/4/2015,7/4/2015,22. Bicycle,1015,B.Visiible Injury,2015,Left and Right sides,0,0,Virginia Beach,Urban,22. Bicycle,MAIN,9AM TO 12PM,134.Virginia Beach,"1,267",Intersection,Reset Filters,VDOT_OTHER,Saturday,Not DEER,"East,East",,5,1,152045150,19,"Not Provided,Male","PDO,B","1,2","41. Improper Passing,1. No Improper Action","Not Provided,3. Unavailable/Not Applicable","Not Applicable,4. No Test","9. Unknown,1. No Defects","Not Applicable,14. No Driver Distraction","6. Unknown,1. Had Not Been Drinking","3. Unknown,2. No","Not Provided,1. Not Ejected","NotProvided,Yes","Yes,No","Not Provided,5. Helmet","1. Not Obscured,1. Not Obscured",,,4,541091,134-08721(L)/BALTIC AV,0,0,"0.Two-way, non-divided","22,20",1. On Roadway,"0,0",H,H.Urban Minor Arterial,Urban Extensions - Primary Routes,Not GUARDRAIL,HIT_RUN,"2,0",1,1. Not at Intersection,152045150,C,0,0,36.84369,36.84369,0,0.31,Not LRTRUCK,2. Daylight,LOCATED,-75.98356,-75.98356,MAINLINE,MAIN,0,0,0,0,0,Undivided Roadway,"22,20",Not MOTORCYCLE,541091,541091. 13408721     C7US00058     C7US00058,16876,14747,14883,14343,11893,4,1,0.24,PRI_URBAN,,,,,,,,,0,0,40,0,1,,0,0,,,,,,,,,Not PED,,1,0,Virginia Beach,134,5,NOT-RD,8. Non-Intersection,0,3.50,3.51,1. Straight - Level,1. No Defects,"2. Two-Way, Divided, Unprotected Median",1. Dry,"2. Blacktop, Asphalt, Bituminous",700 VIRGINIA BEACH BLVD,USPRI,US,R-VA   US00058EBBUS007,"Urbanized (Population 200,000 and over)",3. No,"0,0",12948,11505,11611,11190,10783,Not SENIOR,Left and Right sides,"25,15","25,25",Not SPEED,"25,25",541092,0,"Not Provided,2. No",0,"0,0",9AM TO 12PM,1,1,1. No Traffic Control,6. No Traffic Control Device Present,Not a Parkway - Trucks and Commercial Vehicles Allowed,"1,2","22. Truck - Sport Utility Vehicle (SUV),9. Bicycle","FORD,OTH","13. Passing,1. Going Straight Ahead","EXPLORER,18 SPEED",,5,5.Hampton Roads,1. No Adverse Condition (Clear/Cloudy),Not Provided,2. No,Not Provided,YOUNG
No Access Control,Not ALCIHOL,Urban,0,0,Bituminous Concrete (Black Base),81ST STREET(B)/,Not UNBELTED,51,Male,PDO,1,BIKE,298.76,0,0,,2. Angle,"Not Provided,Not Provided","Not Provided,Not Provided",US00060,300.418,4,7/4/2015,7/4/2015,20. Motor Vehicle In Transport,905,PDO.Property Damage Only,2015,None,0,0,Virginia Beach,Urban,20. Motor Vehicle In Transport,MAIN,9AM TO 12PM,134.Virginia Beach,"4,287",Intersection,Reset Filters,VDOT_OTHER,Saturday,Not DEER,"South,East",DISTRACTED,5,1,151925111,"51,16","Male,Female","PDO,PDO","1,2","11. Did Not Have Right-of-Way,1. No Improper Action","3. Unavailable/Not Applicable,2. Not Deployed","4. No Test,4. No Test","1. No Defects,1. No Defects","11. Other,14. No Driver Distraction","1. Had Not Been Drinking,1. Had Not Been Drinking","2. No,2. No","1. Not Ejected,1. Not Ejected","No,No","No,No","5. Helmet,3. Lap and Shoulder Belt","1. Not Obscured,1. Not Obscured",,,301,541115,50TH STREET(R)/,0,0,"0.Two-way, non-divided","20,22",1. On Roadway,"0,0",E,E.Urban Other Principle Arterials; Connecting Links of Other Rural Principal Arterial,Urban Extensions - Primary Routes,Not GUARDRAIL,Not HIT_RUN,"12,11",0,2. Two Approaches,151925111,C,0,0,36.88161,36.88161,4,1.95,Not LRTRUCK,2. Daylight,LOCATED,-75.98608,-75.98608,MAINLINE,MAIN,0,0,0,0,0,Undivided Roadway,"20,22",Not MOTORCYCLE,541112,541112.  US00060       US00060      13408718      13408718,19668,17680,17583,17469,18033,4,1,0.812,PRI_URBAN,,,,,,,,,0,189,40,1,0,,0,0,,,,,,,,,Not PED,,0,0,Virginia Beach,134,5,NOT-RD,9. Within Intersection,4,300.25,300.42,1. Straight - Level,1. No Defects,"2. Two-Way, Divided, Unprotected Median",1. Dry,1. Concrete,55TH ST,USPRI,US,R-VA   US00060WB,"Urbanized (Population 200,000 and over)",3. No,"0,0",14674,13003,12927,12853,13428,Not SENIOR,None,"15,8","35,35",Not SPEED,"35,35",541116,0.06,"1. Yes,2. No",0,"0,0",9AM TO 12PM,1,1,4. Stop Sign,1. Yes - Working,Not a Parkway - Trucks and Commercial Vehicles Allowed,"1,2","9. Bicycle,1. Passenger car","VAN DESIEL,JEEP","1. Going Straight Ahead,1. Going Straight Ahead","BIKE,LIBERTY",2004,5,5.Hampton Roads,1. No Adverse Condition (Clear/Cloudy),Not Provided,2. No,Not Provided,YOUNG
Partial Access Control,Not ALCIHOL,Urban,1,1,Bituminous Concrete (Black Base),US-00258(B)/114-07033(L)/,Not UNBELTED,59,Male,A,2,BIKE,9.86,0,0,,12. Ped,"Not Provided,Not Provided","Not Provided,Not Provided",SR00134,9.894,4,7/6/2015,7/6/2015,22. Bicycle,1007,A.Ambulatory Injury,2015,None,0,0,Hampton,Urban,22. Bicycle,MAIN,9AM TO 12PM,114.Hampton,180,Intersection,Reset Filters,VDOT_OTHER,Monday,Not DEER,"North,East",,5,1,152165390,"60,59","Female,Male","PDO,A","1,2","1. No Improper Action,Not Applicable","2. Not Deployed,1. Deployed - Front","Not Applicable,Not Applicable","1. No Defects,1. No Defects","Not Applicable,Not Applicable","1. Had Not Been Drinking,1. Had Not Been Drinking","2. No,2. No","1. Not Ejected,2. Partially Ejected","No,Yes","No,No","3. Lap and Shoulder Belt,8. No Restraint Used","11. Moving Vehicle(s),1. Not Obscured",,,10,253024,114-07022(R)/PINE CHAPEL RD,0,2,"2.Divided, partial control of access","22,20",1. On Roadway,"0,0",E,E.Urban Other Principle Arterials; Connecting Links of Other Rural Principal Arterial,Urban Extensions - Primary Routes,Not GUARDRAIL,Not HIT_RUN,"12,2",1,4. Four Approaches,152165390,C,0,0,37.04378,37.04378,6,0.24,Not LRTRUCK,2. Daylight,LOCATED,-76.3767,-76.3767,MAINLINE,MAIN,4,4,Grass/Unprotected,40,40,Divided Roadway,"22,20",Not MOTORCYCLE,253023,253023.  SR00134       US00258       US00258      11407033,71588,70701,68826,67365,68698,4,1,0.034,PRI_URBAN,,,,,,,,,0,0,44,0,1,,0,0,,,,,,,,,Not PED,,1,0,Hampton,114,5,NOT-RD,1. Main-Line Roadway,6,9.75,9.89,1. Straight - Level,1. No Defects,"2. Two-Way, Divided, Unprotected Median",1. Dry,"2. Blacktop, Asphalt, Bituminous",N ARMISTEAD AVE,STPRI,SR,R-VA   SR00134WB,"Urbanized (Population 200,000 and over)",3. No,"0,0",18779,18363,17782,17149,17496,Not SENIOR,None,"2,1","35,35",Not SPEED,"35,35",253023,0,"2. No,2. No",0,"0,0",9AM TO 12PM,1,1,3. Traffic Signal,1. Yes - Working,Truck Access System,"1,2","1. Passenger car,9. Bicycle","ISU,OTH","1. Going Straight Ahead,1. Going Straight Ahead","RODEO,BICYCLE",,5,5.Hampton Roads,1. No Adverse Condition (Clear/Cloudy),Not Provided,2. No,Not Provided,Not YOUNG