Access Control,Alcohol Notalcohol,Area Type1,A Crash,A People,Basetypedesc,Begin Node Dsc,Belted Unbelted,Bikeage,Bikegen,Bikeinjurytype,Bikevehiclenumber,Bike Nonbike,BMP,B Crash,B People,Carspeedlimit,Collision Type,Comm Cargo Body Type Cd,Comm Vehicle Body Type Cd,Cotedrouteid,Coted Mp,Count App,CRASH_DT (copy),Crash Dt,Crash Event Type Dsc,Crash Military Tm,Crash Severity,Crash Year,Curbgutterdesc,C Crash,C People,Juris Name Used,Area Type Used,First Harmful Event of Entire Crash,MAINLINE,Time Slicing Used,Phy_Juris_Nm,Offset-Ft,Intersection Analysis,Clear,Calculation_9640323132123359,Day Of Week,Deer Nodeer,Direction Of Travel Cd,Distracted Notdistracted,VSP,TOTAL CRASH,Document Nbr,Driverage,Drivergen,Driverinjurytype,Drivervehiclenumber,Driver Action Type Cd,Driver Airbag Deployment,Driver Alcohol Test Type Cd,Driver Condition Type Cd,Driver Distraction Type Cd,Driver Drinking Type Cd,Driver Drug Use Cd,Driver Ejected From Vehicle,Driver Ems Transport Ind,Driver Fled Scene Ind,Driver Safety Equip Used,Driver Vis Obscured Type Cd,Drowsy Notdrowsy,Drug Nodrug,EMP,End Node,End Node Dsc,End Offset,Facility,FAC,First Crash Event Cd,First Harmful Event,Fourth Crash Event Cd,Functionalclass,FUN,Govcondesc,Gr Nogr,Hitrun Not Hitrun,Initial Veh Impact Area Cd,Injury Crashes,Intersection Type,Int Doc,Jurtype,K_CRASH,K People,LAT (copy),LAT,Leftshoulderwidth,Length,Lgtruck Nonlgtruck,Light Condition,Located Unlocated,LON (copy),LON,MAINLINE (group),Mainline Yn,Medianleftshoulderwidth,Medianrightshoulderwidth,Mediantypedesc,Medianwidthmax,Medianwidthmin,Median Type,Most Harmful Crash Event Cd,Motor Nonmotor,Node,Node Info,Node Totaadt2011,Node Totaadt2012,Node Totaadt2013,Node Totaadt2014,Node Totaadt2015,Numberoflane,Number of Records,Offset,Ownership,Passage,Passgen,Passinjurytype,Passvehiclenumber,Pass Airbag Deployment,Pass Ejected From Vehicle,Pass Ems Transport Ind,Pass Safety Equip Used,Pavementconditionvalue,Pavementroughnessvalue,Pavementwidth,Pdo Crash,Total People Killed & Injured,Pedage,Pedestrians Injured,Pedestrians Killed,Pedgen,Pedinjurytype,Pednumber,Ped Action,Ped Al Test,Ped Cond,Ped Drink,Ped Drug,Ped Nonped,Ped Rflct,Persons Injured,Persons Killed,Physical Juris Nm,PJR,VSP_Used,Rd Type,Relation To Roadway,Rightshoulderwidth,RNS_MP (0.25 mi bin),Rns Mp,Roadway Alignment,Roadway Defect,Roadway Description,Roadway Surface Cond,Roadway Surface Type,Route Or Street Nm,Rte Category Cd,Rte Cat,Rte Nm,Ruralurbandesc,School Zone,Second Crash Event Cd,Segtotaadt2011,Segtotaadt2012,Segtotaadt2013,Segtotaadt2014,Segtotaadt2015,Senior Notsenior,Sidewalkdesc,Speed Before,Speed Max Safe,Speed Notspeed,Speed Posted,Start Node,Start Offset,Summons Issued Cd,Surfacedesc,Third Crash Event Cd,Time Slicing,Total Crashes including Property Damage Only,Total Crash,Traffic Control Type,Trfc Ctrl Status Type,Truckcommr,Vehiclenumber,Vehicle Body Type Cd,Vehicle Make Nm,Vehicle Maneuver Type Cd,Vehicle Model Nm,Vehicle Year Nbr,District,District_Used ,Weather Condition,Work Zone Location,Work Zone Related,Work Zone Type,Young Notyoung
No Access Control,Not ALCIHOL,Urban,0,0,Bituminous Concrete (Black Base),JB-137/NCL WILLIAMSBURG/,Not UNBELTED,22,Female,B,2,BIKE,237.34,1,1,,16. Other,"Not Provided,Not Provided","Not Provided,Not Provided",US00060,237.47,3,7/6/2015,7/6/2015,22. Bicycle,1931,B.Visiible Injury,2015,Left and Right sides,0,0,Williamsburg,Urban,22. Bicycle,MAIN,6PM TO 9PM,137.Williamsburg,"3,274",Intersection,Reset Filters,VDOT_OTHER,Monday,Not DEER,"East,West",,5,1,160225279,"75,22","Female,Female","PDO,B","1,2","11. Did Not Have Right-of-Way,Not Applicable","2. Not Deployed,3. Unavailable/Not Applicable","4. No Test,4. No Test","1. No Defects,1. No Defects","Not Applicable,Not Applicable","1. Had Not Been Drinking,1. Had Not Been Drinking","2. No,2. No","1. Not Ejected,3. Totally Ejected","No,Yes","No,No","3. Lap and Shoulder Belt,9. Not Applicable","1. Not Obscured,Not Applicable",,,238,398769,JB-137/NCL WILLIAMSBURG/,1,0,"0.Two-way, non-divided","22,22",4. Roadside,"0,0",E,E.Urban Other Principle Arterials; Connecting Links of Other Rural Principal Arterial,Urban Extensions - Primary Routes,Not GUARDRAIL,Not HIT_RUN,"12,12",1,1. Not at Intersection,160225279,C,0,0,37.29983,37.29983,0,0.38,Not LRTRUCK,2. Daylight,LOCATED,-76.72765,-76.72765,MAINLINE,MAIN,0,0,0,0,0,Undivided Roadway,"22,22",Not MOTORCYCLE,398768,398768.  US00060       US00060      13707081,30194,29526,29871,28807,29391,4,1,0.62,PRI_URBAN,,,,,,,,,0,126,64,0,1,,0,0,,,,,,,,,Not PED,,1,0,Williamsburg,137,5,NOT-RD,"13. Driveway, Alley-Access - Related",0,237.25,237.47,9. Other,1. No Defects,"1. Two-Way, Not Divided",1. Dry,"2. Blacktop, Asphalt, Bituminous",2100 RICHMOND ROAD,USPRI,US,R-VA   US00060EB,"Urbanized (Population 200,000 and over)",3. No,"0,0",22422,21926,20109,19393,19786,SENIOR,Right side,"5,0","5,25",Not SPEED,"25,25",398769,0.62,"2. No,2. No",0,"0,0",6PM TO 9PM,1,1,1. No Traffic Control,6. No Traffic Control Device Present,Not a Parkway - Trucks and Commercial Vehicles Allowed,"1,2","1. Passenger car,9. Bicycle",CHEV,"2. Making Right Turn,1. Going Straight Ahead",TRAIL BLAZER,,5,5.Hampton Roads,1. No Adverse Condition (Clear/Cloudy),Not Provided,2. No,Not Provided,Not YOUNG
No Access Control,Not ALCIHOL,Urban,0,0,Bituminous Concrete (Black Base),122-08574(L)/122-08639(R)/WILLOW WOOD DR & CR,Not UNBELTED,24,Male,C,2,BIKE,26.33,0,0,,2. Angle,"Not Provided,Not Provided","Not Provided,Not Provided",SR00168,26.33,4,7/6/2015,7/6/2015,22. Bicycle,650,C.Non-Visible Injury,2015,Left and Right sides,1,1,Norfolk,Urban,22. Bicycle,MAIN,6AM TO 9AM,122.Norfolk,0,Intersection,Reset Filters,VDOT_OTHER,Monday,Not DEER,"South,East",,5,1,152170091,24,"Not Provided,Male","PDO,C","1,2","34. Hit and Run,1. No Improper Action","Not Provided,3. Unavailable/Not Applicable","Not Applicable,Not Applicable","9. Unknown,1. No Defects","Not Applicable,Not Applicable","6. Unknown,1. Had Not Been Drinking","3. Unknown,Not Applicable","Not Provided,1. Not Ejected","NotProvided,No","Yes,No","Not Provided,9. Not Applicable","1. Not Obscured,1. Not Obscured",,,26,483422,122-08632(R)/NORVIEW AV,0,0,"0.Two-way, non-divided","22,20",1. On Roadway,"0,0",E,E.Urban Other Principle Arterials; Connecting Links of Other Rural Principal Arterial,Urban Extensions - Primary Routes,Not GUARDRAIL,HIT_RUN,"0,12",1,4. Four Approaches,152170091,C,0,0,36.88623,36.88623,0,0.1,Not LRTRUCK,2. Daylight,LOCATED,-76.26037,-76.26037,MAINLINE,MAIN,0,0,0,0,0,Undivided Roadway,"22,20",Not MOTORCYCLE,483421,483421.  SR00168       SR00168      12208574      12208639,48106,48007,48749,47508,48566,4,1,0,PRI_URBAN,,,,,,,,,0,218,75,0,1,,0,0,,,,,,,,,Not PED,,1,0,Norfolk,122,5,NOT-RD,9. Within Intersection,0,26.25,26.33,1. Straight - Level,1. No Defects,"1. Two-Way, Not Divided",1. Dry,"2. Blacktop, Asphalt, Bituminous",3500 BLK TIDEWATER DR,STPRI,SR,R-VA   SR00168SB,"Urbanized (Population 200,000 and over)",3. No,"0,0",36293,36793,37432,36601,38256,Not SENIOR,None,0,"0,35",Not SPEED,"0,35",483421,0,"Not Provided,2. No",0,"0,0",6AM TO 9AM,1,1,3. Traffic Signal,1. Yes - Working,Not a Parkway - Trucks and Commercial Vehicles Allowed,"1,2","1. Passenger car,9. Bicycle",RALEIGH,"1. Going Straight Ahead,8. Stopped in Traffic Lane",MOJAVE 2.0,,5,5.Hampton Roads,1. No Adverse Condition (Clear/Cloudy),Not Provided,2. No,Not Provided,Not YOUNG
No Access Control,Not ALCIHOL,Urban,0,0,Bituminous Concrete (Black Base),BRUIN DR(L)GREENWOOD ROAD(R)/,Not UNBELTED,13,Male,B,2,BIKE,0.89,1,1,,2. Angle,"Not Provided,Not Provided","Not Provided,Not Provided",13108532,0.89,3,5/11/2012,5/11/2012,22. Bicycle,756,B.Visiible Injury,2012,None,0,0,Chesapeake,Urban,22. Bicycle,MAIN,6AM TO 9AM,131.Chesapeake,"4,699",Intersection,Reset Filters,VDOT_OTHER,Friday,Not DEER,"West,North",,5,1,121560123,13,"Not Provided,Male","PDO,B","1,2","9. Other Improper Passing,21. Disregarded Traffic Signal","2. Not Deployed,3. Unavailable/Not Applicable","Not Applicable,Not Applicable","9. Unknown,1. No Defects","14. No Driver Distraction,14. No Driver Distraction","6. Unknown,1. Had Not Been Drinking","3. Unknown,2. No","Not Provided,3. Totally Ejected","No,No","Yes,No","6. Other,8. No Restraint Used","1. Not Obscured,1. Not Obscured",,,1,484570,PRINCE OF WALES DRIVE(L)/,0,0,"0.Two-way, non-divided","22,20",1. On Roadway,"0,0",I,I.Urban Collector,Other City or Town Streets (not state maintained),Not GUARDRAIL,HIT_RUN,"12,3",1,4. Four Approaches,121560123,C,0,0,36.844031,36.844031,3,0.26,Not LRTRUCK,2. Daylight,LOCATED,-76.409443,-76.409443,MAINLINE,MAIN,0,0,0,0,0,Undivided Roadway,"22,20",Not MOTORCYCLE,484544,484544. 13108530      13108530      13108532,27939,27320,27475,26561,27089,2,1,0.89,SEC_URBAN,,,,,,,,,0,0,20,0,1,,0,0,,,,,,,,,Not PED,,1,0,Chesapeake,131,5,NOT-RD,9. Within Intersection,8,0.75,0.89,1. Straight - Level,1. No Defects,"2. Two-Way, Divided, Unprotected Median",1. Dry,"2. Blacktop, Asphalt, Bituminous",BRUCE RD,URB,UR,R-VA131UR08532EB,"Urbanized (Population 200,000 and over)",1. Yes,"0,0",11117,10871,10932,10764,10978,Not SENIOR,None,,"25,25",Not SPEED,"25,25",484569,0,"3. Pending,2. No",0,"0,0",6AM TO 9AM,1,1,3. Traffic Signal,1. Yes - Working,Not a Parkway - Trucks and Commercial Vehicles Allowed,"1,2","1. Passenger car,9. Bicycle",SCHWIN,"1. Going Straight Ahead,3. Making Left Turn",BICYCLE,,5,5.Hampton Roads,1. No Adverse Condition (Clear/Cloudy),Not Provided,2. No,Not Provided,Not YOUNG
No Access Control,Not ALCIHOL,Urban,0,0,"N/A, Unknown, or Unstabilized",134-08719(L)/ATLANTIC AV,Not UNBELTED,48,Male,B,2,BIKE,303.14,1,2,,2. Angle,"Not Provided,Not Provided","Not Provided,Not Provided",US00060,303.272,3,5/11/2012,5/11/2012,20. Motor Vehicle In Transport,1237,B.Visiible Injury,2012,Left side,0,0,Virginia Beach,Urban,20. Motor Vehicle In Transport,MAIN,12PM TO 3PM,134.Virginia Beach,961,Intersection,Reset Filters,VDOT_OTHER,Friday,Not DEER,"North,North",DISTRACTED,5,1,121325182,"53,48","Male,Male","B,B","1,2","1. No Improper Action,11. Did Not Have Right-of-Way","3. Unavailable/Not Applicable,3. Unavailable/Not Applicable","Not Applicable,Not Applicable","1. No Defects,1. No Defects","Not Applicable,3. Looking at Scenery","1. Had Not Been Drinking,1. Had Not Been Drinking","2. No,2. No","2. Partially Ejected,3. Totally Ejected","No,No","No,No","5. Helmet,8. No Restraint Used","1. Not Obscured,1. Not Obscured",,,303,541105,134-08719(L)/ATLANTIC AV,0.33,0,"0.Two-way, non-divided","22,20",1. On Roadway,"0,0",I,I.Urban Collector,Urban Extensions - Primary Routes,Not GUARDRAIL,Not HIT_RUN,"1,9",1,3. Three Approaches,121325182,C,0,0,36.842333,36.842333,0,0.28,Not LRTRUCK,2. Daylight,LOCATED,-75.973411,-75.973411,MAINLINE,MAIN,0,0,0,0,0,Undivided Roadway,"22,20",MOTORCYCLE,541105,541105.  US00060       US00060      13408719,12256,9957,10050,9685,9651,4,1,0.182,PRI_URBAN,,,,,,,,,0,108,46,0,2,,0,0,,,,,,,,,Not PED,,2,0,Virginia Beach,134,5,NOT-RD,10. Intersection Related - Within 150 Feet,6,303.25,303.27,1. Straight - Level,1. No Defects,"1. Two-Way, Not Divided",1. Dry,"2. Blacktop, Asphalt, Bituminous",1300 ATLANTIC AVE,USPRI,US,R-VA   US00060EB,"Urbanized (Population 200,000 and over)",3. No,"0,0",7746,6878,6942,6690,6381,Not SENIOR,Left side,"15,10","25,0",Not SPEED,"25,25",541105,0.05,"2. No,1. Yes",0,"0,0",12PM TO 3PM,1,1,6. Traffic Lanes Marked,1. Yes - Working,Not a Parkway - Trucks and Commercial Vehicles Allowed,"1,2","11. Motorcycle,9. Bicycle","HARLEY DAVIDSON,SCHWINN","1. Going Straight Ahead,3. Making Left Turn","MOTORCYCLE,BICYCLE",20082010,5,5.Hampton Roads,1. No Adverse Condition (Clear/Cloudy),Not Provided,2. No,Not Provided,Not YOUNG
No Access Control,Not ALCIHOL,Urban,0,0,Bituminous Concrete (Black Base),134-08726(B)/GREAT NECK ROAD,Not UNBELTED,41,Female,C,1,BIKE,3.39,0,0,,2. Angle,"Not Provided,Not Provided","Not Provided,Not Provided",13408685,3.605,4,11/11/2012,11/11/2012,22. Bicycle,938,C.Non-Visible Injury,2012,Left and Right sides,1,1,Virginia Beach,Urban,22. Bicycle,MAIN,9AM TO 12PM,134.Virginia Beach,"1,082",Intersection,Reset Filters,VDOT_OTHER,Sunday,Not DEER,"South,East",,5,1,123295090,"41,32","Female,Female","C,PDO","1,2","21. Disregarded Traffic Signal,1. No Improper Action","3. Unavailable/Not Applicable,2. Not Deployed","4. No Test,4. No Test","1. No Defects,1. No Defects","14. No Driver Distraction,14. No Driver Distraction","1. Had Not Been Drinking,1. Had Not Been Drinking","2. No,2. No","2. Partially Ejected,1. Not Ejected","Yes,NotProvided","No,No","9. Not Applicable,3. Lap and Shoulder Belt","1. Not Obscured,11. Moving Vehicle(s)",,,4,541674,COMMERCE PKWY(R)/,0,1,"1.Divided, no control of access","20,22",1. On Roadway,"0,0",H,H.Urban Minor Arterial,Other City or Town Streets (not state maintained),Not GUARDRAIL,Not HIT_RUN,"2,12",1,3. Three Approaches,123295090,C,0,0,36.838539,36.838539,0,0.31,Not LRTRUCK,2. Daylight,LOCATED,-76.049612,-76.049612,MAINLINE,MAIN,0,0,Curbed Grass,16,8,Divided Roadway,"20,22",Not MOTORCYCLE,541073,541073.  SR00279       US00058       US00058      13408685,72812,72157,72823,70180,68463,6,1,0.205,SEC_URBAN,,,,,,,,,0,0,76,0,1,,0,0,,,,,,,,,Not PED,,1,0,Virginia Beach,134,5,NOT-RD,9. Within Intersection,0,3.50,3.61,1. Straight - Level,1. No Defects,"2. Two-Way, Divided, Unprotected Median",1. Dry,"2. Blacktop, Asphalt, Bituminous",100 LONDON BRIDGE RD,URB,UR,R-VA134UR08685NB,"Urbanized (Population 200,000 and over)",3. No,"0,0",23617,32431,32730,31542,35516,Not SENIOR,Left and Right sides,"6,5","45,45",Not SPEED,"45,45",541672,0,"2. No,2. No",0,"0,0",9AM TO 12PM,1,1,3. Traffic Signal,1. Yes - Working,Not a Parkway - Trucks and Commercial Vehicles Allowed,"1,2","9. Bicycle,22. Truck - Sport Utility Vehicle (SUV)","HUFFY,Chevrolet","1. Going Straight Ahead,1. Going Straight Ahead","BICYCLE,TAHOE",2007,5,5.Hampton Roads,1. No Adverse Condition (Clear/Cloudy),Not Provided,2. No,Not Provided,Not YOUNG
No Access Control,Not ALCIHOL,Urban,1,1,Bituminous Concrete (Black Base),NORTH GREENFIELD AVE(R)/,Not UNBELTED,19,Male,A,2,BIKE,0.58,0,0,,4. Sideswipe - Same Direction,"Not Provided,Not Provided","Not Provided,Not Provided",11407033,0.71,3,11/12/2012,11/12/2012,22. Bicycle,1300,A.Ambulatory Injury,2012,Left and Right sides,0,0,Hampton,Urban,22. Bicycle,MAIN,12PM TO 3PM,114.Hampton,53,Intersection,Reset Filters,VDOT_OTHER,Monday,Not DEER,"South,South",DISTRACTED,5,1,130280102,"77,19","0,Male","PDO,A","1,2","40. Fail to Maintain Proper Control,1. No Improper Action","2. Not Deployed,3. Unavailable/Not Applicable","Not Applicable,Not Applicable","1. No Defects,1. No Defects","11. Other,Not Applicable","1. Had Not Been Drinking,1. Had Not Been Drinking","Not Applicable,Not Applicable","1. Not Ejected,1. Not Ejected","No,No","No,No","3. Lap and Shoulder Belt,8. No Restraint Used","1. Not Obscured,1. Not Obscured",,,1,253383,114-07028(R)/(7028-TIDE MILL LANE/7033-N ARMI,0,1,"1.Divided, no control of access","22,20",1. On Roadway,"0,0",E,E.Urban Other Principle Arterials; Connecting Links of Other Rural Principal Arterial,Other City or Town Streets (not state maintained),Not GUARDRAIL,Not HIT_RUN,"2,10",1,1. Not at Intersection,130280102,C,0,0,37.053955,37.053955,0,0.14,Not LRTRUCK,2. Daylight,LOCATED,-76.379328,-76.379328,MAINLINE,MAIN,0,0,Curbed Grass,16,4,Divided Roadway,"22,20",Not MOTORCYCLE,253383,253383. 11407028      11407033      11407033,26998,27101,24853,23616,23744,4,1,0.01,SEC_URBAN,,,,,,,,,0,126,52,0,1,,0,0,,,,,,,,,Not PED,,1,0,Hampton,114,5,NOT-RD,8. Non-Intersection,0,0.50,0.71,2. Curve - Level,1. No Defects,"2. Two-Way, Divided, Unprotected Median",1. Dry,"2. Blacktop, Asphalt, Bituminous",armistead ave,URB,UR,R-VA114UR07033SB,"Urbanized (Population 200,000 and over)",1. Yes,"0,0",23469,23655,21962,20837,20918,SENIOR,Left and Right sides,40,"40,0",Not SPEED,"40,0",253392,0,"1. Yes,2. No",0,"0,0",12PM TO 3PM,1,1,6. Traffic Lanes Marked,1. Yes - Working,Truck Access System,"1,2","1. Passenger car,9. Bicycle","CADI,bicycle","1. Going Straight Ahead,1. Going Straight Ahead",deville,2003,5,5.Hampton Roads,1. No Adverse Condition (Clear/Cloudy),Not Provided,2. No,Not Provided,YOUNG
No Access Control,ALCOHOL,Urban,0,0,"N/A, Unknown, or Unstabilized",122-08623(R)/,Not UNBELTED,52,Male,C,1,BIKE,281.79,0,0,,13. Bicyclist,"Not Provided,Not Provided","Not Provided,Not Provided",US00060,281.796,3,3/15/2014,3/15/2014,22. Bicycle,2302,C.Non-Visible Injury,2014,Left and Right sides,1,1,Norfolk,Urban,22. Bicycle,MAIN,9PM TO 12AM,122.Norfolk,84,Intersection,Reset Filters,VDOT_OTHER,Saturday,Not DEER,"West,North",,5,1,141500038,"52,35","Male,Male","C,PDO","1,2","10. Wrong Side Of Road - Not Overtaking,1. No Improper Action","Not Provided,2. Not Deployed","4. No Test,Not Applicable","1. No Defects,1. No Defects","Not Applicable,Not Applicable","3. Drinking - Ability Impaired,1. Had Not Been Drinking","2. No,2. No","3. Totally Ejected,1. Not Ejected","Yes,No","No,No","Not Provided,3. Lap and Shoulder Belt","1. Not Obscured,1. Not Obscured",,,282,483173,US 460(R)/DUFFY LANE,0,1,"1.Divided, no control of access","20,22",1. On Roadway,"0,0",E,E.Urban Other Principle Arterials; Connecting Links of Other Rural Principal Arterial,Urban Extensions - Primary Routes,Not GUARDRAIL,Not HIT_RUN,"9,12",1,3. Three Approaches,141500038,C,0,0,36.95595,36.95595,0,0.17,Not LRTRUCK,4. Darkness - Road Lighted,LOCATED,-76.25342,-76.25342,MAINLINE,MAIN,0,0,Curbed Grass,12,4,Divided Roadway,"20,22",Not MOTORCYCLE,483174,483174.  US00060       US00060      12208623,20871,19841,19906,16201,17032,4,1,0.016,PRI_URBAN,,,,,,,,,0,150,54,0,1,,0,0,,,,,,,,,Not PED,,1,0,Norfolk,122,5,NOT-RD,9. Within Intersection,0,281.75,281.78,1. Straight - Level,1. No Defects,"2. Two-Way, Divided, Unprotected Median",1. Dry,"2. Blacktop, Asphalt, Bituminous",100 BLK WEST OCEAN VIEW AVE,USPRI,US,R-VA   US00060EB,"Urbanized (Population 200,000 and over)",3. No,"0,0",14288,13386,13510,13019,14231,Not SENIOR,Left and Right sides,"5,5","35,0",SPEED,"35,0",483174,0.01,"1. Yes,2. No",0,"0,0",9PM TO 12AM,1,1,4. Stop Sign,6. No Traffic Control Device Present,Not a Parkway - Trucks and Commercial Vehicles Allowed,"1,2","9. Bicycle,1. Passenger car",NISSAN,"1. Going Straight Ahead,2. Making Right Turn",VERSA,2008,5,5.Hampton Roads,1. No Adverse Condition (Clear/Cloudy),Not Provided,2. No,Not Provided,Not YOUNG
No Access Control,Not ALCIHOL,Urban,0,0,Bituminous Concrete (Black Base),JOHN TYLER HWY,Not UNBELTED,19,Female,B,1,BIKE,51.27,1,1,,4. Sideswipe - Same Direction,"Not Provided,Not Provided","Not Provided,Not Provided",SR00005,51.486,3,11/14/2012,11/14/2012,22. Bicycle,1002,B.Visiible Injury,2012,Left and Right sides,0,0,Williamsburg,Urban,22. Bicycle,MAIN,9AM TO 12PM,137.Williamsburg,"3,823",Intersection,Reset Filters,VDOT_OTHER,Wednesday,Not DEER,"North,North",,5,1,130070147,"19,66","Female,Female","B,PDO","1,2","13. Fail to Signal or Improper Signal,1. No Improper Action","3. Unavailable/Not Applicable,2. Not Deployed","Not Applicable,Not Applicable","1. No Defects,1. No Defects","Not Applicable,Not Applicable","1. Had Not Been Drinking,1. Had Not Been Drinking","2. No,2. No","1. Not Ejected,1. Not Ejected","No,No","No,No","5. Helmet,3. Lap and Shoulder Belt","1. Not Obscured,1. Not Obscured",,,52,398747,JOHN TYLER HWY,1.04,0,"0.Two-way, non-divided","22,0",1. On Roadway,"0,0",H,H.Urban Minor Arterial,Urban Extensions - Primary Routes,Not GUARDRAIL,Not HIT_RUN,"10,2",1,1. Not at Intersection,130070147,C,0,0,37.265396,37.265396,0,0.48,Not LRTRUCK,2. Daylight,LOCATED,-76.718571,-76.718571,MAINLINE,MAIN,0,0,0,0,0,Undivided Roadway,"22,0",Not MOTORCYCLE,398745,398745.  SR00005       SR00005      13707075,12163,11894,9446,9110,9294,2,1,0.724,PRI_URBAN,,,,,,,,,0,103,40,0,1,,0,0,,,,,,,,,Not PED,,1,0,Williamsburg,137,5,NOT-RD,1. Main-Line Roadway,0,51.25,51.49,3. Grade - Straight,1. No Defects,"1. Two-Way, Not Divided",1. Dry,"2. Blacktop, Asphalt, Bituminous",jamestown rd,STPRI,SR,R-VA   SR00005EB,"Urbanized (Population 200,000 and over)",3. No,"0,0",12757,12475,9708,9362,9552,SENIOR,Right side,25,"0,25",Not SPEED,"0,25",398747,0.56,"1. Yes,2. No",0,"0,0",9AM TO 12PM,1,1,6. Traffic Lanes Marked,1. Yes - Working,Not a Parkway - Trucks and Commercial Vehicles Allowed,"1,2","9. Bicycle,1. Passenger car","schwinn,volvo","3. Making Left Turn,1. Going Straight Ahead","skyliner,xc70",2013,5,5.Hampton Roads,1. No Adverse Condition (Clear/Cloudy),Not Provided,2. No,Not Provided,YOUNG
,Not ALCIHOL,Urban,0,0,,,Not UNBELTED,17,Female,B,2,BIKE,,1,1,,2. Angle,"Not Provided,Not Provided","Not Provided,Not Provided",,,,3/17/2014,3/17/2014,22. Bicycle,2018,B.Visiible Injury,2014,,0,1,Virginia Beach,Urban,22. Bicycle,MAIN,6PM TO 9PM,134.Virginia Beach,,Not Intersection,Reset Filters,VDOT_OTHER,Monday,Not DEER,"East,East",,5,1,140915301,"57,17","Female,Female","C,B","1,2","11. Did Not Have Right-of-Way,1. No Improper Action","2. Not Deployed,3. Unavailable/Not Applicable","4. No Test,4. No Test","1. No Defects,1. No Defects","14. No Driver Distraction,14. No Driver Distraction","1. Had Not Been Drinking,1. Had Not Been Drinking","2. No,2. No","1. Not Ejected,3. Totally Ejected","No,Yes","No,No","3. Lap and Shoulder Belt,6. Other","2. Rain, Snow, etc. on Windshield,1. Not Obscured",,,,,,,,,"22,20",1. On Roadway,"0,0",,,,Not GUARDRAIL,Not HIT_RUN,"12,3",1,3. Three Approaches,,C,0,0,36.85544,36.85544,,,Not LRTRUCK,4. Darkness - Road Lighted,UNLOCATED,-76.1722,-76.1722,MAINLINE,,,,,,,,"22,20",Not MOTORCYCLE,,.,,,,,,,1,,SEC_URBAN,,,,,,,,,,,,0,2,,0,0,,,,,,,,,Not PED,,2,0,Virginia Beach,134,5,NOT-RD,10. Intersection Related - Within 150 Feet,,,,2. Curve - Level,1. No Defects,"1. Two-Way, Not Divided",2. Wet,"2. Blacktop, Asphalt, Bituminous",5500 BLOCK LANDFALL DR,UNKWN,SC,U-VA134SC99999UK,,3. No,"0,0",,,,,,Not SENIOR,,"10,5","25,25",Not SPEED,"25,25",,,"2. No,2. No",,"0,0",6PM TO 9PM,1,1,1. No Traffic Control,6. No Traffic Control Device Present,,"1,2","1. Passenger car,9. Bicycle","Chrysler,N/A","3. Making Left Turn,1. Going Straight Ahead","Sebring,N/A",20082014,5,5.Hampton Roads,5. Rain,Not Provided,2. No,Not Provided,YOUNG
No Access Control,Not ALCIHOL,Urban,0,0,"N/A, Unknown, or Unstabilized",SR-00165(R)/,Not UNBELTED,56,Male,C,2,BIKE,49.87,0,0,,13. Bicyclist,"Not Provided,Not Provided","Not Provided,Not Provided",US00013,49.942,3,3/18/2014,3/18/2014,22. Bicycle,654,C.Non-Visible Injury,2014,None,1,1,Norfolk,Urban,22. Bicycle,MAIN,6AM TO 9AM,122.Norfolk,380,Intersection,Reset Filters,VDOT_OTHER,Tuesday,Not DEER,"East,East",,5,1,141530018,56,"Not Provided,Male","PDO,C","1,2","34. Hit and Run,1. No Improper Action","Not Provided,3. Unavailable/Not Applicable","Not Applicable,Not Applicable","9. Unknown,1. No Defects","Not Applicable,Not Applicable","6. Unknown,1. Had Not Been Drinking","3. Unknown,2. No","Not Provided,1. Not Ejected","NotProvided,Yes","Yes,No","Not Provided,9. Not Applicable","Not Applicable,1. Not Obscured",,,50,483003,US-00013-N045A(R)/TO RT 64 WEST,0,1,"1.Divided, no control of access","22,20",1. On Roadway,"0,0",E,E.Urban Other Principle Arterials; Connecting Links of Other Rural Principal Arterial,Urban Extensions - Primary Routes,Not GUARDRAIL,HIT_RUN,"2,11",1,1. Not at Intersection,141530018,C,0,0,36.8743,36.8743,4,0.31,Not LRTRUCK,4. Darkness - Road Lighted,LOCATED,-76.20507,-76.20507,MAINLINE,MAIN,0,0,Curbed Grass,16,4,Divided Roadway,"22,20",Not MOTORCYCLE,483004,483004.  SR00165       US00013       US00013,38602,38728,38847,38042,36136,6,1,0.072,PRI_URBAN,,,,,,,,,0,163,80,0,1,,0,0,,,,,,,,,Not PED,,1,0,Norfolk,122,5,NOT-RD,8. Non-Intersection,4,49.75,49.94,1. Straight - Level,1. No Defects,"3. Two-Way, Divided, Positive Median Barrier",2. Wet,"2. Blacktop, Asphalt, Bituminous",5900 BLOCK OF NORTHAMPTON BLVD,USPRI,US,R-VA   US00013SB,"Urbanized (Population 200,000 and over)",3. No,"0,0",34019,33626,33459,33453,32154,Not SENIOR,None,,"0,0",Not SPEED,"0,0",483004,0,"Not Provided,2. No",0,"0,0",6AM TO 9AM,1,1,6. Traffic Lanes Marked,6. No Traffic Control Device Present,Not a Parkway - Trucks and Commercial Vehicles Allowed,"1,2","Not Applicable,9. Bicycle",NEXT,"1. Going Straight Ahead,1. Going Straight Ahead",ALL TERRAIN,,5,5.Hampton Roads,5. Rain,Not Provided,2. No,Not Provided,Not YOUNG