Access Control,Alcohol Notalcohol,Area Type1,A Crash,A People,Basetypedesc,Begin Node Dsc,Belted Unbelted,Bikeage,Bikegen,Bikeinjurytype,Bikevehiclenumber,Bike Nonbike,BMP,B Crash,B People,Carspeedlimit,Collision Type,Comm Cargo Body Type Cd,Comm Vehicle Body Type Cd,Cotedrouteid,Coted Mp,Count App,CRASH_DT (copy),Crash Dt,Crash Event Type Dsc,Crash Military Tm,Crash Severity,Crash Year,Curbgutterdesc,C Crash,C People,Juris Name Used,Area Type Used,First Harmful Event of Entire Crash,MAINLINE,Time Slicing Used,Phy_Juris_Nm,Offset-Ft,Intersection Analysis,Clear,Calculation_9640323132123359,Day Of Week,Deer Nodeer,Direction Of Travel Cd,Distracted Notdistracted,VSP,TOTAL CRASH,Document Nbr,Driverage,Drivergen,Driverinjurytype,Drivervehiclenumber,Driver Action Type Cd,Driver Airbag Deployment,Driver Alcohol Test Type Cd,Driver Condition Type Cd,Driver Distraction Type Cd,Driver Drinking Type Cd,Driver Drug Use Cd,Driver Ejected From Vehicle,Driver Ems Transport Ind,Driver Fled Scene Ind,Driver Safety Equip Used,Driver Vis Obscured Type Cd,Drowsy Notdrowsy,Drug Nodrug,EMP,End Node,End Node Dsc,End Offset,Facility,FAC,First Crash Event Cd,First Harmful Event,Fourth Crash Event Cd,Functionalclass,FUN,Govcondesc,Gr Nogr,Hitrun Not Hitrun,Initial Veh Impact Area Cd,Injury Crashes,Intersection Type,Int Doc,Jurtype,K_CRASH,K People,LAT (copy),LAT,Leftshoulderwidth,Length,Lgtruck Nonlgtruck,Light Condition,Located Unlocated,LON (copy),LON,MAINLINE (group),Mainline Yn,Medianleftshoulderwidth,Medianrightshoulderwidth,Mediantypedesc,Medianwidthmax,Medianwidthmin,Median Type,Most Harmful Crash Event Cd,Motor Nonmotor,Node,Node Info,Node Totaadt2011,Node Totaadt2012,Node Totaadt2013,Node Totaadt2014,Node Totaadt2015,Numberoflane,Number of Records,Offset,Ownership,Passage,Passgen,Passinjurytype,Passvehiclenumber,Pass Airbag Deployment,Pass Ejected From Vehicle,Pass Ems Transport Ind,Pass Safety Equip Used,Pavementconditionvalue,Pavementroughnessvalue,Pavementwidth,Pdo Crash,Total People Killed & Injured,Pedage,Pedestrians Injured,Pedestrians Killed,Pedgen,Pedinjurytype,Pednumber,Ped Action,Ped Al Test,Ped Cond,Ped Drink,Ped Drug,Ped Nonped,Ped Rflct,Persons Injured,Persons Killed,Physical Juris Nm,PJR,VSP_Used,Rd Type,Relation To Roadway,Rightshoulderwidth,RNS_MP (0.25 mi bin),Rns Mp,Roadway Alignment,Roadway Defect,Roadway Description,Roadway Surface Cond,Roadway Surface Type,Route Or Street Nm,Rte Category Cd,Rte Cat,Rte Nm,Ruralurbandesc,School Zone,Second Crash Event Cd,Segtotaadt2011,Segtotaadt2012,Segtotaadt2013,Segtotaadt2014,Segtotaadt2015,Senior Notsenior,Sidewalkdesc,Speed Before,Speed Max Safe,Speed Notspeed,Speed Posted,Start Node,Start Offset,Summons Issued Cd,Surfacedesc,Third Crash Event Cd,Time Slicing,Total Crashes including Property Damage Only,Total Crash,Traffic Control Type,Trfc Ctrl Status Type,Truckcommr,Vehiclenumber,Vehicle Body Type Cd,Vehicle Make Nm,Vehicle Maneuver Type Cd,Vehicle Model Nm,Vehicle Year Nbr,District,District_Used ,Weather Condition,Work Zone Location,Work Zone Related,Work Zone Type,Young Notyoung
No Access Control,ALCOHOL,Urban,1,1,Bituminous Concrete (Black Base),ROKEBY AVE(B)/,Not UNBELTED,60,Male,A,2,BIKE,1.97,0,0,,2. Angle,"Not Provided,Not Provided","Not Provided,Not Provided",13108640,1.972,4,7/27/2015,7/27/2015,22. Bicycle,2130,A.Ambulatory Injury,2015,Left and Right sides,0,1,Chesapeake,Urban,22. Bicycle,MAIN,9PM TO 12AM,131.Chesapeake,"1,204",Intersection,Reset Filters,VDOT_OTHER,Monday,Not DEER,"North,East",DISTRACTED,5,1,152105279,"46,60","Male,Male","C,A","1,2","1. No Improper Action,21. Disregarded Traffic Signal","2. Not Deployed,3. Unavailable/Not Applicable","Not Applicable,4. No Test","1. No Defects,8. Other","14. No Driver Distraction,11. Other","Not Applicable,5. Drinking - Not Known Whether Impaired","Not Applicable,3. Unknown","1. Not Ejected,3. Totally Ejected","No,Yes","No,No","3. Lap and Shoulder Belt,8. No Restraint Used","1. Not Obscured,1. Not Obscured",,,2,484710,MCNEAL AVE(L)ENGLISH AVE(R)/,0,1,"1.Divided, no control of access","20,20",1. On Roadway,"0,0",H,H.Urban Minor Arterial,Other City or Town Streets (not state maintained),Not GUARDRAIL,Not HIT_RUN,"12,0",1,4. Four Approaches,152105279,C,0,0,36.80684,36.80684,0,0.09,Not LRTRUCK,4. Darkness - Road Lighted,LOCATED,-76.22843,-76.22843,MAINLINE,MAIN,0,0,0,4,4,Divided Roadway,"22,22",Not MOTORCYCLE,484713,484713. 13108640      13108640      13108645      13108645,23308,22792,22921,20893,21310,4,1,0.228,SEC_URBAN,,,,,,,,,0,0,50,0,2,,0,0,,,,,,,,,Not PED,,2,0,Chesapeake,131,5,NOT-RD,9. Within Intersection,0,1.75,1.97,1. Straight - Level,1. No Defects,"3. Two-Way, Divided, Positive Median Barrier",1. Dry,"2. Blacktop, Asphalt, Bituminous",PROVIDENCE RD,URB,UR,R-VA131UR08640EB,"Urbanized (Population 200,000 and over)",3. No,"22,22",16435,16071,16162,14282,14566,Not SENIOR,Left and Right sides,"30,5","35,35",Not SPEED,"35,35",484709,0,"Not Provided,Not Provided",0,"0,0",9PM TO 12AM,1,1,3. Traffic Signal,1. Yes - Working,Not a Parkway - Trucks and Commercial Vehicles Allowed,"1,2","1. Passenger car,9. Bicycle",TOYOTA,"1. Going Straight Ahead,1. Going Straight Ahead",CAMRY,1998,5,5.Hampton Roads,1. No Adverse Condition (Clear/Cloudy),Not Provided,2. No,Not Provided,Not YOUNG
No Access Control,Not ALCIHOL,Urban,0,0,Dual Type,MAPLE AVE(B)/,Not UNBELTED,15,Male,B,1,BIKE,406.1,1,1,,2. Angle,"Not Provided,Not Provided","Not Provided,Not Provided",US00460,406.103,3,7/29/2015,7/29/2015,22. Bicycle,1735,B.Visiible Injury,2015,Left and Right sides,0,0,Norfolk,Urban,22. Bicycle,MAIN,3PM TO 6PM,122.Norfolk,"1,547",Intersection,Reset Filters,VDOT_OTHER,Wednesday,Not DEER,"East,North",,5,1,153410021,"15,51","Male,Female","B,PDO","1,2","21. Disregarded Traffic Signal,1. No Improper Action","Not Provided,2. Not Deployed","4. No Test,4. No Test","1. No Defects,1. No Defects","Not Applicable,Not Applicable","1. Had Not Been Drinking,1. Had Not Been Drinking","2. No,2. No","Not Provided,1. Not Ejected","No,NotProvided","No,No","Not Provided,3. Lap and Shoulder Belt","1. Not Obscured,1. Not Obscured",,,406,483734,OSBORN RD(L)/,0,1,"1.Divided, no control of access","22,22",1. On Roadway,"0,0",H,H.Urban Minor Arterial,Urban Extensions - Primary Routes,Not GUARDRAIL,Not HIT_RUN,"12,11",1,4. Four Approaches,153410021,C,0,0,36.94615,36.94615,0,0.25,Not LRTRUCK,2. Daylight,LOCATED,-76.2589,-76.2589,MAINLINE,MAIN,4,4,0,48,48,Divided Roadway,"22,22",Not MOTORCYCLE,483736,483736.  US00460       US00460      12208623,14715,13878,14006,13498,12571,4,1,0.293,PRI_URBAN,,,,,,,,,0,220,46,0,1,,0,0,,,,,,,,,Not PED,,1,0,Norfolk,122,5,NOT-RD,9. Within Intersection,0,406.00,406.10,1. Straight - Level,1. No Defects,"3. Two-Way, Divided, Positive Median Barrier",1. Dry,"2. Blacktop, Asphalt, Bituminous",9200 GRANBY ST,USPRI,US,R-VA   US00460WB,"Urbanized (Population 200,000 and over)",3. No,"0,0",11150,12067,12178,11736,11196,Not SENIOR,None,20,"0,35",Not SPEED,"0,35",483735,0,"3. Pending,2. No",0,"0,0",3PM TO 6PM,1,1,3. Traffic Signal,1. Yes - Working,Not a Parkway - Trucks and Commercial Vehicles Allowed,"1,2","9. Bicycle,1. Passenger car","MONGOOSE,SUZUKI","1. Going Straight Ahead,3. Making Left Turn","BICYCLE,GRAND VITARA",20152006,5,5.Hampton Roads,1. No Adverse Condition (Clear/Cloudy),Not Provided,2. No,Not Provided,YOUNG
No Access Control,Not ALCIHOL,Urban,0,0,"N/A, Unknown, or Unstabilized",SOUTH KENTUCKY AVE(B)/,Not UNBELTED,23,Male,B,1,BIKE,2.84,1,1,,16. Other,"Not Provided,Not Provided","Not Provided,Not Provided",13408738,2.881,4,7/29/2015,7/29/2015,20. Motor Vehicle In Transport,1815,B.Visiible Injury,2015,Left and Right sides,0,0,Virginia Beach,Urban,20. Motor Vehicle In Transport,MAIN,6PM TO 9PM,134.Virginia Beach,"4,060",Intersection,Reset Filters,VDOT_OTHER,Wednesday,Not DEER,"West,North",,5,1,152475124,"23,19","Male,Male","B,PDO","1,2","11. Did Not Have Right-of-Way,1. No Improper Action","3. Unavailable/Not Applicable,2. Not Deployed","Not Applicable,Not Applicable","1. No Defects,1. No Defects","14. No Driver Distraction,14. No Driver Distraction","1. Had Not Been Drinking,1. Had Not Been Drinking","2. No,2. No","3. Totally Ejected,1. Not Ejected","Yes,NotProvided","No,No","8. No Restraint Used,3. Lap and Shoulder Belt","1. Not Obscured,1. Not Obscured",,,3,542242,THALIA TRACE DR(R)/,0,0,"0.Two-way, non-divided","20,22",1. On Roadway,"0,0",I,I.Urban Collector,Other City or Town Streets (not state maintained),Not GUARDRAIL,Not HIT_RUN,"12,2",1,2. Two Approaches,152475124,C,0,0,36.83865,36.83865,0,0.08,Not LRTRUCK,2. Daylight,LOCATED,-76.11126,-76.11126,MAINLINE,MAIN,0,0,0,0,0,Undivided Roadway,"20,22",Not MOTORCYCLE,541279,541279.  IS00264W018A 13400013      13400013      13408738,38270,39034,44038,42608,43581,4,1,0.769,SEC_URBAN,,,,,,,,,0,0,52,0,1,,0,0,,,,,,,,,Not PED,,1,0,Virginia Beach,134,5,NOT-RD,9. Within Intersection,0,2.75,2.89,1. Straight - Level,1. No Defects,"1. Two-Way, Not Divided",1. Dry,"2. Blacktop, Asphalt, Bituminous",PINTER CT,URB,UR,R-VA134UR08738EB,"Urbanized (Population 200,000 and over)",3. No,"0,0",13066,13161,13283,12800,13473,Not SENIOR,Left and Right sides,5,25,Not SPEED,25,542241,0,"1. Yes,2. No",0,"0,0",6PM TO 9PM,1,1,4. Stop Sign,1. Yes - Working,Not a Parkway - Trucks and Commercial Vehicles Allowed,"1,2","9. Bicycle,22. Truck - Sport Utility Vehicle (SUV)","BICYCLE,NISSAN","1. Going Straight Ahead,2. Making Right Turn",PATHFINDER,2003,5,5.Hampton Roads,1. No Adverse Condition (Clear/Cloudy),Not Provided,2. No,Not Provided,YOUNG
,Not ALCIHOL,Urban,0,0,,,Not UNBELTED,16,Female,B,2,BIKE,,1,1,,16. Other,"Not Provided,Not Provided","Not Provided,Not Provided",,,,7/29/2015,7/29/2015,22. Bicycle,1337,B.Visiible Injury,2015,,0,0,Virginia Beach,Urban,22. Bicycle,MAIN,12PM TO 3PM,134.Virginia Beach,,Not Intersection,Reset Filters,VDOT_OTHER,Wednesday,Not DEER,"West,North",,5,1,152135159,"52,16","Male,Female","PDO,B","1,2","11. Did Not Have Right-of-Way,1. No Improper Action","2. Not Deployed,3. Unavailable/Not Applicable","4. No Test,4. No Test","1. No Defects,1. No Defects","14. No Driver Distraction,14. No Driver Distraction","1. Had Not Been Drinking,1. Had Not Been Drinking","2. No,2. No","1. Not Ejected,Not Provided","No,Yes","No,No","3. Lap and Shoulder Belt,5. Helmet","1. Not Obscured,1. Not Obscured",,,,,,,,,"22,20",1. On Roadway,"0,0",,,,Not GUARDRAIL,Not HIT_RUN,"1,3",1,2. Two Approaches,,C,0,0,36.76365,36.76365,,,Not LRTRUCK,2. Daylight,UNLOCATED,-76.01537,-76.01537,MAINLINE,,,,,,,,"22,20",Not MOTORCYCLE,,.,,,,,,,1,,SEC_URBAN,,,,,,,,,,,,0,1,,0,0,,,,,,,,,Not PED,,1,0,Virginia Beach,134,5,NOT-RD,9. Within Intersection,,,,1. Straight - Level,1. No Defects,"3. Two-Way, Divided, Positive Median Barrier",1. Dry,"2. Blacktop, Asphalt, Bituminous",GENERAL BOOTH BLVD,UNKWN,SC,U-VA134SC99999UK,,3. No,"0,0",,,,,,Not SENIOR,,"2,5","0,0",Not SPEED,"35,35",,,"1. Yes,2. No",,"0,0",12PM TO 3PM,1,1,3. Traffic Signal,1. Yes - Working,,"1,2","22. Truck - Sport Utility Vehicle (SUV),9. Bicycle","IZUZU,OTH","2. Making Right Turn,1. Going Straight Ahead","TROOPER,BICYCLE",20012015,5,5.Hampton Roads,1. No Adverse Condition (Clear/Cloudy),Not Provided,2. No,Not Provided,YOUNG
No Access Control,ALCOHOL,Urban,0,0,"N/A, Unknown, or Unstabilized",SR-00134(L)/SETTLERS LANDING ROAD(L)/,Not UNBELTED,23,Male,C,1,BIKE,273.36,0,0,,2. Angle,"Not Provided,Not Provided","Not Provided,Not Provided",US00060,273.362,3,7/29/2015,7/29/2015,22. Bicycle,1611,C.Non-Visible Injury,2015,Left and Right sides,1,1,Hampton,Urban,22. Bicycle,MAIN,3PM TO 6PM,114.Hampton,63,Intersection,Reset Filters,VDOT_OTHER,Wednesday,Not DEER,"North,West",,5,1,152165573,"23,60","Male,Female","C,PDO","1,2","11. Did Not Have Right-of-Way,1. No Improper Action","3. Unavailable/Not Applicable,2. Not Deployed","4. No Test,Not Applicable","1. No Defects,1. No Defects","Not Applicable,Not Applicable","4. Drinking - Ability Not Impaired,1. Had Not Been Drinking","2. No,2. No","1. Not Ejected,1. Not Ejected","No,No","No,No","8. No Restraint Used,3. Lap and Shoulder Belt","1. Not Obscured,1. Not Obscured",,,273,718601,SR-00134(L)/SETTLERS LANDING ROAD(L)/,0.04,1,"1.Divided, no control of access","22,22",1. On Roadway,"0,0",H,H.Urban Minor Arterial,Urban Extensions - Primary Routes,Not GUARDRAIL,Not HIT_RUN,"5,1",1,4. Four Approaches,152165573,C,0,0,37.02437,37.02437,0,0.03,Not LRTRUCK,2. Daylight,LOCATED,-76.34959,-76.34959,MAINLINE,MAIN,0,0,Curbed Grass,16,3,Divided Roadway,"22,22",Not MOTORCYCLE,718601,718601.  SR00134       US00060       US00060,20481,20028,17866,17229,17578,4,1,0.012,PRI_URBAN,,,,,,,,,0,306,52,0,1,,0,0,,,,,,,,,Not PED,,1,0,Hampton,114,5,NOT-RD,10. Intersection Related - Within 150 Feet,0,273.25,273.36,1. Straight - Level,1. No Defects,"2. Two-Way, Divided, Unprotected Median",1. Dry,"2. Blacktop, Asphalt, Bituminous",S ARMISTEAD AVE,USPRI,US,R-VA   US00060WB,"Urbanized (Population 200,000 and over)",3. No,"0,0",12831,12547,11394,10988,11211,Not SENIOR,Left and Right sides,"3,15","25,25",Not SPEED,"25,25",718601,0.01,"1. Yes,2. No",0,"0,0",3PM TO 6PM,1,1,3. Traffic Signal,1. Yes - Working,Not a Parkway - Trucks and Commercial Vehicles Allowed,"1,2","9. Bicycle,1. Passenger car",TOYT,"1. Going Straight Ahead,1. Going Straight Ahead",UNKNOWN,2007,5,5.Hampton Roads,1. No Adverse Condition (Clear/Cloudy),Not Provided,2. No,Not Provided,Not YOUNG
No Access Control,Not ALCIHOL,Urban,0,0,Bituminous Concrete (Black Base),BEACONS REACH DRIVE(L)/,Not UNBELTED,28,Male,B,2,BIKE,0.4,1,1,,2. Angle,"Not Provided,Not Provided","Not Provided,Not Provided",13408729,0.433,3,7/31/2015,7/31/2015,22. Bicycle,1701,B.Visiible Injury,2015,Left and Right sides,0,0,Virginia Beach,Urban,22. Bicycle,MAIN,3PM TO 6PM,134.Virginia Beach,"1,832",Intersection,Reset Filters,VDOT_OTHER,Friday,Not DEER,"West,South",,5,1,152145113,"37,28","Male,Male","PDO,B","1,2","11. Did Not Have Right-of-Way,1. No Improper Action","2. Not Deployed,3. Unavailable/Not Applicable","4. No Test,4. No Test","1. No Defects,1. No Defects","14. No Driver Distraction,14. No Driver Distraction","1. Had Not Been Drinking,1. Had Not Been Drinking","2. No,2. No","1. Not Ejected,3. Totally Ejected","No,Yes","No,No","3. Lap and Shoulder Belt,8. No Restraint Used","16. Stopped Vehicle(s),1. Not Obscured",,,1,541708,134-08690(L)/OCEANA BLVD,0,1,"1.Divided, no control of access","22,20",1. On Roadway,"0,0",E,E.Urban Other Principle Arterials; Connecting Links of Other Rural Principal Arterial,Other City or Town Streets (not state maintained),Not GUARDRAIL,Not HIT_RUN,"12,9",1,3. Three Approaches,152145113,C,0,0,36.79723,36.79723,0,0.38,Not LRTRUCK,2. Daylight,LOCATED,-76.00151,-76.00151,MAINLINE,MAIN,2,2,Grass/Unprotected,28,16,Divided Roadway,"22,20",Not MOTORCYCLE,541708,541708. 13408690      13408729      13408729,36479,34571,34987,34507,35682,4,1,0.347,SEC_URBAN,,,,,,,,,2.8,0,52,0,1,,0,0,,,,,,,,,Not PED,,1,0,Virginia Beach,134,5,NOT-RD,9. Within Intersection,0,0.25,0.43,1. Straight - Level,1. No Defects,"2. Two-Way, Divided, Unprotected Median",1. Dry,"2. Blacktop, Asphalt, Bituminous",1301 OCEANA BLVD,URB,UR,R-VA134UR08729SB,"Urbanized (Population 200,000 and over)",3. No,"0,0",33066,31256,31641,31283,32117,Not SENIOR,Left side,"10,5","35,35",Not SPEED,"35,35",734792,0,"1. Yes,2. No",0,"0,0",3PM TO 6PM,1,1,6. Traffic Lanes Marked,1. Yes - Working,Not a Parkway - Trucks and Commercial Vehicles Allowed,"1,2","2. Truck - Pick-up/Passenger Truck,9. Bicycle","TOYOTA,UNK","2. Making Right Turn,1. Going Straight Ahead","SHORT BED DELUXE,BICYCLE",19892000,5,5.Hampton Roads,1. No Adverse Condition (Clear/Cloudy),Not Provided,2. No,Not Provided,Not YOUNG
No Access Control,Not ALCIHOL,Urban,0,0,"N/A, Unknown, or Unstabilized",RAMP FR RT 460(L)/,Not UNBELTED,11,Female,B,2,BIKE,30.92,1,1,,2. Angle,"Not Provided,Not Provided","Not Provided,Not Provided",SR00168,31.027,3,7/31/2015,7/31/2015,22. Bicycle,1550,B.Visiible Injury,2015,Left and Right sides,0,0,Norfolk,Urban,22. Bicycle,MAIN,3PM TO 6PM,122.Norfolk,861,Intersection,Reset Filters,VDOT_OTHER,Friday,Not DEER,"South,West",,5,1,152400045,"27,11","Female,Female","PDO,B","1,2","1. No Improper Action,11. Did Not Have Right-of-Way","2. Not Deployed,3. Unavailable/Not Applicable","Not Applicable,Not Applicable","1. No Defects,1. No Defects","Not Applicable,Not Applicable","1. Had Not Been Drinking,1. Had Not Been Drinking","2. No,2. No","1. Not Ejected,1. Not Ejected","No,Yes","No,No","3. Lap and Shoulder Belt,5. Helmet","16. Stopped Vehicle(s),16. Stopped Vehicle(s)",,,31,483440,US-00060(B)/,0,1,"1.Divided, no control of access","22,20",1. On Roadway,"0,0",H,H.Urban Minor Arterial,Urban Extensions - Primary Routes,Not GUARDRAIL,Not HIT_RUN,"11,2",1,4. Four Approaches,152400045,C,0,0,36.95613,36.95613,0,0.27,Not LRTRUCK,2. Daylight,LOCATED,-76.25838,-76.25838,MAINLINE,MAIN,0,0,Curbed (solid raised),4,4,Divided Roadway,"22,20",Not MOTORCYCLE,483440,483440.  SR00168       US00060       US00060,17303,17366,17526,16890,18420,4,1,0.163,PRI_URBAN,,,,,,,,,0,233,52,0,1,,0,0,,,,,,,,,Not PED,,1,0,Norfolk,122,5,NOT-RD,10. Intersection Related - Within 150 Feet,0,31.00,31.03,1. Straight - Level,1. No Defects,"3. Two-Way, Divided, Positive Median Barrier",1. Dry,"2. Blacktop, Asphalt, Bituminous",9600 TIDEWATER DR,STPRI,SR,R-VA   SR00168SB,"Urbanized (Population 200,000 and over)",3. No,"0,0",6029,7959,8032,7741,8378,Not SENIOR,Left and Right sides,"35,5","40,0",SPEED,"40,0",483439,0.48,"2. No,2. No",0,"0,0",3PM TO 6PM,1,1,3. Traffic Signal,1. Yes - Working,Not a Parkway - Trucks and Commercial Vehicles Allowed,"1,2","1. Passenger car,9. Bicycle","FORD,ROADMASTER","1. Going Straight Ahead,1. Going Straight Ahead","TAURUS,BICYCLE",2001,5,5.Hampton Roads,1. No Adverse Condition (Clear/Cloudy),Not Provided,2. No,Not Provided,Not YOUNG
No Access Control,Not ALCIHOL,Rural,0,0,Bituminous Concrete (Black Base),OCEAN BOULEVARD(R)/,Not UNBELTED,,Male,PDO,2,BIKE,0.38,0,0,,2. Angle,"Not Provided,Not Provided","Not Provided,Not Provided",19001623,0.426,4,8/2/2015,8/2/2015,22. Bicycle,2140,PDO.Property Damage Only,2015,Left and Right sides,0,0,Chincoteaque,Rural,22. Bicycle,MAIN,9PM TO 12AM,190.Chincoteaque,21,Intersection,Reset Filters,VDOT_OTHER,Sunday,Not DEER,"West,West",,5,1,152185281,33,"Male,Male","PDO,PDO","1,2","1. No Improper Action,34. Hit and Run","2. Not Deployed,Not Provided","Not Applicable,4. No Test","1. No Defects,9. Unknown","14. No Driver Distraction,14. No Driver Distraction","1. Had Not Been Drinking,6. Unknown","2. No,3. Unknown","1. Not Ejected,1. Not Ejected","No,NotProvided","No,Yes","3. Lap and Shoulder Belt,Not Provided","1. Not Obscured,1. Not Obscured",,,0,106005,SR-00175(L)/190-00001(R)/MAIN ST @ MADDON BLV,0,0,"0.Two-way, non-divided","22,20",1. On Roadway,"0,0",4,4.Rural Major Collector,Other City or Town Streets (not state maintained),Not GUARDRAIL,HIT_RUN,"12,12",0,4. Four Approaches,152185281,T,0,0,37.93724,37.93724,0,0.05,Not LRTRUCK,4. Darkness - Road Lighted,LOCATED,-75.37113,-75.37113,MAINLINE,MAIN,0,0,0,0,0,Undivided Roadway,"22,20",Not MOTORCYCLE,106005,106005.  SR00175      19000001      19001623      19001623,12516,12631,12747,13250,13372,2,1,0.004,VDOT_SEC,,,,,,,,,0,0,34,1,0,,0,0,,,,,,,,,Not PED,,0,0,Chincoteaque,190,5,NOT-RD,9. Within Intersection,0,0.25,0.43,1. Straight - Level,1. No Defects,"1. Two-Way, Not Divided",1. Dry,"2. Blacktop, Asphalt, Bituminous",MAIN STREET,URB,UR,R-VA190UR01623NB,Rural,3. No,"0,0",8377,8454,8532,8686,8766,Not SENIOR,Left and Right sides,10,"25,25",Not SPEED,"25,25",105996,0,"2. No,3. Pending",0,"0,0",9PM TO 12AM,1,1,3. Traffic Signal,1. Yes - Working,Not a Parkway - Trucks and Commercial Vehicles Allowed,"1,2","3. Van,9. Bicycle","HONDA,U","3. Making Left Turn,15. Other","VAN,U",2007,5,5.Hampton Roads,1. No Adverse Condition (Clear/Cloudy),Not Provided,2. No,Not Provided,Not YOUNG
No Access Control,Not ALCIHOL,Urban,0,0,"N/A, Unknown, or Unstabilized",122-08609(B)/DIVEN ST,Not UNBELTED,42,Male,C,2,BIKE,38.97,0,0,,2. Angle,"Not Provided,Not Provided","Not Provided,Not Provided",SR00165,39.143,4,8/4/2015,8/4/2015,20. Motor Vehicle In Transport,938,C.Non-Visible Injury,2015,Left and Right sides,1,1,Norfolk,Urban,20. Motor Vehicle In Transport,MAIN,9AM TO 12PM,122.Norfolk,913,Intersection,Reset Filters,VDOT_OTHER,Tuesday,Not DEER,"South,East",,5,1,152520013,"25,42","Female,Male","PDO,C","1,2","11. Did Not Have Right-of-Way,1. No Improper Action","2. Not Deployed,3. Unavailable/Not Applicable","Not Applicable,Not Applicable","1. No Defects,1. No Defects","Not Applicable,Not Applicable","1. Had Not Been Drinking,1. Had Not Been Drinking","2. No,2. No","1. Not Ejected,1. Not Ejected","No,No","No,No","3. Lap and Shoulder Belt,5. Helmet","1. Not Obscured,1. Not Obscured",,,40,483303,SR-00337(B)/,0,0,"0.Two-way, non-divided","22,20",1. On Roadway,"0,0",H,H.Urban Minor Arterial,Urban Extensions - Primary Routes,Not GUARDRAIL,Not HIT_RUN,"1,12",1,3. Three Approaches,152520013,C,0,0,36.91608,36.91608,0,0.78,Not LRTRUCK,2. Daylight,LOCATED,-76.29646,-76.29646,MAINLINE,MAIN,0,0,0,0,0,Undivided Roadway,"22,20",Not MOTORCYCLE,483304,483304.  SR00165       SR00165      12208609      12208609,19900,19514,15812,15249,15428,4,1,0.173,PRI_URBAN,,,,,,,,,0,313,44,0,1,,0,0,,,,,,,,,Not PED,,1,0,Norfolk,122,5,NOT-RD,9. Within Intersection,0,39.00,39.14,1. Straight - Level,1. No Defects,"1. Two-Way, Not Divided",1. Dry,"2. Blacktop, Asphalt, Bituminous",1200 W. LITTLE CREEK RD,STPRI,SR,R-VA   SR00165SB,"Urbanized (Population 200,000 and over)",3. No,"0,0",13974,13702,11830,11409,11840,Not SENIOR,Left and Right sides,"15,17","15,35",Not SPEED,"35,35",483304,0,"2. No,2. No",0,"0,0",9AM TO 12PM,1,1,6. Traffic Lanes Marked,6. No Traffic Control Device Present,Not a Parkway - Trucks and Commercial Vehicles Allowed,"1,2","3. Van,9. Bicycle","CHRYSLER,FUJI","3. Making Left Turn,1. Going Straight Ahead","TOWN & COUNTRY,A6 SL",2014,5,5.Hampton Roads,1. No Adverse Condition (Clear/Cloudy),Not Provided,2. No,Not Provided,Not YOUNG
No Access Control,Not ALCIHOL,Urban,1,1,Bituminous Concrete (Black Base),BARNHOLLOW RD(L)/,Not UNBELTED,15,Female,A,1,BIKE,0.31,0,0,,3. Head On,"Not Provided,Not Provided","Not Provided,Not Provided",12208644,0.339,4,8/6/2015,8/6/2015,22. Bicycle,1838,A.Ambulatory Injury,2015,Left and Right sides,0,0,Norfolk,Urban,22. Bicycle,MAIN,6PM TO 9PM,122.Norfolk,"1,167",Intersection,Reset Filters,VDOT_OTHER,Thursday,Not DEER,"North,East",,5,1,152520030,"15,25","Female,Female","A,PDO","1,2","37. Other,1. No Improper Action","3. Unavailable/Not Applicable,2. Not Deployed","Not Applicable,Not Applicable","1. No Defects,1. No Defects","Not Applicable,Not Applicable","1. Had Not Been Drinking,1. Had Not Been Drinking","Not Applicable,Not Applicable","3. Totally Ejected,1. Not Ejected","Yes,No","No,No","8. No Restraint Used,3. Lap and Shoulder Belt","5. Trees, Crops, etc.,5. Trees, Crops, etc.",,,0,485866,PIPING ROCK RD(R)/,0,1,"1.Divided, no control of access","0,0",1. On Roadway,"0,0",I,I.Urban Collector,Other City or Town Streets (not state maintained),Not GUARDRAIL,Not HIT_RUN,"0,1",1,3. Three Approaches,152520030,C,0,0,36.84822,36.84822,0,0.03,Not LRTRUCK,2. Daylight,LOCATED,-76.21405,-76.21405,MAINLINE,MAIN,0,0,Curbed Grass,48,48,Divided Roadway,"22,22",Not MOTORCYCLE,483013,483013.  US00013       US00013      12208644      12208644,54288,52377,52861,50943,64996,2,1,0.221,SEC_URBAN,,,,,,,,,0,0,46,0,1,,0,0,,,,,,,,,Not PED,,1,0,Norfolk,122,5,RD-UNKNOWN,1. Main-Line Roadway,0,0.25,0.34,1. Straight - Level,1. No Defects,"1. Two-Way, Not Divided",1. Dry,"2. Blacktop, Asphalt, Bituminous",5600 POPLAR HALL DR,URB,UR,R-VA122UR08644EB,"Urbanized (Population 200,000 and over)",3. No,"0,0",1925,1748,1764,1700,2008,Not SENIOR,None,25,25,Not SPEED,25,485865,0,"2. No,2. No",0,"0,0",6PM TO 9PM,1,1,13. Other,1. Yes - Working,Not a Parkway - Trucks and Commercial Vehicles Allowed,"1,2","9. Bicycle,1. Passenger car","BICYCLE,HYUNDAI","15. Other,1. Going Straight Ahead",4S,2012,5,5.Hampton Roads,1. No Adverse Condition (Clear/Cloudy),Not Provided,2. No,Not Provided,YOUNG