Access Control,Alcohol Notalcohol,Area Type1,A Crash,A People,Basetypedesc,Begin Node Dsc,Belted Unbelted,Bikeage,Bikegen,Bikeinjurytype,Bikevehiclenumber,Bike Nonbike,BMP,B Crash,B People,Carspeedlimit,Collision Type,Comm Cargo Body Type Cd,Comm Vehicle Body Type Cd,Cotedrouteid,Coted Mp,Count App,CRASH_DT (copy),Crash Dt,Crash Event Type Dsc,Crash Military Tm,Crash Severity,Crash Year,Curbgutterdesc,C Crash,C People,Juris Name Used,Area Type Used,First Harmful Event of Entire Crash,MAINLINE,Time Slicing Used,Phy_Juris_Nm,Offset-Ft,Intersection Analysis,Clear,Calculation_9640323132123359,Day Of Week,Deer Nodeer,Direction Of Travel Cd,Distracted Notdistracted,VSP,TOTAL CRASH,Document Nbr,Driverage,Drivergen,Driverinjurytype,Drivervehiclenumber,Driver Action Type Cd,Driver Airbag Deployment,Driver Alcohol Test Type Cd,Driver Condition Type Cd,Driver Distraction Type Cd,Driver Drinking Type Cd,Driver Drug Use Cd,Driver Ejected From Vehicle,Driver Ems Transport Ind,Driver Fled Scene Ind,Driver Safety Equip Used,Driver Vis Obscured Type Cd,Drowsy Notdrowsy,Drug Nodrug,EMP,End Node,End Node Dsc,End Offset,Facility,FAC,First Crash Event Cd,First Harmful Event,Fourth Crash Event Cd,Functionalclass,FUN,Govcondesc,Gr Nogr,Hitrun Not Hitrun,Initial Veh Impact Area Cd,Injury Crashes,Intersection Type,Int Doc,Jurtype,K_CRASH,K People,LAT (copy),LAT,Leftshoulderwidth,Length,Lgtruck Nonlgtruck,Light Condition,Located Unlocated,LON (copy),LON,MAINLINE (group),Mainline Yn,Medianleftshoulderwidth,Medianrightshoulderwidth,Mediantypedesc,Medianwidthmax,Medianwidthmin,Median Type,Most Harmful Crash Event Cd,Motor Nonmotor,Node,Node Info,Node Totaadt2011,Node Totaadt2012,Node Totaadt2013,Node Totaadt2014,Node Totaadt2015,Numberoflane,Number of Records,Offset,Ownership,Passage,Passgen,Passinjurytype,Passvehiclenumber,Pass Airbag Deployment,Pass Ejected From Vehicle,Pass Ems Transport Ind,Pass Safety Equip Used,Pavementconditionvalue,Pavementroughnessvalue,Pavementwidth,Pdo Crash,Total People Killed & Injured,Pedage,Pedestrians Injured,Pedestrians Killed,Pedgen,Pedinjurytype,Pednumber,Ped Action,Ped Al Test,Ped Cond,Ped Drink,Ped Drug,Ped Nonped,Ped Rflct,Persons Injured,Persons Killed,Physical Juris Nm,PJR,VSP_Used,Rd Type,Relation To Roadway,Rightshoulderwidth,RNS_MP (0.25 mi bin),Rns Mp,Roadway Alignment,Roadway Defect,Roadway Description,Roadway Surface Cond,Roadway Surface Type,Route Or Street Nm,Rte Category Cd,Rte Cat,Rte Nm,Ruralurbandesc,School Zone,Second Crash Event Cd,Segtotaadt2011,Segtotaadt2012,Segtotaadt2013,Segtotaadt2014,Segtotaadt2015,Senior Notsenior,Sidewalkdesc,Speed Before,Speed Max Safe,Speed Notspeed,Speed Posted,Start Node,Start Offset,Summons Issued Cd,Surfacedesc,Third Crash Event Cd,Time Slicing,Total Crashes including Property Damage Only,Total Crash,Traffic Control Type,Trfc Ctrl Status Type,Truckcommr,Vehiclenumber,Vehicle Body Type Cd,Vehicle Make Nm,Vehicle Maneuver Type Cd,Vehicle Model Nm,Vehicle Year Nbr,District,District_Used ,Weather Condition,Work Zone Location,Work Zone Related,Work Zone Type,Young Notyoung
No Access Control,Not ALCIHOL,Urban,0,0,Bituminous Concrete (Black Base),MARABOU LN(R)/WATERFRONT DR(L)/,Not UNBELTED,44,Male,C,2,BIKE,3.68,0,0,,3. Head On,"Not Provided,Not Provided","Not Provided,Not Provided",13408723,3.683,4,4/4/2014,4/4/2014,22. Bicycle,1447,C.Non-Visible Injury,2014,Left and Right sides,1,1,Virginia Beach,Urban,22. Bicycle,MAIN,12PM TO 3PM,134.Virginia Beach,"1,230",Intersection,Reset Filters,VDOT_OTHER,Friday,Not DEER,"West,North",DISTRACTED,5,1,140975221,"23,44","Male,Male","PDO,C","1,2","11. Did Not Have Right-of-Way,1. No Improper Action","2. Not Deployed,3. Unavailable/Not Applicable","4. No Test,4. No Test","1. No Defects,1. No Defects","7. Eyes Not on Road,14. No Driver Distraction","1. Had Not Been Drinking,6. Unknown","3. Unknown,3. Unknown","1. Not Ejected,Not Provided","No,Yes","No,No","3. Lap and Shoulder Belt,9. Not Applicable","1. Not Obscured,1. Not Obscured",,,4,542032,FLEMING CIRCLE(R)/,0,1,"1.Divided, no control of access","22,20",1. On Roadway,"0,0",H,H.Urban Minor Arterial,Other City or Town Streets (not state maintained),Not GUARDRAIL,Not HIT_RUN,"11,1",1,4. Four Approaches,140975221,C,0,0,36.85042,36.85042,0,0.05,Not LRTRUCK,2. Daylight,LOCATED,-75.99442,-75.99442,MAINLINE,MAIN,0,0,Grass/Unprotected,14,3,Divided Roadway,"22,20",Not MOTORCYCLE,542029,542029. 13408723      13408723      13408723N003A 13408723S003A,21852,28628,28827,28038,31705,4,1,0.233,SEC_URBAN,,,,,,,,,0,0,56,0,1,,0,0,,,,,,,,,Not PED,,1,0,Virginia Beach,134,5,NOT-RD,1. Main-Line Roadway,0,3.50,3.68,1. Straight - Level,1. No Defects,"3. Two-Way, Divided, Positive Median Barrier",1. Dry,"2. Blacktop, Asphalt, Bituminous",1100 Waterfront Drive,URB,UR,R-VA134UR08723SB,"Urbanized (Population 200,000 and over)",3. No,"0,0",21852,21532,21731,20942,24609,Not SENIOR,Left and Right sides,"5,5","25,25",Not SPEED,"25,25",542031,0,"1. Yes,2. No",0,"0,0",12PM TO 3PM,1,1,14. Ped Crosswalk,1. Yes - Working,Not a Parkway - Trucks and Commercial Vehicles Allowed,"1,2","22. Truck - Sport Utility Vehicle (SUV),9. Bicycle","Jeep,OTH","2. Making Right Turn,1. Going Straight Ahead","Grand Cherokee,BICYCLE",20002012,5,5.Hampton Roads,1. No Adverse Condition (Clear/Cloudy),Not Provided,2. No,Not Provided,Not YOUNG
,Not ALCIHOL,Urban,1,1,,,Not UNBELTED,15,Male,A,2,BIKE,,0,0,,12. Ped,"Not Provided,Not Provided","Not Provided,Not Provided",,,,8/8/2015,8/8/2015,20. Motor Vehicle In Transport,954,A.Ambulatory Injury,2015,,0,0,Hampton,Urban,20. Motor Vehicle In Transport,MAIN,9AM TO 12PM,114.Hampton,,Not Intersection,Reset Filters,VDOT_OTHER,Saturday,Not DEER,"North,West",,5,1,152255170,"56,15","Female,Male","PDO,A","1,2","11. Did Not Have Right-of-Way,37. Other","2. Not Deployed,2. Not Deployed","4. No Test,Not Applicable","1. No Defects,1. No Defects","Not Applicable,Not Applicable","1. Had Not Been Drinking,1. Had Not Been Drinking","2. No,2. No","1. Not Ejected,1. Not Ejected","No,Yes","No,No","3. Lap and Shoulder Belt,8. No Restraint Used","1. Not Obscured,1. Not Obscured",,,,,,,,,"22,20",1. On Roadway,"0,0",,,,Not GUARDRAIL,Not HIT_RUN,"1,11",1,3. Three Approaches,,C,0,0,37.04296,37.04296,,,Not LRTRUCK,2. Daylight,UNLOCATED,-76.43884,-76.43884,MAINLINE,,,,,,,,"22,20",Not MOTORCYCLE,,.,,,,,,,1,,SEC_URBAN,,,,,,,,,,,,0,1,,0,0,,,,,,,,,Not PED,,1,0,Hampton,114,5,NOT-RD,10. Intersection Related - Within 150 Feet,,,,1. Straight - Level,1. No Defects,"1. Two-Way, Not Divided",1. Dry,"2. Blacktop, Asphalt, Bituminous",TODDS LN,UNKWN,SC,U-VA114SC99999UK,,3. No,"0,0",,,,,,Not SENIOR,,"5,0","40,40",Not SPEED,"40,40",,,"2. No,2. No",,"0,0",9AM TO 12PM,1,1,4. Stop Sign,1. Yes - Working,,"1,2","22. Truck - Sport Utility Vehicle (SUV),9. Bicycle",JEEP,"2. Making Right Turn,1. Going Straight Ahead",CHEROKEE,2005,5,5.Hampton Roads,1. No Adverse Condition (Clear/Cloudy),Not Provided,2. No,Not Provided,YOUNG
No Access Control,Not ALCIHOL,Urban,0,0,Bituminous Concrete (Black Base),134-00014(L)/134-08717(R)/Gap Terminus/LYNNHA,Not UNBELTED,17,Male,B,2,BIKE,2.92,1,1,,2. Angle,"Not Provided,Not Provided","Not Provided,Not Provided",13400012,2.963,4,8/8/2015,8/8/2015,20. Motor Vehicle In Transport,1730,B.Visiible Injury,2015,Left and Right sides,0,0,Virginia Beach,Urban,20. Motor Vehicle In Transport,MAIN,3PM TO 6PM,134.Virginia Beach,227,Intersection,Reset Filters,VDOT_OTHER,Saturday,Not DEER,"Not Provided,South",,5,1,152245241,17,"Not Provided,Male","PDO,B","1,2","34. Hit and Run,1. No Improper Action","Not Provided,3. Unavailable/Not Applicable","Not Applicable,Not Applicable","Not Applicable,Not Applicable","Not Applicable,Not Applicable","6. Unknown,1. Had Not Been Drinking","3. Unknown,Not Applicable","Not Provided,2. Partially Ejected","NotProvided,No","Yes,No","Not Provided,9. Not Applicable","1. Not Obscured,1. Not Obscured",,,3,734985,WARWICK DRIVE(L)/,0,1,"1.Divided, no control of access","22,20",1. On Roadway,"0,0",H,H.Urban Minor Arterial,Other City or Town Streets (not state maintained),Not GUARDRAIL,HIT_RUN,"1,8",1,1. Not at Intersection,152245241,C,0,0,36.79951,36.79951,0,0.14,Not LRTRUCK,2. Daylight,LOCATED,-76.08528,-76.08528,MAINLINE,MAIN,0,0,Curbed Grass,16,4,Divided Roadway,"22,20",Not MOTORCYCLE,541275,541275. 13400012      13400012      13400014      13408717,57323,59152,59698,57532,59080,4,1,0.043,SEC_URBAN,,,,,,,,,0,0,52,0,1,,0,0,,,,,,,,,Not PED,,1,0,Virginia Beach,134,5,NOT-RD,"13. Driveway, Alley-Access - Related",0,2.75,2.96,1. Straight - Level,1. No Defects,"1. Two-Way, Not Divided",1. Dry,1. Concrete,3282 HOLLAND RD.,URB,UR,R-VA134UR00012WB,"Urbanized (Population 200,000 and over)",3. No,"0,0",28206,30771,31055,29928,30638,Not SENIOR,Left and Right sides,"5,5","35,35",Not SPEED,"35,35",541275,0,"Not Provided,2. No",0,"0,0",3PM TO 6PM,1,1,1. No Traffic Control,6. No Traffic Control Device Present,Not a Parkway - Trucks and Commercial Vehicles Allowed,"1,2","1. Passenger car,9. Bicycle",CHEVROLET,"2. Making Right Turn,1. Going Straight Ahead","CAVALIER,BICYCLE",2000,5,5.Hampton Roads,1. No Adverse Condition (Clear/Cloudy),Not Provided,2. No,Not Provided,YOUNG
,Not ALCIHOL,Urban,0,0,,,Not UNBELTED,18,Male,B,1,BIKE,,1,1,,16. Other,"Not Provided,Not Provided","Not Provided,Not Provided",,,,8/8/2015,8/8/2015,20. Motor Vehicle In Transport,2049,B.Visiible Injury,2015,,0,0,Virginia Beach,Urban,20. Motor Vehicle In Transport,MAIN,6PM TO 9PM,134.Virginia Beach,,Not Intersection,Reset Filters,VDOT_OTHER,Saturday,Not DEER,"North,East",DISTRACTED,5,1,152285215,"18,29","Male,Male","B,PDO","1,2","22. Disregarded Stop or Yield Sign,1. No Improper Action","3. Unavailable/Not Applicable,2. Not Deployed","Not Applicable,Not Applicable","1. No Defects,1. No Defects","11. Other,14. No Driver Distraction","1. Had Not Been Drinking,1. Had Not Been Drinking","3. Unknown,2. No","Not Provided,1. Not Ejected","No,No","No,No","9. Not Applicable,3. Lap and Shoulder Belt","5. Trees, Crops, etc.,5. Trees, Crops, etc.",,,,,,,,,"20,22",1. On Roadway,"0,0",,,,Not GUARDRAIL,Not HIT_RUN,"12,12",1,3. Three Approaches,,C,0,0,36.86266,36.86266,,,Not LRTRUCK,4. Darkness - Road Lighted,UNLOCATED,-75.98219,-75.98219,MAINLINE,,,,,,,,"20,22",Not MOTORCYCLE,,.,,,,,,,1,,SEC_URBAN,,,,,,,,,,,,0,1,,0,0,,,,,,,,,Not PED,,1,0,Virginia Beach,134,5,NOT-RD,9. Within Intersection,,,,3. Grade - Straight,1. No Defects,"1. Two-Way, Not Divided",1. Dry,"2. Blacktop, Asphalt, Bituminous",3500 ARCTIC AVENUE,UNKWN,SC,U-VA134SC99999UK,,3. No,"0,0",,,,,,Not SENIOR,,"25,25","25,25",Not SPEED,"25,25",,,"1. Yes,2. No",,"0,0",6PM TO 9PM,1,1,4. Stop Sign,1. Yes - Working,,"1,2","9. Bicycle,1. Passenger car",FORD,"1. Going Straight Ahead,1. Going Straight Ahead","BICYCLE,TAURUS",2007,5,5.Hampton Roads,1. No Adverse Condition (Clear/Cloudy),Not Provided,2. No,Not Provided,YOUNG
No Access Control,Not ALCIHOL,Urban,0,0,Bituminous Concrete (Black Base),NORTHWOOD DRIVE(L)/,Not UNBELTED,14,Male,C,2,BIKE,1.19,0,0,,16. Other,"Not Provided,Not Provided","Not Provided,Not Provided",11407012,1.412,4,8/9/2015,8/9/2015,19. Ped,1738,C.Non-Visible Injury,2015,Left and Right sides,1,1,Hampton,Urban,19. Ped,MAIN,3PM TO 6PM,114.Hampton,"2,365",Intersection,Reset Filters,VDOT_OTHER,Sunday,Not DEER,"South,East",,5,1,152245153,"49,14","Male,Male","PDO,C","1,2","1. No Improper Action,11. Did Not Have Right-of-Way","2. Not Deployed,3. Unavailable/Not Applicable","4. No Test,4. No Test","1. No Defects,1. No Defects","Not Applicable,Not Applicable","1. Had Not Been Drinking,1. Had Not Been Drinking","2. No,2. No","1. Not Ejected,1. Not Ejected","No,No","No,No","3. Lap and Shoulder Belt,8. No Restraint Used","1. Not Obscured,1. Not Obscured",,,1,253293,PICKETT STREET(L)/,0,0,"0.Two-way, non-divided","22,20",4. Roadside,"0,0",H,H.Urban Minor Arterial,Other City or Town Streets (not state maintained),Not GUARDRAIL,Not HIT_RUN,"1,7",1,1. Not at Intersection,152245153,C,0,0,37.02111,37.02111,0,0.3,Not LRTRUCK,2. Daylight,LOCATED,-76.3949,-76.3949,MAINLINE,MAIN,0,0,0,0,0,Undivided Roadway,"22,20",Not MOTORCYCLE,253181,253181.  SR00415       SR00415      11407012      11407059,27985,27379,26434,25492,26009,4,1,0.448,SEC_URBAN,,,,,,,,,0,0,44,0,1,,0,0,,,,,,,,,Not PED,,1,0,Hampton,114,5,NOT-RD,"13. Driveway, Alley-Access - Related",0,1.25,1.41,1. Straight - Level,1. No Defects,"2. Two-Way, Divided, Unprotected Median",1. Dry,"2. Blacktop, Asphalt, Bituminous",1647 BRIARFIELD RD,URB,UR,R-VA114UR07012EB,"Urbanized (Population 200,000 and over)",1. Yes,"0,0",11158,10911,10318,9950,10152,Not SENIOR,Left and Right sides,"5,5","5,5",Not SPEED,"35,35",253292,0,"2. No,1. Yes",0,"0,0",3PM TO 6PM,1,1,1. No Traffic Control,6. No Traffic Control Device Present,Not a Parkway - Trucks and Commercial Vehicles Allowed,"1,2","3. Van,9. Bicycle",FORD,"1. Going Straight Ahead,1. Going Straight Ahead",VAN,2012,5,5.Hampton Roads,1. No Adverse Condition (Clear/Cloudy),Not Provided,2. No,Not Provided,Not YOUNG
No Access Control,Not ALCIHOL,Urban,0,0,Portland Cement Concrete,121-07012(R)/,Not UNBELTED,52,Male,C,2,BIKE,10.16,0,0,,2. Angle,"Not Provided,Not Provided","Not Provided,Not Provided",SR00143,11.102,3,8/11/2015,8/11/2015,20. Motor Vehicle In Transport,1235,C.Non-Visible Injury,2015,Left and Right sides,1,1,Newport News,Urban,20. Motor Vehicle In Transport,MAIN,12PM TO 3PM,121.Newport News,517,Intersection,Reset Filters,VDOT_OTHER,Tuesday,Not DEER,"West,South",,5,1,153030070,"57,52","Female,Male","PDO,C","1,2","1. No Improper Action,37. Other","2. Not Deployed,3. Unavailable/Not Applicable","Not Applicable,Not Applicable","1. No Defects,1. No Defects","Not Applicable,Not Applicable","1. Had Not Been Drinking,1. Had Not Been Drinking","2. No,2. No","1. Not Ejected,2. Partially Ejected","No,Yes","No,No","3. Lap and Shoulder Belt,9. Not Applicable","1. Not Obscured,1. Not Obscured",,,11,756245,US-00017-N051D(L)/SR-00143-N011A(L)/RAMP TO U,0,1,"1.Divided, no control of access","20,20",4. Roadside,"0,0",E,E.Urban Other Principle Arterials; Connecting Links of Other Rural Principal Arterial,Urban Extensions - Primary Routes,Not GUARDRAIL,Not HIT_RUN,"12,12",1,2. Two Approaches,153030070,C,0,0,37.01741,37.01741,0,1.04,Not LRTRUCK,2. Daylight,LOCATED,-76.44318,-76.44318,MAINLINE,MAIN,0,0,Curbed Grass,14,14,Divided Roadway,"20,20",Not MOTORCYCLE,756245,756245.  SR00143       SR00143       US00017N051D,29480,30556,22435,22410,23296,6,1,0.098,PRI_URBAN,,,,,,,,,0,171,0,0,1,,0,0,,,,,,,,,Not PED,,1,0,Newport News,121,5,NOT-RD,"13. Driveway, Alley-Access - Related",0,11.00,11.10,5. Hillcrest - Straight,1. No Defects,"1. Two-Way, Not Divided",1. Dry,"2. Blacktop, Asphalt, Bituminous",6044 JEFFERSON AVE,STPRI,SR,R-VA   SR00143NB,"Urbanized (Population 200,000 and over)",3. No,"0,0",29480,30556,22435,22410,23296,Not SENIOR,Left and Right sides,2,"45,0",Not SPEED,"45,0",646112,0,"2. No,1. Yes",0,"0,0",12PM TO 3PM,1,1,1. No Traffic Control,6. No Traffic Control Device Present,Not a Parkway - Trucks and Commercial Vehicles Allowed,"1,2","3. Van,9. Bicycle",CHRYSLER,"2. Making Right Turn,1. Going Straight Ahead",TOWN AND COUNTR,2013,5,5.Hampton Roads,1. No Adverse Condition (Clear/Cloudy),Not Provided,2. No,Not Provided,Not YOUNG
No Access Control,Not ALCIHOL,Urban,0,0,Bituminous Concrete (Black Base),LONGSTREET AVE(R)/,Not UNBELTED,19,Female,B,2,BIKE,2.73,1,1,,2. Angle,"Not Provided,Not Provided","Not Provided,Not Provided",13408723,2.731,3,8/12/2015,8/12/2015,22. Bicycle,1813,B.Visiible Injury,2015,Left and Right sides,0,1,Virginia Beach,Urban,22. Bicycle,MAIN,6PM TO 9PM,134.Virginia Beach,153,Intersection,Reset Filters,VDOT_OTHER,Wednesday,Not DEER,"West,South",,5,1,152365342,"31,19","Male,Female","C,B","1,2","1. No Improper Action,1. No Improper Action","2. Not Deployed,3. Unavailable/Not Applicable","Not Applicable,Not Applicable","1. No Defects,1. No Defects","14. No Driver Distraction,14. No Driver Distraction","1. Had Not Been Drinking,1. Had Not Been Drinking","2. No,2. No","1. Not Ejected,1. Not Ejected","No,No","No,No","3. Lap and Shoulder Belt,5. Helmet","1. Not Obscured,1. Not Obscured",,,3,542019,134-08724(R)/SOUTHERN BLVD(L)/,0,1,"1.Divided, no control of access","22,22",1. On Roadway,"0,0",H,H.Urban Minor Arterial,Other City or Town Streets (not state maintained),Not GUARDRAIL,Not HIT_RUN,"12,9",1,3. Three Approaches,152365342,C,0,0,36.83758,36.83758,0,0.03,Not LRTRUCK,2. Daylight,LOCATED,-75.9987,-75.9987,MAINLINE,MAIN,0,0,Grass/Unprotected,14,3,Divided Roadway,"22,22",Not MOTORCYCLE,542019,542019. 13408723      13408723      13408724,17300,19878,20062,19334,19644,4,1,0.029,SEC_URBAN,,,,,,,,,0,0,52,0,2,,0,0,,,,,,,,,Not PED,,2,0,Virginia Beach,134,5,NOT-RD,9. Within Intersection,0,2.50,2.73,1. Straight - Level,1. No Defects,"1. Two-Way, Not Divided",1. Dry,"2. Blacktop, Asphalt, Bituminous",BIRDNECK ROAD,URB,UR,R-VA134UR08723NB,"Urbanized (Population 200,000 and over)",3. No,"0,0",11644,13955,14084,13573,13770,Not SENIOR,Left and Right sides,"3,5","25,25",Not SPEED,"25,25",542018,0,"2. No,2. No",0,"0,0",6PM TO 9PM,1,1,4. Stop Sign,1. Yes - Working,Not a Parkway - Trucks and Commercial Vehicles Allowed,"1,2","22. Truck - Sport Utility Vehicle (SUV),9. Bicycle","CHEVROLET,NEXT","2. Making Right Turn,1. Going Straight Ahead","TAHOE,MOUNTAIN BIKE",2013,5,5.Hampton Roads,1. No Adverse Condition (Clear/Cloudy),Not Provided,2. No,Not Provided,YOUNG
No Access Control,Not ALCIHOL,Urban,0,0,Bituminous Concrete (Black Base),HUBBELL DRIVE(R)/,Not UNBELTED,16,Female,B,2,BIKE,18.32,1,1,,5. Sideswipe - Opposite Direction,"Not Provided,Not Provided","Not Provided,Not Provided",13408669,18.425,4,8/12/2015,8/12/2015,22. Bicycle,1434,B.Visiible Injury,2015,Left and Right sides,0,0,Virginia Beach,Urban,22. Bicycle,MAIN,12PM TO 3PM,134.Virginia Beach,924,Intersection,Reset Filters,VDOT_OTHER,Wednesday,Not DEER,"West,South",,5,1,152245252,"60,16","Female,Female","PDO,B","1,2","11. Did Not Have Right-of-Way,1. No Improper Action","2. Not Deployed,3. Unavailable/Not Applicable","4. No Test,4. No Test","1. No Defects,1. No Defects","14. No Driver Distraction,14. No Driver Distraction","1. Had Not Been Drinking,1. Had Not Been Drinking","2. No,2. No","1. Not Ejected,Not Provided","No,No","No,No","3. Lap and Shoulder Belt,Not Provided","1. Not Obscured,1. Not Obscured",,,19,541475,134-08688(B)/,0,1,"1.Divided, no control of access","22,20",1. On Roadway,"0,0",E,E.Urban Other Principle Arterials; Connecting Links of Other Rural Principal Arterial,Other City or Town Streets (not state maintained),Not GUARDRAIL,Not HIT_RUN,"12,9",1,1. Not at Intersection,152245252,C,0,0,36.78393,36.78393,0,0.28,Not LRTRUCK,2. Daylight,LOCATED,-76.00062,-76.00062,MAINLINE,MAIN,0,0,Curbed Grass,24,12,Divided Roadway,"22,20",Not MOTORCYCLE,541475,541475. 13408669      13408669      13408688      13408688,64316,56978,57505,55417,55342,6,1,0.175,SEC_URBAN,,,,,,,,,0,0,76,0,1,,0,0,,,,,,,,,Not PED,,1,0,Virginia Beach,134,5,RD-UNKNOWN,"13. Driveway, Alley-Access - Related",0,18.25,18.43,2. Curve - Level,1. No Defects,"2. Two-Way, Divided, Unprotected Median",1. Dry,"2. Blacktop, Asphalt, Bituminous",1620 GENERAL BOOTH BLVD,URB,UR,R-VA134UR08669NB,"Urbanized (Population 200,000 and over)",3. No,"0,0",30485,27394,27647,26643,27438,Not SENIOR,Left and Right sides,"5,5","45,45",Not SPEED,"45,45",742540,0,"1. Yes,2. No",0,"0,0",12PM TO 3PM,1,1,6. Traffic Lanes Marked,1. Yes - Working,Not a Parkway - Trucks and Commercial Vehicles Allowed,"1,2","1. Passenger car,9. Bicycle",TOYOTA,"16. Entering Street From Parking Lot,1. Going Straight Ahead",COROLLA,2003,5,5.Hampton Roads,1. No Adverse Condition (Clear/Cloudy),Not Provided,2. No,Not Provided,YOUNG
,Not ALCIHOL,Urban,0,0,,,Not UNBELTED,45,Male,C,1,BIKE,,0,0,,13. Bicyclist,"Not Provided,Not Provided","Not Provided,Not Provided",,,,8/12/2015,8/12/2015,22. Bicycle,1130,C.Non-Visible Injury,2015,,1,1,Newport News,Urban,22. Bicycle,MAIN,9AM TO 12PM,121.Newport News,,Not Intersection,Reset Filters,VDOT_OTHER,Wednesday,Not DEER,"North,East",DISTRACTED,5,1,160210166,"45,38","Male,Male","C,PDO","1,2","37. Other,1. No Improper Action","3. Unavailable/Not Applicable,2. Not Deployed","4. No Test,4. No Test","1. No Defects,1. No Defects","11. Other,Not Applicable","1. Had Not Been Drinking,1. Had Not Been Drinking","Not Applicable,Not Applicable","2. Partially Ejected,1. Not Ejected","Yes,No","No,No","9. Not Applicable,3. Lap and Shoulder Belt","1. Not Obscured,1. Not Obscured",,,,,,,,,"20,22",1. On Roadway,"0,0",,,,Not GUARDRAIL,Not HIT_RUN,"9,12",1,3. Three Approaches,,C,0,0,36.98715,36.98715,,,Not LRTRUCK,2. Daylight,UNLOCATED,-76.41458,-76.41458,MAINLINE,,,,,,,,"20,22",Not MOTORCYCLE,,.,,,,,,,1,,SEC_URBAN,,,,,,,,,,,,0,1,,0,0,,,,,,,,,Not PED,,1,0,Newport News,121,5,NOT-RD,9. Within Intersection,,,,1. Straight - Level,1. No Defects,"1. Two-Way, Not Divided",1. Dry,"2. Blacktop, Asphalt, Bituminous",29TH ST,UNKWN,SC,U-VA121SC99999UK,,3. No,"0,0",,,,,,Not SENIOR,,"5,2","25,25",Not SPEED,"25,25",,,"1. Yes,2. No",,"0,0",9AM TO 12PM,1,1,4. Stop Sign,1. Yes - Working,,"1,2","9. Bicycle,3. Van",DODGE,"1. Going Straight Ahead,2. Making Right Turn",CARAVAN,2008,5,5.Hampton Roads,1. No Adverse Condition (Clear/Cloudy),Not Provided,2. No,Not Provided,Not YOUNG
No Access Control,Not ALCIHOL,Urban,0,0,Bituminous Concrete (Black Base),134-00011(U)/134-08627(R)/Gap Terminus/S INDE,Not UNBELTED,54,0,B,1,BIKE,0.19,1,1,,16. Other,"Not Provided,Not Provided","Not Provided,Not Provided",13400012,0.342,4,11/27/2012,11/27/2012,22. Bicycle,1127,B.Visiible Injury,2012,Left and Right sides,0,0,Virginia Beach,Urban,22. Bicycle,MAIN,9AM TO 12PM,134.Virginia Beach,676,Intersection,Reset Filters,VDOT_OTHER,Tuesday,Not DEER,"North,East",DISTRACTED,5,1,123335065,"54,44","0,Male","B,PDO","1,2","37. Other,1. No Improper Action","3. Unavailable/Not Applicable,2. Not Deployed","4. No Test,4. No Test","4. Other Body Defects,1. No Defects","11. Other,14. No Driver Distraction","6. Unknown,1. Had Not Been Drinking","3. Unknown,2. No","1. Not Ejected,1. Not Ejected","No,No","No,No","6. Other,3. Lap and Shoulder Belt","1. Not Obscured,8. Sign or Signboard",,,0,541269,134-08733(B)/S PLAZA TR,0,1,"1.Divided, no control of access","20,22",9. Outside Right-of-Way,"0,0",H,H.Urban Minor Arterial,Other City or Town Streets (not state maintained),Not GUARDRAIL,Not HIT_RUN,"9,12",1,1. Not at Intersection,123335065,C,0,0,36.820346,36.820346,0,0.28,Not LRTRUCK,2. Daylight,LOCATED,-76.121751,-76.121751,MAINLINE,MAIN,0,0,Curbed Grass,16,4,Divided Roadway,"20,22",Not MOTORCYCLE,541269,541269. 13400012      13400012      13408733      13408733,47676,45208,45625,43969,44361,4,1,0.128,SEC_URBAN,,,,,,,,,0,0,52,0,1,,0,0,,,,,,,,,Not PED,,1,0,Virginia Beach,134,5,NOT-RD,"15. Other Crossing (Crossing for Bikes, School, etc.)",0,0.25,0.34,1. Straight - Level,1. No Defects,"2. Two-Way, Divided, Unprotected Median",1. Dry,"2. Blacktop, Asphalt, Bituminous",4239 HOLLAND RD,URB,UR,R-VA134UR00012EB,"Urbanized (Population 200,000 and over)",3. No,"0,0",37649,37238,37582,36218,36033,Not SENIOR,Left and Right sides,"5,3","5,3",Not SPEED,"45,45",541268,0.19,"2. No,2. No",0,"0,0",9AM TO 12PM,1,1,4. Stop Sign,1. Yes - Working,Not a Parkway - Trucks and Commercial Vehicles Allowed,"1,2","9. Bicycle,2. Truck - Pick-up/Passenger Truck",TEXAS BRAGG,"1. Going Straight Ahead,16. Entering Street From Parking Lot","BICYCLE,UTIL TRL",2003,5,5.Hampton Roads,1. No Adverse Condition (Clear/Cloudy),Not Provided,2. No,Not Provided,Not YOUNG
No Access Control,Not ALCIHOL,Urban,1,1,Bituminous Concrete (Black Base),122-08639(R)/KIMBALL TERRACE,Not UNBELTED,35,Male,A,2,BIKE,398.28,0,0,,3. Head On,"Not Provided,Not Provided","Not Provided,Not Provided",US00460,398.292,3,4/8/2014,4/8/2014,20. Motor Vehicle In Transport,705,A.Ambulatory Injury,2014,Left and Right sides,0,0,Norfolk,Urban,20. Motor Vehicle In Transport,MAIN,6AM TO 9AM,122.Norfolk,63,Intersection,Reset Filters,VDOT_OTHER,Tuesday,Not DEER,"East,North",,5,1,141750346,"43,35","Male,Male","PDO,A","1,2","1. No Improper Action,10. Wrong Side Of Road - Not Overtaking","2. Not Deployed,3. Unavailable/Not Applicable","4. No Test,4. No Test","Not Applicable,Not Applicable","Not Applicable,Not Applicable","1. Had Not Been Drinking,1. Had Not Been Drinking","2. No,2. No","1. Not Ejected,3. Totally Ejected","NotProvided,Yes","No,No","3. Lap and Shoulder Belt,9. Not Applicable","6. Building,6. Building",,,398,483770,US-00460-E398A(R)/TO ROUTE 264 EAST,0,1,"1.Divided, no control of access","20,20",1. On Roadway,"0,0",E,E.Urban Other Principle Arterials; Connecting Links of Other Rural Principal Arterial,Urban Extensions - Primary Routes,Not GUARDRAIL,Not HIT_RUN,"12,12",1,1. Not at Intersection,141750346,C,0,0,36.84377,36.84377,0,0.04,Not LRTRUCK,3. Dusk,LOCATED,-76.26643,-76.26643,MAINLINE,MAIN,0,0,Curbed Grass,16,4,Divided Roadway,"20,20",Not MOTORCYCLE,483771,483771.  US00460       US00460      12208639,39817,40370,40742,39264,48285,6,1,0.012,PRI_URBAN,,,,,,,,,0,140,72,0,1,,0,0,,,,,,,,,Not PED,,1,0,Norfolk,122,5,NOT-RD,1. Main-Line Roadway,0,398.25,398.30,1. Straight - Level,1. No Defects,"3. Two-Way, Divided, Positive Median Barrier",2. Wet,"2. Blacktop, Asphalt, Bituminous",2000 BLK E BRAMBLETON AVE,USPRI,US,R-VA   US00460EB,"Urbanized (Population 200,000 and over)",3. No,"0,0",42839,41100,41479,39974,43699,Not SENIOR,None,"35,15","35,35",Not SPEED,"35,35",483771,0,"1. Yes,1. Yes",0,"0,0",6AM TO 9AM,1,1,6. Traffic Lanes Marked,1. Yes - Working,Not a Parkway - Trucks and Commercial Vehicles Allowed,"1,2","1. Passenger car,9. Bicycle","FORD,SCH","6. Merging Into Traffic Lane,1. Going Straight Ahead","CONTOUR,BICYCLE",1998,5,5.Hampton Roads,5. Rain,Not Provided,2. No,Not Provided,Not YOUNG