Access Control,Alcohol Notalcohol,Area Type1,A Crash,A People,Basetypedesc,Begin Node Dsc,Belted Unbelted,Bikeage,Bikegen,Bikeinjurytype,Bikevehiclenumber,Bike Nonbike,BMP,B Crash,B People,Carspeedlimit,Collision Type,Comm Cargo Body Type Cd,Comm Vehicle Body Type Cd,Cotedrouteid,Coted Mp,Count App,CRASH_DT (copy),Crash Dt,Crash Event Type Dsc,Crash Military Tm,Crash Severity,Crash Year,Curbgutterdesc,C Crash,C People,Juris Name Used,Area Type Used,First Harmful Event of Entire Crash,MAINLINE,Time Slicing Used,Phy_Juris_Nm,Offset-Ft,Intersection Analysis,Clear,Calculation_9640323132123359,Day Of Week,Deer Nodeer,Direction Of Travel Cd,Distracted Notdistracted,VSP,TOTAL CRASH,Document Nbr,Driverage,Drivergen,Driverinjurytype,Drivervehiclenumber,Driver Action Type Cd,Driver Airbag Deployment,Driver Alcohol Test Type Cd,Driver Condition Type Cd,Driver Distraction Type Cd,Driver Drinking Type Cd,Driver Drug Use Cd,Driver Ejected From Vehicle,Driver Ems Transport Ind,Driver Fled Scene Ind,Driver Safety Equip Used,Driver Vis Obscured Type Cd,Drowsy Notdrowsy,Drug Nodrug,EMP,End Node,End Node Dsc,End Offset,Facility,FAC,First Crash Event Cd,First Harmful Event,Fourth Crash Event Cd,Functionalclass,FUN,Govcondesc,Gr Nogr,Hitrun Not Hitrun,Initial Veh Impact Area Cd,Injury Crashes,Intersection Type,Int Doc,Jurtype,K_CRASH,K People,LAT (copy),LAT,Leftshoulderwidth,Length,Lgtruck Nonlgtruck,Light Condition,Located Unlocated,LON (copy),LON,MAINLINE (group),Mainline Yn,Medianleftshoulderwidth,Medianrightshoulderwidth,Mediantypedesc,Medianwidthmax,Medianwidthmin,Median Type,Most Harmful Crash Event Cd,Motor Nonmotor,Node,Node Info,Node Totaadt2011,Node Totaadt2012,Node Totaadt2013,Node Totaadt2014,Node Totaadt2015,Numberoflane,Number of Records,Offset,Ownership,Passage,Passgen,Passinjurytype,Passvehiclenumber,Pass Airbag Deployment,Pass Ejected From Vehicle,Pass Ems Transport Ind,Pass Safety Equip Used,Pavementconditionvalue,Pavementroughnessvalue,Pavementwidth,Pdo Crash,Total People Killed & Injured,Pedage,Pedestrians Injured,Pedestrians Killed,Pedgen,Pedinjurytype,Pednumber,Ped Action,Ped Al Test,Ped Cond,Ped Drink,Ped Drug,Ped Nonped,Ped Rflct,Persons Injured,Persons Killed,Physical Juris Nm,PJR,VSP_Used,Rd Type,Relation To Roadway,Rightshoulderwidth,RNS_MP (0.25 mi bin),Rns Mp,Roadway Alignment,Roadway Defect,Roadway Description,Roadway Surface Cond,Roadway Surface Type,Route Or Street Nm,Rte Category Cd,Rte Cat,Rte Nm,Ruralurbandesc,School Zone,Second Crash Event Cd,Segtotaadt2011,Segtotaadt2012,Segtotaadt2013,Segtotaadt2014,Segtotaadt2015,Senior Notsenior,Sidewalkdesc,Speed Before,Speed Max Safe,Speed Notspeed,Speed Posted,Start Node,Start Offset,Summons Issued Cd,Surfacedesc,Third Crash Event Cd,Time Slicing,Total Crashes including Property Damage Only,Total Crash,Traffic Control Type,Trfc Ctrl Status Type,Truckcommr,Vehiclenumber,Vehicle Body Type Cd,Vehicle Make Nm,Vehicle Maneuver Type Cd,Vehicle Model Nm,Vehicle Year Nbr,District,District_Used ,Weather Condition,Work Zone Location,Work Zone Related,Work Zone Type,Young Notyoung
No Access Control,Not ALCIHOL,Urban,1,1,"N/A, Unknown, or Unstabilized",122-08580(L)/WOOD STREET,Not UNBELTED,65,Female,A,2,BIKE,9.35,0,0,,2. Angle,"Not Provided,Not Provided","Not Provided,Not Provided",A1US00460,9.35,3,12/14/2012,12/14/2012,22. Bicycle,1435,A.Ambulatory Injury,2012,Left and Right sides,0,0,Norfolk,Urban,22. Bicycle,MAIN,12PM TO 3PM,122.Norfolk,0,Intersection,Reset Filters,VDOT_OTHER,Friday,Not DEER,"North,East",,5,1,130500638,"29,65","Female,Female","PDO,A","1,2","1. No Improper Action,37. Other","2. Not Deployed,3. Unavailable/Not Applicable","Not Applicable,Not Applicable","1. No Defects,1. No Defects","Not Applicable,Not Applicable","1. Had Not Been Drinking,1. Had Not Been Drinking","2. No,2. No","1. Not Ejected,3. Totally Ejected","No,Yes","No,No","3. Lap and Shoulder Belt,9. Not Applicable","11. Moving Vehicle(s),1. Not Obscured",,,9,756709,BUTE STREET(R)/,0,1,"1.Divided, no control of access","22,20",1. On Roadway,"0,0",E,E.Urban Other Principle Arterials; Connecting Links of Other Rural Principal Arterial,Urban Extensions - Primary Routes,Not GUARDRAIL,Not HIT_RUN,"13,3",1,4. Four Approaches,130500638,C,0,0,36.851442,36.851442,0,0.06,Not LRTRUCK,2. Daylight,LOCATED,-76.285129,-76.285129,MAINLINE,MAIN,0,0,Curbed Grass,24,4,Divided Roadway,"22,20",Not MOTORCYCLE,483794,483794. 12208580     A1US00460     A1US00460,45581,43319,43715,42194,42942,5,1,0,PRI_URBAN,,,,,,,,,0,0,0,0,1,,0,0,,,,,,,,,Not PED,,1,0,Norfolk,122,5,NOT-RD,9. Within Intersection,0,9.25,9.35,1. Straight - Level,1. No Defects,"1. Two-Way, Not Divided",1. Dry,"2. Blacktop, Asphalt, Bituminous",400 SAINT PAULS BLVD,USPRI,US,R-VA   US00460NBALT001,"Urbanized (Population 200,000 and over)",3. No,"0,0",43851,41624,42008,40484,41301,SENIOR,Left and Right sides,"15,5","30,25",Not SPEED,"30,25",483794,0,"2. No,1. Yes",0,"0,0",12PM TO 3PM,1,1,3. Traffic Signal,1. Yes - Working,Not a Parkway - Trucks and Commercial Vehicles Allowed,"1,2","1. Passenger car,9. Bicycle","VOLKS,GAINT","1. Going Straight Ahead,1. Going Straight Ahead","JETA,SIMPLE",2011,5,5.Hampton Roads,1. No Adverse Condition (Clear/Cloudy),Not Provided,2. No,Not Provided,Not YOUNG
No Access Control,Not ALCIHOL,Urban,0,0,"N/A, Unknown, or Unstabilized",122-08572(B)/COLLEY AVE,Not UNBELTED,40,Male,C,3,BIKE,0.98,0,0,,2. Angle,"Not Provided,Not Provided,Not Provided","Not Provided,Not Provided,Not Provided",12208563,1.176,4,4/17/2014,4/17/2014,20. Motor Vehicle In Transport,1425,C.Non-Visible Injury,2014,Left and Right sides,1,1,Norfolk,Urban,20. Motor Vehicle In Transport,MAIN,12PM TO 3PM,122.Norfolk,285,Intersection,Reset Filters,VDOT_OTHER,Thursday,Not DEER,"West,South,East",,5,1,141760245,"20,56,40","Male,Male,Male","PDO,PDO,C","1,2,3","11. Did Not Have Right-of-Way,1. No Improper Action,1. No Improper Action","1. Deployed - Front,1. Deployed - Front,Not Provided","Not Applicable,Not Applicable,Not Applicable","1. No Defects,1. No Defects,1. No Defects","Not Applicable,Not Applicable,Not Applicable","1. Had Not Been Drinking,1. Had Not Been Drinking,1. Had Not Been Drinking","2. No,2. No,2. No","1. Not Ejected,1. Not Ejected,Not Provided","No,No,Yes","No,No,No","3. Lap and Shoulder Belt,3. Lap and Shoulder Belt,Not Provided","1. Not Obscured,1. Not Obscured,1. Not Obscured",,,1,485087,25TH STREET(B)/,0,1,"1.Divided, no control of access","20,20,20",1. On Roadway,"0,0,0",H,H.Urban Minor Arterial,Other City or Town Streets (not state maintained),Not GUARDRAIL,Not HIT_RUN,"1,12,0",1,4. Four Approaches,141760245,C,0,0,36.87361,36.87361,0,0.2,Not LRTRUCK,2. Daylight,LOCATED,-76.29548,-76.29548,MAINLINE,MAIN,0,0,Curbed (solid raised),4,4,Divided Roadway,"20,20,20",Not MOTORCYCLE,483539,483539.  SR00247       SR00247      12208563      12208563,19977,20241,20428,19687,18565,4,1,0.054,SEC_URBAN,,,,,,,,,0,0,46,0,1,,0,0,,,,,,,,,Not PED,,1,0,Norfolk,122,5,NOT-RD,9. Within Intersection,0,1.00,1.18,1. Straight - Level,1. No Defects,"3. Two-Way, Divided, Positive Median Barrier",1. Dry,"2. Blacktop, Asphalt, Bituminous",2500 BLK COLLET AVE,URB,UR,R-VA122UR08563SB,"Urbanized (Population 200,000 and over)",3. No,"22,0,3",16192,16027,16175,15588,14278,Not SENIOR,Left and Right sides,"15,30","25,30,0",Not SPEED,"25,30,0",485086,0,"1. Yes,2. No,Not Provided",0,"3,0,0",12PM TO 3PM,1,1,3. Traffic Signal,1. Yes - Working,Not a Parkway - Trucks and Commercial Vehicles Allowed,"1,2,3","1. Passenger car,1. Passenger car,9. Bicycle","FORD,FORD,HUFFY","3. Making Left Turn,1. Going Straight Ahead,1. Going Straight Ahead","TARUS,TARUS,BICYCLE",20022010,5,5.Hampton Roads,1. No Adverse Condition (Clear/Cloudy),Not Provided,2. No,Not Provided,YOUNG
,Not ALCIHOL,Urban,0,0,,,Not UNBELTED,8,Male,B,1,BIKE,,1,1,,2. Angle,"Not Provided,Not Provided","Not Provided,Not Provided",,,,12/15/2012,12/15/2012,22. Bicycle,1518,B.Visiible Injury,2012,,0,0,Newport News,Urban,22. Bicycle,MAIN,3PM TO 6PM,121.Newport News,,Not Intersection,Reset Filters,VDOT_OTHER,Saturday,Not DEER,"North,East",DISTRACTED,5,1,130560448,"8,32","Male,Male","B,PDO","1,2","8. Cutting In,1. No Improper Action","3. Unavailable/Not Applicable,2. Not Deployed","4. No Test,4. No Test","1. No Defects,1. No Defects","7. Eyes Not on Road,Not Applicable","1. Had Not Been Drinking,1. Had Not Been Drinking","2. No,2. No","3. Totally Ejected,1. Not Ejected","Yes,No","No,No","8. No Restraint Used,3. Lap and Shoulder Belt","1. Not Obscured,1. Not Obscured",,,,,,,,,"20,22",1. On Roadway,"0,0",,,,Not GUARDRAIL,Not HIT_RUN,"7,11",1,1. Not at Intersection,,C,0,0,36.992239,36.992239,,,Not LRTRUCK,2. Daylight,UNLOCATED,-76.41193,-76.41193,MAINLINE,,,,,,,,"20,22",Not MOTORCYCLE,,.,,,,,,,1,,SEC_URBAN,,,,,,,,,,,,0,1,,0,0,,,,,,,,,Not PED,,1,0,Newport News,121,5,NOT-RD,8. Non-Intersection,,,,1. Straight - Level,1. No Defects,"1. Two-Way, Not Divided",1. Dry,"2. Blacktop, Asphalt, Bituminous",34th st,UNKWN,SC,U-VA121SC99999UK,,3. No,"0,0",,,,,,Not SENIOR,,"5,10","25,25",Not SPEED,"25,25",,,"2. No,2. No",,"0,0",3PM TO 6PM,1,1,1. No Traffic Control,6. No Traffic Control Device Present,,"1,2","9. Bicycle,1. Passenger car",MERCURY,"3. Making Left Turn,1. Going Straight Ahead",MARQUIS,2000,5,5.Hampton Roads,1. No Adverse Condition (Clear/Cloudy),Not Provided,2. No,Not Provided,Not YOUNG
No Access Control,Not ALCIHOL,Urban,0,0,Bituminous Concrete (Black Base),134-08747(R)/KINGS GRANT RD,Not UNBELTED,14,Female,B,2,BIKE,1.29,1,1,,16. Other,"Not Provided,Not Provided","Not Provided,Not Provided",13408711,1.306,3,4/20/2014,4/20/2014,22. Bicycle,2000,B.Visiible Injury,2014,Left side,0,0,Virginia Beach,Urban,22. Bicycle,MAIN,6PM TO 9PM,134.Virginia Beach,718,Intersection,Reset Filters,VDOT_OTHER,Sunday,Not DEER,"East,North",,5,1,141525126,"42,14","Female,Female","PDO,B","1,2","1. No Improper Action,1. No Improper Action","2. Not Deployed,3. Unavailable/Not Applicable","Not Applicable,Not Applicable","1. No Defects,1. No Defects","14. No Driver Distraction,14. No Driver Distraction","1. Had Not Been Drinking,1. Had Not Been Drinking","2. No,2. No","1. Not Ejected,Not Provided","No,Yes","No,No","3. Lap and Shoulder Belt,5. Helmet","5. Trees, Crops, etc.,1. Not Obscured",,,1,541830,LONG HILL RD(L)/,0,0,"0.Two-way, non-divided","22,20",1. On Roadway,"0,0",I,I.Urban Collector,Other City or Town Streets (not state maintained),Not GUARDRAIL,Not HIT_RUN,"12,9",1,2. Two Approaches,141525126,C,0,0,36.84701,36.84701,0,0.02,Not LRTRUCK,4. Darkness - Road Lighted,LOCATED,-76.08299,-76.08299,MAINLINE,MAIN,0,0,0,0,0,Undivided Roadway,"22,20",Not MOTORCYCLE,541829,541829. 13408711      13408711      13408747,6364,5645,5697,5491,4842,2,1,0.136,SEC_URBAN,,,,,,,,,0,0,28,0,1,,0,0,,,,,,,,,Not PED,,1,0,Virginia Beach,134,5,NOT-RD,9. Within Intersection,2,1.25,1.31,1. Straight - Level,1. No Defects,"1. Two-Way, Not Divided",1. Dry,1. Concrete,441 LYNNHAVEN RD,URB,UR,R-VA134UR08711NB,"Urbanized (Population 200,000 and over)",3. No,"0,0",3861,3144,3173,3058,2614,Not SENIOR,Left side,"15,5",,Not SPEED,"25,0",541829,0.12,"2. No,2. No",0,"0,0",6PM TO 9PM,1,1,1. No Traffic Control,6. No Traffic Control Device Present,Not a Parkway - Trucks and Commercial Vehicles Allowed,"1,2","1. Passenger car,9. Bicycle","Jeep,BICYCLE","2. Making Right Turn,1. Going Straight Ahead",Grand Cherokee,2000,5,5.Hampton Roads,1. No Adverse Condition (Clear/Cloudy),Not Provided,2. No,Not Provided,Not YOUNG
No Access Control,Not ALCIHOL,Urban,0,0,"N/A, Unknown, or Unstabilized",US-00058(L)/122-00005(R)/BRAMBLETON AVE @ DUK,Not UNBELTED,34,Male,B,2,BIKE,27.84,1,1,,13. Bicyclist,"Not Provided,Not Provided","Not Provided,Not Provided",SR00337,27.925,4,4/21/2014,4/21/2014,22. Bicycle,1218,B.Visiible Injury,2014,Left and Right sides,0,0,Norfolk,Urban,22. Bicycle,MAIN,12PM TO 3PM,122.Norfolk,449,Intersection,Reset Filters,VDOT_OTHER,Monday,Not DEER,"South,North",,5,1,141770021,34,"Not Provided,Male","PDO,B","1,2","11. Did Not Have Right-of-Way,1. No Improper Action","Not Provided,3. Unavailable/Not Applicable","Not Applicable,Not Applicable","9. Unknown,1. No Defects","Not Applicable,Not Applicable","6. Unknown,1. Had Not Been Drinking","3. Unknown,2. No","Not Provided,1. Not Ejected","No,No","Yes,No","Not Provided,9. Not Applicable","Not Applicable,1. Not Obscured",,,28,483135,US-00058(L)/122-00005(R)/BRAMBLETON AVE @ DUK,0.34,1,"1.Divided, no control of access","22,20",1. On Roadway,"0,0",E,E.Urban Other Principle Arterials; Connecting Links of Other Rural Principal Arterial,Urban Extensions - Primary Routes,Not GUARDRAIL,HIT_RUN,"11,11",1,4. Four Approaches,141770021,C,0,0,36.85344,36.85344,0,0.34,Not LRTRUCK,2. Daylight,LOCATED,-76.29615,-76.29615,MAINLINE,MAIN,0,0,0,14,14,Divided Roadway,"22,20",Not MOTORCYCLE,483135,483135.  SR00337       SR00337       US00058      12200005,43088,40466,39667,37459,37101,6,1,0.085,PRI_URBAN,,,,,,,,,0,267,0,0,1,,0,0,,,,,,,,,Not PED,,1,0,Norfolk,122,5,NOT-RD,9. Within Intersection,0,27.75,27.93,1. Straight - Level,1. No Defects,"3. Two-Way, Divided, Positive Median Barrier",1. Dry,"2. Blacktop, Asphalt, Bituminous",400 WEST BRAMBLETON AVE,STPRI,SR,R-VA   SR00337WB,"Urbanized (Population 200,000 and over)",3. No,"0,0",36486,34917,34067,32062,32254,Not SENIOR,Left and Right sides,"35,5","35,35",Not SPEED,"35,35",483135,0,"Not Provided,2. No",0,"0,0",12PM TO 3PM,1,1,3. Traffic Signal,1. Yes - Working,Designated Truck Route - D1,"1,2","1. Passenger car,9. Bicycle","PONTIAC,BICYCLE","3. Making Left Turn,1. Going Straight Ahead","SUNFIRE,MOUNTAIN",,5,5.Hampton Roads,1. No Adverse Condition (Clear/Cloudy),Not Provided,2. No,Not Provided,Not YOUNG
No Access Control,Not ALCIHOL,Urban,0,0,"N/A, Unknown, or Unstabilized",REDWOOD FARM DR(L)/,Not UNBELTED,48,Male,B,2,BIKE,3.75,1,1,,2. Angle,"Not Provided,Not Provided","Not Provided,Not Provided",13408711,3.75,3,8/19/2015,8/19/2015,22. Bicycle,1438,B.Visiible Injury,2015,None,0,1,Virginia Beach,Urban,22. Bicycle,MAIN,12PM TO 3PM,134.Virginia Beach,"5,016",Intersection,Reset Filters,VDOT_OTHER,Wednesday,Not DEER,"North,South",,5,1,152325297,"83,48","Male,Male","C,B","1,2","11. Did Not Have Right-of-Way,1. No Improper Action","2. Not Deployed,3. Unavailable/Not Applicable","4. No Test,4. No Test","1. No Defects,1. No Defects","14. No Driver Distraction,14. No Driver Distraction","6. Unknown,6. Unknown","3. Unknown,3. Unknown","1. Not Ejected,3. Totally Ejected","No,Yes","No,No","3. Lap and Shoulder Belt,5. Helmet","1. Not Obscured,1. Not Obscured",,,4,541852,REDWOOD FARM DR(L)/,0.14,0,"0.Two-way, non-divided","22,20",1. On Roadway,"0,0",I,I.Urban Collector,Other City or Town Streets (not state maintained),Not GUARDRAIL,Not HIT_RUN,"1,12",1,3. Three Approaches,152325297,C,0,0,36.87541,36.87541,2,0.14,Not LRTRUCK,2. Daylight,LOCATED,-76.09707,-76.09707,MAINLINE,MAIN,0,0,0,0,0,Undivided Roadway,"22,20",Not MOTORCYCLE,541841,541841. 13400006      13408711      13408711,3777,3714,3748,3612,3614,2,1,0.95,SEC_URBAN,,,,,,,,,0,0,32,0,2,,0,0,,,,,,,,,Not PED,,2,0,Virginia Beach,134,5,NOT-RD,9. Within Intersection,2,3.75,3.75,1. Straight - Level,1. No Defects,"1. Two-Way, Not Divided",1. Dry,"2. Blacktop, Asphalt, Bituminous",1200 LITTLE NECK RD,URB,UR,R-VA134UR08711SB,"Urbanized (Population 200,000 and over)",3. No,"0,0",3543,3505,3537,3409,3404,SENIOR,None,"10,20","25,25",Not SPEED,"25,25",541852,0,"1. Yes,2. No",0,"0,0",12PM TO 3PM,1,1,1. No Traffic Control,6. No Traffic Control Device Present,Not a Parkway - Trucks and Commercial Vehicles Allowed,"1,2","22. Truck - Sport Utility Vehicle (SUV),9. Bicycle","LEXUS,N/A","3. Making Left Turn,1. Going Straight Ahead","RX 330,BICYCLE",20042014,5,5.Hampton Roads,1. No Adverse Condition (Clear/Cloudy),Not Provided,2. No,Not Provided,Not YOUNG
,Not ALCIHOL,Urban,1,1,,,Not UNBELTED,18,Male,A,2,BIKE,,0,0,,2. Angle,"Not Provided,Not Provided","Not Provided,Not Provided",,,,8/20/2015,8/20/2015,22. Bicycle,1905,A.Ambulatory Injury,2015,,0,0,Newport News,Urban,22. Bicycle,MAIN,6PM TO 9PM,121.Newport News,,Not Intersection,Reset Filters,VDOT_OTHER,Thursday,Not DEER,"North,West",,5,1,160210193,"49,18","Female,Male","PDO,A","1,2","11. Did Not Have Right-of-Way,1. No Improper Action","2. Not Deployed,3. Unavailable/Not Applicable","4. No Test,4. No Test","1. No Defects,1. No Defects","Not Applicable,Not Applicable","1. Had Not Been Drinking,1. Had Not Been Drinking","2. No,2. No","1. Not Ejected,3. Totally Ejected","No,No","No,No","3. Lap and Shoulder Belt,9. Not Applicable","1. Not Obscured,1. Not Obscured",,,,,,,,,"22,20",1. On Roadway,"0,0",,,,Not GUARDRAIL,Not HIT_RUN,"1,12",1,3. Three Approaches,,C,0,0,37.05701,37.05701,,,Not LRTRUCK,2. Daylight,UNLOCATED,-76.45651,-76.45651,MAINLINE,,,,,,,,"22,20",Not MOTORCYCLE,,.,,,,,,,1,,SEC_URBAN,,,,,,,,,,,,0,1,,0,0,,,,,,,,,Not PED,,1,0,Newport News,121,5,NOT-RD,9. Within Intersection,,,,3. Grade - Straight,1. No Defects,"1. Two-Way, Not Divided",1. Dry,"2. Blacktop, Asphalt, Bituminous",DRESDEN DR,UNKWN,SC,U-VA121SC99999UK,,3. No,"0,0",,,,,,Not SENIOR,,"3,2","25,25",Not SPEED,"25,25",,,"2. No,2. No",,"0,0",6PM TO 9PM,1,1,8. Yield Sign,1. Yes - Working,,"1,2","1. Passenger car,9. Bicycle",FORD,"2. Making Right Turn,1. Going Straight Ahead",FUSION,2008,5,5.Hampton Roads,1. No Adverse Condition (Clear/Cloudy),Not Provided,2. No,Not Provided,YOUNG
No Access Control,Not ALCIHOL,Urban,0,0,Bituminous Concrete (Black Base),SR-00134(R)/114-07033(L)/,Not UNBELTED,52,Male,C,1,BIKE,63.66,0,0,,2. Angle,"Not Provided,Not Provided","Not Provided,Not Provided",US00258,63.667,4,12/18/2012,12/18/2012,22. Bicycle,2232,C.Non-Visible Injury,2012,Left and Right sides,1,1,Hampton,Urban,22. Bicycle,MAIN,9PM TO 12AM,114.Hampton,37,Intersection,Reset Filters,VDOT_OTHER,Tuesday,Not DEER,"East,North",,5,1,130560045,"52,26","Male,Male","C,PDO","1,2","21. Disregarded Traffic Signal,1. No Improper Action","3. Unavailable/Not Applicable,2. Not Deployed","4. No Test,4. No Test","1. No Defects,1. No Defects","Not Applicable,Not Applicable","1. Had Not Been Drinking,1. Had Not Been Drinking","2. No,2. No","2. Partially Ejected,1. Not Ejected","No,No","No,No","9. Not Applicable,3. Lap and Shoulder Belt","1. Not Obscured,1. Not Obscured",,,64,253023,SR-00134(R)/114-07033(L)/,0.07,1,"1.Divided, no control of access","22,20",1. On Roadway,"0,0",H,H.Urban Minor Arterial,Urban Extensions - Primary Routes,Not GUARDRAIL,Not HIT_RUN,"5,11",1,4. Four Approaches,130560045,C,0,0,37.044093,37.044093,0,0.07,Not LRTRUCK,4. Darkness - Road Lighted,LOCATED,-76.376869,-76.376869,MAINLINE,MAIN,0,0,Curbed Grass,16,4,Divided Roadway,"22,20",Not MOTORCYCLE,253023,253023.  SR00134       US00258       US00258      11407033,71588,70701,68826,67365,68698,8,1,0.007,PRI_URBAN,,,,,,,,,0,160,102,0,1,,0,0,,,,,,,,,Not PED,,1,0,Hampton,114,5,NOT-RD,9. Within Intersection,0,63.50,63.67,1. Straight - Level,1. No Defects,"2. Two-Way, Divided, Unprotected Median",1. Dry,"2. Blacktop, Asphalt, Bituminous",w. mercury blvd,USPRI,US,R-VA   US00258WB,"Urbanized (Population 200,000 and over)",3. No,"0,0",52503,51450,47960,46252,47189,Not SENIOR,None,"10,15","45,45",Not SPEED,"45,45",253023,0,"1. Yes,1. Yes",0,"0,0",9PM TO 12AM,1,1,3. Traffic Signal,1. Yes - Working,Not a Parkway - Trucks and Commercial Vehicles Allowed,"1,2","9. Bicycle,1. Passenger car","iron horse,toyota","1. Going Straight Ahead,3. Making Left Turn","rst,celica",2001,5,5.Hampton Roads,1. No Adverse Condition (Clear/Cloudy),Not Provided,2. No,Not Provided,Not YOUNG
Partial Access Control,ALCOHOL,Urban,0,0,Dual Type,134-08727(L)/LINWOOD DR,Not UNBELTED,25,Male,K,1,BIKE,507.55,0,0,,2. Angle,"Not Provided,Not Provided","Not Provided,Not Provided",US00058,507.65,3,12/18/2012,12/18/2012,22. Bicycle,2327,K.Fatal Injury,2012,Right side,0,0,Virginia Beach,Urban,22. Bicycle,MAIN,9PM TO 12AM,134.Virginia Beach,"1,584",Intersection,Reset Filters,VDOT_OTHER,Tuesday,Not DEER,"East,West",,5,1,123635232,"25,30","Male,Male","K,PDO","1,2","22. Disregarded Stop or Yield Sign,1. No Improper Action","3. Unavailable/Not Applicable,2. Not Deployed","Not Applicable,Not Applicable","9. Unknown,1. No Defects","14. No Driver Distraction,14. No Driver Distraction","5. Drinking - Not Known Whether Impaired,1. Had Not Been Drinking","3. Unknown,2. No","1. Not Ejected,1. Not Ejected","Yes,No","No,No","8. No Restraint Used,3. Lap and Shoulder Belt","1. Not Obscured,1. Not Obscured",,,508,541064,LINBAY DRIVE(L)/,0,2,"2.Divided, partial control of access","20,22",1. On Roadway,"0,0",E,E.Urban Other Principle Arterials; Connecting Links of Other Rural Principal Arterial,Urban Extensions - Primary Routes,Not GUARDRAIL,Not HIT_RUN,"1,13",0,1. Not at Intersection,123635232,C,1,1,36.851953,36.851953,3,0.12,Not LRTRUCK,4. Darkness - Road Lighted,LOCATED,-76.007395,-76.007395,MAINLINE,MAIN,0,0,Curbed Grass,24,14,Divided Roadway,"20,22",Not MOTORCYCLE,541065,541065.  US00058       US00058      13408727,28598,29198,29947,29375,28113,4,1,0.3,PRI_URBAN,,,,,,,,,0,268,50,0,1,,0,0,,,,,,,,,Not PED,,0,1,Virginia Beach,134,5,NOT-RD,8. Non-Intersection,0,507.75,507.75,1. Straight - Level,1. No Defects,"1. Two-Way, Not Divided",1. Dry,"2. Blacktop, Asphalt, Bituminous",1369 LASKIN RD,USPRI,US,R-VA   US00058EB,"Urbanized (Population 200,000 and over)",3. No,"0,0",28196,28746,29491,28936,27742,Not SENIOR,None,25,"25,25",Not SPEED,"25,25",541065,0.2,"2. No,2. No",0,"0,0",9PM TO 12AM,1,1,8. Yield Sign,1. Yes - Working,Not a Parkway - Trucks and Commercial Vehicles Allowed,"1,2","9. Bicycle,1. Passenger car","GMC,ACURA","3. Making Left Turn,1. Going Straight Ahead","DENALI,TL",2002,5,5.Hampton Roads,1. No Adverse Condition (Clear/Cloudy),Not Provided,2. No,Not Provided,Not YOUNG
No Access Control,Not ALCIHOL,Urban,0,0,Bituminous Concrete (Black Base),PRIMROSE AVE(R)/,Not UNBELTED,62,Female,C,1,BIKE,0.92,0,0,,2. Angle,"Not Provided,Not Provided","Not Provided,Not Provided",SR00169,1.181,4,12/19/2012,12/19/2012,20. Motor Vehicle In Transport,755,C.Non-Visible Injury,2012,Left and Right sides,1,1,Hampton,Urban,20. Motor Vehicle In Transport,MAIN,6AM TO 9AM,114.Hampton,"5,074",Intersection,Reset Filters,VDOT_OTHER,Wednesday,Not DEER,"North,East",,5,1,130570316,"62,37","Female,Female","C,PDO","1,2","1. No Improper Action,1. No Improper Action","3. Unavailable/Not Applicable,2. Not Deployed","Not Applicable,Not Applicable","1. No Defects,1. No Defects","Not Applicable,Not Applicable","1. Had Not Been Drinking,1. Had Not Been Drinking","2. No,2. No","3. Totally Ejected,1. Not Ejected","No,No","No,No","9. Not Applicable,3. Lap and Shoulder Belt","1. Not Obscured,1. Not Obscured",,,2,253102,WHITAKER AVE(L)/,0,1,"1.Divided, no control of access","20,20",1. On Roadway,"0,0",H,H.Urban Minor Arterial,Urban Extensions - Primary Routes,Not GUARDRAIL,Not HIT_RUN,"10,12",1,3. Three Approaches,130570316,C,0,0,37.031764,37.031764,0,0.73,Not LRTRUCK,2. Daylight,LOCATED,-76.307411,-76.307411,MAINLINE,MAIN,0,0,Curbed Grass,10,4,Divided Roadway,"20,20",Not MOTORCYCLE,253100,253100.  SR00169       SR00169       US00258       US00258,15287,14949,12508,12062,12307,4,1,0.961,PRI_URBAN,,,,,,,,,0,0,44,0,1,,0,0,,,,,,,,,Not PED,,1,0,Hampton,114,5,NOT-RD,9. Within Intersection,0,1.00,1.18,1. Straight - Level,1. No Defects,"3. Two-Way, Divided, Positive Median Barrier",1. Dry,"2. Blacktop, Asphalt, Bituminous",N MALLORY ST,STPRI,SR,R-VA   SR00169SB,"Urbanized (Population 200,000 and over)",3. No,"0,0",6405,6263,5549,5351,5460,Not SENIOR,Left side,"4,4","45,25",Not SPEED,"45,25",253101,0,"1. Yes,2. No",0,"0,0",6AM TO 9AM,1,1,4. Stop Sign,1. Yes - Working,Not a Parkway - Trucks and Commercial Vehicles Allowed,"1,2","9. Bicycle,1. Passenger car",PONTIAC,"2. Making Right Turn,1. Going Straight Ahead","BICYCLE,GRAND AM",1998,5,5.Hampton Roads,1. No Adverse Condition (Clear/Cloudy),Not Provided,2. No,Not Provided,Not YOUNG