Access Control,Alcohol Notalcohol,Area Type1,A Crash,A People,Basetypedesc,Begin Node Dsc,Belted Unbelted,Bikeage,Bikegen,Bikeinjurytype,Bikevehiclenumber,Bike Nonbike,BMP,B Crash,B People,Carspeedlimit,Collision Type,Comm Cargo Body Type Cd,Comm Vehicle Body Type Cd,Cotedrouteid,Coted Mp,Count App,CRASH_DT (copy),Crash Dt,Crash Event Type Dsc,Crash Military Tm,Crash Severity,Crash Year,Curbgutterdesc,C Crash,C People,Juris Name Used,Area Type Used,First Harmful Event of Entire Crash,MAINLINE,Time Slicing Used,Phy_Juris_Nm,Offset-Ft,Intersection Analysis,Clear,Calculation_9640323132123359,Day Of Week,Deer Nodeer,Direction Of Travel Cd,Distracted Notdistracted,VSP,TOTAL CRASH,Document Nbr,Driverage,Drivergen,Driverinjurytype,Drivervehiclenumber,Driver Action Type Cd,Driver Airbag Deployment,Driver Alcohol Test Type Cd,Driver Condition Type Cd,Driver Distraction Type Cd,Driver Drinking Type Cd,Driver Drug Use Cd,Driver Ejected From Vehicle,Driver Ems Transport Ind,Driver Fled Scene Ind,Driver Safety Equip Used,Driver Vis Obscured Type Cd,Drowsy Notdrowsy,Drug Nodrug,EMP,End Node,End Node Dsc,End Offset,Facility,FAC,First Crash Event Cd,First Harmful Event,Fourth Crash Event Cd,Functionalclass,FUN,Govcondesc,Gr Nogr,Hitrun Not Hitrun,Initial Veh Impact Area Cd,Injury Crashes,Intersection Type,Int Doc,Jurtype,K_CRASH,K People,LAT (copy),LAT,Leftshoulderwidth,Length,Lgtruck Nonlgtruck,Light Condition,Located Unlocated,LON (copy),LON,MAINLINE (group),Mainline Yn,Medianleftshoulderwidth,Medianrightshoulderwidth,Mediantypedesc,Medianwidthmax,Medianwidthmin,Median Type,Most Harmful Crash Event Cd,Motor Nonmotor,Node,Node Info,Node Totaadt2011,Node Totaadt2012,Node Totaadt2013,Node Totaadt2014,Node Totaadt2015,Numberoflane,Number of Records,Offset,Ownership,Passage,Passgen,Passinjurytype,Passvehiclenumber,Pass Airbag Deployment,Pass Ejected From Vehicle,Pass Ems Transport Ind,Pass Safety Equip Used,Pavementconditionvalue,Pavementroughnessvalue,Pavementwidth,Pdo Crash,Total People Killed & Injured,Pedage,Pedestrians Injured,Pedestrians Killed,Pedgen,Pedinjurytype,Pednumber,Ped Action,Ped Al Test,Ped Cond,Ped Drink,Ped Drug,Ped Nonped,Ped Rflct,Persons Injured,Persons Killed,Physical Juris Nm,PJR,VSP_Used,Rd Type,Relation To Roadway,Rightshoulderwidth,RNS_MP (0.25 mi bin),Rns Mp,Roadway Alignment,Roadway Defect,Roadway Description,Roadway Surface Cond,Roadway Surface Type,Route Or Street Nm,Rte Category Cd,Rte Cat,Rte Nm,Ruralurbandesc,School Zone,Second Crash Event Cd,Segtotaadt2011,Segtotaadt2012,Segtotaadt2013,Segtotaadt2014,Segtotaadt2015,Senior Notsenior,Sidewalkdesc,Speed Before,Speed Max Safe,Speed Notspeed,Speed Posted,Start Node,Start Offset,Summons Issued Cd,Surfacedesc,Third Crash Event Cd,Time Slicing,Total Crashes including Property Damage Only,Total Crash,Traffic Control Type,Trfc Ctrl Status Type,Truckcommr,Vehiclenumber,Vehicle Body Type Cd,Vehicle Make Nm,Vehicle Maneuver Type Cd,Vehicle Model Nm,Vehicle Year Nbr,District,District_Used ,Weather Condition,Work Zone Location,Work Zone Related,Work Zone Type,Young Notyoung
No Access Control,Not ALCIHOL,Urban,0,0,Portland Cement Concrete,122-08581(R)/STURGIS RD,Not UNBELTED,36,Female,B,1,BIKE,283.39,1,1,,13. Bicyclist,"Not Provided,Not Provided","Not Provided,Not Provided",US00060,283.939,3,4/26/2014,4/26/2014,22. Bicycle,1526,B.Visiible Injury,2014,Left and Right sides,0,0,Norfolk,Urban,22. Bicycle,MAIN,3PM TO 6PM,122.Norfolk,428,Intersection,Reset Filters,VDOT_OTHER,Saturday,Not DEER,"West,West",,5,1,141780239,"36,23","Female,Female","B,PDO","1,2","10. Wrong Side Of Road - Not Overtaking,1. No Improper Action","3. Unavailable/Not Applicable,2. Not Deployed","Not Applicable,Not Applicable","Not Applicable,1. No Defects","Not Applicable,Not Applicable","1. Had Not Been Drinking,1. Had Not Been Drinking","3. Unknown,2. No","3. Totally Ejected,1. Not Ejected","Yes,NotProvided","No,No","5. Helmet,3. Lap and Shoulder Belt","Not Applicable,1. Not Obscured",,,284,483168,122-08618(R)/CAPEVIEW AV,0,0,"0.Two-way, non-divided","22,0",1. On Roadway,"0,0",E,E.Urban Other Principle Arterials; Connecting Links of Other Rural Principal Arterial,Urban Extensions - Primary Routes,Not GUARDRAIL,Not HIT_RUN,"12,12",1,1. Not at Intersection,141780239,C,0,0,36.93865,36.93865,0,0.63,Not LRTRUCK,2. Daylight,LOCATED,-76.22377,-76.22377,MAINLINE,MAIN,0,0,0,0,0,Undivided Roadway,"22,0",Not MOTORCYCLE,483168,483168.  US00060       US00060      12208618,17713,16758,16913,16298,17587,4,1,0.081,PRI_URBAN,,,,,,,,,0,220,48,0,1,,0,0,,,,,,,,,Not PED,,1,0,Norfolk,122,5,NOT-RD,8. Non-Intersection,0,283.75,283.94,1. Straight - Level,1. No Defects,"2. Two-Way, Divided, Unprotected Median",1. Dry,"2. Blacktop, Asphalt, Bituminous",1800 e ocean view ave,USPRI,US,R-VA   US00060EB,"Urbanized (Population 200,000 and over)",3. No,"0,0",14094,13716,13843,13340,15276,Not SENIOR,Left and Right sides,"5,37","35,35",SPEED,"35,35",483169,0,"2. No,2. No",0,"0,0",3PM TO 6PM,1,1,6. Traffic Lanes Marked,6. No Traffic Control Device Present,Not a Parkway - Trucks and Commercial Vehicles Allowed,"1,2","9. Bicycle,1. Passenger car","bicycle,TOYOTA","6. Merging Into Traffic Lane,1. Going Straight Ahead",4runner,2004,5,5.Hampton Roads,1. No Adverse Condition (Clear/Cloudy),Not Provided,2. No,Not Provided,Not YOUNG
No Access Control,Not ALCIHOL,Urban,0,0,Bituminous Concrete (Black Base),US-00258-W059B(L)/SR-00143-N011A(L)/RAMP TO U,Not UNBELTED,30,Male,B,2,BIKE,59.52,1,1,,2. Angle,"Not Provided,Not Provided","Not Provided,Not Provided",US00258,59.569,3,4/28/2014,4/28/2014,22. Bicycle,2229,B.Visiible Injury,2014,Left and Right sides,0,0,Newport News,Urban,22. Bicycle,MAIN,9PM TO 12AM,121.Newport News,259,Intersection,Reset Filters,VDOT_OTHER,Monday,Not DEER,"West,East",DISTRACTED,5,1,141780113,30,"Not Provided,Male","PDO,B","1,2","34. Hit and Run,37. Other","5. Unknown,3. Unavailable/Not Applicable","Not Applicable,Not Applicable","9. Unknown,1. No Defects","11. Other,11. Other","6. Unknown,6. Unknown","3. Unknown,3. Unknown","1. Not Ejected,2. Partially Ejected","No,Yes","Yes,No","6. Other,8. No Restraint Used","13. Other,13. Other",,,60,756247,US-00258-W059B(L)/SR-00143-N011A(L)/RAMP TO U,0.12,1,"1.Divided, no control of access","22,20",1. On Roadway,"0,0",E,E.Urban Other Principle Arterials; Connecting Links of Other Rural Principal Arterial,Urban Extensions - Primary Routes,Not GUARDRAIL,HIT_RUN,"12,9",1,1. Not at Intersection,141780113,C,0,0,37.02048,37.02048,0,0.12,Not LRTRUCK,4. Darkness - Road Lighted,LOCATED,-76.44258,-76.44258,MAINLINE,MAIN,0,0,Curbed Grass,24,4,Divided Roadway,"22,20",Not MOTORCYCLE,756247,756247.  SR00143N011A  US00258       US00258,39576,39176,38335,38753,39751,6,1,0.049,PRI_URBAN,,,,,,,,,0,225,76,0,1,,0,0,,,,,,,,,Not PED,,1,0,Newport News,121,5,NOT-RD,1. Main-Line Roadway,0,59.50,59.57,1. Straight - Level,1. No Defects,"2. Two-Way, Divided, Unprotected Median",2. Wet,"2. Blacktop, Asphalt, Bituminous",5018 MERCURY BLVD,USPRI,US,R-VA   US00258WB,"Urbanized (Population 200,000 and over)",3. No,"0,0",39576,39176,38335,38753,39751,Not SENIOR,Left and Right sides,"0,7","35,35",Not SPEED,"35,35",756247,0,"2. No,2. No",0,"0,0",9PM TO 12AM,1,1,6. Traffic Lanes Marked,1. Yes - Working,Truck Access System,"1,2","1. Passenger car,9. Bicycle",FORD,"2. Making Right Turn,1. Going Straight Ahead",MUSTANG,,5,5.Hampton Roads,5. Rain,Not Provided,2. No,Not Provided,Not YOUNG
No Access Control,Not ALCIHOL,Urban,0,0,Bituminous Concrete (Black Base),131-00005(L)/CROSSWAYS BLVD.(R)/,Not UNBELTED,20,Male,B,2,BIKE,1.3,1,1,,2. Angle,"Not Provided,Not Provided","Not Provided,Not Provided",13108717,1.716,3,4/29/2014,4/29/2014,22. Bicycle,1646,B.Visiible Injury,2014,Left and Right sides,0,0,Chesapeake,Urban,22. Bicycle,MAIN,3PM TO 6PM,131.Chesapeake,"2,196",Intersection,Reset Filters,VDOT_OTHER,Tuesday,Not DEER,"East,West",,5,1,141195390,"69,20","Female,Male","PDO,B","1,2","1. No Improper Action,10. Wrong Side Of Road - Not Overtaking","2. Not Deployed,3. Unavailable/Not Applicable","Not Applicable,Not Applicable","1. No Defects,1. No Defects","14. No Driver Distraction,14. No Driver Distraction","1. Had Not Been Drinking,1. Had Not Been Drinking","2. No,2. No","1. Not Ejected,1. Not Ejected","No,Yes","No,No","3. Lap and Shoulder Belt,8. No Restraint Used","1. Not Obscured,1. Not Obscured",,,2,484918,EXECUTIVE BLVD(B)/,0,1,"1.Divided, no control of access","22,20",1. On Roadway,"0,0",H,H.Urban Minor Arterial,Other City or Town Streets (not state maintained),Not GUARDRAIL,Not HIT_RUN,"1,4",1,4. Four Approaches,141195390,C,0,0,36.76756,36.76756,0,0.42,Not LRTRUCK,2. Daylight,LOCATED,-76.23591,-76.23591,MAINLINE,MAIN,6,6,Grass/Unprotected,36,24,Divided Roadway,"22,20",Not MOTORCYCLE,484917,484917. 13100005      13108717      13108717,29342,28692,28854,30300,30902,4,1,0.416,SEC_URBAN,,,,,,,,,0,0,56,0,1,,0,0,,,,,,,,,Not PED,,1,0,Chesapeake,131,5,NOT-RD,9. Within Intersection,0,1.50,1.72,1. Straight - Level,1. No Defects,"3. Two-Way, Divided, Positive Median Barrier",2. Wet,"2. Blacktop, Asphalt, Bituminous",VOLVO PW,URB,UR,R-VA131UR08717WB,"Urbanized (Population 200,000 and over)",3. No,"0,0",23707,23182,23313,24153,24633,SENIOR,None,"3,5","45,5",Not SPEED,"45,45",484917,0,"2. No,2. No",0,"0,0",3PM TO 6PM,1,1,3. Traffic Signal,1. Yes - Working,Not a Parkway - Trucks and Commercial Vehicles Allowed,"1,2","22. Truck - Sport Utility Vehicle (SUV),9. Bicycle","HONDA,SCHWINN","2. Making Right Turn,1. Going Straight Ahead","SUV,BICYCLE",20132012,5,5.Hampton Roads,5. Rain,Not Provided,2. No,Not Provided,YOUNG
No Access Control,ALCOHOL,Urban,1,1,Dual Type,PHILLIPS AVE(L)/,Not UNBELTED,17,Male,A,2,BIKE,1.21,0,0,,2. Angle,"Not Provided,Not Provided","Not Provided,Not Provided",C7US00058,1.257,4,12/24/2012,12/24/2012,20. Motor Vehicle In Transport,1708,A.Ambulatory Injury,2012,None,0,1,Virginia Beach,Urban,20. Motor Vehicle In Transport,MAIN,3PM TO 6PM,134.Virginia Beach,755,Intersection,Reset Filters,VDOT_OTHER,Monday,Not DEER,"East,South",,5,1,123605107,"34,17","Male,Male","C,A","1,2","1. No Improper Action,37. Other","2. Not Deployed,3. Unavailable/Not Applicable","4. No Test,4. No Test","1. No Defects,1. No Defects","14. No Driver Distraction,14. No Driver Distraction","1. Had Not Been Drinking,5. Drinking - Not Known Whether Impaired","2. No,2. No","1. Not Ejected,1. Not Ejected","No,Yes","No,No","3. Lap and Shoulder Belt,9. Not Applicable","1. Not Obscured,1. Not Obscured",,,1,541096,PHILLIPS AVE(L)/,0.71,0,"0.Two-way, non-divided","20,20",1. On Roadway,"0,0",H,H.Urban Minor Arterial,Urban Extensions - Primary Routes,Not GUARDRAIL,Not HIT_RUN,"12,3",1,1. Not at Intersection,123605107,C,0,0,36.842774,36.842774,6,0.1,Not LRTRUCK,3. Dusk,LOCATED,-76.023671,-76.023671,MAINLINE,MAIN,0,0,0,0,0,Undivided Roadway,"20,20",Not MOTORCYCLE,541095,541095. 13400009      13408726     C7US00058     C7US00058,42867,39753,40120,38664,39701,4,1,0.143,PRI_URBAN,,,,,,,,,0,283,40,0,2,,0,0,,,,,,,,,Not PED,,2,0,Virginia Beach,134,5,NOT-RD,8. Non-Intersection,6,1.25,1.30,1. Straight - Level,1. No Defects,"1. Two-Way, Not Divided",1. Dry,"2. Blacktop, Asphalt, Bituminous",1733 VIRGINIA BEACH BLVD,USPRI,US,R-VA   US00058EBBUS007,"Urbanized (Population 200,000 and over)",3. No,"0,0",32705,28512,28775,27731,29732,Not SENIOR,None,"30,5","35,35",Not SPEED,"35,35",541096,0.61,"2. No,1. Yes",0,"0,0",3PM TO 6PM,1,1,6. Traffic Lanes Marked,1. Yes - Working,Truck Access System,"1,2","2. Truck - Pick-up/Passenger Truck,9. Bicycle","Ford,BICYCLE","1. Going Straight Ahead,1. Going Straight Ahead","Super Duty F-250,UNK",2007,5,5.Hampton Roads,1. No Adverse Condition (Clear/Cloudy),Not Provided,2. No,Not Provided,YOUNG
No Access Control,Not ALCIHOL,Urban,0,0,"N/A, Unknown, or Unstabilized",BRIDGE LANDING COURT(R)/,Not UNBELTED,29,Male,B,2,BIKE,2.8,1,1,,2. Angle,"Not Provided,Not Provided","Not Provided,Not Provided",13408726,2.865,4,5/2/2014,5/2/2014,20. Motor Vehicle In Transport,1435,B.Visiible Injury,2014,Left and Right sides,0,1,Virginia Beach,Urban,20. Motor Vehicle In Transport,MAIN,12PM TO 3PM,134.Virginia Beach,554,Intersection,Reset Filters,VDOT_OTHER,Friday,Not DEER,"North,West",,5,1,141235089,"82,29","Female,Male","C,B","1,2","11. Did Not Have Right-of-Way,1. No Improper Action","2. Not Deployed,3. Unavailable/Not Applicable","4. No Test,4. No Test","1. No Defects,1. No Defects","14. No Driver Distraction,14. No Driver Distraction","1. Had Not Been Drinking,1. Had Not Been Drinking","2. No,2. No","1. Not Ejected,Not Provided","No,No","No,No","3. Lap and Shoulder Belt,5. Helmet","1. Not Obscured,1. Not Obscured",,,3,541673,OLD LONDON BRIDGE ROAD(R)/,0,0,"0.Two-way, non-divided","22,20",1. On Roadway,"0,0",I,I.Urban Collector,Other City or Town Streets (not state maintained),Not GUARDRAIL,Not HIT_RUN,"12,10",1,1. Not at Intersection,141235089,C,0,0,36.83678,36.83678,0,0.11,Not LRTRUCK,2. Daylight,LOCATED,-76.0521,-76.0521,MAINLINE,MAIN,0,0,0,0,0,Undivided Roadway,"22,20",Not MOTORCYCLE,541672,541672. 13408685      13408685      13408726      13408726,28295,34948,35271,33990,36017,4,1,0.105,SEC_URBAN,,,,,,,,,3.7,0,52,0,2,,0,0,,,,,,,,,Not PED,,2,0,Virginia Beach,134,5,NOT-RD,"13. Driveway, Alley-Access - Related",0,2.75,2.85,1. Straight - Level,1. No Defects,"2. Two-Way, Divided, Unprotected Median",1. Dry,"2. Blacktop, Asphalt, Bituminous",2404 POTTERS ROAD,URB,UR,R-VA134UR08726NB,"Urbanized (Population 200,000 and over)",3. No,"0,0",14833,8012,8086,7792,7161,SENIOR,Left and Right sides,"20,20","35,35",Not SPEED,"35,35",734803,0,"1. Yes,2. No",0,"0,0",12PM TO 3PM,1,1,6. Traffic Lanes Marked,1. Yes - Working,Not a Parkway - Trucks and Commercial Vehicles Allowed,"1,2","1. Passenger car,9. Bicycle","Mercury,FUJI","3. Making Left Turn,1. Going Straight Ahead","Grand Marquis,C-7 BICYCLE",20002006,5,5.Hampton Roads,1. No Adverse Condition (Clear/Cloudy),Not Provided,2. No,Not Provided,Not YOUNG
No Access Control,Not ALCIHOL,Urban,0,0,Bituminous Concrete (Black Base),134-08688(B)/,Not UNBELTED,22,Female,B,2,BIKE,0.45,1,1,,2. Angle,"Not Provided,Not Provided","Not Provided,Not Provided",13408690,0.472,4,5/4/2014,5/4/2014,22. Bicycle,1336,B.Visiible Injury,2014,None,0,0,Virginia Beach,Urban,22. Bicycle,MAIN,12PM TO 3PM,134.Virginia Beach,116,Intersection,Reset Filters,VDOT_OTHER,Sunday,Not DEER,"South,West",,5,1,141345033,"68,22","Male,Female","PDO,B","1,2","11. Did Not Have Right-of-Way,1. No Improper Action","2. Not Deployed,3. Unavailable/Not Applicable","4. No Test,4. No Test","1. No Defects,1. No Defects","14. No Driver Distraction,14. No Driver Distraction","1. Had Not Been Drinking,1. Had Not Been Drinking","2. No,2. No","1. Not Ejected,1. Not Ejected","No,Yes","No,No","3. Lap and Shoulder Belt,5. Helmet","1. Not Obscured,1. Not Obscured",,,1,715409,134-08688(B)/,0.05,0,"0.Two-way, non-divided","22,20",1. On Roadway,"0,0",I,I.Urban Collector,Other City or Town Streets (not state maintained),Not GUARDRAIL,Not HIT_RUN,"11,3",1,4. Four Approaches,141345033,C,0,0,36.78472,36.78472,1,0.05,Not LRTRUCK,2. Daylight,LOCATED,-76.03899,-76.03899,MAINLINE,MAIN,0,0,0,0,0,Undivided Roadway,"22,20",Not MOTORCYCLE,715409,715409. 13408688      13408688      13408690      13408690,33551,34227,34543,33289,32546,2,1,0.022,SEC_URBAN,,,,,,,,,3.7,0,19,0,1,,0,0,,,,,,,,,Not PED,,1,0,Virginia Beach,134,5,NOT-RD,9. Within Intersection,1,0.25,0.47,1. Straight - Level,1. No Defects,"2. Two-Way, Divided, Unprotected Median",1. Dry,"2. Blacktop, Asphalt, Bituminous",2339 HARPERS ROAD,URB,UR,R-VA134UR08690EB,"Urbanized (Population 200,000 and over)",3. No,"0,0",6826,6630,6691,6448,7129,SENIOR,None,"10,15","25,55",Not SPEED,"35,55",715409,0,"2. No,2. No",0,"0,0",12PM TO 3PM,1,1,3. Traffic Signal,1. Yes - Working,Not a Parkway - Trucks and Commercial Vehicles Allowed,"1,2","3. Van,9. Bicycle","PLYM,SCATTANTE","2. Making Right Turn,1. Going Straight Ahead","VOYAGER,DX350",19982014,5,5.Hampton Roads,1. No Adverse Condition (Clear/Cloudy),Not Provided,2. No,Not Provided,Not YOUNG
,Not ALCIHOL,Urban,0,0,,,Not UNBELTED,21,Not Provided,C,2,BIKE,,0,0,,16. Other,"Not Provided,Not Provided","Not Provided,Not Provided",,,,8/22/2015,8/22/2015,22. Bicycle,1913,C.Non-Visible Injury,2015,,1,1,Williamsburg,Urban,22. Bicycle,MAIN,6PM TO 9PM,137.Williamsburg,,Not Intersection,Reset Filters,VDOT_OTHER,Saturday,Not DEER,"West,West",,5,1,160225321,"48,21","Male,Not Provided","PDO,C","1,2","1. No Improper Action,11. Did Not Have Right-of-Way","2. Not Deployed,3. Unavailable/Not Applicable","4. No Test,4. No Test","1. No Defects,1. No Defects","Not Applicable,Not Applicable","1. Had Not Been Drinking,1. Had Not Been Drinking","2. No,2. No","1. Not Ejected,1. Not Ejected","No,Yes","No,No","3. Lap and Shoulder Belt,9. Not Applicable","1. Not Obscured,1. Not Obscured",,,,,,,,,"22,0",1. On Roadway,"0,0",,,,Not GUARDRAIL,Not HIT_RUN,"12,9",1,1. Not at Intersection,,C,0,0,37.30441,37.30441,,,Not LRTRUCK,2. Daylight,UNLOCATED,-76.72892,-76.72892,MAINLINE,,,,,,,,"22,0",Not MOTORCYCLE,,.,,,,,,,1,,SEC_URBAN,,,,,,,,,,,,0,1,,0,0,,,,,,,,,Not PED,,1,0,Williamsburg,137,5,NOT-RD,"13. Driveway, Alley-Access - Related",,,,1. Straight - Level,1. No Defects,"3. Two-Way, Divided, Positive Median Barrier",1. Dry,1. Concrete,RICHMOND ROAD,UNKWN,SC,U-VA137SC99999UK,,3. No,"0,0",,,,,,Not SENIOR,,"5,5","5,25",Not SPEED,"35,25",,,"2. No,1. Yes",,"0,0",6PM TO 9PM,1,1,1. No Traffic Control,6. No Traffic Control Device Present,,"1,2","4. Truck - Single Unit Truck (2-Axles),9. Bicycle","JEEP,HOND","16. Entering Street From Parking Lot,1. Going Straight Ahead",GRAND CHEROK,20152003,5,5.Hampton Roads,1. No Adverse Condition (Clear/Cloudy),Not Provided,2. No,Not Provided,Not YOUNG
No Access Control,Not ALCIHOL,Urban,0,0,"N/A, Unknown, or Unstabilized",1SR-00337-P(L)/122-08580(L)/MAY STREET(R)/& C,Not UNBELTED,12,Male,C,2,BIKE,26.68,0,0,,4. Sideswipe - Same Direction,"Not Provided,Not Provided","Not Provided,Not Provided",SR00337,26.68,4,8/22/2015,8/22/2015,22. Bicycle,2236,C.Non-Visible Injury,2015,Left and Right sides,1,1,Norfolk,Urban,22. Bicycle,MAIN,9PM TO 12AM,122.Norfolk,0,Intersection,Reset Filters,VDOT_OTHER,Saturday,Not DEER,"South,South",DISTRACTED,5,1,153410024,12,"Male,Male","PDO,C","1,2","34. Hit and Run,42. Improper or Unsafe Lane Change","Not Provided,3. Unavailable/Not Applicable","4. No Test,4. No Test","9. Unknown,1. No Defects","11. Other,Not Applicable","6. Unknown,1. Had Not Been Drinking","3. Unknown,2. No","Not Provided,1. Not Ejected","NotProvided,Yes","Yes,No","Not Provided,9. Not Applicable","13. Other,1. Not Obscured",,,27,483415,SR-00168(L)/US-00460(B)/,0,1,"1.Divided, no control of access","22,20",1. On Roadway,"0,0",E,E.Urban Other Principle Arterials; Connecting Links of Other Rural Principal Arterial,Urban Extensions - Primary Routes,Not GUARDRAIL,HIT_RUN,"10,2",1,1. Not at Intersection,153410024,C,0,0,36.84749,36.84749,0,0.38,Not LRTRUCK,7. Unknown,LOCATED,-76.27754,-76.27754,MAINLINE,MAIN,0,0,0,0,0,Divided Roadway,"22,20",Not MOTORCYCLE,483666,483666.  SR00337       SR00337      12208580      1SR00337P,22449,20833,20357,19180,22930,7,1,0,PRI_URBAN,,,,,,,,,0,0,0,0,1,,0,0,,,,,,,,,Not PED,,1,0,Norfolk,122,5,NOT-RD,8. Non-Intersection,0,26.50,26.68,1. Straight - Level,1. No Defects,"3. Two-Way, Divided, Positive Median Barrier",1. Dry,"2. Blacktop, Asphalt, Bituminous",400 TIDEWATER DR,STPRI,SR,R-VA   SR00337WB,"Urbanized (Population 200,000 and over)",3. No,"0,0",21525,19907,19422,18279,21893,Not SENIOR,Left and Right sides,,"35,35",Not SPEED,"35,35",483666,0,"3. Pending,3. Pending",0,"0,0",9PM TO 12AM,1,1,1. No Traffic Control,6. No Traffic Control Device Present,Not a Parkway - Trucks and Commercial Vehicles Allowed,"1,2","1. Passenger car,9. Bicycle",HUFFY,"15. Other,14. Changing Lanes",BICYCLE,,5,5.Hampton Roads,1. No Adverse Condition (Clear/Cloudy),Not Provided,2. No,Not Provided,Not YOUNG
,Not ALCIHOL,Urban,0,0,,,Not UNBELTED,5,Female,B,2,BIKE,,1,1,,4. Sideswipe - Same Direction,"Not Provided,Not Provided","Not Provided,Not Provided",,,,8/23/2015,8/23/2015,22. Bicycle,1800,B.Visiible Injury,2015,,0,0,Norfolk,Urban,22. Bicycle,MAIN,3PM TO 6PM,122.Norfolk,,Not Intersection,Reset Filters,VDOT_OTHER,Sunday,Not DEER,"East,East",,5,1,152740006,5,"Not Provided,Female","PDO,B","1,2","41. Improper Passing,1. No Improper Action","Not Provided,3. Unavailable/Not Applicable","Not Applicable,Not Applicable","9. Unknown,1. No Defects","Not Applicable,Not Applicable","6. Unknown,1. Had Not Been Drinking","3. Unknown,2. No","Not Provided,3. Totally Ejected","NotProvided,No","Yes,No","Not Provided,9. Not Applicable","1. Not Obscured,1. Not Obscured",,,,,,,,,"22,20",1. On Roadway,"0,0",,,,Not GUARDRAIL,HIT_RUN,"2,9",1,1. Not at Intersection,,C,0,0,36.87546,36.87546,,,Not LRTRUCK,2. Daylight,UNLOCATED,-76.28803,-76.28803,MAINLINE,,,,,,,,"22,20",Not MOTORCYCLE,,.,,,,,,,1,,SEC_URBAN,,,,,,,,,,,,0,1,,0,0,,,,,,,,,Not PED,,1,0,Norfolk,122,5,NOT-RD,1. Main-Line Roadway,,,,1. Straight - Level,1. No Defects,"4. One-Way, Not Divided",1. Dry,"2. Blacktop, Asphalt, Bituminous",411 W 30TH ST,UNKWN,SC,U-VA122SC99999UK,,3. No,"0,0",,,,,,Not SENIOR,,,"0,0",Not SPEED,"0,0",,,"Not Provided,2. No",,"0,0",3PM TO 6PM,1,1,1. No Traffic Control,6. No Traffic Control Device Present,,"1,2","1. Passenger car,9. Bicycle",HELLO KITT,"1. Going Straight Ahead,1. Going Straight Ahead",BICYCLE,2014,5,5.Hampton Roads,1. No Adverse Condition (Clear/Cloudy),Not Provided,2. No,Not Provided,Not YOUNG
No Access Control,Not ALCIHOL,Urban,0,0,Bituminous Concrete (Black Base),134-08829(L)/GREEN RUN BLVD,Not UNBELTED,43,Male,B,2,BIKE,2.82,1,1,,2. Angle,"Not Provided,Not Provided","Not Provided,Not Provided",13400012,2.908,4,8/24/2015,8/24/2015,22. Bicycle,1055,B.Visiible Injury,2015,Left and Right sides,0,0,Virginia Beach,Urban,22. Bicycle,MAIN,9AM TO 12PM,134.Virginia Beach,63,Intersection,Reset Filters,VDOT_OTHER,Monday,Not DEER,"South,South",,5,1,152385029,"70,43","Female,Male","PDO,B","1,2","1. No Improper Action,1. No Improper Action","2. Not Deployed,3. Unavailable/Not Applicable","Not Applicable,Not Applicable","1. No Defects,1. No Defects","14. No Driver Distraction,14. No Driver Distraction","1. Had Not Been Drinking,1. Had Not Been Drinking","2. No,2. No","1. Not Ejected,2. Partially Ejected","No,No","No,No","3. Lap and Shoulder Belt,8. No Restraint Used","1. Not Obscured,1. Not Obscured",,,3,541275,134-00014(L)/134-08717(R)/Gap Terminus/LYNNHA,0,1,"1.Divided, no control of access","22,22",1. On Roadway,"0,0",H,H.Urban Minor Arterial,Other City or Town Streets (not state maintained),Not GUARDRAIL,Not HIT_RUN,"3,0",1,4. Four Approaches,152385029,C,0,0,36.80018,36.80018,0,0.1,Not LRTRUCK,2. Daylight,LOCATED,-76.08613,-76.08613,MAINLINE,MAIN,0,0,Curbed Grass,16,4,Divided Roadway,"22,22",Not MOTORCYCLE,541275,541275. 13400012      13400012      13400014      13408717,57323,59152,59698,57532,59080,4,1,0.012,SEC_URBAN,,,,,,,,,0,0,52,0,1,,0,0,,,,,,,,,Not PED,,1,0,Virginia Beach,134,5,NOT-RD,9. Within Intersection,0,2.75,2.91,1. Straight - Level,1. No Defects,"2. Two-Way, Divided, Unprotected Median",1. Dry,"2. Blacktop, Asphalt, Bituminous",LYNNHAVEN PARKWAY,URB,UR,R-VA134UR00012EB,"Urbanized (Population 200,000 and over)",3. No,"0,0",28098,29924,30200,29104,29116,SENIOR,Left and Right sides,"15,2","45,45",Not SPEED,"45,45",541274,0,"2. No,2. No",0,"0,0",9AM TO 12PM,1,1,3. Traffic Signal,1. Yes - Working,Not a Parkway - Trucks and Commercial Vehicles Allowed,"1,2","3. Van,9. Bicycle",NISS,"2. Making Right Turn,1. Going Straight Ahead","3500,BICYCLE",2013,5,5.Hampton Roads,1. No Adverse Condition (Clear/Cloudy),Not Provided,2. No,Not Provided,Not YOUNG