Access Control,Alcohol Notalcohol,Area Type1,A Crash,A People,Basetypedesc,Begin Node Dsc,Belted Unbelted,Bikeage,Bikegen,Bikeinjurytype,Bikevehiclenumber,Bike Nonbike,BMP,B Crash,B People,Carspeedlimit,Collision Type,Comm Cargo Body Type Cd,Comm Vehicle Body Type Cd,Cotedrouteid,Coted Mp,Count App,CRASH_DT (copy),Crash Dt,Crash Event Type Dsc,Crash Military Tm,Crash Severity,Crash Year,Curbgutterdesc,C Crash,C People,Juris Name Used,Area Type Used,First Harmful Event of Entire Crash,MAINLINE,Time Slicing Used,Phy_Juris_Nm,Offset-Ft,Intersection Analysis,Clear,Calculation_9640323132123359,Day Of Week,Deer Nodeer,Direction Of Travel Cd,Distracted Notdistracted,VSP,TOTAL CRASH,Document Nbr,Driverage,Drivergen,Driverinjurytype,Drivervehiclenumber,Driver Action Type Cd,Driver Airbag Deployment,Driver Alcohol Test Type Cd,Driver Condition Type Cd,Driver Distraction Type Cd,Driver Drinking Type Cd,Driver Drug Use Cd,Driver Ejected From Vehicle,Driver Ems Transport Ind,Driver Fled Scene Ind,Driver Safety Equip Used,Driver Vis Obscured Type Cd,Drowsy Notdrowsy,Drug Nodrug,EMP,End Node,End Node Dsc,End Offset,Facility,FAC,First Crash Event Cd,First Harmful Event,Fourth Crash Event Cd,Functionalclass,FUN,Govcondesc,Gr Nogr,Hitrun Not Hitrun,Initial Veh Impact Area Cd,Injury Crashes,Intersection Type,Int Doc,Jurtype,K_CRASH,K People,LAT (copy),LAT,Leftshoulderwidth,Length,Lgtruck Nonlgtruck,Light Condition,Located Unlocated,LON (copy),LON,MAINLINE (group),Mainline Yn,Medianleftshoulderwidth,Medianrightshoulderwidth,Mediantypedesc,Medianwidthmax,Medianwidthmin,Median Type,Most Harmful Crash Event Cd,Motor Nonmotor,Node,Node Info,Node Totaadt2011,Node Totaadt2012,Node Totaadt2013,Node Totaadt2014,Node Totaadt2015,Numberoflane,Number of Records,Offset,Ownership,Passage,Passgen,Passinjurytype,Passvehiclenumber,Pass Airbag Deployment,Pass Ejected From Vehicle,Pass Ems Transport Ind,Pass Safety Equip Used,Pavementconditionvalue,Pavementroughnessvalue,Pavementwidth,Pdo Crash,Total People Killed & Injured,Pedage,Pedestrians Injured,Pedestrians Killed,Pedgen,Pedinjurytype,Pednumber,Ped Action,Ped Al Test,Ped Cond,Ped Drink,Ped Drug,Ped Nonped,Ped Rflct,Persons Injured,Persons Killed,Physical Juris Nm,PJR,VSP_Used,Rd Type,Relation To Roadway,Rightshoulderwidth,RNS_MP (0.25 mi bin),Rns Mp,Roadway Alignment,Roadway Defect,Roadway Description,Roadway Surface Cond,Roadway Surface Type,Route Or Street Nm,Rte Category Cd,Rte Cat,Rte Nm,Ruralurbandesc,School Zone,Second Crash Event Cd,Segtotaadt2011,Segtotaadt2012,Segtotaadt2013,Segtotaadt2014,Segtotaadt2015,Senior Notsenior,Sidewalkdesc,Speed Before,Speed Max Safe,Speed Notspeed,Speed Posted,Start Node,Start Offset,Summons Issued Cd,Surfacedesc,Third Crash Event Cd,Time Slicing,Total Crashes including Property Damage Only,Total Crash,Traffic Control Type,Trfc Ctrl Status Type,Truckcommr,Vehiclenumber,Vehicle Body Type Cd,Vehicle Make Nm,Vehicle Maneuver Type Cd,Vehicle Model Nm,Vehicle Year Nbr,District,District_Used ,Weather Condition,Work Zone Location,Work Zone Related,Work Zone Type,Young Notyoung
,ALCOHOL,Urban,1,1,,,Not UNBELTED,64,Male,A,1,BIKE,,0,0,,13. Bicyclist,"Not Provided,Not Provided","Not Provided,Not Provided",,,,5/7/2014,5/7/2014,20. Motor Vehicle In Transport,1709,A.Ambulatory Injury,2014,,0,0,Norfolk,Urban,20. Motor Vehicle In Transport,MAIN,3PM TO 6PM,122.Norfolk,,Not Intersection,Reset Filters,VDOT_OTHER,Wednesday,Not DEER,"South,North",,5,1,141810380,"64,31","Male,Male","A,PDO","1,2","10. Wrong Side Of Road - Not Overtaking,1. No Improper Action","3. Unavailable/Not Applicable,2. Not Deployed","4. No Test,4. No Test","8. Other,1. No Defects","Not Applicable,Not Applicable","5. Drinking - Not Known Whether Impaired,1. Had Not Been Drinking","3. Unknown,2. No","1. Not Ejected,1. Not Ejected","Yes,No","No,No","8. No Restraint Used,3. Lap and Shoulder Belt","1. Not Obscured,1. Not Obscured",,,,,,,,,"20,22",1. On Roadway,"0,0",,,,Not GUARDRAIL,Not HIT_RUN,"12,2",1,3. Three Approaches,,C,0,0,36.85885,36.85885,,,Not LRTRUCK,2. Daylight,UNLOCATED,-76.28823,-76.28823,MAINLINE,,,,,,,,"20,22",Not MOTORCYCLE,,.,,,,,,,1,,SEC_URBAN,,,,,,,,,,,,0,1,,0,0,,,,,,,,,Not PED,,1,0,Norfolk,122,5,NOT-RD,9. Within Intersection,,,,1. Straight - Level,1. No Defects,"1. Two-Way, Not Divided",1. Dry,"2. Blacktop, Asphalt, Bituminous",800 GRANBY ST,UNKWN,SC,U-VA122SC99999UK,,3. No,"0,0",,,,,,Not SENIOR,,5,"0,25",Not SPEED,"0,25",,,"1. Yes,2. No",,"0,0",3PM TO 6PM,1,1,4. Stop Sign,1. Yes - Working,,"1,2","9. Bicycle,22. Truck - Sport Utility Vehicle (SUV)",CHEVY,"1. Going Straight Ahead,2. Making Right Turn","10 SPEED BICYCL,Z71",2003,5,5.Hampton Roads,1. No Adverse Condition (Clear/Cloudy),Not Provided,2. No,Not Provided,Not YOUNG
,ALCOHOL,Urban,0,0,,,Not UNBELTED,42,Male,B,1,BIKE,,1,1,,4. Sideswipe - Same Direction,"Not Provided,Not Provided","Not Provided,Not Provided",,,,5/7/2014,5/7/2014,20. Motor Vehicle In Transport,1815,B.Visiible Injury,2014,,0,0,Virginia Beach,Urban,20. Motor Vehicle In Transport,MAIN,6PM TO 9PM,134.Virginia Beach,,Not Intersection,Reset Filters,VDOT_OTHER,Wednesday,Not DEER,"South,South",,5,1,141315116,"42,41","Male,Female","B,PDO","1,2","40. Fail to Maintain Proper Control,1. No Improper Action","3. Unavailable/Not Applicable,2. Not Deployed","4. No Test,4. No Test","1. No Defects,1. No Defects","14. No Driver Distraction,14. No Driver Distraction","3. Drinking - Ability Impaired,1. Had Not Been Drinking","2. No,2. No","3. Totally Ejected,1. Not Ejected","No,No","No,No","8. No Restraint Used,3. Lap and Shoulder Belt","1. Not Obscured,1. Not Obscured",,,,,,,,,"20,20",1. On Roadway,"0,0",,,,Not GUARDRAIL,Not HIT_RUN,"11,3",1,4. Four Approaches,,C,0,0,36.84584,36.84584,,,Not LRTRUCK,2. Daylight,UNLOCATED,-75.97775,-75.97775,MAINLINE,,,,,,,,"20,20",Not MOTORCYCLE,,.,,,,,,,1,,SEC_URBAN,,,,,,,,,,,,0,1,,0,0,,,,,,,,,Not PED,,1,0,Virginia Beach,134,5,NOT-RD,1. Main-Line Roadway,,,,1. Straight - Level,1. No Defects,"1. Two-Way, Not Divided",1. Dry,"2. Blacktop, Asphalt, Bituminous",1800 ARCTIC AVE,UNKWN,SC,U-VA134SC99999UK,,3. No,"0,0",,,,,,Not SENIOR,,"10,20","25,25",Not SPEED,"25,25",,,"1. Yes,2. No",,"0,0",6PM TO 9PM,1,1,6. Traffic Lanes Marked,1. Yes - Working,,"1,2","9. Bicycle,14. Bus - City Transit Bus/Privately Owned Church Bus","BICYCLE,GILLIG","1. Going Straight Ahead,1. Going Straight Ahead","UNK,BUS",2007,5,5.Hampton Roads,1. No Adverse Condition (Clear/Cloudy),Not Provided,2. No,Not Provided,Not YOUNG
No Access Control,Not ALCIHOL,Urban,0,0,Portland Cement Concrete,SR-00196(L)/131-08605(R)/CANAL RD,Not UNBELTED,32,Male,B,1,BIKE,38.15,1,1,,2. Angle,"Not Provided,Not Provided","Not Provided,Not Provided",US00013,38.36,4,5/9/2014,5/9/2014,20. Motor Vehicle In Transport,1720,B.Visiible Injury,2014,None,0,1,Chesapeake,Urban,20. Motor Vehicle In Transport,MAIN,3PM TO 6PM,131.Chesapeake,"1,109",Intersection,Reset Filters,VDOT_OTHER,Friday,Not DEER,"South,West",,5,1,141295259,"32,24","Male,Male","B,C","1,2","8. Cutting In,1. No Improper Action","3. Unavailable/Not Applicable,3. Unavailable/Not Applicable","4. No Test,4. No Test","1. No Defects,1. No Defects","14. No Driver Distraction,14. No Driver Distraction","1. Had Not Been Drinking,1. Had Not Been Drinking","2. No,2. No","1. Not Ejected,1. Not Ejected","No,No","No,No","9. Not Applicable,3. Lap and Shoulder Belt","1. Not Obscured,1. Not Obscured",,,39,483039,131-08604(R)/SHELL RD,0,1,"1.Divided, no control of access","20,20",1. On Roadway,"0,0",E,E.Urban Other Principle Arterials; Connecting Links of Other Rural Principal Arterial,Urban Extensions - Primary Routes,Not GUARDRAIL,Not HIT_RUN,"12,11",1,4. Four Approaches,141295259,C,0,0,36.773,36.773,6,0.94,Not LRTRUCK,2. Daylight,LOCATED,-76.32083,-76.32083,MAINLINE,MAIN,0,0,Grass/Unprotected,16,4,Divided Roadway,"20,20",Not MOTORCYCLE,483040,483040.  SR00196       US00013       US00013      13108605,26308,22880,22454,31067,34576,4,1,0.21,PRI_URBAN,,,,,,,,,0,161,40,0,2,,0,0,,,,,,,,,Not PED,,2,0,Chesapeake,131,5,NOT-RD,11. Intersection Related - Outside 150 Feet,6,38.25,38.32,1. Straight - Level,1. No Defects,"2. Two-Way, Divided, Unprotected Median",1. Dry,"2. Blacktop, Asphalt, Bituminous",3900 BLOCK OF US 13,USPRI,US,R-VA   US00013SB,"Urbanized (Population 200,000 and over)",3. No,"0,0",21586,17573,16981,26570,30689,Not SENIOR,None,"5,15","0,0",Not SPEED,"45,45",483040,0,"2. No,2. No",0,"0,0",3PM TO 6PM,1,1,6. Traffic Lanes Marked,1. Yes - Working,Not a Parkway - Trucks and Commercial Vehicles Allowed,"1,2","9. Bicycle,1. Passenger car","BICYCLE,FORD","1. Going Straight Ahead,14. Changing Lanes","BICYCLE,FUSION",20142007,5,5.Hampton Roads,1. No Adverse Condition (Clear/Cloudy),Not Provided,2. No,Not Provided,Not YOUNG
,Not ALCIHOL,Urban,0,0,,,Not UNBELTED,6,Male,B,1,BIKE,,1,1,,2. Angle,"Not Provided,Not Provided","Not Provided,Not Provided",,,,5/10/2014,5/10/2014,20. Motor Vehicle In Transport,1942,B.Visiible Injury,2014,,0,0,Chesapeake,Urban,20. Motor Vehicle In Transport,MAIN,6PM TO 9PM,131.Chesapeake,,Not Intersection,Reset Filters,VDOT_OTHER,Saturday,Not DEER,"West,East",DISTRACTED,5,1,141305217,"6,37","Male,Female","B,PDO","1,2","22. Disregarded Stop or Yield Sign,1. No Improper Action","3. Unavailable/Not Applicable,2. Not Deployed","Not Applicable,Not Applicable","1. No Defects,1. No Defects","7. Eyes Not on Road,14. No Driver Distraction","1. Had Not Been Drinking,1. Had Not Been Drinking","Not Applicable,Not Applicable","2. Partially Ejected,1. Not Ejected","Yes,No","No,No","9. Not Applicable,3. Lap and Shoulder Belt","1. Not Obscured,1. Not Obscured",,,,,,,,,"20,20",1. On Roadway,"0,0",,,,Not GUARDRAIL,Not HIT_RUN,"12,3",1,3. Three Approaches,,C,0,0,36.82073,36.82073,,,Not LRTRUCK,2. Daylight,UNLOCATED,-76.27448,-76.27448,MAINLINE,,,,,,,,"20,20",Not MOTORCYCLE,,.,,,,,,,1,,SEC_URBAN,,,,,,,,,,,,0,1,,0,0,,,,,,,,,Not PED,,1,0,Chesapeake,131,5,NOT-RD,9. Within Intersection,,,,1. Straight - Level,"2. Holes, Ruts, Bumps","1. Two-Way, Not Divided",1. Dry,1. Concrete,20TH ST,UNKWN,SC,U-VA131SC99999UK,,3. No,"0,0",,,,,,Not SENIOR,,19,"0,25",Not SPEED,"25,25",,,"2. No,2. No",,"0,0",6PM TO 9PM,1,1,4. Stop Sign,1. Yes - Working,,"1,2","9. Bicycle,12. Emergency Vehicle (Regardless of Veh Type)","MONGOOSE,Chevrolet","2. Making Right Turn,1. Going Straight Ahead","BICYCLE,Impala Police",2009,5,5.Hampton Roads,1. No Adverse Condition (Clear/Cloudy),Not Provided,2. No,Not Provided,Not YOUNG
,Not ALCIHOL,Urban,0,0,,,Not UNBELTED,27,Male,B,2,BIKE,,1,1,,2. Angle,"Not Provided,Not Provided","Not Provided,Not Provided",,,,5/11/2014,5/11/2014,22. Bicycle,1021,B.Visiible Injury,2014,,0,0,Virginia Beach,Urban,22. Bicycle,MAIN,9AM TO 12PM,134.Virginia Beach,,Not Intersection,Reset Filters,VDOT_OTHER,Sunday,Not DEER,"North,West",DISTRACTED,5,1,141325032,"19,27","Female,Male","PDO,B","1,2","11. Did Not Have Right-of-Way,1. No Improper Action","2. Not Deployed,3. Unavailable/Not Applicable","4. No Test,4. No Test","1. No Defects,1. No Defects","14. No Driver Distraction,11. Other","1. Had Not Been Drinking,1. Had Not Been Drinking","2. No,2. No","1. Not Ejected,1. Not Ejected","No,Yes","No,No","3. Lap and Shoulder Belt,5. Helmet","1. Not Obscured,5. Trees, Crops, etc.",,,,,,,,,"22,20",1. On Roadway,"0,0",,,,Not GUARDRAIL,Not HIT_RUN,"12,9",1,3. Three Approaches,,C,0,0,36.794,36.794,,,Not LRTRUCK,2. Daylight,UNLOCATED,-76.10617,-76.10617,MAINLINE,,,,,,,,"22,20",Not MOTORCYCLE,,.,,,,,,,1,,SEC_URBAN,,,,,,,,,,,,0,1,,0,0,,,,,,,,,Not PED,,1,0,Virginia Beach,134,5,NOT-RD,9. Within Intersection,,,,1. Straight - Level,1. No Defects,"1. Two-Way, Not Divided",1. Dry,"2. Blacktop, Asphalt, Bituminous",1500 BLOCK FAIRFAX DRIVE,UNKWN,SC,U-VA134SC99999UK,,3. No,"0,0",,,,,,Not SENIOR,,3,"45,45",Not SPEED,"45,45",,,"2. No,1. Yes",,"0,0",9AM TO 12PM,1,1,4. Stop Sign,1. Yes - Working,,"1,2","1. Passenger car,9. Bicycle","NISS,CANNONDALE","3. Making Left Turn,1. Going Straight Ahead","VERSA,ULTRA",20122006,5,5.Hampton Roads,1. No Adverse Condition (Clear/Cloudy),Not Provided,2. No,Not Provided,YOUNG
,Not ALCIHOL,Urban,1,1,,,Not UNBELTED,14,Female,A,2,BIKE,,0,0,,4. Sideswipe - Same Direction,"Not Provided,Not Provided","Not Provided,Not Provided",,,,1/1/2013,1/1/2013,22. Bicycle,1244,A.Ambulatory Injury,2013,,0,0,Virginia Beach,Urban,22. Bicycle,MAIN,12PM TO 3PM,134.Virginia Beach,,Not Intersection,Reset Filters,VDOT_OTHER,Tuesday,Not DEER,"West,West",,5,1,130025025,"46,14","0,Female","PDO,A","1,2","1. No Improper Action,37. Other","2. Not Deployed,3. Unavailable/Not Applicable","4. No Test,4. No Test","Not Applicable,1. No Defects","Not Applicable,14. No Driver Distraction","1. Had Not Been Drinking,1. Had Not Been Drinking","3. Unknown,2. No","1. Not Ejected,3. Totally Ejected","NotProvided,Yes","No,No","3. Lap and Shoulder Belt,9. Not Applicable","1. Not Obscured,1. Not Obscured",,,,,,,,,"22,20",1. On Roadway,"0,0",,,,Not GUARDRAIL,Not HIT_RUN,"8,3",1,1. Not at Intersection,,C,0,0,36.806004,36.806004,,,Not LRTRUCK,2. Daylight,UNLOCATED,-76.199101,-76.199101,MAINLINE,,,,,,,,"22,20",Not MOTORCYCLE,,.,,,,,,,1,,SEC_URBAN,,,,,,,,,,,,0,1,,0,0,,,,,,,,,Not PED,,1,0,Virginia Beach,134,5,NOT-RD,10. Intersection Related - Within 150 Feet,,,,1. Straight - Level,1. No Defects,"1. Two-Way, Not Divided",1. Dry,"2. Blacktop, Asphalt, Bituminous",1060 REON DR,UNKWN,SC,U-VA134SC99999UK,,3. No,"0,0",,,,,,Not SENIOR,,"15,5","25,25",Not SPEED,"25,25",,,"2. No,2. No",,"0,0",12PM TO 3PM,1,1,1. No Traffic Control,6. No Traffic Control Device Present,,"1,2","2. Truck - Pick-up/Passenger Truck,9. Bicycle","DODGE,BICYCLE","1. Going Straight Ahead,1. Going Straight Ahead","DAKOTA,N/A",20072010,5,5.Hampton Roads,1. No Adverse Condition (Clear/Cloudy),Not Provided,2. No,Not Provided,Not YOUNG
No Access Control,Not ALCIHOL,Urban,1,1,Bituminous Concrete (Black Base),WINFALL DRIVE(L)/,Not UNBELTED,49,Female,A,1,BIKE,5.63,0,0,,4. Sideswipe - Same Direction,"Not Provided,Not Provided","Not Provided,Not Provided",13108661,5.63,4,1/2/2013,1/2/2013,20. Motor Vehicle In Transport,838,A.Ambulatory Injury,2013,None,0,0,Chesapeake,Urban,20. Motor Vehicle In Transport,MAIN,6AM TO 9AM,131.Chesapeake,"1,584",Intersection,Reset Filters,VDOT_OTHER,Wednesday,Not DEER,"North,North",DISTRACTED,5,1,130025140,"49,49","Female,Female","A,PDO","1,2","40. Fail to Maintain Proper Control,1. No Improper Action","3. Unavailable/Not Applicable,2. Not Deployed","Not Applicable,Not Applicable","1. No Defects,1. No Defects","11. Other,14. No Driver Distraction","1. Had Not Been Drinking,1. Had Not Been Drinking","3. Unknown,2. No","3. Totally Ejected,1. Not Ejected","Yes,NotProvided","No,No","9. Not Applicable,3. Lap and Shoulder Belt","1. Not Obscured,2. Rain, Snow, etc. on Windshield",,,6,484832,PAMLICO BLVD(L)/,0,0,"0.Two-way, non-divided","20,22",1. On Roadway,"0,0",H,H.Urban Minor Arterial,Other City or Town Streets (not state maintained),Not GUARDRAIL,Not HIT_RUN,"10,4",1,1. Not at Intersection,130025140,C,0,0,36.71100859,36.71100859,6,0.2,Not LRTRUCK,2. Daylight,LOCATED,-76.18540673,-76.18540673,MAINLINE,MAIN,0,0,0,0,0,Undivided Roadway,"20,22",Not MOTORCYCLE,483328,483328.  SR00165       SR00165      13108661      13108661,24224,23699,23802,27124,27686,2,1,0.3,SEC_URBAN,,,,,,,,,0,0,20,0,1,,0,0,,,,,,,,,Not PED,,1,0,Chesapeake,131,5,NOT-RD,8. Non-Intersection,6,5.50,5.63,1. Straight - Level,1. No Defects,"2. Two-Way, Divided, Unprotected Median",2. Wet,"2. Blacktop, Asphalt, Bituminous",SOUTH CENTERVILLE TURNPIKE,URB,UR,R-VA131UR08661NB,"Urbanized (Population 200,000 and over)",3. No,"0,0",8793,8621,8607,8629,8847,Not SENIOR,None,"5,40","45,45",Not SPEED,"45,45",484831,0,"3. Pending,2. No",0,"0,0",6AM TO 9AM,1,1,6. Traffic Lanes Marked,1. Yes - Working,Not a Parkway - Trucks and Commercial Vehicles Allowed,"1,2","9. Bicycle,2. Truck - Pick-up/Passenger Truck","BIKE,Mazda","15. Other,1. Going Straight Ahead","BIKE,TRIBUTE SUV",19002001,5,5.Hampton Roads,5. Rain,Not Provided,2. No,Not Provided,Not YOUNG
No Access Control,Not ALCIHOL,Urban,0,0,Bituminous Concrete (Black Base),122-08574(L)/122-08639(R)/WILLOW WOOD DR & CR,Not UNBELTED,26,Female,C,2,BIKE,26.33,0,0,,2. Angle,"Not Provided,Not Provided","Not Provided,Not Provided",SR00168,26.344,4,1/7/2013,1/7/2013,22. Bicycle,642,C.Non-Visible Injury,2013,Left and Right sides,1,1,Norfolk,Urban,22. Bicycle,MAIN,6AM TO 9AM,122.Norfolk,74,Intersection,Reset Filters,VDOT_OTHER,Monday,Not DEER,"Not Provided,Not Provided",,5,1,130870352,"41,26","0,Female","PDO,C","1,2","1. No Improper Action,11. Did Not Have Right-of-Way","2. Not Deployed,3. Unavailable/Not Applicable","4. No Test,4. No Test","1. No Defects,1. No Defects","Not Applicable,Not Applicable","1. Had Not Been Drinking,1. Had Not Been Drinking","2. No,2. No","1. Not Ejected,3. Totally Ejected","No,Yes","No,No","3. Lap and Shoulder Belt,8. No Restraint Used","1. Not Obscured,1. Not Obscured",,,26,483422,122-08632(R)/NORVIEW AV,0,0,"0.Two-way, non-divided","22,20",1. On Roadway,"0,0",E,E.Urban Other Principle Arterials; Connecting Links of Other Rural Principal Arterial,Urban Extensions - Primary Routes,Not GUARDRAIL,Not HIT_RUN,"12,11",1,3. Three Approaches,130870352,C,0,0,36.887012,36.887012,0,0.1,Not LRTRUCK,4. Darkness - Road Lighted,LOCATED,-76.260071,-76.260071,MAINLINE,MAIN,0,0,0,0,0,Undivided Roadway,"22,20",Not MOTORCYCLE,483421,483421.  SR00168       SR00168      12208574      12208639,48106,48007,48749,47508,48566,4,1,0.014,PRI_URBAN,,,,,,,,,0,218,75,0,1,,0,0,,,,,,,,,Not PED,,1,0,Norfolk,122,5,NOT-RD,9. Within Intersection,0,26.25,26.34,1. Straight - Level,1. No Defects,"1. Two-Way, Not Divided",1. Dry,"2. Blacktop, Asphalt, Bituminous",3600 TIDEWATER DRIVE,STPRI,SR,R-VA   SR00168SB,"Urbanized (Population 200,000 and over)",3. No,"0,0",36293,36793,37432,36601,38256,Not SENIOR,None,35,"35,0",Not SPEED,"35,0",483421,0,"2. No,2. No",0,"0,0",6AM TO 9AM,1,1,3. Traffic Signal,1. Yes - Working,Not a Parkway - Trucks and Commercial Vehicles Allowed,"1,2","1. Passenger car,9. Bicycle","CHEVOLET,BICYCLE","1. Going Straight Ahead,16. Entering Street From Parking Lot",METRO,2000,5,5.Hampton Roads,1. No Adverse Condition (Clear/Cloudy),Not Provided,2. No,Not Provided,Not YOUNG
No Access Control,Not ALCIHOL,Urban,0,0,Bituminous Concrete (Black Base),114-07041(R)/CLEMWOOD PKWY,Not UNBELTED,19,Male,C,2,BIKE,6.1,0,0,,2. Angle,"Not Provided,Not Provided","Not Provided,Not Provided",SR00169,6.318,3,5/12/2014,5/12/2014,22. Bicycle,1643,C.Non-Visible Injury,2014,Left and Right sides,1,1,Hampton,Urban,22. Bicycle,MAIN,3PM TO 6PM,114.Hampton,"1,151",Intersection,Reset Filters,VDOT_OTHER,Monday,Not DEER,"Not Provided,Not Provided",,5,1,141820225,"30,19","Female,Male","PDO,C","1,2","11. Did Not Have Right-of-Way,1. No Improper Action","2. Not Deployed,Not Provided","4. No Test,4. No Test","1. No Defects,1. No Defects","Not Applicable,Not Applicable","1. Had Not Been Drinking,1. Had Not Been Drinking","Not Applicable,Not Applicable","1. Not Ejected,2. Partially Ejected","No,No","No,No","3. Lap and Shoulder Belt,9. Not Applicable","1. Not Obscured,1. Not Obscured",,,6,253117,114-07041(R)/CLEMWOOD PKWY,0.25,0,"0.Two-way, non-divided","22,20",1. On Roadway,"0,0",H,H.Urban Minor Arterial,Urban Extensions - Primary Routes,Not GUARDRAIL,Not HIT_RUN,"12,10",1,3. Three Approaches,141820225,C,0,0,37.0518,37.0518,0,0.25,Not LRTRUCK,2. Daylight,LOCATED,-76.33515,-76.33515,MAINLINE,MAIN,0,0,0,0,0,Undivided Roadway,"22,20",Not MOTORCYCLE,253117,253117.  SR00169       SR00169      11407041,24131,23597,23540,22701,23162,4,1,0.218,PRI_URBAN,,,,,,,,,3.7,0,48,0,1,,0,0,,,,,,,,,Not PED,,1,0,Hampton,114,5,NOT-RD,9. Within Intersection,0,6.25,6.32,1. Straight - Level,1. No Defects,"2. Two-Way, Divided, Unprotected Median",1. Dry,"2. Blacktop, Asphalt, Bituminous",LONG BRIDGE RD,STPRI,SR,R-VA   SR00169NB,"Urbanized (Population 200,000 and over)",3. No,"0,0",24938,24387,25077,24184,24674,Not SENIOR,Left and Right sides,"3,5","25,35",Not SPEED,"25,35",253117,0,"1. Yes,2. No",0,"0,0",3PM TO 6PM,1,1,4. Stop Sign,1. Yes - Working,Not a Parkway - Trucks and Commercial Vehicles Allowed,"1,2","22. Truck - Sport Utility Vehicle (SUV),9. Bicycle","KIA,HUFFY","2. Making Right Turn,1. Going Straight Ahead","SORRENTO,15 SPEED BIKE",2011,5,5.Hampton Roads,1. No Adverse Condition (Clear/Cloudy),Not Provided,2. No,Not Provided,YOUNG
No Access Control,Not ALCIHOL,Urban,0,0,Dual Type,WEST GATE - OCEANS NAVAL,Not UNBELTED,65,Male,K,2,BIKE,297.27,0,0,,2. Angle,"Not Provided,Not Provided","Not Provided,Not Provided",US00060,298.141,3,5/12/2014,5/12/2014,20. Motor Vehicle In Transport,1044,K.Fatal Injury,2014,None,0,0,Virginia Beach,Urban,20. Motor Vehicle In Transport,MAIN,9AM TO 12PM,134.Virginia Beach,"2,635",Intersection,Reset Filters,VDOT_OTHER,Monday,Not DEER,"West,West",DISTRACTED,5,1,141645301,"23,65","Female,Male","PDO,K","1,2","1. No Improper Action,40. Fail to Maintain Proper Control","2. Not Deployed,3. Unavailable/Not Applicable","Not Applicable,Not Applicable","1. No Defects,9. Unknown","14. No Driver Distraction,11. Other","1. Had Not Been Drinking,1. Had Not Been Drinking","2. No,2. No","1. Not Ejected,3. Totally Ejected","No,No","No,No","3. Lap and Shoulder Belt,5. Helmet","1. Not Obscured,1. Not Obscured",,,298,728562,WEST GATE - OCEANS NAVAL,2.86,1,"1.Divided, no control of access","22,20",1. On Roadway,"0,0",E,E.Urban Other Principle Arterials; Connecting Links of Other Rural Principal Arterial,Urban Extensions - Primary Routes,Not GUARDRAIL,Not HIT_RUN,"12,11",0,1. Not at Intersection,141645301,C,1,1,36.909353,36.909353,6,1.16,Not LRTRUCK,2. Daylight,LOCATED,-76.00191,-76.00191,MAINLINE,MAIN,1,1,Grass/Unprotected,36,36,Divided Roadway,"22,20",Not MOTORCYCLE,541117,541117.  US00060       US00060      13408669,14676,13328,13276,13148,13017,4,1,0.499,PRI_URBAN,,,,,,,,,0,99,47,0,1,,0,0,,,,,,,,,Not PED,,0,1,Virginia Beach,134,5,NOT-RD,8. Non-Intersection,6,298.50,298.64,1. Straight - Level,1. No Defects,"3. Two-Way, Divided, Positive Median Barrier",1. Dry,"2. Blacktop, Asphalt, Bituminous",800 SHORE DRIVE,USPRI,US,R-VA   US00060WB,"Urbanized (Population 200,000 and over)",3. No,"28,0",10944,10246,10186,10128,9226,SENIOR,None,"40,15","55,55",Not SPEED,"55,55",728562,1.7,"2. No,2. No",0,"0,0",9AM TO 12PM,1,1,6. Traffic Lanes Marked,1. Yes - Working,Not a Parkway - Trucks and Commercial Vehicles Allowed,"1,2","3. Van,9. Bicycle","HONDA,GURU","1. Going Straight Ahead,14. Changing Lanes","ODYSSEY VAN,BICYCLE",20102014,5,5.Hampton Roads,1. No Adverse Condition (Clear/Cloudy),Not Provided,2. No,Not Provided,Not YOUNG
No Access Control,Not ALCIHOL,Urban,0,0,Bituminous Concrete (Black Base),JB-75-64-122-134/PRINCESS ANNE-NORFOLK CL/ECL,Not UNBELTED,23,Female,B,1,BIKE,497.86,1,1,55,2. Angle,"Not Provided,Not Provided","Not Provided,Not Provided",US00058,498.702,4,5/14/2014,5/14/2014,22. Bicycle,1757,B.Visiible Injury,2014,Left and Right sides,0,1,Virginia Beach,Urban,22. Bicycle,MAIN,3PM TO 6PM,134.Virginia Beach,"2,049",Intersection,Reset Filters,VDOT_OTHER,Wednesday,Not DEER,"West,North",,5,1,141495253,"23,49","Female,Male","B,C","1,2","37. Other,1. No Improper Action","3. Unavailable/Not Applicable,2. Not Deployed","Not Applicable,Not Applicable","Not Applicable,Not Applicable","14. No Driver Distraction,14. No Driver Distraction","1. Had Not Been Drinking,1. Had Not Been Drinking","Not Applicable,Not Applicable","1. Not Ejected,1. Not Ejected","No,No","No,No","6. Other,3. Lap and Shoulder Belt","1. Not Obscured,5. Trees, Crops, etc.",,,499,541088,SR-00190(B)/,0,1,"1.Divided, no control of access","20,22",1. On Roadway,"0,0",E,E.Urban Other Principle Arterials; Connecting Links of Other Rural Principal Arterial,Urban Extensions - Primary Routes,Not GUARDRAIL,Not HIT_RUN,"11,12",1,3. Three Approaches,141495253,C,0,0,36.8479,36.8479,0,1.23,Not LRTRUCK,2. Daylight,LOCATED,-76.16238,-76.16238,MAINLINE,MAIN,0,0,Curbed Grass,16,4,Divided Roadway,"39,22",Not MOTORCYCLE,541088,541088.  SR00190       SR00190       US00058       US00058,66613,65287,61214,59003,55773,8,1,0.388,PRI_URBAN,,,,,,,,,0,196,99,0,2,,0,0,,,,,,,,,Not PED,,2,0,Virginia Beach,134,5,NOT-RD,10. Intersection Related - Within 150 Feet,0,498.75,498.81,1. Straight - Level,1. No Defects,"2. Two-Way, Divided, Unprotected Median",1. Dry,"2. Blacktop, Asphalt, Bituminous",5225 VIRGINIA BEACH BLVD,USPRI,US,R-VA   US00058EB,"Urbanized (Population 200,000 and over)",3. No,"39,0",35706,41303,41684,40171,35829,Not SENIOR,Left and Right sides,"5,15","45,45",Not SPEED,"45,45",50669,0.1,"2. No,2. No",0,"0,0",3PM TO 6PM,1,1,1. No Traffic Control,6. No Traffic Control Device Present,Not a Parkway - Trucks and Commercial Vehicles Allowed,"1,2","9. Bicycle,2. Truck - Pick-up/Passenger Truck","BICYCLE,Dodge","15. Other,16. Entering Street From Parking Lot","MONGOOSE XR350,Ram 1500",20102006,5,5.Hampton Roads,1. No Adverse Condition (Clear/Cloudy),Not Provided,2. No,Not Provided,Not YOUNG