Access Control,Alcohol Notalcohol,Area Type1,A Crash,A People,Basetypedesc,Begin Node Dsc,Belted Unbelted,Bikeage,Bikegen,Bikeinjurytype,Bikevehiclenumber,Bike Nonbike,BMP,B Crash,B People,Carspeedlimit,Collision Type,Comm Cargo Body Type Cd,Comm Vehicle Body Type Cd,Cotedrouteid,Coted Mp,Count App,CRASH_DT (copy),Crash Dt,Crash Event Type Dsc,Crash Military Tm,Crash Severity,Crash Year,Curbgutterdesc,C Crash,C People,Juris Name Used,Area Type Used,First Harmful Event of Entire Crash,MAINLINE,Time Slicing Used,Phy_Juris_Nm,Offset-Ft,Intersection Analysis,Clear,Calculation_9640323132123359,Day Of Week,Deer Nodeer,Direction Of Travel Cd,Distracted Notdistracted,VSP,TOTAL CRASH,Document Nbr,Driverage,Drivergen,Driverinjurytype,Drivervehiclenumber,Driver Action Type Cd,Driver Airbag Deployment,Driver Alcohol Test Type Cd,Driver Condition Type Cd,Driver Distraction Type Cd,Driver Drinking Type Cd,Driver Drug Use Cd,Driver Ejected From Vehicle,Driver Ems Transport Ind,Driver Fled Scene Ind,Driver Safety Equip Used,Driver Vis Obscured Type Cd,Drowsy Notdrowsy,Drug Nodrug,EMP,End Node,End Node Dsc,End Offset,Facility,FAC,First Crash Event Cd,First Harmful Event,Fourth Crash Event Cd,Functionalclass,FUN,Govcondesc,Gr Nogr,Hitrun Not Hitrun,Initial Veh Impact Area Cd,Injury Crashes,Intersection Type,Int Doc,Jurtype,K_CRASH,K People,LAT (copy),LAT,Leftshoulderwidth,Length,Lgtruck Nonlgtruck,Light Condition,Located Unlocated,LON (copy),LON,MAINLINE (group),Mainline Yn,Medianleftshoulderwidth,Medianrightshoulderwidth,Mediantypedesc,Medianwidthmax,Medianwidthmin,Median Type,Most Harmful Crash Event Cd,Motor Nonmotor,Node,Node Info,Node Totaadt2011,Node Totaadt2012,Node Totaadt2013,Node Totaadt2014,Node Totaadt2015,Numberoflane,Number of Records,Offset,Ownership,Passage,Passgen,Passinjurytype,Passvehiclenumber,Pass Airbag Deployment,Pass Ejected From Vehicle,Pass Ems Transport Ind,Pass Safety Equip Used,Pavementconditionvalue,Pavementroughnessvalue,Pavementwidth,Pdo Crash,Total People Killed & Injured,Pedage,Pedestrians Injured,Pedestrians Killed,Pedgen,Pedinjurytype,Pednumber,Ped Action,Ped Al Test,Ped Cond,Ped Drink,Ped Drug,Ped Nonped,Ped Rflct,Persons Injured,Persons Killed,Physical Juris Nm,PJR,VSP_Used,Rd Type,Relation To Roadway,Rightshoulderwidth,RNS_MP (0.25 mi bin),Rns Mp,Roadway Alignment,Roadway Defect,Roadway Description,Roadway Surface Cond,Roadway Surface Type,Route Or Street Nm,Rte Category Cd,Rte Cat,Rte Nm,Ruralurbandesc,School Zone,Second Crash Event Cd,Segtotaadt2011,Segtotaadt2012,Segtotaadt2013,Segtotaadt2014,Segtotaadt2015,Senior Notsenior,Sidewalkdesc,Speed Before,Speed Max Safe,Speed Notspeed,Speed Posted,Start Node,Start Offset,Summons Issued Cd,Surfacedesc,Third Crash Event Cd,Time Slicing,Total Crashes including Property Damage Only,Total Crash,Traffic Control Type,Trfc Ctrl Status Type,Truckcommr,Vehiclenumber,Vehicle Body Type Cd,Vehicle Make Nm,Vehicle Maneuver Type Cd,Vehicle Model Nm,Vehicle Year Nbr,District,District_Used ,Weather Condition,Work Zone Location,Work Zone Related,Work Zone Type,Young Notyoung
No Access Control,Not ALCIHOL,Urban,0,0,"N/A, Unknown, or Unstabilized",KENLEY RD(L)/,Not UNBELTED,19,Female,B,1,BIKE,0.43,1,1,,2. Angle,"Not Provided,Not Provided","Not Provided,Not Provided",13408736,0.44,3,5/14/2014,5/14/2014,20. Motor Vehicle In Transport,1727,B.Visiible Injury,2014,Left and Right sides,0,0,Virginia Beach,Urban,20. Motor Vehicle In Transport,MAIN,3PM TO 6PM,134.Virginia Beach,"2,323",Intersection,Reset Filters,VDOT_OTHER,Wednesday,Not DEER,"West,South",DISTRACTED,5,1,141365194,"19,37","Female,Male","B,PDO","1,2","11. Did Not Have Right-of-Way,1. No Improper Action","3. Unavailable/Not Applicable,2. Not Deployed","Not Applicable,Not Applicable","1. No Defects,1. No Defects","6. Cell Phone,14. No Driver Distraction","1. Had Not Been Drinking,1. Had Not Been Drinking","2. No,2. No","3. Totally Ejected,1. Not Ejected","Yes,No","No,No","8. No Restraint Used,3. Lap and Shoulder Belt","1. Not Obscured,1. Not Obscured",,,1,542201,GREENVIEW DR(L)/,0,0,"0.Two-way, non-divided","20,22",1. On Roadway,"0,0",H,H.Urban Minor Arterial,Other City or Town Streets (not state maintained),Not GUARDRAIL,Not HIT_RUN,"3,12",1,1. Not at Intersection,141365194,C,0,0,36.82643,36.82643,0,0.09,Not LRTRUCK,2. Daylight,LOCATED,-76.14528,-76.14528,MAINLINE,MAIN,0,0,0,0,0,Undivided Roadway,"20,22",Not MOTORCYCLE,541149,541149.  SR00165       SR00165      13408736,46051,42748,43143,41577,40999,2,1,0.44,SEC_URBAN,,,,,,,,,0,0,0,0,1,,0,0,,,,,,,,,Not PED,,1,0,Virginia Beach,134,5,NOT-RD,8. Non-Intersection,0,0.25,0.44,1. Straight - Level,1. No Defects,"2. Two-Way, Divided, Unprotected Median",1. Dry,1. Concrete,4800 BLK BAXTER RD,URB,UR,R-VA134UR08736SB,"Urbanized (Population 200,000 and over)",3. No,"0,0",21907,20996,21190,20421,21858,Not SENIOR,Right side,"2,20","45,45",Not SPEED,"45,45",542200,0,"1. Yes,2. No",0,"0,0",3PM TO 6PM,1,1,1. No Traffic Control,6. No Traffic Control Device Present,Not a Parkway - Trucks and Commercial Vehicles Allowed,"1,2","9. Bicycle,22. Truck - Sport Utility Vehicle (SUV)","BIKE,KIA","1. Going Straight Ahead,1. Going Straight Ahead",SORENTO,2014,5,5.Hampton Roads,1. No Adverse Condition (Clear/Cloudy),Not Provided,2. No,Not Provided,YOUNG
No Access Control,Not ALCIHOL,Urban,0,0,Bituminous Concrete (Black Base),WEEPING WILLOW RD(R)/,Not UNBELTED,63,Male,B,2,BIKE,6.56,1,1,,2. Angle,"Not Provided,Not Provided","Not Provided,Not Provided",13408717,6.666,4,8/25/2015,8/25/2015,22. Bicycle,1606,B.Visiible Injury,2015,Left and Right sides,0,0,Virginia Beach,Urban,22. Bicycle,MAIN,3PM TO 6PM,134.Virginia Beach,74,Intersection,Reset Filters,VDOT_OTHER,Tuesday,Not DEER,"North,East",,5,1,152395181,"20,63","Female,Male","PDO,B","1,2","11. Did Not Have Right-of-Way,1. No Improper Action","2. Not Deployed,3. Unavailable/Not Applicable","4. No Test,4. No Test","1. No Defects,1. No Defects","14. No Driver Distraction,14. No Driver Distraction","1. Had Not Been Drinking,1. Had Not Been Drinking","2. No,2. No","1. Not Ejected,2. Partially Ejected","No,No","No,No","3. Lap and Shoulder Belt,8. No Restraint Used","1. Not Obscured,1. Not Obscured",,,7,541275,134-00012(B)/134-00014(L)/Gap Terminus/LYNNHA,0,1,"1.Divided, no control of access","20,20",1. On Roadway,"0,0",H,H.Urban Minor Arterial,Other City or Town Streets (not state maintained),Not GUARDRAIL,Not HIT_RUN,"12,2",1,4. Four Approaches,152395181,C,0,0,36.79984,36.79984,0,0.12,Not LRTRUCK,2. Daylight,LOCATED,-76.08605,-76.08605,MAINLINE,MAIN,0,0,Curbed Grass,16,4,Divided Roadway,"22,20",Not MOTORCYCLE,541275,541275. 13400012      13400012      13400014      13408717,57323,59152,59698,57532,59080,4,1,0.014,SEC_URBAN,,,,,,,,,0,0,52,0,1,,0,0,,,,,,,,,Not PED,,1,0,Virginia Beach,134,5,NOT-RD,9. Within Intersection,0,6.50,6.67,1. Straight - Level,1. No Defects,"2. Two-Way, Divided, Unprotected Median",1. Dry,"2. Blacktop, Asphalt, Bituminous",1200 LYNNHAVEN PWY,URB,UR,R-VA134UR08717EB,"Urbanized (Population 200,000 and over)",3. No,"22,0",22465,25640,25877,24938,25071,Not SENIOR,Left and Right sides,"10,2","45,45",Not SPEED,"45,45",541946,0,"1. Yes,2. No",0,"0,0",3PM TO 6PM,1,1,14. Ped Crosswalk,1. Yes - Working,Not a Parkway - Trucks and Commercial Vehicles Allowed,"1,2","1. Passenger car,9. Bicycle","HONDA,UNK","1. Going Straight Ahead,7. Starting From Parked Position","CIVIC,UNK",20062015,5,5.Hampton Roads,1. No Adverse Condition (Clear/Cloudy),Not Provided,2. No,Not Provided,YOUNG
No Access Control,Not ALCIHOL,Urban,0,0,Bituminous Concrete (Black Base),OPERATIONS DR(L)/MALL PARKWAY(R)/,Not UNBELTED,16,Female,C,2,BIKE,18.16,0,0,,2. Angle,"Not Provided,Not Provided","Not Provided,Not Provided",SR00143,18.322,3,8/26/2015,8/26/2015,22. Bicycle,1750,C.Non-Visible Injury,2015,Left and Right sides,1,1,Newport News,Urban,22. Bicycle,MAIN,3PM TO 6PM,121.Newport News,940,Intersection,Reset Filters,VDOT_OTHER,Wednesday,Not DEER,"East,North",,5,1,153410025,"55,16","Female,Female","PDO,C","1,2","1. No Improper Action,37. Other","2. Not Deployed,3. Unavailable/Not Applicable","4. No Test,4. No Test","1. No Defects,1. No Defects","Not Applicable,Not Applicable","1. Had Not Been Drinking,1. Had Not Been Drinking","2. No,2. No","1. Not Ejected,1. Not Ejected","No,No","No,No","3. Lap and Shoulder Belt,8. No Restraint Used","1. Not Obscured,1. Not Obscured",,,18,702742,CLARE LANE(B)/,0,1,"1.Divided, no control of access","22,20",4. Roadside,"0,0",E,E.Urban Other Principle Arterials; Connecting Links of Other Rural Principal Arterial,Urban Extensions - Primary Routes,Not GUARDRAIL,Not HIT_RUN,"1,12",1,1. Not at Intersection,153410025,C,0,0,37.11171,37.11171,0,0.22,Not LRTRUCK,2. Daylight,LOCATED,-76.49922,-76.49922,MAINLINE,MAIN,0,0,Curbed Grass,16,4,Divided Roadway,"22,20",Not MOTORCYCLE,672290,672290.  IS00064E255A  SR00143       SR00143,72948,75610,65431,65362,67815,6,1,0.178,PRI_URBAN,,,,,,,,,0,112,76,0,1,,0,0,,,,,,,,,Not PED,,1,0,Newport News,121,5,NOT-RD,8. Non-Intersection,0,18.25,18.32,1. Straight - Level,1. No Defects,"2. Two-Way, Divided, Unprotected Median",1. Dry,"2. Blacktop, Asphalt, Bituminous",12249 JEFFERSON AVE,STPRI,SR,R-VA   SR00143SB,"Urbanized (Population 200,000 and over)",3. No,"0,0",57046,59128,51315,51258,53283,Not SENIOR,Left and Right sides,"1,5","0,0",Not SPEED,"15,45",702741,0,"2. No,2. No",0,"0,0",3PM TO 6PM,1,1,1. No Traffic Control,6. No Traffic Control Device Present,Not a Parkway - Trucks and Commercial Vehicles Allowed,"1,2","22. Truck - Sport Utility Vehicle (SUV),9. Bicycle",VOLVO,"2. Making Right Turn,1. Going Straight Ahead",XC90,2004,5,5.Hampton Roads,1. No Adverse Condition (Clear/Cloudy),Not Provided,2. No,Not Provided,YOUNG
,ALCOHOL,Urban,0,0,,,Not UNBELTED,35,Male,C,4,BIKE,,0,0,,16. Other,"Not Provided,Not Provided,Not Provided,Not Provided,Not Provided,Not Provided,Not Provided,Not Provided,Not Provided,Not Provided","Not Provided,Not Provided,Not Provided,Not Provided,Not Provided,Not Provided,Not Provided,Not Provided,Not Provided,Not Provided",,,,8/26/2015,8/26/2015,6. Parked Vehicle,26,C.Non-Visible Injury,2015,,1,2,Norfolk,Urban,6. Parked Vehicle,MAIN,0AM TO 3AM,122.Norfolk,,Not Intersection,Reset Filters,VDOT_OTHER,Wednesday,Not DEER,"East,East,East,East,South,South,North,West,West,East",DISTRACTED,5,1,152740015,"51,35","Male,Not Provided,Not Provided,Male,Not Provided,Not Provided,Not Provided,Not Provided,Not Provided,Not Provided","C,PDO,PDO,C,PDO,PDO,PDO,PDO,PDO,PDO","1,2,3,4,5,6,7,8,9,10","40. Fail to Maintain Proper Control,Not Applicable,Not Applicable,1. No Improper Action,Not Applicable,Not Applicable,Not Applicable,Not Applicable,Not Applicable,Not Applicable","2. Not Deployed,Not Provided,Not Provided,3. Unavailable/Not Applicable,Not Provided,Not Provided,Not Provided,Not Provided,Not Provided,Not Provided","1. Blood,Not Applicable,Not Applicable,Not Applicable,Not Applicable,Not Applicable,Not Applicable,Not Applicable,Not Applicable,Not Applicable","9. Unknown,Not Applicable,Not Applicable,1. No Defects,Not Applicable,Not Applicable,Not Applicable,Not Applicable,Not Applicable,Not Applicable","11. Other,Not Applicable,Not Applicable,Not Applicable,Not Applicable,Not Applicable,Not Applicable,Not Applicable,Not Applicable,Not Applicable","6. Unknown,Not Applicable,Not Applicable,1. Had Not Been Drinking,Not Applicable,Not Applicable,Not Applicable,Not Applicable,Not Applicable,Not Applicable","3. Unknown,Not Applicable,Not Applicable,2. No,Not Applicable,Not Applicable,Not Applicable,Not Applicable,Not Applicable,Not Applicable","1. Not Ejected,Not Provided,Not Provided,1. Not Ejected,Not Provided,Not Provided,Not Provided,Not Provided,Not Provided,Not Provided","Yes,NotProvided,NotProvided,No,NotProvided,NotProvided,NotProvided,NotProvided,NotProvided,NotProvided","No,No,No,No,No,No,No,No,No,No","3. Lap and Shoulder Belt,Not Provided,Not Provided,8. No Restraint Used,Not Provided,Not Provided,Not Provided,Not Provided,Not Provided,Not Provided","1. Not Obscured,Not Applicable,Not Applicable,1. Not Obscured,Not Applicable,Not Applicable,Not Applicable,Not Applicable,Not Applicable,Not Applicable",,,,,,,,,"6,20,20,20,20,20,20,20,20,20",1. On Roadway,"12,0,0,0,0,0,0,0,0,0",,,,Not GUARDRAIL,Not HIT_RUN,"1,7,11,12,8,11,8,7,8,10",1,1. Not at Intersection,,C,0,0,36.86994,36.86994,,,Not LRTRUCK,4. Darkness - Road Lighted,UNLOCATED,-76.3085,-76.3085,MAINLINE,,,,,,,,"6,20,20,20,20,20,20,20,20,20",Not MOTORCYCLE,,.,,,,,,,1,,SEC_URBAN,,,,,,,,,,,,0,2,,0,0,,,,,,,,,Not PED,,2,0,Norfolk,122,5,RD-UNKNOWN,8. Non-Intersection,,,,1. Straight - Level,1. No Defects,"1. Two-Way, Not Divided",1. Dry,"2. Blacktop, Asphalt, Bituminous",1300 BLK WESTOVER AVE,UNKWN,SC,U-VA122SC99999UK,,3. No,"22,0,0,0,0,0,0,0,0,0",,,,,,Not SENIOR,,"25,0,0,5,0,0,0,0,0,0","25,0,0,25,0,0,0,0,0,0",Not SPEED,"25,25,25,25,25,25,25,25,25,25",,,"2. No,Not Provided,Not Provided,2. No,Not Provided,Not Provided,Not Provided,Not Provided,Not Provided,Not Provided",,"2,0,0,0,0,0,0,0,0,0",0AM TO 3AM,1,1,1. No Traffic Control,6. No Traffic Control Device Present,,"1,2,3,4,5,6,7,8,9,10","2. Truck - Pick-up/Passenger Truck,22. Truck - Sport Utility Vehicle (SUV),Not Applicable,9. Bicycle,1. Passenger car,1. Passenger car,22. Truck - Sport Utility Vehicle (SUV),22. Truck - Sport Utility Vehicle (SUV),3. Van,2. Truck - Pick-up/Passenger Truck","FORD,TOYOTA,HYUNDAI,TREK BIKE,HYUNDAI,HONDA,MERCEDES,HONDA,DODGE,GMC","15. Other,11. Parked,11. Parked,1. Going Straight Ahead,11. Parked,11. Parked,11. Parked,11. Parked,11. Parked,11. Parked","F150,HIGHLANDER,SONATA,ORIGIN 8,VELOCESTER,CIVIC,ML350,CRV,RAM,SIERRA",1.997200820e+35,5,5.Hampton Roads,1. No Adverse Condition (Clear/Cloudy),Not Provided,2. No,Not Provided,Not YOUNG
,Not ALCIHOL,Urban,0,0,,,Not UNBELTED,30,Male,B,2,BIKE,,1,1,,2. Angle,"Not Provided,Not Provided","Not Provided,Not Provided",,,,1/9/2013,1/9/2013,22. Bicycle,1332,B.Visiible Injury,2013,,0,0,Norfolk,Urban,22. Bicycle,MAIN,12PM TO 3PM,122.Norfolk,,Not Intersection,Reset Filters,VDOT_OTHER,Wednesday,Not DEER,"East,North",DISTRACTED,5,1,132820035,"52,30","0,Male","PDO,B","1,2","37. Other,Not Applicable","2. Not Deployed,3. Unavailable/Not Applicable","Not Applicable,Not Applicable","1. No Defects,Not Applicable","7. Eyes Not on Road,Not Applicable","1. Had Not Been Drinking,1. Had Not Been Drinking","2. No,2. No","1. Not Ejected,1. Not Ejected","No,No","No,No","3. Lap and Shoulder Belt,9. Not Applicable","Not Applicable,Not Applicable",,,,,,,,,"22,22",1. On Roadway,"0,0",,,,Not GUARDRAIL,Not HIT_RUN,"1,12",1,2. Two Approaches,,C,0,0,36.881224,36.881224,,,Not LRTRUCK,2. Daylight,UNLOCATED,-76.302345,-76.302345,MAINLINE,,,,,,,,"22,39",Not MOTORCYCLE,,.,,,,,,,1,,SEC_URBAN,,,,,,,,,,,,0,1,,0,0,,,,,,,,,Not PED,,1,0,Norfolk,122,5,NOT-RD,1. Main-Line Roadway,,,,1. Straight - Level,1. No Defects,"1. Two-Way, Not Divided",1. Dry,"2. Blacktop, Asphalt, Bituminous",W. 40TH STREET,UNKWN,SC,U-VA122SC99999UK,,3. No,"0,39",,,,,,Not SENIOR,,2,"25,0",Not SPEED,"25,0",,,"2. No,Not Provided",,"0,0",12PM TO 3PM,1,1,4. Stop Sign,6. No Traffic Control Device Present,,"1,2","2. Truck - Pick-up/Passenger Truck,9. Bicycle","DODGE,TWO WHEEL","2. Making Right Turn,1. Going Straight Ahead",BICYCLE,,5,5.Hampton Roads,1. No Adverse Condition (Clear/Cloudy),Not Provided,2. No,Not Provided,Not YOUNG
No Access Control,Not ALCIHOL,Urban,0,0,Bituminous Concrete (Black Base),121-00012(B)/OLD OYSTER POINT RD,Not UNBELTED,34,Male,B,1,BIKE,0.13,1,1,,2. Angle,"Not Provided,Not Provided","Not Provided,Not Provided",12107034,0.351,3,5/15/2014,5/15/2014,19. Ped,1646,B.Visiible Injury,2014,Left and Right sides,0,0,Newport News,Urban,19. Ped,MAIN,3PM TO 6PM,121.Newport News,"1,853",Intersection,Reset Filters,VDOT_OTHER,Thursday,Not DEER,"East,South",DISTRACTED,5,1,143630008,"34,32","Male,Male","B,PDO","1,2","37. Other,1. No Improper Action","3. Unavailable/Not Applicable,2. Not Deployed","4. No Test,4. No Test","1. No Defects,1. No Defects","11. Other,Not Applicable","6. Unknown,6. Unknown","3. Unknown,3. Unknown","3. Totally Ejected,1. Not Ejected","Yes,No","No,No","5. Helmet,3. Lap and Shoulder Belt","1. Not Obscured,1. Not Obscured",,,1,646394,LOCHAVEN DRIVE(L)/,0,0,"0.Two-way, non-divided","20,19","8. Off Roadway, Location Unknown","0,0",I,I.Urban Collector,Other City or Town Streets (not state maintained),Not GUARDRAIL,Not HIT_RUN,"12,2",1,1. Not at Intersection,143630008,C,0,0,37.10527,37.10527,0,0.54,Not LRTRUCK,2. Daylight,LOCATED,-76.47484,-76.47484,MAINLINE,MAIN,0,0,0,0,0,Undivided Roadway,"20,19",Not MOTORCYCLE,716448,716448. 12100012      12100012      12107034,17311,16929,18767,18099,18466,2,1,0.351,SEC_URBAN,,,,,,,,,0,0,36,0,1,,0,0,,,,,,,,,Not PED,,1,0,Newport News,121,5,NOT-RD,"13. Driveway, Alley-Access - Related",0,0.25,0.34,1. Straight - Level,1. No Defects,"3. Two-Way, Divided, Positive Median Barrier",1. Dry,1. Concrete,519 OYSTER POINT RD,URB,UR,R-VA121UR07034WB,"Urbanized (Population 200,000 and over)",3. No,"0,0",5318,5201,5136,4953,5053,Not SENIOR,None,"15,0","0,35",SPEED,"0,35",716448,0.13,"1. Yes,2. No",0,"0,0",3PM TO 6PM,1,1,1. No Traffic Control,6. No Traffic Control Device Present,Not a Parkway - Trucks and Commercial Vehicles Allowed,"1,2","9. Bicycle,1. Passenger car",SUBARU,"1. Going Straight Ahead,11. Parked",IMPREZA,2002,5,5.Hampton Roads,1. No Adverse Condition (Clear/Cloudy),Not Provided,2. No,Not Provided,Not YOUNG
Full Access Control,ALCOHOL,Urban,0,0,"N/A, Unknown, or Unstabilized",134-08723-S003A(L)/FROM BIRDNECK ROAD - SOUTH,Not UNBELTED,36,Male,B,1,BIKE,24.55,1,1,55,4. Sideswipe - Same Direction,"Not Provided,Not Provided","Not Provided,Not Provided",IS00264W,24.688,,5/15/2014,5/15/2014,20. Motor Vehicle In Transport,1132,B.Visiible Injury,2014,None,0,0,Virginia Beach,Urban,20. Motor Vehicle In Transport,MAIN,9AM TO 12PM,134.Virginia Beach,,Not Intersection,Reset Filters,VDOT_OTHER,Thursday,Not DEER,"West,West",,5,1,141365019,"36,53","Male,Male","B,PDO","1,2","37. Other,1. No Improper Action","3. Unavailable/Not Applicable,2. Not Deployed","Not Applicable,Not Applicable","1. No Defects,1. No Defects","14. No Driver Distraction,14. No Driver Distraction","2. Drinking - Obviously Drunk,1. Had Not Been Drinking","2. No,2. No","1. Not Ejected,1. Not Ejected","Yes,NotProvided","No,No","9. Not Applicable,3. Lap and Shoulder Belt","1. Not Obscured,1. Not Obscured",,,25,718901,134-08723-N003A(L)/FROM BIRDNECK ROAD - NORTH,0,3,"3.Divided, full control of access","20,22",1. On Roadway,"0,0",A,A.Urban Interstate,State Primary and Interstate,Not GUARDRAIL,Not HIT_RUN,"9,2",1,1. Not at Intersection,,X,0,0,36.8465,36.8465,10,0.28,Not LRTRUCK,4. Darkness - Road Lighted,LOCATED,-75.99566,-75.99566,MAINLINE,MAIN,3,0,0,0,0,Divided Roadway,"20,22",Not MOTORCYCLE,,.,,,,,,3,1,,VDOT_IS,,,,,,,,,0,0,36,0,1,,0,0,,,,,,,,,Not PED,,1,0,Virginia Beach,134,5,NOT-RD,8. Non-Intersection,0,24.50,24.69,1. Straight - Level,1. No Defects,"3. Two-Way, Divided, Positive Median Barrier",1. Dry,"2. Blacktop, Asphalt, Bituminous",I-264 WESTBOUND,IS,IS,R-VA   IS00264WB,"Urbanized (Population 200,000 and over)",3. No,"0,0",12318,12058,12553,12024,17875,Not SENIOR,None,"1,55","0,55",Not SPEED,"55,55",541054,0,"1. Yes,2. No",0,"0,0",9AM TO 12PM,1,1,6. Traffic Lanes Marked,1. Yes - Working,Designated Truck Route - D1,"1,2","9. Bicycle,1. Passenger car","JAMIS,Dodge","1. Going Straight Ahead,1. Going Straight Ahead","EARTHCRUISER,Caravan",20002005,5,5.Hampton Roads,1. No Adverse Condition (Clear/Cloudy),Not Provided,2. No,Not Provided,Not YOUNG
No Access Control,Not ALCIHOL,Urban,0,0,Bituminous Concrete (Black Base),BRYANT DRIVE(L)/,Not UNBELTED,14,Male,B,2,BIKE,0.52,1,1,,13. Bicyclist,"Not Provided,Not Provided","Not Provided,Not Provided",11407051,0.622,3,5/16/2014,5/16/2014,22. Bicycle,2210,B.Visiible Injury,2014,None,0,0,Hampton,Urban,22. Bicycle,MAIN,9PM TO 12AM,114.Hampton,"3,284",Intersection,Reset Filters,VDOT_OTHER,Friday,Not DEER,"West,Not Provided",,5,1,142960092,14,"Not Provided,Male","PDO,B","1,2","34. Hit and Run,1. No Improper Action","Not Provided,3. Unavailable/Not Applicable","Not Applicable,Not Applicable","9. Unknown,Not Applicable","Not Applicable,Not Applicable","6. Unknown,Not Applicable","3. Unknown,Not Applicable","Not Provided,3. Totally Ejected","NotProvided,Yes","No,No","Not Provided,9. Not Applicable","Not Applicable,Not Applicable",,,1,253518,INSTITUE DR(L)/HENDERSONS LANE(R)/,0,0,"0.Two-way, non-divided","20,0",1. On Roadway,"0,0",I,I.Urban Collector,Other City or Town Streets (not state maintained),Not GUARDRAIL,HIT_RUN,"12,0",1,2. Two Approaches,142960092,C,0,0,37.03025,37.03025,1,0.15,Not LRTRUCK,4. Darkness - Road Lighted,LOCATED,-76.31376,-76.31376,MAINLINE,MAIN,0,0,0,0,0,Undivided Roadway,"22,0",Not MOTORCYCLE,253155,253155.  US00258       US00258      11407051,13375,13079,10950,10560,10774,2,1,0.622,SEC_URBAN,,,,,,,,,0,0,22,0,1,,0,0,,,,,,,,,Not PED,,1,0,Hampton,114,5,NOT-RD,1. Main-Line Roadway,1,0.50,0.62,1. Straight - Level,1. No Defects,"1. Two-Way, Not Divided",1. Dry,1. Concrete,1100 OLD BURCKROE ROAD,URB,UR,R-VA114UR07051SB,"Urbanized (Population 200,000 and over)",3. No,"22,0",3522,3444,3134,3022,3084,Not SENIOR,None,,"0,0",Not SPEED,"0,0",253517,0,"3. Pending,2. No",0,"0,0",9PM TO 12AM,1,1,6. Traffic Lanes Marked,6. No Traffic Control Device Present,Not a Parkway - Trucks and Commercial Vehicles Allowed,"1,2","1. Passenger car,9. Bicycle",,"1. Going Straight Ahead,1. Going Straight Ahead",,,5,5.Hampton Roads,1. No Adverse Condition (Clear/Cloudy),Not Provided,2. No,Not Provided,Not YOUNG
No Access Control,Not ALCIHOL,Urban,0,0,Bituminous Concrete (Black Base),GUMWOOD DRIVE(B)/,Not UNBELTED,31,Male,C,2,BIKE,61.48,0,0,,12. Ped,"Not Provided,Not Provided","Not Provided,Not Provided",US00258,61.783,4,8/30/2015,8/30/2015,19. Ped,255,C.Non-Visible Injury,2015,Left and Right sides,1,1,Hampton,Urban,19. Ped,MAIN,0AM TO 3AM,114.Hampton,195,Intersection,Reset Filters,VDOT_OTHER,Sunday,Not DEER,"East,East",,5,1,152435033,31,"Not Provided,Male","PDO,C","1,2","34. Hit and Run,Not Applicable","Not Provided,3. Unavailable/Not Applicable","Not Applicable,Not Applicable","9. Unknown,1. No Defects","Not Applicable,Not Applicable","6. Unknown,1. Had Not Been Drinking","3. Unknown,2. No","Not Provided,3. Totally Ejected","No,No","Yes,No","Not Provided,8. No Restraint Used","Not Applicable,Not Applicable",,,62,253135,114-07025(B)/ABERDEEN RD,0,1,"1.Divided, no control of access","22,22",4. Roadside,"0,0",E,E.Urban Other Principle Arterials; Connecting Links of Other Rural Principal Arterial,Urban Extensions - Primary Routes,Not GUARDRAIL,HIT_RUN,"11,1",1,1. Not at Intersection,152435033,C,0,0,37.03659,37.03659,0,0.34,Not LRTRUCK,4. Darkness - Road Lighted,LOCATED,-76.40951,-76.40951,MAINLINE,MAIN,0,0,Curbed Grass,16,4,Divided Roadway,"22,22",Not MOTORCYCLE,253135,253135.  US00258       US00258      11407025      11407025,69743,65278,62501,62639,64191,8,1,0.037,PRI_URBAN,,,,,,,,,0,150,102,0,1,,0,0,,,,,,,,,Not PED,,1,0,Hampton,114,5,NOT-RD,8. Non-Intersection,0,61.75,61.78,1. Straight - Level,1. No Defects,"3. Two-Way, Divided, Positive Median Barrier",1. Dry,"2. Blacktop, Asphalt, Bituminous",2401 W MERCURY BLVD,USPRI,US,R-VA   US00258EB,"Urbanized (Population 200,000 and over)",3. No,"0,0",56311,52167,47785,48306,49551,Not SENIOR,Left and Right sides,"0,0","45,45",Not SPEED,"45,45",744794,0,"Not Provided,2. No",0,"0,0",0AM TO 3AM,1,1,6. Traffic Lanes Marked,1. Yes - Working,Truck Access System,"1,2","1. Passenger car,9. Bicycle",OTH,"2. Making Right Turn,1. Going Straight Ahead",BICYCLE,0,5,5.Hampton Roads,1. No Adverse Condition (Clear/Cloudy),Not Provided,2. No,Not Provided,Not YOUNG