Access Control,Alcohol Notalcohol,Area Type1,A Crash,A People,Basetypedesc,Begin Node Dsc,Belted Unbelted,Bikeage,Bikegen,Bikeinjurytype,Bikevehiclenumber,Bike Nonbike,BMP,B Crash,B People,Carspeedlimit,Collision Type,Comm Cargo Body Type Cd,Comm Vehicle Body Type Cd,Cotedrouteid,Coted Mp,Count App,CRASH_DT (copy),Crash Dt,Crash Event Type Dsc,Crash Military Tm,Crash Severity,Crash Year,Curbgutterdesc,C Crash,C People,Juris Name Used,Area Type Used,First Harmful Event of Entire Crash,MAINLINE,Time Slicing Used,Phy_Juris_Nm,Offset-Ft,Intersection Analysis,Clear,Calculation_9640323132123359,Day Of Week,Deer Nodeer,Direction Of Travel Cd,Distracted Notdistracted,VSP,TOTAL CRASH,Document Nbr,Driverage,Drivergen,Driverinjurytype,Drivervehiclenumber,Driver Action Type Cd,Driver Airbag Deployment,Driver Alcohol Test Type Cd,Driver Condition Type Cd,Driver Distraction Type Cd,Driver Drinking Type Cd,Driver Drug Use Cd,Driver Ejected From Vehicle,Driver Ems Transport Ind,Driver Fled Scene Ind,Driver Safety Equip Used,Driver Vis Obscured Type Cd,Drowsy Notdrowsy,Drug Nodrug,EMP,End Node,End Node Dsc,End Offset,Facility,FAC,First Crash Event Cd,First Harmful Event,Fourth Crash Event Cd,Functionalclass,FUN,Govcondesc,Gr Nogr,Hitrun Not Hitrun,Initial Veh Impact Area Cd,Injury Crashes,Intersection Type,Int Doc,Jurtype,K_CRASH,K People,LAT (copy),LAT,Leftshoulderwidth,Length,Lgtruck Nonlgtruck,Light Condition,Located Unlocated,LON (copy),LON,MAINLINE (group),Mainline Yn,Medianleftshoulderwidth,Medianrightshoulderwidth,Mediantypedesc,Medianwidthmax,Medianwidthmin,Median Type,Most Harmful Crash Event Cd,Motor Nonmotor,Node,Node Info,Node Totaadt2011,Node Totaadt2012,Node Totaadt2013,Node Totaadt2014,Node Totaadt2015,Numberoflane,Number of Records,Offset,Ownership,Passage,Passgen,Passinjurytype,Passvehiclenumber,Pass Airbag Deployment,Pass Ejected From Vehicle,Pass Ems Transport Ind,Pass Safety Equip Used,Pavementconditionvalue,Pavementroughnessvalue,Pavementwidth,Pdo Crash,Total People Killed & Injured,Pedage,Pedestrians Injured,Pedestrians Killed,Pedgen,Pedinjurytype,Pednumber,Ped Action,Ped Al Test,Ped Cond,Ped Drink,Ped Drug,Ped Nonped,Ped Rflct,Persons Injured,Persons Killed,Physical Juris Nm,PJR,VSP_Used,Rd Type,Relation To Roadway,Rightshoulderwidth,RNS_MP (0.25 mi bin),Rns Mp,Roadway Alignment,Roadway Defect,Roadway Description,Roadway Surface Cond,Roadway Surface Type,Route Or Street Nm,Rte Category Cd,Rte Cat,Rte Nm,Ruralurbandesc,School Zone,Second Crash Event Cd,Segtotaadt2011,Segtotaadt2012,Segtotaadt2013,Segtotaadt2014,Segtotaadt2015,Senior Notsenior,Sidewalkdesc,Speed Before,Speed Max Safe,Speed Notspeed,Speed Posted,Start Node,Start Offset,Summons Issued Cd,Surfacedesc,Third Crash Event Cd,Time Slicing,Total Crashes including Property Damage Only,Total Crash,Traffic Control Type,Trfc Ctrl Status Type,Truckcommr,Vehiclenumber,Vehicle Body Type Cd,Vehicle Make Nm,Vehicle Maneuver Type Cd,Vehicle Model Nm,Vehicle Year Nbr,District,District_Used ,Weather Condition,Work Zone Location,Work Zone Related,Work Zone Type,Young Notyoung
No Access Control,Not ALCIHOL,Urban,0,0,"N/A, Unknown, or Unstabilized",137-07075(B)/137-07083(U)/Gap Terminus/RICHMO,Not UNBELTED,21,Female,B,2,BIKE,0,1,1,,2. Angle,"Not Provided,Not Provided","Not Provided,Not Provided",13707077,0,4,8/31/2015,8/31/2015,22. Bicycle,834,B.Visiible Injury,2015,Left and Right sides,0,0,Williamsburg,Urban,22. Bicycle,MAIN,6AM TO 9AM,137.Williamsburg,0,Intersection,Reset Filters,VDOT_OTHER,Monday,Not DEER,"West,East",,5,1,160225316,"72,21","Female,Female","PDO,B","1,2","11. Did Not Have Right-of-Way,1. No Improper Action","2. Not Deployed,3. Unavailable/Not Applicable","Not Applicable,Not Applicable","1. No Defects,1. No Defects","Not Applicable,Not Applicable","1. Had Not Been Drinking,1. Had Not Been Drinking","2. No,2. No","1. Not Ejected,3. Totally Ejected","No,No","No,No","3. Lap and Shoulder Belt,8. No Restraint Used","1. Not Obscured,1. Not Obscured",,,0,398813,137-07075(B)/137-07083(U)/Gap Terminus/RICHMO,0.07,1,"1.Divided, no control of access","22,20",1. On Roadway,"0,0",H,H.Urban Minor Arterial,Other City or Town Streets (not state maintained),Not GUARDRAIL,Not HIT_RUN,"11,12",1,4. Four Approaches,160225316,C,0,0,37.28266,37.28266,0,0.07,Not LRTRUCK,2. Daylight,LOCATED,-76.7194,-76.7194,MAINLINE,MAIN,0,0,0,12,2,Divided Roadway,"22,20",Not MOTORCYCLE,398813,398813. 13707075      13707075      13707077      13707083,27434,26827,25596,24685,25185,2,1,0,SEC_URBAN,,,,,,,,,0,0,36,0,1,,0,0,,,,,,,,,Not PED,,1,0,Williamsburg,137,5,NOT-RD,9. Within Intersection,0,0.00,0.01,1. Straight - Level,1. No Defects,"1. Two-Way, Not Divided",1. Dry,"2. Blacktop, Asphalt, Bituminous",LAFAYETTE ST,URB,UR,R-VA137UR07077WB,"Urbanized (Population 200,000 and over)",3. No,"0,0",8208,8026,8230,7937,8098,SENIOR,Left side,"5,2","25,25",Not SPEED,"25,25",398813,0,"1. Yes,Not Provided",0,"0,0",6AM TO 9AM,1,1,3. Traffic Signal,1. Yes - Working,Not a Parkway - Trucks and Commercial Vehicles Allowed,"1,2","3. Van,9. Bicycle",HOND,"2. Making Right Turn,1. Going Straight Ahead",ODYSSEY,,5,5.Hampton Roads,1. No Adverse Condition (Clear/Cloudy),Not Provided,2. No,Not Provided,Not YOUNG
,Not ALCIHOL,Urban,1,1,,,Not UNBELTED,26,Male,A,2,BIKE,,0,0,,12. Ped,"Not Provided,Not Provided","Not Provided,Not Provided",,,,8/31/2015,8/31/2015,22. Bicycle,1540,A.Ambulatory Injury,2015,,0,0,Portsmouth,Urban,22. Bicycle,MAIN,3PM TO 6PM,124.Portsmouth,,Not Intersection,Reset Filters,VDOT_OTHER,Monday,Not DEER,"North,North",,5,1,152435370,26,"Not Provided,Male","PDO,A","1,2","37. Other,1. No Improper Action","Not Provided,3. Unavailable/Not Applicable","Not Applicable,Not Applicable","9. Unknown,1. No Defects","Not Applicable,Not Applicable","6. Unknown,1. Had Not Been Drinking","3. Unknown,2. No","Not Provided,3. Totally Ejected","No,No","Yes,No","Not Provided,8. No Restraint Used","Not Applicable,1. Not Obscured",,,,,,,,,"22,20",1. On Roadway,"0,0",,,,Not GUARDRAIL,HIT_RUN,"12,0",1,4. Four Approaches,,C,0,0,36.82388,36.82388,,,Not LRTRUCK,2. Daylight,UNLOCATED,-76.30777,-76.30777,MAINLINE,,,,,,,,"22,20",Not MOTORCYCLE,,.,,,,,,,1,,SEC_URBAN,,,,,,,,,,,,0,1,,0,0,,,,,,,,,Not PED,,1,0,Portsmouth,124,5,NOT-RD,10. Intersection Related - Within 150 Feet,,,,1. Straight - Level,1. No Defects,"1. Two-Way, Not Divided",2. Wet,"2. Blacktop, Asphalt, Bituminous",2000 CHESTNUT ST,UNKWN,SC,U-VA124SC99999UK,,3. No,"0,0",,,,,,Not SENIOR,,"0,3","25,25",Not SPEED,"25,25",,,"Not Provided,2. No",,"0,0",3PM TO 6PM,1,1,4. Stop Sign,1. Yes - Working,,"1,2","16. Other (Scooter, Go-cart, Hearse, Bookmobile, Golf Cart, etc.),9. Bicycle",,"1. Going Straight Ahead,1. Going Straight Ahead",,,5,5.Hampton Roads,1. No Adverse Condition (Clear/Cloudy),Not Provided,2. No,Not Provided,Not YOUNG
,Not ALCIHOL,Urban,0,0,,,Not UNBELTED,15,Male,B,2,BIKE,,1,1,,4. Sideswipe - Same Direction,"Not Provided,Not Provided","Not Provided,Not Provided",,,,8/31/2015,8/31/2015,22. Bicycle,2000,B.Visiible Injury,2015,,0,0,Norfolk,Urban,22. Bicycle,MAIN,6PM TO 9PM,122.Norfolk,,Not Intersection,Reset Filters,VDOT_OTHER,Monday,Not DEER,"East,East",,5,1,152790155,15,"Not Provided,Male","PDO,B","1,2","9. Other Improper Passing,1. No Improper Action","Not Provided,3. Unavailable/Not Applicable","Not Applicable,Not Applicable","9. Unknown,1. No Defects","Not Applicable,Not Applicable","6. Unknown,1. Had Not Been Drinking","3. Unknown,2. No","Not Provided,1. Not Ejected","NotProvided,No","Yes,No","Not Provided,5. Helmet","1. Not Obscured,1. Not Obscured",,,,,,,,,"0,0",1. On Roadway,"0,0",,,,Not GUARDRAIL,HIT_RUN,"0,0",1,1. Not at Intersection,,C,0,0,36.89816,36.89816,,,Not LRTRUCK,7. Unknown,UNLOCATED,-76.23953,-76.23953,MAINLINE,,,,,,,,"20,20",Not MOTORCYCLE,,.,,,,,,,1,,SEC_URBAN,,,,,,,,,,,,0,1,,0,0,,,,,,,,,Not PED,,1,0,Norfolk,122,5,NOT-RD,1. Main-Line Roadway,,,,1. Straight - Level,1. No Defects,"1. Two-Way, Not Divided",1. Dry,"2. Blacktop, Asphalt, Bituminous",1100 BLK MIDDLETON PL,UNKWN,SC,U-VA122SC99999UK,,3. No,"0,0",,,,,,Not SENIOR,,5,"0,25",Not SPEED,"0,25",,,"Not Provided,Not Provided",,"0,0",6PM TO 9PM,1,1,1. No Traffic Control,6. No Traffic Control Device Present,,"1,2","22. Truck - Sport Utility Vehicle (SUV),9. Bicycle","LINCOLN,BICYCLE","1. Going Straight Ahead,1. Going Straight Ahead","SUV,HUFFY",,5,5.Hampton Roads,1. No Adverse Condition (Clear/Cloudy),Not Provided,2. No,Not Provided,YOUNG
No Access Control,Not ALCIHOL,Urban,0,0,"Stabilized with Bituminous Material (Soil,Gravel,Stone,etc.)",47-00611(L)/,Not UNBELTED,28,Male,C,2,BIKE,8.32,0,0,45,13. Bicyclist,"Not Provided,Not Provided","Not Provided,Not Provided",4700614,8.496,3,5/19/2014,5/19/2014,22. Bicycle,610,C.Non-Visible Injury,2014,None,1,1,James City,Urban,22. Bicycle,MAIN,6AM TO 9AM,47.James City,"1,035",Intersection,Reset Filters,VDOT_OTHER,Monday,Not DEER,"South,South",,5,1,141625068,28,"Not Provided,Male","PDO,C","1,2","34. Hit and Run,1. No Improper Action","Not Provided,3. Unavailable/Not Applicable","Not Applicable,Not Applicable","9. Unknown,1. No Defects","Not Applicable,Not Applicable","6. Unknown,6. Unknown","3. Unknown,3. Unknown","Not Provided,1. Not Ejected","No,No","Yes,No","Not Provided,9. Not Applicable","Not Applicable,1. Not Obscured",,,9,705738,47-01500(R)/,0,0,"0.Two-way, non-divided","22,20",1. On Roadway,"0,0",H,H.Urban Minor Arterial,State Secondary,Not GUARDRAIL,HIT_RUN,"2,9",1,1. Not at Intersection,141625068,N,0,0,37.33447,37.33447,4,0.41,Not LRTRUCK,1. Dawn,LOCATED,-76.7794,-76.7794,MAINLINE,MAIN,0,0,0,0,0,Undivided Roadway,"22,20",Not MOTORCYCLE,714384,714384.  4700611       4700614       4700614,9024,8838,9579,9257,9434,2,1,0.196,VDOT_SEC,,,,,,,,,0,0,0,0,1,,0,0,,,,,,,,,Not PED,,1,0,James City,47,5,NOT-RD,8. Non-Intersection,4,8.25,8.50,1. Straight - Level,1. No Defects,"1. Two-Way, Not Divided",1. Dry,"2. Blacktop, Asphalt, Bituminous",CENTERVILLE RD,SEC,SC,R-VA047SC00614SB,"Urbanized (Population 200,000 and over)",3. No,"0,0",8438,8252,9051,8729,8906,Not SENIOR,None,"45,10","45,45",Not SPEED,"45,45",714384,0.02,"Not Provided,2. No",Paved (unofficial definition),"0,0",6AM TO 9AM,1,1,1. No Traffic Control,6. No Traffic Control Device Present,Not a Parkway - Trucks and Commercial Vehicles Allowed,"1,2","1. Passenger car,9. Bicycle",,"1. Going Straight Ahead,1. Going Straight Ahead",,,5,5.Hampton Roads,1. No Adverse Condition (Clear/Cloudy),Not Provided,2. No,Not Provided,Not YOUNG
No Access Control,Not ALCIHOL,Urban,0,0,"N/A, Unknown, or Unstabilized",SMITH DOUGLAS ROAD(L)/,Not UNBELTED,22,Male,C,1,BIKE,2.6,0,0,,2. Angle,"Not Provided,Not Provided","Not Provided,Not Provided",SR00166,2.638,3,5/20/2014,5/20/2014,20. Motor Vehicle In Transport,1730,C.Non-Visible Injury,2014,None,1,1,Chesapeake,Urban,20. Motor Vehicle In Transport,MAIN,3PM TO 6PM,131.Chesapeake,11,Intersection,Reset Filters,VDOT_OTHER,Tuesday,Not DEER,"West,South",,5,1,141405309,22,"Male,Not Provided","C,PDO","1,2","22. Disregarded Stop or Yield Sign,1. No Improper Action","3. Unavailable/Not Applicable,Not Provided","Not Applicable,Not Applicable","1. No Defects,9. Unknown","14. No Driver Distraction,14. No Driver Distraction","1. Had Not Been Drinking,6. Unknown","Not Applicable,3. Unknown","Not Provided,Not Provided","No,NotProvided","No,Yes","9. Not Applicable,Not Provided","1. Not Obscured,1. Not Obscured",,,3,483363,US-00013-N039B(L)/RAMP TO AND FROM US 13,0,0,"0.Two-way, non-divided","20,20",1. On Roadway,"0,0",H,H.Urban Minor Arterial,Urban Extensions - Primary Routes,Not GUARDRAIL,HIT_RUN,"12,7",1,1. Not at Intersection,141405309,C,0,0,36.77515,36.77515,4,0.04,Not LRTRUCK,2. Daylight,LOCATED,-76.28615,-76.28615,MAINLINE,MAIN,0,0,0,0,0,Undivided Roadway,"20,20",Not MOTORCYCLE,483363,483363.  SR00166       SR00166       US00013N039B,8335,8150,8197,8850,9026,4,1,0.002,PRI_URBAN,,,,,,,,,0,0,46,0,1,,0,0,,,,,,,,,Not PED,,1,0,Chesapeake,131,5,NOT-RD,8. Non-Intersection,4,2.50,2.64,1. Straight - Level,1. No Defects,"2. Two-Way, Divided, Unprotected Median",1. Dry,1. Concrete,ROUTE 166,STPRI,SR,R-VA   SR00166WB,"Urbanized (Population 200,000 and over)",3. No,"0,0",8335,8150,8197,8850,9026,Not SENIOR,None,"10,35","0,0",SPEED,"25,25",483364,0,"2. No,Not Provided",0,"0,0",3PM TO 6PM,1,1,6. Traffic Lanes Marked,1. Yes - Working,Not a Parkway - Trucks and Commercial Vehicles Allowed,"1,2","9. Bicycle,1. Passenger car",,"5. Slowing or Stopping,1. Going Straight Ahead",,,5,5.Hampton Roads,1. No Adverse Condition (Clear/Cloudy),Not Provided,2. No,Not Provided,Not YOUNG
No Access Control,Not ALCIHOL,Urban,0,0,Bituminous Concrete (Black Base),IS-00664-W011B(R)/FROM I-664,Not UNBELTED,21,Male,B,1,BIKE,14.53,1,1,,2. Angle,"Not Provided,Not Provided","Not Provided,Not Provided",SR00337,14.726,3,9/2/2015,9/2/2015,20. Motor Vehicle In Transport,745,B.Visiible Injury,2015,Left and Right sides,0,0,Chesapeake,Urban,20. Motor Vehicle In Transport,MAIN,6AM TO 9AM,131.Chesapeake,"1,035",Intersection,Reset Filters,VDOT_OTHER,Wednesday,Not DEER,"East,South",,5,1,152455223,"21,23","Male,Female","B,PDO","1,2","10. Wrong Side Of Road - Not Overtaking,1. No Improper Action","3. Unavailable/Not Applicable,2. Not Deployed","Not Applicable,Not Applicable","1. No Defects,1. No Defects","14. No Driver Distraction,14. No Driver Distraction","1. Had Not Been Drinking,1. Had Not Been Drinking","2. No,2. No","1. Not Ejected,1. Not Ejected","No,No","No,No","8. No Restraint Used,3. Lap and Shoulder Belt","1. Not Obscured,1. Not Obscured",,,15,708855,IS-00664-W011B(R)/FROM I-664,0.36,1,"1.Divided, no control of access","20,22",1. On Roadway,"0,0",H,H.Urban Minor Arterial,Urban Extensions - Primary Routes,Not GUARDRAIL,Not HIT_RUN,"12,12",1,4. Four Approaches,152455223,C,0,0,36.82129,36.82129,0,0.36,Not LRTRUCK,2. Daylight,LOCATED,-76.42401,-76.42401,MAINLINE,MAIN,4,4,Grass/Unprotected,32,8,Divided Roadway,"20,22",Not MOTORCYCLE,708855,708855.  IS00664W011B  SR00337       SR00337,31586,30886,34356,32718,33302,4,1,0.196,PRI_URBAN,,,,,,,,,0,148,48,0,1,,0,0,,,,,,,,,Not PED,,1,0,Chesapeake,131,5,NOT-RD,9. Within Intersection,0,14.50,14.73,1. Straight - Level,1. No Defects,"3. Two-Way, Divided, Positive Median Barrier",1. Dry,"2. Blacktop, Asphalt, Bituminous",PORTSMOUTH BL,STPRI,SR,R-VA   SR00337WB,"Urbanized (Population 200,000 and over)",3. No,"0,0",31586,30886,31061,29423,30007,Not SENIOR,Left and Right sides,"5,5","0,0",Not SPEED,"45,45",708855,0,"2. No,2. No",0,"0,0",6AM TO 9AM,1,1,3. Traffic Signal,1. Yes - Working,Not a Parkway - Trucks and Commercial Vehicles Allowed,"1,2","9. Bicycle,1. Passenger car","NEXT,HONDA","1. Going Straight Ahead,2. Making Right Turn","BIKE,CIVIC",20152011,5,5.Hampton Roads,1. No Adverse Condition (Clear/Cloudy),Not Provided,2. No,Not Provided,Not YOUNG
No Access Control,Not ALCIHOL,Urban,0,0,"N/A, Unknown, or Unstabilized",PICADILLY CIRCLE(R)/APP. LOC,Not UNBELTED,9,Male,B,2,BIKE,2.1,1,1,,3. Head On,"Not Provided,Not Provided","Not Provided,Not Provided",SR00194,2.107,3,9/2/2015,9/2/2015,20. Motor Vehicle In Transport,1343,B.Visiible Injury,2015,Left and Right sides,0,0,Norfolk,Urban,20. Motor Vehicle In Transport,MAIN,12PM TO 3PM,122.Norfolk,"1,705",Intersection,Reset Filters,VDOT_OTHER,Wednesday,Not DEER,"South,West",,5,1,152740048,"63,9","Male,Male","PDO,B","1,2","37. Other,1. No Improper Action","2. Not Deployed,3. Unavailable/Not Applicable","4. No Test,Not Applicable","1. No Defects,Not Applicable","Not Applicable,Not Applicable","1. Had Not Been Drinking,Not Applicable","2. No,Not Applicable","1. Not Ejected,3. Totally Ejected","No,No","No,No","3. Lap and Shoulder Belt,9. Not Applicable","1. Not Obscured,1. Not Obscured",,,2,483509,IS-00064-E278A(L)/FROM RT 64 EAST,0,1,"1.Divided, no control of access","20,22",1. On Roadway,"0,0",H,H.Urban Minor Arterial,Urban Extensions - Primary Routes,Not GUARDRAIL,Not HIT_RUN,"12,3",1,4. Four Approaches,152740048,C,0,0,36.89681,36.89681,0,0.33,Not LRTRUCK,2. Daylight,LOCATED,-76.23867,-76.23867,MAINLINE,MAIN,0,0,Curbed Grass,14,4,Divided Roadway,"20,22",Not MOTORCYCLE,483509,483509.  IS00064E278A  SR00194       SR00194,18255,18243,18398,17783,18013,6,1,0.323,PRI_URBAN,,,,,,,,,0,0,76,0,1,,0,0,,,,,,,,,Not PED,,1,0,Norfolk,122,5,RD-UNKNOWN,9. Within Intersection,0,2.00,2.11,1. Straight - Level,1. No Defects,"3. Two-Way, Divided, Positive Median Barrier",1. Dry,"2. Blacktop, Asphalt, Bituminous",CHESAPEAKE BL,STPRI,SR,R-VA   SR00194SB,"Urbanized (Population 200,000 and over)",3. No,"0,0",18255,16775,16930,16315,16545,Not SENIOR,Left and Right sides,35,"35,0",Not SPEED,"35,0",724468,0,"1. Yes,2. No",0,"0,0",12PM TO 3PM,1,1,14. Ped Crosswalk,6. No Traffic Control Device Present,Not a Parkway - Trucks and Commercial Vehicles Allowed,"1,2","1. Passenger car,9. Bicycle",CADILLAC,"1. Going Straight Ahead,15. Other",DEVILLE,2001,5,5.Hampton Roads,1. No Adverse Condition (Clear/Cloudy),Not Provided,2. No,Not Provided,Not YOUNG
No Access Control,Not ALCIHOL,Urban,0,0,Bituminous Concrete (Black Base),ROSE MARIE AVE(L)/,Not UNBELTED,17,Male,B,2,BIKE,499.52,1,1,55,16. Other,"Not Provided,Not Provided","Not Provided,Not Provided",US00058,499.736,3,9/2/2015,9/2/2015,22. Bicycle,838,B.Visiible Injury,2015,Left and Right sides,0,0,Virginia Beach,Urban,22. Bicycle,MAIN,6AM TO 9AM,134.Virginia Beach,127,Intersection,Reset Filters,VDOT_OTHER,Wednesday,Not DEER,"East,West",,5,1,152465032,"38,17","Female,Male","PDO,B","1,2","11. Did Not Have Right-of-Way,1. No Improper Action","2. Not Deployed,3. Unavailable/Not Applicable","Not Applicable,Not Applicable","1. No Defects,1. No Defects","14. No Driver Distraction,14. No Driver Distraction","1. Had Not Been Drinking,1. Had Not Been Drinking","3. Unknown,3. Unknown","1. Not Ejected,3. Totally Ejected","No,No","No,No","3. Lap and Shoulder Belt,8. No Restraint Used","1. Not Obscured,1. Not Obscured",,,500,541086,134-08679(L)/ARAGONA BLVD,0,1,"1.Divided, no control of access","22,20",1. On Roadway,"0,0",E,E.Urban Other Principle Arterials; Connecting Links of Other Rural Principal Arterial,Urban Extensions - Primary Routes,Not GUARDRAIL,Not HIT_RUN,"12,3",1,4. Four Approaches,152465032,C,0,0,36.84357,36.84357,0,0.24,Not LRTRUCK,2. Daylight,LOCATED,-76.14596,-76.14596,MAINLINE,MAIN,0,0,Curbed Grass,28,4,Divided Roadway,"22,20",Not MOTORCYCLE,541086,541086.  US00058       US00058      13408679,44384,43297,34345,33121,33650,8,1,0.024,PRI_URBAN,,,,,,,,,0,151,99,0,1,,0,0,,,,,,,,,Not PED,,1,0,Virginia Beach,134,5,NOT-RD,9. Within Intersection,0,499.75,499.85,1. Straight - Level,1. No Defects,"3. Two-Way, Divided, Positive Median Barrier",1. Dry,"2. Blacktop, Asphalt, Bituminous",4900 BLOCK VIRGINIA BEACH BLVD.,USPRI,US,R-VA   US00058EB,"Urbanized (Population 200,000 and over)",3. No,"0,0",42552,41611,32644,31481,32119,Not SENIOR,Left and Right sides,"15,5","45,45",Not SPEED,"45,45",541087,0,"1. Yes,2. No",0,"0,0",6AM TO 9AM,1,1,3. Traffic Signal,1. Yes - Working,Not a Parkway - Trucks and Commercial Vehicles Allowed,"1,2","1. Passenger car,9. Bicycle","NISSAN,VERDE","2. Making Right Turn,1. Going Straight Ahead","SENTRA,BMX",20112015,5,5.Hampton Roads,1. No Adverse Condition (Clear/Cloudy),Not Provided,2. No,Not Provided,YOUNG
No Access Control,Not ALCIHOL,Urban,0,0,Bituminous Concrete (Black Base),JB-137/NCL WILLIAMSBURG/,Not UNBELTED,25,Male,B,1,BIKE,238.08,1,1,,2. Angle,"Not Provided,Not Provided","Not Provided,Not Provided",US00060,238.088,3,9/3/2015,9/3/2015,22. Bicycle,1633,B.Visiible Injury,2015,Left and Right sides,0,0,Williamsburg,Urban,22. Bicycle,MAIN,3PM TO 6PM,137.Williamsburg,11,Intersection,Reset Filters,VDOT_OTHER,Thursday,Not DEER,"North,East",,5,1,160225319,"25,68","Male,Female","B,PDO","1,2","37. Other,1. No Improper Action","3. Unavailable/Not Applicable,2. Not Deployed","4. No Test,4. No Test","1. No Defects,1. No Defects","Not Applicable,Not Applicable","1. Had Not Been Drinking,1. Had Not Been Drinking","2. No,2. No","3. Totally Ejected,1. Not Ejected","Yes,No","No,No","8. No Restraint Used,3. Lap and Shoulder Belt","1. Not Obscured,1. Not Obscured",,,238,398768,137-07081(R)/IRONBOUND RD,0,0,"0.Two-way, non-divided","22,22",1. On Roadway,"0,0",E,E.Urban Other Principle Arterials; Connecting Links of Other Rural Principal Arterial,Urban Extensions - Primary Routes,Not GUARDRAIL,Not HIT_RUN,"12,2",1,3. Three Approaches,160225319,C,0,0,37.29169,37.29169,0,0.01,Not LRTRUCK,2. Daylight,LOCATED,-76.72372,-76.72372,MAINLINE,MAIN,0,0,0,0,0,Undivided Roadway,"22,22",Not MOTORCYCLE,398768,398768.  US00060       US00060      13707081,30194,29526,29871,28807,29391,4,1,0.002,PRI_URBAN,,,,,,,,,0,110,64,0,1,,0,0,,,,,,,,,Not PED,,1,0,Williamsburg,137,5,NOT-RD,10. Intersection Related - Within 150 Feet,0,238.00,238.09,1. Straight - Level,1. No Defects,"3. Two-Way, Divided, Positive Median Barrier",1. Dry,"2. Blacktop, Asphalt, Bituminous",RICHMOND RD,USPRI,US,R-VA   US00060EB,"Urbanized (Population 200,000 and over)",3. No,"0,0",22422,21926,20109,19393,19786,SENIOR,Left and Right sides,"10,10","25,25",Not SPEED,"25,25",398769,1.36,"1. Yes,2. No",0,"0,0",3PM TO 6PM,1,1,3. Traffic Signal,1. Yes - Working,Not a Parkway - Trucks and Commercial Vehicles Allowed,"1,2","9. Bicycle,1. Passenger car",NISS,"1. Going Straight Ahead,3. Making Left Turn",SENTRA,,5,5.Hampton Roads,1. No Adverse Condition (Clear/Cloudy),Not Provided,2. No,Not Provided,Not YOUNG
,Not ALCIHOL,Urban,0,0,,,Not UNBELTED,18,Female,B,2,BIKE,,1,1,,4. Sideswipe - Same Direction,"Not Provided,Not Provided","Not Provided,Not Provided",,,,1/13/2013,1/13/2013,22. Bicycle,1945,B.Visiible Injury,2013,,0,0,Norfolk,Urban,22. Bicycle,MAIN,6PM TO 9PM,122.Norfolk,,Not Intersection,Reset Filters,VDOT_OTHER,Sunday,Not DEER,"East,East",,5,1,131050279,"38,18","0,Female","PDO,B","1,2","1. No Improper Action,9. Other Improper Passing","2. Not Deployed,3. Unavailable/Not Applicable","Not Applicable,Not Applicable","1. No Defects,1. No Defects","Not Applicable,Not Applicable","1. Had Not Been Drinking,1. Had Not Been Drinking","2. No,2. No","1. Not Ejected,1. Not Ejected","No,No","No,No","3. Lap and Shoulder Belt,8. No Restraint Used","1. Not Obscured,1. Not Obscured",,,,,,,,,"22,20",1. On Roadway,"0,0",,,,Not GUARDRAIL,Not HIT_RUN,"1,11",1,3. Three Approaches,,C,0,0,36.847238,36.847238,,,Not LRTRUCK,4. Darkness - Road Lighted,UNLOCATED,-76.182037,-76.182037,MAINLINE,,,,,,,,"22,20",Not MOTORCYCLE,,.,,,,,,,1,,SEC_URBAN,,,,,,,,,,,,0,1,,0,0,,,,,,,,,Not PED,,1,0,Norfolk,122,5,NOT-RD,9. Within Intersection,,,,1. Straight - Level,1. No Defects,"1. Two-Way, Not Divided",2. Wet,"2. Blacktop, Asphalt, Bituminous",6400 CENTER DR,UNKWN,SC,U-VA122SC99999UK,,3. No,"0,0",,,,,,Not SENIOR,,"5,1","25,25",Not SPEED,"25,25",,,"2. No,2. No",,"0,0",6PM TO 9PM,1,1,6. Traffic Lanes Marked,1. Yes - Working,,"1,2","1. Passenger car,9. Bicycle","VOLKSWAG,BODYGLOVE","2. Making Right Turn,1. Going Straight Ahead","EOS,BICYCLE",2009,5,5.Hampton Roads,1. No Adverse Condition (Clear/Cloudy),Not Provided,2. No,Not Provided,YOUNG