Access Control,Alcohol Notalcohol,Area Type1,A Crash,A People,Basetypedesc,Begin Node Dsc,Belted Unbelted,Bikeage,Bikegen,Bikeinjurytype,Bikevehiclenumber,Bike Nonbike,BMP,B Crash,B People,Carspeedlimit,Collision Type,Comm Cargo Body Type Cd,Comm Vehicle Body Type Cd,Cotedrouteid,Coted Mp,Count App,CRASH_DT (copy),Crash Dt,Crash Event Type Dsc,Crash Military Tm,Crash Severity,Crash Year,Curbgutterdesc,C Crash,C People,Juris Name Used,Area Type Used,First Harmful Event of Entire Crash,MAINLINE,Time Slicing Used,Phy_Juris_Nm,Offset-Ft,Intersection Analysis,Clear,Calculation_9640323132123359,Day Of Week,Deer Nodeer,Direction Of Travel Cd,Distracted Notdistracted,VSP,TOTAL CRASH,Document Nbr,Driverage,Drivergen,Driverinjurytype,Drivervehiclenumber,Driver Action Type Cd,Driver Airbag Deployment,Driver Alcohol Test Type Cd,Driver Condition Type Cd,Driver Distraction Type Cd,Driver Drinking Type Cd,Driver Drug Use Cd,Driver Ejected From Vehicle,Driver Ems Transport Ind,Driver Fled Scene Ind,Driver Safety Equip Used,Driver Vis Obscured Type Cd,Drowsy Notdrowsy,Drug Nodrug,EMP,End Node,End Node Dsc,End Offset,Facility,FAC,First Crash Event Cd,First Harmful Event,Fourth Crash Event Cd,Functionalclass,FUN,Govcondesc,Gr Nogr,Hitrun Not Hitrun,Initial Veh Impact Area Cd,Injury Crashes,Intersection Type,Int Doc,Jurtype,K_CRASH,K People,LAT (copy),LAT,Leftshoulderwidth,Length,Lgtruck Nonlgtruck,Light Condition,Located Unlocated,LON (copy),LON,MAINLINE (group),Mainline Yn,Medianleftshoulderwidth,Medianrightshoulderwidth,Mediantypedesc,Medianwidthmax,Medianwidthmin,Median Type,Most Harmful Crash Event Cd,Motor Nonmotor,Node,Node Info,Node Totaadt2011,Node Totaadt2012,Node Totaadt2013,Node Totaadt2014,Node Totaadt2015,Numberoflane,Number of Records,Offset,Ownership,Passage,Passgen,Passinjurytype,Passvehiclenumber,Pass Airbag Deployment,Pass Ejected From Vehicle,Pass Ems Transport Ind,Pass Safety Equip Used,Pavementconditionvalue,Pavementroughnessvalue,Pavementwidth,Pdo Crash,Total People Killed & Injured,Pedage,Pedestrians Injured,Pedestrians Killed,Pedgen,Pedinjurytype,Pednumber,Ped Action,Ped Al Test,Ped Cond,Ped Drink,Ped Drug,Ped Nonped,Ped Rflct,Persons Injured,Persons Killed,Physical Juris Nm,PJR,VSP_Used,Rd Type,Relation To Roadway,Rightshoulderwidth,RNS_MP (0.25 mi bin),Rns Mp,Roadway Alignment,Roadway Defect,Roadway Description,Roadway Surface Cond,Roadway Surface Type,Route Or Street Nm,Rte Category Cd,Rte Cat,Rte Nm,Ruralurbandesc,School Zone,Second Crash Event Cd,Segtotaadt2011,Segtotaadt2012,Segtotaadt2013,Segtotaadt2014,Segtotaadt2015,Senior Notsenior,Sidewalkdesc,Speed Before,Speed Max Safe,Speed Notspeed,Speed Posted,Start Node,Start Offset,Summons Issued Cd,Surfacedesc,Third Crash Event Cd,Time Slicing,Total Crashes including Property Damage Only,Total Crash,Traffic Control Type,Trfc Ctrl Status Type,Truckcommr,Vehiclenumber,Vehicle Body Type Cd,Vehicle Make Nm,Vehicle Maneuver Type Cd,Vehicle Model Nm,Vehicle Year Nbr,District,District_Used ,Weather Condition,Work Zone Location,Work Zone Related,Work Zone Type,Young Notyoung
No Access Control,Not ALCIHOL,Urban,1,1,Bituminous Concrete (Black Base),133-08505(R)/WESTERN AVENUE(L)/,Not UNBELTED,13,Male,A,1,BIKE,2.79,0,0,,2. Angle,"Not Provided,Not Provided","Not Provided,Not Provided",C5US00058,2.79,3,9/10/2015,9/10/2015,22. Bicycle,1717,A.Ambulatory Injury,2015,Right side,0,0,Suffolk,Urban,22. Bicycle,MAIN,3PM TO 6PM,133.Suffolk,0,Intersection,Reset Filters,VDOT_OTHER,Thursday,Not DEER,"East,North",,5,1,152545031,"13,69","Male,Male","A,PDO","1,2","21. Disregarded Traffic Signal,1. No Improper Action","3. Unavailable/Not Applicable,2. Not Deployed","4. No Test,4. No Test","1. No Defects,1. No Defects","14. No Driver Distraction,14. No Driver Distraction","1. Had Not Been Drinking,1. Had Not Been Drinking","2. No,2. No","3. Totally Ejected,1. Not Ejected","Yes,No","No,No","8. No Restraint Used,3. Lap and Shoulder Belt","1. Not Obscured,1. Not Obscured",,,3,469370,133-08505(R)/WESTERN AVENUE(L)/,0.1,0,"0.Two-way, non-divided","22,22",1. On Roadway,"0,0",H,H.Urban Minor Arterial,Urban Extensions - Primary Routes,Not GUARDRAIL,Not HIT_RUN,"6,12",1,4. Four Approaches,152545031,C,0,0,36.73638,36.73638,4,0.1,Not LRTRUCK,2. Daylight,LOCATED,-76.58626,-76.58626,MAINLINE,MAIN,0,0,0,0,0,Undivided Roadway,"22,22",Not MOTORCYCLE,469370,469370. 13308505     C5US00058     C5US00058,9614,9402,9454,10096,10296,2,1,0,PRI_URBAN,,,,,,,,,0,0,26,0,1,,0,0,,,,,,,,,Not PED,,1,0,Suffolk,133,5,NOT-RD,9. Within Intersection,0,2.75,2.79,1. Straight - Level,1. No Defects,"1. Two-Way, Not Divided",1. Dry,"2. Blacktop, Asphalt, Bituminous",299 WESTERN AVE,USPRI,US,R-VA   US00058EBBUS005,"Urbanized (Population 200,000 and over)",3. No,"0,0",9001,8802,8851,9538,9727,SENIOR,Right side,"3,25","35,35",Not SPEED,"35,35",469370,0,"1. Yes,2. No",0,"0,0",3PM TO 6PM,1,1,3. Traffic Signal,1. Yes - Working,Not a Parkway - Trucks and Commercial Vehicles Allowed,"1,2","9. Bicycle,1. Passenger car",HOND,"1. Going Straight Ahead,1. Going Straight Ahead",CRV,2010,5,5.Hampton Roads,1. No Adverse Condition (Clear/Cloudy),Not Provided,2. No,Not Provided,Not YOUNG
No Access Control,Not ALCIHOL,Urban,0,0,"N/A, Unknown, or Unstabilized",BENDIX RD(R)/,Not UNBELTED,41,Male,B,2,BIKE,1.97,1,1,,2. Angle,"Not Provided,Not Provided","Not Provided,Not Provided",13408738,2.152,4,9/11/2015,9/11/2015,22. Bicycle,1650,B.Visiible Injury,2015,Left and Right sides,0,0,Virginia Beach,Urban,22. Bicycle,MAIN,3PM TO 6PM,134.Virginia Beach,"4,657",Intersection,Reset Filters,VDOT_OTHER,Friday,Not DEER,"South,West",DISTRACTED,5,1,152565120,41,"Not Provided,Male","PDO,B","1,2","34. Hit and Run,1. No Improper Action","Not Provided,3. Unavailable/Not Applicable","4. No Test,Not Applicable","9. Unknown,1. No Defects","11. Other,14. No Driver Distraction","6. Unknown,1. Had Not Been Drinking","3. Unknown,2. No","Not Provided,1. Not Ejected","NotProvided,Yes","Yes,No","Not Provided,8. No Restraint Used","13. Other,1. Not Obscured",,,2,542232,SOUTH GUM AVE(L)/,0,0,"0.Two-way, non-divided","22,20",1. On Roadway,"0,0",I,I.Urban Collector,Other City or Town Streets (not state maintained),Not GUARDRAIL,HIT_RUN,"1,9",1,3. Three Approaches,152565120,C,0,0,36.83702,36.83702,0,0.19,Not LRTRUCK,2. Daylight,LOCATED,-76.12429,-76.12429,MAINLINE,MAIN,0,0,0,0,0,Undivided Roadway,"22,20",Not MOTORCYCLE,541201,541201.  SR00225       SR00225      13408738      13408738,85379,79700,80436,77516,82244,4,1,0.882,SEC_URBAN,,,,,,,,,0,0,52,0,1,,0,0,,,,,,,,,Not PED,,1,0,Virginia Beach,134,5,NOT-RD,9. Within Intersection,0,2.00,2.16,1. Straight - Level,1. No Defects,"1. Two-Way, Not Divided",1. Dry,"2. Blacktop, Asphalt, Bituminous",184 SOUTH GUM AVE,URB,UR,R-VA134UR08738WB,"Urbanized (Population 200,000 and over)",3. No,"0,0",13066,13161,13283,12800,13473,Not SENIOR,Left and Right sides,1,,Not SPEED,,542231,0,"Not Provided,2. No",0,"0,0",3PM TO 6PM,1,1,4. Stop Sign,1. Yes - Working,Not a Parkway - Trucks and Commercial Vehicles Allowed,"1,2","3. Van,9. Bicycle",BICYCLE,"2. Making Right Turn,1. Going Straight Ahead",,,5,5.Hampton Roads,1. No Adverse Condition (Clear/Cloudy),Not Provided,2. No,Not Provided,Not YOUNG
No Access Control,Not ALCIHOL,Urban,0,0,Bituminous Concrete (Black Base),134-08721(B)/BALTIC AVE,Not UNBELTED,14,Female,B,1,BIKE,0.32,1,1,,2. Angle,"Not Provided,Not Provided","Not Provided,Not Provided",13408722,0.427,4,9/12/2015,9/12/2015,20. Motor Vehicle In Transport,1936,B.Visiible Injury,2015,Left and Right sides,0,0,Virginia Beach,Urban,20. Motor Vehicle In Transport,MAIN,6PM TO 9PM,134.Virginia Beach,544,Intersection,Reset Filters,VDOT_OTHER,Saturday,Not DEER,"South,West",,5,1,152565255,"14,23","Female,Male","B,PDO","1,2","21. Disregarded Traffic Signal,1. No Improper Action","3. Unavailable/Not Applicable,2. Not Deployed","Not Applicable,Not Applicable","1. No Defects,1. No Defects","14. No Driver Distraction,14. No Driver Distraction","1. Had Not Been Drinking,1. Had Not Been Drinking","Not Applicable,Not Applicable","3. Totally Ejected,1. Not Ejected","Yes,No","No,No","8. No Restraint Used,3. Lap and Shoulder Belt","1. Not Obscured,1. Not Obscured",,,0,542002,ARCTIC AVE(B)/,0,4,"4.One-way, part of a one-way system","20,22",1. On Roadway,"0,0",E,E.Urban Other Principle Arterials; Connecting Links of Other Rural Principal Arterial,Other City or Town Streets (not state maintained),Not GUARDRAIL,Not HIT_RUN,"7,12",1,3. Three Approaches,152565255,C,0,0,36.84964,36.84964,0,0.11,Not LRTRUCK,4. Darkness - Road Lighted,LOCATED,-75.97875,-75.97875,MAINLINE,MAIN,0,0,0,0,0,Divided Roadway,"20,22",Not MOTORCYCLE,541108,541108.  US00060       US00060      13408722      13408722,25340,24166,24141,23764,24222,4,1,0.103,SEC_URBAN,,,,,,,,,2.7,0,56,0,1,,0,0,,,,,,,,,Not PED,,1,0,Virginia Beach,134,5,NOT-RD,9. Within Intersection,0,0.25,0.43,1. Straight - Level,1. No Defects,"4. One-Way, Not Divided",2. Wet,"2. Blacktop, Asphalt, Bituminous",400 22ND ST,URB,UR,R-VA134UR08722WB,"Urbanized (Population 200,000 and over)",3. No,"0,0",13753,12515,12631,12172,14457,Not SENIOR,Left and Right sides,"8,25","25,25",Not SPEED,"25,25",541984,0,"1. Yes,2. No",0,"0,0",6PM TO 9PM,1,1,3. Traffic Signal,1. Yes - Working,Not a Parkway - Trucks and Commercial Vehicles Allowed,"1,2","9. Bicycle,1. Passenger car","3G,HONDA","1. Going Straight Ahead,1. Going Straight Ahead","BEACH CRUISER,CIVIC",20152006,5,5.Hampton Roads,5. Rain,Not Provided,2. No,Not Provided,Not YOUNG
No Access Control,Not ALCIHOL,Urban,0,0,Bituminous Concrete (Black Base),134-00007(L)/134-08590(R)/Gap Terminus/INDIAN,Not UNBELTED,42,Male,B,2,BIKE,9.84,1,1,,2. Angle,"Not Provided,Not Provided","Not Provided,Not Provided",SR00190,9.958,4,9/14/2015,9/14/2015,22. Bicycle,2300,B.Visiible Injury,2015,Left and Right sides,0,0,Virginia Beach,Urban,22. Bicycle,MAIN,9PM TO 12AM,134.Virginia Beach,623,Intersection,Reset Filters,VDOT_OTHER,Monday,Not DEER,"West,South",DISTRACTED,5,1,152595054,"18,42","Female,Male","PDO,B","1,2","11. Did Not Have Right-of-Way,1. No Improper Action","2. Not Deployed,3. Unavailable/Not Applicable","4. No Test,4. No Test","1. No Defects,1. No Defects","11. Other,14. No Driver Distraction","1. Had Not Been Drinking,1. Had Not Been Drinking","3. Unknown,3. Unknown","1. Not Ejected,Not Provided","No,Yes","No,No","3. Lap and Shoulder Belt,6. Other","13. Other,1. Not Obscured",,,10,541172,134-08731(L)/WHITEHURST LAND RD,0,1,"1.Divided, no control of access","22,20",1. On Roadway,"0,0",H,H.Urban Minor Arterial,Urban Extensions - Primary Routes,Not GUARDRAIL,Not HIT_RUN,"2,12",1,3. Three Approaches,152595054,C,0,0,36.80026,36.80026,0,0.25,Not LRTRUCK,5. Darkness - Road Not Lighted,LOCATED,-76.17386,-76.17386,MAINLINE,MAIN,0,0,Curbed Grass,16,4,Divided Roadway,"22,20",Not MOTORCYCLE,541171,541171.  SR00190       SR00190      13400007      13408590,95814,91194,92036,88696,89950,4,1,0.118,PRI_URBAN,,,,,,,,,0,0,52,0,1,,0,0,,,,,,,,,Not PED,,1,0,Virginia Beach,134,5,NOT-RD,9. Within Intersection,0,9.75,9.96,1. Straight - Level,1. No Defects,"1. Two-Way, Not Divided",1. Dry,"2. Blacktop, Asphalt, Bituminous",5300 KEMPS LN,STPRI,SR,R-VA   SR00190WB,"Urbanized (Population 200,000 and over)",3. No,"0,0",30350,28211,28471,27438,26297,Not SENIOR,Left and Right sides,"6,1","25,25",Not SPEED,"25,25",541171,0,"1. Yes,2. No",0,"0,0",9PM TO 12AM,1,1,1. No Traffic Control,6. No Traffic Control Device Present,Not a Parkway - Trucks and Commercial Vehicles Allowed,"1,2","2. Truck - Pick-up/Passenger Truck,9. Bicycle","GMC,OTH","3. Making Left Turn,1. Going Straight Ahead","SONOMA,BICYCLE",19992015,5,5.Hampton Roads,1. No Adverse Condition (Clear/Cloudy),Not Provided,2. No,Not Provided,YOUNG
,ALCOHOL,Urban,0,0,,,Not UNBELTED,34,Male,B,2,BIKE,,1,1,,3. Head On,"Not Provided,Not Provided","Not Provided,Not Provided",,,,9/14/2015,9/14/2015,22. Bicycle,2118,B.Visiible Injury,2015,,0,0,Virginia Beach,Urban,22. Bicycle,MAIN,9PM TO 12AM,134.Virginia Beach,,Not Intersection,Reset Filters,VDOT_OTHER,Monday,Not DEER,"West,East",DISTRACTED,5,1,152635308,"20,34","Male,Male","PDO,B","1,2","10. Wrong Side Of Road - Not Overtaking,1. No Improper Action","2. Not Deployed,3. Unavailable/Not Applicable","4. No Test,4. No Test","1. No Defects,1. No Defects","1. Looking at Roadside Incident,1. Looking at Roadside Incident","5. Drinking - Not Known Whether Impaired,1. Had Not Been Drinking","2. No,2. No","1. Not Ejected,1. Not Ejected","No,NotProvided","No,No","3. Lap and Shoulder Belt,5. Helmet","1. Not Obscured,1. Not Obscured",,,,,,,,,"20,22",1. On Roadway,"0,0",,,,Not GUARDRAIL,Not HIT_RUN,"12,12",1,1. Not at Intersection,,C,0,0,36.84979,36.84979,,,Not LRTRUCK,4. Darkness - Road Lighted,UNLOCATED,-76.02798,-76.02798,MAINLINE,,,,,,,,"22,22",Not MOTORCYCLE,,.,,,,,,,1,,SEC_URBAN,,,,,,,,,,,,0,1,,0,0,,,,,,,,,Not PED,,1,0,Virginia Beach,134,5,RD-UNKNOWN,8. Non-Intersection,,,,1. Straight - Level,1. No Defects,"1. Two-Way, Not Divided",1. Dry,"2. Blacktop, Asphalt, Bituminous",1800 LASKIN RD,UNKWN,SC,U-VA134SC99999UK,,3. No,"22,0",,,,,,Not SENIOR,,"35,5","25,25",SPEED,"25,25",,,"1. Yes,2. No",,"0,0",9PM TO 12AM,1,1,1. No Traffic Control,6. No Traffic Control Device Present,,"1,2","1. Passenger car,9. Bicycle",HONDA,"1. Going Straight Ahead,1. Going Straight Ahead","ACCORD,BICYCLE",2003,5,5.Hampton Roads,1. No Adverse Condition (Clear/Cloudy),Not Provided,2. No,Not Provided,YOUNG
No Access Control,Not ALCIHOL,Urban,0,0,Bituminous Concrete (Black Base),GOVERNORS WAY(L)/,Not UNBELTED,32,Male,B,2,BIKE,1.14,1,1,,2. Angle,"16. Not Applicable/No Cargo Body,Not Provided","5. Single Unit Truck (2 Axles, 6 Tires),Not Provided",13400012,1.354,3,9/16/2015,9/16/2015,20. Motor Vehicle In Transport,926,B.Visiible Injury,2015,Left and Right sides,0,0,Virginia Beach,Urban,20. Motor Vehicle In Transport,MAIN,9AM TO 12PM,134.Virginia Beach,665,Intersection,Reset Filters,VDOT_OTHER,Wednesday,Not DEER,"East,South",,5,1,152615037,"23,32","Male,Male","PDO,B","1,2","11. Did Not Have Right-of-Way,1. No Improper Action","2. Not Deployed,3. Unavailable/Not Applicable","Not Applicable,Not Applicable","1. No Defects,1. No Defects","14. No Driver Distraction,14. No Driver Distraction","1. Had Not Been Drinking,1. Had Not Been Drinking","2. No,2. No","1. Not Ejected,3. Totally Ejected","No,Yes","No,No","3. Lap and Shoulder Belt,8. No Restraint Used","1. Not Obscured,1. Not Obscured",,,1,541271,134-08830(R)/CHIMNEY HILL PKWY,0,1,"1.Divided, no control of access","22,20",1. On Roadway,"0,0",H,H.Urban Minor Arterial,Other City or Town Streets (not state maintained),Not GUARDRAIL,Not HIT_RUN,"12,3",1,4. Four Approaches,152615037,C,0,0,36.81496,36.81496,0,0.34,LRTRUCK,2. Daylight,LOCATED,-76.10436,-76.10436,MAINLINE,MAIN,0,0,Curbed Grass,16,4,Divided Roadway,"22,20",Not MOTORCYCLE,541271,541271. 13400012      13400012      13408830,36018,36382,36717,35385,36098,4,1,0.126,SEC_URBAN,,,,,,,,,0,0,52,0,1,,0,0,,,,,,,,,Not PED,,1,0,Virginia Beach,134,5,NOT-RD,9. Within Intersection,0,1.25,1.35,1. Straight - Level,1. No Defects,"2. Two-Way, Divided, Unprotected Median",1. Dry,"2. Blacktop, Asphalt, Bituminous",CHASEWAY ST,URB,UR,R-VA134UR00012EB,"Urbanized (Population 200,000 and over)",3. No,"0,0",32876,33512,33821,32594,33183,Not SENIOR,Left and Right sides,"2,3","45,45",Not SPEED,"45,45",734989,0,"1. Yes,2. No",0,"0,0",9AM TO 12PM,1,1,4. Stop Sign,1. Yes - Working,Not a Parkway - Trucks and Commercial Vehicles Allowed,"1,2","4. Truck - Single Unit Truck (2-Axles),9. Bicycle","GMC,SCHWINN","3. Making Left Turn,1. Going Straight Ahead","C4500,HIGH TIMBER 2.5",2007,5,5.Hampton Roads,1. No Adverse Condition (Clear/Cloudy),Not Provided,2. No,Not Provided,Not YOUNG
No Access Control,Not ALCIHOL,Urban,0,0,Bituminous Concrete (Black Base),WELLINGTON DRIVE(R)/,Not UNBELTED,26,Female,B,1,BIKE,1.57,1,1,,2. Angle,"Not Provided,Not Provided","Not Provided,Not Provided",SR00152,1.57,3,5/28/2014,5/28/2014,22. Bicycle,1827,B.Visiible Injury,2014,Left and Right sides,0,0,Hampton,Urban,22. Bicycle,MAIN,6PM TO 9PM,114.Hampton,739,Intersection,Reset Filters,VDOT_OTHER,Wednesday,Not DEER,"East,North",,5,1,142060066,"26,47","Female,Male","B,PDO","1,2","11. Did Not Have Right-of-Way,1. No Improper Action","3. Unavailable/Not Applicable,2. Not Deployed","Not Applicable,Not Applicable","1. No Defects,1. No Defects","Not Applicable,Not Applicable","Not Applicable,Not Applicable","Not Applicable,Not Applicable","1. Not Ejected,1. Not Ejected","Yes,No","No,No","9. Not Applicable,3. Lap and Shoulder Belt","1. Not Obscured,1. Not Obscured",,,2,746435,LUNDY LANE(R)/,0,0,"0.Two-way, non-divided","20,22",1. On Roadway,"0,0",H,H.Urban Minor Arterial,Urban Extensions - Primary Routes,Not GUARDRAIL,Not HIT_RUN,"9,1",1,3. Three Approaches,142060066,C,0,0,37.04305,37.04305,0,0.1,Not LRTRUCK,2. Daylight,LOCATED,-76.43892,-76.43892,MAINLINE,MAIN,0,0,0,0,0,Undivided Roadway,"20,22",Not MOTORCYCLE,253053,253053.  SR00152       SR00152      11407011,22292,21798,24029,23174,23643,4,1,0.14,PRI_URBAN,,,,,,,,,2.8,0,44,0,1,,0,0,,,,,,,,,Not PED,,1,0,Hampton,114,5,NOT-RD,9. Within Intersection,0,1.50,1.57,1. Straight - Level,1. No Defects,"1. Two-Way, Not Divided",1. Dry,"2. Blacktop, Asphalt, Bituminous",TODDS LN,STPRI,SR,R-VA   SR00152EB,"Urbanized (Population 200,000 and over)",3. No,"0,0",16967,16591,18765,18097,18463,Not SENIOR,Right side,"10,5","40,40",Not SPEED,"40,40",253055,0,"1. Yes,2. No",0,"0,0",6PM TO 9PM,1,1,4. Stop Sign,1. Yes - Working,Not a Parkway - Trucks and Commercial Vehicles Allowed,"1,2","9. Bicycle,2. Truck - Pick-up/Passenger Truck","BICYCLE,CHEVY","1. Going Straight Ahead,2. Making Right Turn","MONGOOSE,PK",2003,5,5.Hampton Roads,1. No Adverse Condition (Clear/Cloudy),Not Provided,2. No,Not Provided,Not YOUNG
No Access Control,Not ALCIHOL,Urban,0,0,Bituminous Concrete (Black Base),US-00060(B)/22SD ST,Not UNBELTED,22,Female,B,2,BIKE,0.53,1,2,,2. Angle,"Not Provided,Not Provided","Not Provided,Not Provided",13408722,0.531,4,5/28/2014,5/28/2014,22. Bicycle,1026,B.Visiible Injury,2014,Left and Right sides,0,0,Virginia Beach,Urban,22. Bicycle,MAIN,9AM TO 12PM,134.Virginia Beach,5,Intersection,Reset Filters,VDOT_OTHER,Wednesday,Not DEER,"North,East",,5,1,141485176,"67,22","Female,Female","B,B","1,2","1. No Improper Action,11. Did Not Have Right-of-Way","2. Not Deployed,3. Unavailable/Not Applicable","Not Applicable,Not Applicable","1. No Defects,1. No Defects","Not Applicable,Not Applicable","1. Had Not Been Drinking,1. Had Not Been Drinking","2. No,2. No","1. Not Ejected,1. Not Ejected","No,Yes","No,No","3. Lap and Shoulder Belt,5. Helmet","1. Not Obscured,1. Not Obscured",,,1,541963,134-08719(B)/22ND ST,0,4,"4.One-way, part of a one-way system","22,20",1. On Roadway,"0,0",E,E.Urban Other Principle Arterials; Connecting Links of Other Rural Principal Arterial,Other City or Town Streets (not state maintained),Not GUARDRAIL,Not HIT_RUN,"9,12",1,4. Four Approaches,141485176,C,0,0,36.84997,36.84997,0,0.07,Not LRTRUCK,2. Daylight,LOCATED,-75.97679,-75.97679,MAINLINE,MAIN,0,0,0,0,0,Divided Roadway,"22,20",Not MOTORCYCLE,541108,541108.  US00060       US00060      13408722      13408722,25340,24166,24141,23764,24222,3,1,0.001,SEC_URBAN,,,,,,,,,2.8,0,40,0,2,,0,0,,,,,,,,,Not PED,,2,0,Virginia Beach,134,5,NOT-RD,9. Within Intersection,0,0.50,0.53,1. Straight - Level,1. No Defects,"2. Two-Way, Divided, Unprotected Median",1. Dry,"2. Blacktop, Asphalt, Bituminous",2200 PACIFIC AVE,URB,UR,R-VA134UR08722WB,"Urbanized (Population 200,000 and over)",3. No,"0,0",2686,2918,2945,2838,2910,SENIOR,Left and Right sides,"10,20","35,35",Not SPEED,"35,35",541108,0,"2. No,2. No",0,"0,0",9AM TO 12PM,1,1,3. Traffic Signal,1. Yes - Working,Not a Parkway - Trucks and Commercial Vehicles Allowed,"1,2","1. Passenger car,9. Bicycle","PONT,LA JOLLA","1. Going Straight Ahead,1. Going Straight Ahead","VIBE,BEACH CRUISER",20032013,5,5.Hampton Roads,1. No Adverse Condition (Clear/Cloudy),Not Provided,2. No,Not Provided,Not YOUNG
Full Access Control,Not ALCIHOL,Urban,0,0,Bituminous Concrete (Black Base),IS-00664-E002A(R)/114-07059- 001B(R)/TO RT 66,Not UNBELTED,59,Not Provided,C,2,BIKE,1.41,0,0,,1. Rear End,"Not Provided,Not Provided","Not Provided,Not Provided",11407059,1.41,4,1/17/2013,1/17/2013,22. Bicycle,128,C.Non-Visible Injury,2013,Left and Right sides,1,1,Hampton,Urban,22. Bicycle,MAIN,0AM TO 3AM,114.Hampton,0,Intersection,Reset Filters,VDOT_OTHER,Thursday,Not DEER,"Not Provided,South",,5,1,131050392,59,"0,Not Provided","PDO,C","1,2","34. Hit and Run,Not Applicable","Not Provided,3. Unavailable/Not Applicable","Not Applicable,Not Applicable","9. Unknown,Not Applicable","Not Applicable,Not Applicable","6. Unknown,Not Applicable","3. Unknown,Not Applicable","Not Provided,1. Not Ejected","NotProvided,No","No,No","Not Provided,5. Helmet","Not Applicable,Not Applicable",,,1,253573,IS-00664-E002A(R)/114-07059- 001B(R)/TO RT 66,0.03,3,"3.Divided, full control of access","22,20",1. On Roadway,"0,0",H,H.Urban Minor Arterial,Other City or Town Streets (not state maintained),Not GUARDRAIL,HIT_RUN,"12,6",1,4. Four Approaches,131050392,C,0,0,37.01685874,37.01685874,0,0.03,Not LRTRUCK,4. Darkness - Road Lighted,LOCATED,-76.38684539,-76.38684539,MAINLINE,MAIN,0,0,Curbed Grass,16,4,Divided Roadway,"22,20",Not MOTORCYCLE,253573,253573.  IS00664E002A 11407059      11407059      11407059 001B,13853,13575,16521,16093,16328,4,1,0,SEC_URBAN,,,,,,,,,0,0,52,0,1,,0,0,,,,,,,,,Not PED,,1,0,Hampton,114,5,NOT-RD,6. Intersection at end of Ramp,0,1.25,1.41,5. Hillcrest - Straight,1. No Defects,"3. Two-Way, Divided, Positive Median Barrier",2. Wet,"2. Blacktop, Asphalt, Bituminous",POWHATAN PKWY,URB,UR,R-VA114UR07059SB,"Urbanized (Population 200,000 and over)",3. No,"0,0",13853,13575,12006,11578,11813,Not SENIOR,None,,"0,0",Not SPEED,"0,0",253573,0,"Not Provided,2. No",0,"0,0",0AM TO 3AM,1,1,3. Traffic Signal,1. Yes - Working,Not a Parkway - Trucks and Commercial Vehicles Allowed,"1,2","1. Passenger car,9. Bicycle",BICYCLE,"1. Going Straight Ahead,Not Applicable",,,5,5.Hampton Roads,4. Mist,Not Provided,2. No,Not Provided,Not YOUNG
No Access Control,Not ALCIHOL,Urban,0,0,Bituminous Concrete (Black Base),COLON AVE(L)/,Not UNBELTED,,Female,C,2,BIKE,21.6,0,0,,2. Angle,"Not Provided,Not Provided","Not Provided,Not Provided",SR00168,21.602,4,1/17/2013,1/17/2013,20. Motor Vehicle In Transport,1926,C.Non-Visible Injury,2013,Left and Right sides,1,1,Norfolk,Urban,20. Motor Vehicle In Transport,MAIN,6PM TO 9PM,122.Norfolk,517,Intersection,Reset Filters,VDOT_OTHER,Thursday,Not DEER,"Not Provided,Not Provided",DISTRACTED,5,1,130880447,24,"0,Female","PDO,C","1,2","1. No Improper Action,1. No Improper Action","2. Not Deployed,3. Unavailable/Not Applicable","4. No Test,4. No Test","1. No Defects,1. No Defects","11. Other,11. Other","1. Had Not Been Drinking,1. Had Not Been Drinking","2. No,3. Unknown","1. Not Ejected,Not Provided","No,Yes","No,No","3. Lap and Shoulder Belt,9. Not Applicable","2. Rain, Snow, etc. on Windshield,2. Rain, Snow, etc. on Windshield",,,22,483413,SR-00407(R)/122-08590(L)/INDIAN RV RD,0,1,"1.Divided, no control of access","20,20",1. On Roadway,"0,0",E,E.Urban Other Principle Arterials; Connecting Links of Other Rural Principal Arterial,Urban Extensions - Primary Routes,Not GUARDRAIL,Not HIT_RUN,"1,10",1,3. Three Approaches,130880447,C,0,0,36.828705,36.828705,0,0.1,Not LRTRUCK,4. Darkness - Road Lighted,LOCATED,-76.261009,-76.261009,MAINLINE,MAIN,0,0,Curbed Grass,16,4,Divided Roadway,"20,20",Not MOTORCYCLE,483413,483413.  SR00168       SR00168       SR00407      12208590,38248,35890,36221,34906,37480,6,1,0.098,PRI_URBAN,,,,,,,,,0,170,78,0,1,,0,0,,,,,,,,,Not PED,,1,0,Norfolk,122,5,NOT-RD,9. Within Intersection,0,21.50,21.60,1. Straight - Level,1. No Defects,"3. Two-Way, Divided, Positive Median Barrier",2. Wet,"2. Blacktop, Asphalt, Bituminous",1100 BLK CAMPOSTELLA RD,STPRI,SR,R-VA   SR00168NB,"Urbanized (Population 200,000 and over)",3. No,"0,0",22648,18489,18660,17982,19167,Not SENIOR,Left and Right sides,20,"30,0",Not SPEED,"30,0",724448,0,"2. No,2. No",0,"0,0",6PM TO 9PM,1,1,1. No Traffic Control,6. No Traffic Control Device Present,Not a Parkway - Trucks and Commercial Vehicles Allowed,"1,2","1. Passenger car,9. Bicycle","INFI,BIKE","2. Making Right Turn,1. Going Straight Ahead",Q45,2002,5,5.Hampton Roads,5. Rain,Not Provided,2. No,Not Provided,Not YOUNG