Access Control,Alcohol Notalcohol,Area Type1,A Crash,A People,Basetypedesc,Begin Node Dsc,Belted Unbelted,Bikeage,Bikegen,Bikeinjurytype,Bikevehiclenumber,Bike Nonbike,BMP,B Crash,B People,Carspeedlimit,Collision Type,Comm Cargo Body Type Cd,Comm Vehicle Body Type Cd,Cotedrouteid,Coted Mp,Count App,CRASH_DT (copy),Crash Dt,Crash Event Type Dsc,Crash Military Tm,Crash Severity,Crash Year,Curbgutterdesc,C Crash,C People,Juris Name Used,Area Type Used,First Harmful Event of Entire Crash,MAINLINE,Time Slicing Used,Phy_Juris_Nm,Offset-Ft,Intersection Analysis,Clear,Calculation_9640323132123359,Day Of Week,Deer Nodeer,Direction Of Travel Cd,Distracted Notdistracted,VSP,TOTAL CRASH,Document Nbr,Driverage,Drivergen,Driverinjurytype,Drivervehiclenumber,Driver Action Type Cd,Driver Airbag Deployment,Driver Alcohol Test Type Cd,Driver Condition Type Cd,Driver Distraction Type Cd,Driver Drinking Type Cd,Driver Drug Use Cd,Driver Ejected From Vehicle,Driver Ems Transport Ind,Driver Fled Scene Ind,Driver Safety Equip Used,Driver Vis Obscured Type Cd,Drowsy Notdrowsy,Drug Nodrug,EMP,End Node,End Node Dsc,End Offset,Facility,FAC,First Crash Event Cd,First Harmful Event,Fourth Crash Event Cd,Functionalclass,FUN,Govcondesc,Gr Nogr,Hitrun Not Hitrun,Initial Veh Impact Area Cd,Injury Crashes,Intersection Type,Int Doc,Jurtype,K_CRASH,K People,LAT (copy),LAT,Leftshoulderwidth,Length,Lgtruck Nonlgtruck,Light Condition,Located Unlocated,LON (copy),LON,MAINLINE (group),Mainline Yn,Medianleftshoulderwidth,Medianrightshoulderwidth,Mediantypedesc,Medianwidthmax,Medianwidthmin,Median Type,Most Harmful Crash Event Cd,Motor Nonmotor,Node,Node Info,Node Totaadt2011,Node Totaadt2012,Node Totaadt2013,Node Totaadt2014,Node Totaadt2015,Numberoflane,Number of Records,Offset,Ownership,Passage,Passgen,Passinjurytype,Passvehiclenumber,Pass Airbag Deployment,Pass Ejected From Vehicle,Pass Ems Transport Ind,Pass Safety Equip Used,Pavementconditionvalue,Pavementroughnessvalue,Pavementwidth,Pdo Crash,Total People Killed & Injured,Pedage,Pedestrians Injured,Pedestrians Killed,Pedgen,Pedinjurytype,Pednumber,Ped Action,Ped Al Test,Ped Cond,Ped Drink,Ped Drug,Ped Nonped,Ped Rflct,Persons Injured,Persons Killed,Physical Juris Nm,PJR,VSP_Used,Rd Type,Relation To Roadway,Rightshoulderwidth,RNS_MP (0.25 mi bin),Rns Mp,Roadway Alignment,Roadway Defect,Roadway Description,Roadway Surface Cond,Roadway Surface Type,Route Or Street Nm,Rte Category Cd,Rte Cat,Rte Nm,Ruralurbandesc,School Zone,Second Crash Event Cd,Segtotaadt2011,Segtotaadt2012,Segtotaadt2013,Segtotaadt2014,Segtotaadt2015,Senior Notsenior,Sidewalkdesc,Speed Before,Speed Max Safe,Speed Notspeed,Speed Posted,Start Node,Start Offset,Summons Issued Cd,Surfacedesc,Third Crash Event Cd,Time Slicing,Total Crashes including Property Damage Only,Total Crash,Traffic Control Type,Trfc Ctrl Status Type,Truckcommr,Vehiclenumber,Vehicle Body Type Cd,Vehicle Make Nm,Vehicle Maneuver Type Cd,Vehicle Model Nm,Vehicle Year Nbr,District,District_Used ,Weather Condition,Work Zone Location,Work Zone Related,Work Zone Type,Young Notyoung
No Access Control,ALCOHOL,Urban,1,1,Bituminous Concrete (Black Base),US-00258-W063A(L)/RAMP TO IS-64E,Not UNBELTED,39,Male,A,2,BIKE,62.58,0,0,,2. Angle,"Not Provided,Not Provided","Not Provided,Not Provided",US00258,62.602,3,1/19/2013,1/19/2013,20. Motor Vehicle In Transport,2023,A.Ambulatory Injury,2013,Left and Right sides,0,0,Hampton,Urban,20. Motor Vehicle In Transport,MAIN,6PM TO 9PM,114.Hampton,116,Intersection,Reset Filters,VDOT_OTHER,Saturday,Not DEER,"East,East",,5,1,131050172,"27,39","0,Male","PDO,A","1,2","1. No Improper Action,11. Did Not Have Right-of-Way","2. Not Deployed,2. Not Deployed","Not Applicable,Not Applicable","1. No Defects,1. No Defects","Not Applicable,Not Applicable","1. Had Not Been Drinking,5. Drinking - Not Known Whether Impaired","2. No,2. No","1. Not Ejected,1. Not Ejected","No,Yes","No,No","3. Lap and Shoulder Belt,8. No Restraint Used","1. Not Obscured,1. Not Obscured",,,63,756517,US-00258-W063A(L)/RAMP TO IS-64E,0.05,1,"1.Divided, no control of access","20,20",1. On Roadway,"0,0",E,E.Urban Other Principle Arterials; Connecting Links of Other Rural Principal Arterial,Urban Extensions - Primary Routes,Not GUARDRAIL,Not HIT_RUN,"12,8",1,1. Not at Intersection,131050172,C,0,0,37.0402664,37.0402664,0,0.05,Not LRTRUCK,4. Darkness - Road Lighted,LOCATED,-76.39480043,-76.39480043,MAINLINE,MAIN,0,0,Positive Barrier *_(PF1 FOR NOTE),16,2,Divided Roadway,"20,20",Not MOTORCYCLE,756517,756517.  US00258       US00258       US00258W063A,63780,59085,66777,67482,69166,8,1,0.022,PRI_URBAN,,,,,,,,,0,69,100,0,1,,0,0,,,,,,,,,Not PED,,1,0,Hampton,114,5,NOT-RD,1. Main-Line Roadway,0,62.50,62.60,1. Straight - Level,1. No Defects,"2. Two-Way, Divided, Unprotected Median",1. Dry,"2. Blacktop, Asphalt, Bituminous",MERCURY BLVD,USPRI,US,R-VA   US00258EB,"Urbanized (Population 200,000 and over)",3. No,"0,0",63780,59085,64646,65351,67035,Not SENIOR,None,"35,10","45,0",Not SPEED,"45,45",756517,0,"2. No,1. Yes",0,"0,0",6PM TO 9PM,1,1,6. Traffic Lanes Marked,1. Yes - Working,Truck Access System,"1,2","1. Passenger car,9. Bicycle","HONDA,BICYLE","1. Going Straight Ahead,15. Other","CIVIC,2WHEEL",1997,5,5.Hampton Roads,1. No Adverse Condition (Clear/Cloudy),Not Provided,2. No,Not Provided,Not YOUNG
No Access Control,Not ALCIHOL,Urban,0,0,Bituminous Concrete (Black Base),134-08740(B)/CONSTITUTION DR,Not UNBELTED,44,Male,B,2,BIKE,500.37,1,1,55,16. Other,"Not Provided,Not Provided","Not Provided,Not Provided",US00058,500.987,3,9/18/2015,9/18/2015,22. Bicycle,715,B.Visiible Injury,2015,Left and Right sides,0,0,Virginia Beach,Urban,22. Bicycle,MAIN,6AM TO 9AM,134.Virginia Beach,"2,339",Intersection,Reset Filters,VDOT_OTHER,Friday,Not DEER,"West,East",,5,1,152675112,"47,44","Male,Male","PDO,B","1,2","11. Did Not Have Right-of-Way,1. No Improper Action","2. Not Deployed,3. Unavailable/Not Applicable","4. No Test,4. No Test","1. No Defects,1. No Defects","14. No Driver Distraction,14. No Driver Distraction","1. Had Not Been Drinking,1. Had Not Been Drinking","2. No,2. No","1. Not Ejected,1. Not Ejected","No,Yes","No,No","3. Lap and Shoulder Belt,5. Helmet","1. Not Obscured,1. Not Obscured",,,501,541081,134-08732(L)/THALIA RD,0,1,"1.Divided, no control of access","22,20",1. On Roadway,"0,0",E,E.Urban Other Principle Arterials; Connecting Links of Other Rural Principal Arterial,Urban Extensions - Primary Routes,Not GUARDRAIL,Not HIT_RUN,"11,9",1,1. Not at Intersection,152675112,C,0,0,36.84359,36.84359,0,1.06,Not LRTRUCK,2. Daylight,LOCATED,-76.12518,-76.12518,MAINLINE,MAIN,0,0,Curbed Grass,28,4,Divided Roadway,"22,20",Not MOTORCYCLE,541081,541081.  US00058       US00058      13408732,49708,50006,50468,48636,43575,8,1,0.443,PRI_URBAN,,,,,,,,,0,151,99,0,1,,0,0,,,,,,,,,Not PED,,1,0,Virginia Beach,134,5,NOT-RD,8. Non-Intersection,0,500.75,500.84,1. Straight - Level,1. No Defects,"4. One-Way, Not Divided",1. Dry,1. Concrete,VIRGINIA BEACH BLVD,USPRI,US,R-VA   US00058WB,"Urbanized (Population 200,000 and over)",3. No,"0,0",47515,47865,48307,46554,41500,Not SENIOR,Left and Right sides,"10,3","45,45",Not SPEED,"45,45",541082,0,"1. Yes,2. No",0,"0,0",6AM TO 9AM,1,1,1. No Traffic Control,6. No Traffic Control Device Present,Not a Parkway - Trucks and Commercial Vehicles Allowed,"1,2","1. Passenger car,9. Bicycle","SUBARU,HUFFY","2. Making Right Turn,1. Going Straight Ahead","WRX,BICYCLE",20162015,5,5.Hampton Roads,1. No Adverse Condition (Clear/Cloudy),Not Provided,2. No,Not Provided,Not YOUNG
,Not ALCIHOL,Urban,0,0,,,Not UNBELTED,28,Male,B,1,BIKE,,1,1,,2. Angle,"Not Provided,Not Provided","Not Provided,Not Provided",,,,9/21/2015,9/21/2015,20. Motor Vehicle In Transport,1220,B.Visiible Injury,2015,,0,0,Virginia Beach,Urban,20. Motor Vehicle In Transport,MAIN,12PM TO 3PM,134.Virginia Beach,,Not Intersection,Reset Filters,VDOT_OTHER,Monday,Not DEER,"South,West",,5,1,152685143,"28,64","Male,Male","B,PDO","1,2","10. Wrong Side Of Road - Not Overtaking,1. No Improper Action","3. Unavailable/Not Applicable,2. Not Deployed","4. No Test,4. No Test","1. No Defects,1. No Defects","14. No Driver Distraction,14. No Driver Distraction","1. Had Not Been Drinking,1. Had Not Been Drinking","2. No,2. No","1. Not Ejected,1. Not Ejected","Yes,No","No,No","6. Other,3. Lap and Shoulder Belt","1. Not Obscured,1. Not Obscured",,,,,,,,,"20,22",1. On Roadway,"0,0",,,,Not GUARDRAIL,Not HIT_RUN,"9,12",1,3. Three Approaches,,C,0,0,36.83783,36.83783,,,Not LRTRUCK,2. Daylight,UNLOCATED,-76.12934,-76.12934,MAINLINE,,,,,,,,"20,22",Not MOTORCYCLE,,.,,,,,,,1,,SEC_URBAN,,,,,,,,,,,,0,1,,0,0,,,,,,,,,Not PED,,1,0,Virginia Beach,134,5,NOT-RD,1. Main-Line Roadway,,,,1. Straight - Level,1. No Defects,"2. Two-Way, Divided, Unprotected Median",1. Dry,"2. Blacktop, Asphalt, Bituminous",51 CONSTITUTION DR,UNKWN,SC,U-VA134SC99999UK,,3. No,"0,0",,,,,,Not SENIOR,,"5,5","35,35",Not SPEED,"35,35",,,"2. No,2. No",,"0,0",12PM TO 3PM,1,1,4. Stop Sign,1. Yes - Working,,"1,2","9. Bicycle,22. Truck - Sport Utility Vehicle (SUV)","MURRAY,JEEP","1. Going Straight Ahead,3. Making Left Turn","BEACH CRUISER,GRAND CHEROKEE",19992004,5,5.Hampton Roads,1. No Adverse Condition (Clear/Cloudy),Not Provided,2. No,Not Provided,Not YOUNG
,Not ALCIHOL,Urban,1,1,,,Not UNBELTED,18,Male,A,2,BIKE,,0,0,,2. Angle,"Not Provided,Not Provided","Not Provided,Not Provided",,,,9/21/2015,9/21/2015,22. Bicycle,833,A.Ambulatory Injury,2015,,0,0,Norfolk,Urban,22. Bicycle,MAIN,6AM TO 9AM,122.Norfolk,,Not Intersection,Reset Filters,VDOT_OTHER,Monday,Not DEER,"South,West",DISTRACTED,5,1,153560015,"35,18","Female,Male","PDO,A","1,2","1. No Improper Action,22. Disregarded Stop or Yield Sign","2. Not Deployed,3. Unavailable/Not Applicable","4. No Test,4. No Test","1. No Defects,9. Unknown","Not Applicable,5. Radio/CD, etc.","Not Applicable,6. Unknown","2. No,3. Unknown","1. Not Ejected,3. Totally Ejected","No,Yes","No,No","3. Lap and Shoulder Belt,9. Not Applicable","10. Parked Vehicle(s),10. Parked Vehicle(s)",,,,,,,,,"22,20",1. On Roadway,"0,0",,,,Not GUARDRAIL,Not HIT_RUN,"11,1",1,4. Four Approaches,,C,0,0,36.88198,36.88198,,,Not LRTRUCK,2. Daylight,UNLOCATED,-76.29224,-76.29224,MAINLINE,,,,,,,,"22,0",Not MOTORCYCLE,,.,,,,,,,1,,SEC_URBAN,,,,,,,,,,,,0,1,,0,0,,,,,,,,,Not PED,,1,0,Norfolk,122,5,NOT-RD,9. Within Intersection,,,,1. Straight - Level,1. No Defects,"1. Two-Way, Not Divided",1. Dry,"2. Blacktop, Asphalt, Bituminous",4100 GOSNOLD AVE,UNKWN,SC,U-VA122SC99999UK,,3. No,"0,39",,,,,,Not SENIOR,,"10,0","25,25",Not SPEED,"25,25",,,"2. No,3. Pending",,"0,0",6AM TO 9AM,1,1,4. Stop Sign,6. No Traffic Control Device Present,,"1,2","1. Passenger car,9. Bicycle","DODGE,HUFFY","1. Going Straight Ahead,1. Going Straight Ahead","STRATUS,SPRING FE",2004,5,5.Hampton Roads,1. No Adverse Condition (Clear/Cloudy),Not Provided,2. No,Not Provided,YOUNG
No Access Control,Not ALCIHOL,Urban,0,0,Bituminous Concrete (Black Base),GENERAL STREET(L)/,Not UNBELTED,51,Female,B,2,BIKE,2.45,1,1,,2. Angle,"Not Provided,Not Provided","Not Provided,Not Provided",13400007,2.495,3,6/2/2014,6/2/2014,20. Motor Vehicle In Transport,1830,B.Visiible Injury,2014,Left and Right sides,0,1,Virginia Beach,Urban,20. Motor Vehicle In Transport,MAIN,6PM TO 9PM,134.Virginia Beach,554,Intersection,Reset Filters,VDOT_OTHER,Monday,Not DEER,"North,East",,5,1,141565119,"64,51","Female,Female","C,B","1,2","1. No Improper Action,9. Other Improper Passing","2. Not Deployed,3. Unavailable/Not Applicable","4. No Test,4. No Test","1. No Defects,1. No Defects","14. No Driver Distraction,14. No Driver Distraction","1. Had Not Been Drinking,1. Had Not Been Drinking","2. No,2. No","1. Not Ejected,Not Provided","No,Yes","No,No","3. Lap and Shoulder Belt,5. Helmet","1. Not Obscured,1. Not Obscured",,,3,734930,CHURCH STREET(R)/,0,1,"1.Divided, no control of access","22,20",1. On Roadway,"0,0",H,H.Urban Minor Arterial,Other City or Town Streets (not state maintained),Not GUARDRAIL,Not HIT_RUN,"5,12",1,3. Three Approaches,141565119,C,0,0,36.80215,36.80215,0,0.05,Not LRTRUCK,2. Daylight,LOCATED,-76.18461,-76.18461,MAINLINE,MAIN,0,0,Curbed Grass,14,4,Divided Roadway,"20,20",Not MOTORCYCLE,715394,715394. 13400005      13400007      13400007,70113,65467,66071,63674,66689,6,1,0.105,SEC_URBAN,,,,,,,,,3.7,0,78,0,2,,0,0,,,,,,,,,Not PED,,2,0,Virginia Beach,134,5,NOT-RD,9. Within Intersection,0,2.50,2.50,1. Straight - Level,1. No Defects,"1. Two-Way, Not Divided",1. Dry,1. Concrete,5500BLK INDIAN RIVER ROAD,URB,UR,R-VA134UR00007EB,"Urbanized (Population 200,000 and over)",3. No,"0,0",60744,55824,56339,54295,57633,Not SENIOR,Left and Right sides,"15,15","25,25",Not SPEED,"25,25",734934,0,"2. No,3. Pending",0,"0,0",6PM TO 9PM,1,1,6. Traffic Lanes Marked,6. No Traffic Control Device Present,Not a Parkway - Trucks and Commercial Vehicles Allowed,"1,2","1. Passenger car,9. Bicycle",NISSAN,"3. Making Left Turn,1. Going Straight Ahead","SENTRA,BICYCLE",2006,5,5.Hampton Roads,1. No Adverse Condition (Clear/Cloudy),Not Provided,2. No,Not Provided,Not YOUNG
No Access Control,Not ALCIHOL,Urban,0,0,Bituminous Concrete (Black Base),SETTLERS PARK DRIVE(L)/,Not UNBELTED,18,Female,B,1,BIKE,0.81,1,1,,2. Angle,"Not Provided,Not Provided","Not Provided,Not Provided",13408590,0.818,4,6/3/2014,6/3/2014,20. Motor Vehicle In Transport,1317,B.Visiible Injury,2014,Left and Right sides,0,0,Virginia Beach,Urban,20. Motor Vehicle In Transport,MAIN,12PM TO 3PM,134.Virginia Beach,"2,387",Intersection,Reset Filters,VDOT_OTHER,Tuesday,Not DEER,"West,South",,5,1,150425137,"18,36","Female,Female","B,PDO","1,2","40. Fail to Maintain Proper Control,1. No Improper Action","3. Unavailable/Not Applicable,2. Not Deployed","4. No Test,4. No Test","1. No Defects,1. No Defects","14. No Driver Distraction,14. No Driver Distraction","1. Had Not Been Drinking,1. Had Not Been Drinking","2. No,2. No","1. Not Ejected,1. Not Ejected","Yes,No","No,No","8. No Restraint Used,3. Lap and Shoulder Belt","1. Not Obscured,1. Not Obscured",,,1,541316,WESTHAVEN CRESENT(L)/,0,1,"1.Divided, no control of access","20,22",1. On Roadway,"0,0",H,H.Urban Minor Arterial,Other City or Town Streets (not state maintained),Not GUARDRAIL,Not HIT_RUN,"12,10",1,4. Four Approaches,150425137,C,0,0,36.78955,36.78955,0,0.12,Not LRTRUCK,2. Daylight,LOCATED,-76.16418,-76.16418,MAINLINE,MAIN,0,0,Curbed Grass,20,8,Divided Roadway,"20,22",Not MOTORCYCLE,541318,541318. 13408590      13408590      13408717      13408717,34382,32723,33025,31827,32703,6,1,0.452,SEC_URBAN,,,,,,,,,0,0,78,0,1,,0,0,,,,,,,,,Not PED,,1,0,Virginia Beach,134,5,NOT-RD,9. Within Intersection,0,0.75,0.82,1. Straight - Level,1. No Defects,"2. Two-Way, Divided, Unprotected Median",1. Dry,"2. Blacktop, Asphalt, Bituminous",5900 INDIAN RIVER RD,URB,UR,R-VA134UR08590EB,"Urbanized (Population 200,000 and over)",3. No,"0,0",23017,20195,20381,19642,22009,Not SENIOR,Left and Right sides,"5,0",,Not SPEED,,541315,0,"2. No,2. No",0,"0,0",12PM TO 3PM,1,1,6. Traffic Lanes Marked,1. Yes - Working,Not a Parkway - Trucks and Commercial Vehicles Allowed,"1,2","9. Bicycle,3. Van","BICYCLE,5FNRL387","1. Going Straight Ahead,8. Stopped in Traffic Lane","N/A,2005",20102007,5,5.Hampton Roads,1. No Adverse Condition (Clear/Cloudy),Not Provided,2. No,Not Provided,YOUNG
No Access Control,Not ALCIHOL,Urban,0,0,Bituminous Concrete (Black Base),SR-00306(L)/121-07027(R)/HARPERSVILLE RD,Not UNBELTED,24,Female,C,1,BIKE,54.13,0,0,,13. Bicyclist,"Not Provided,Not Provided","Not Provided,Not Provided",US00017,54.925,2,6/4/2014,6/4/2014,22. Bicycle,1223,C.Non-Visible Injury,2014,Left and Right sides,1,1,Newport News,Urban,22. Bicycle,MAIN,12PM TO 3PM,121.Newport News,"1,558",Intersection,Reset Filters,VDOT_OTHER,Wednesday,Not DEER,"South,Not Provided",,5,1,142120074,"24,23","Female,Female","C,PDO","1,2","11. Did Not Have Right-of-Way,1. No Improper Action","3. Unavailable/Not Applicable,2. Not Deployed","4. No Test,4. No Test","1. No Defects,1. No Defects","Not Applicable,Not Applicable","1. Had Not Been Drinking,1. Had Not Been Drinking","3. Unknown,3. Unknown","3. Totally Ejected,1. Not Ejected","Yes,No","No,No","8. No Restraint Used,3. Lap and Shoulder Belt","1. Not Obscured,1. Not Obscured",,,55,756306,US-00017-N055A(R)/RAMP TO US 17,0,1,"1.Divided, no control of access","20,22",4. Roadside,"0,0",E,E.Urban Other Principle Arterials; Connecting Links of Other Rural Principal Arterial,Urban Extensions - Primary Routes,Not GUARDRAIL,Not HIT_RUN,"10,1",1,1. Not at Intersection,142120074,C,0,0,37.06961,37.06961,0,1.09,Not LRTRUCK,2. Daylight,LOCATED,-76.47208,-76.47208,MAINLINE,MAIN,0,0,Curbed Grass,14,4,Divided Roadway,"20,22",Not MOTORCYCLE,756306,756306.  US00017       US00017,47241,48276,47486,47670,47853,6,1,0.295,PRI_URBAN,,,,,,,,,0,179,72,0,1,,0,0,,,,,,,,,Not PED,,1,0,Newport News,121,5,NOT-RD,"13. Driveway, Alley-Access - Related",0,54.75,54.92,1. Straight - Level,1. No Defects,"2. Two-Way, Divided, Unprotected Median",1. Dry,"2. Blacktop, Asphalt, Bituminous",JEFFERSON AVE,USPRI,US,R-VA   US00017NB,"Urbanized (Population 200,000 and over)",3. No,"0,0",47241,48276,47486,47670,47853,Not SENIOR,Left and Right sides,"5,5","45,45",Not SPEED,"45,45",646006,0,"2. No,2. No",0,"0,0",12PM TO 3PM,1,1,13. Other,1. Yes - Working,Designated Truck Route - D2,"1,2","9. Bicycle,1. Passenger car",NSSAN,"1. Going Straight Ahead,16. Entering Street From Parking Lot",VERSA,2014,5,5.Hampton Roads,1. No Adverse Condition (Clear/Cloudy),Not Provided,2. No,Not Provided,Not YOUNG
,Not ALCIHOL,Urban,0,0,,,Not UNBELTED,19,Male,B,2,BIKE,,1,1,,2. Angle,"Not Provided,Not Provided","Not Provided,Not Provided",,,,6/4/2014,6/4/2014,22. Bicycle,12,B.Visiible Injury,2014,,0,1,Virginia Beach,Urban,22. Bicycle,MAIN,0AM TO 3AM,134.Virginia Beach,,Not Intersection,Reset Filters,VDOT_OTHER,Wednesday,Not DEER,"West,West",,5,1,141645298,"21,19","Female,Male","C,B","1,2","37. Other,11. Did Not Have Right-of-Way","2. Not Deployed,3. Unavailable/Not Applicable","4. No Test,4. No Test","1. No Defects,1. No Defects","Not Applicable,Not Applicable","1. Had Not Been Drinking,1. Had Not Been Drinking","2. No,2. No","1. Not Ejected,1. Not Ejected","No,No","No,No","3. Lap and Shoulder Belt,9. Not Applicable","1. Not Obscured,1. Not Obscured",,,,,,,,,"22,22",1. On Roadway,"0,0",,,,Not GUARDRAIL,Not HIT_RUN,"1,9",1,3. Three Approaches,,C,0,0,36.85732,36.85732,,,Not LRTRUCK,4. Darkness - Road Lighted,UNLOCATED,-75.9886,-75.9886,MAINLINE,,,,,,,,"22,22",Not MOTORCYCLE,,.,,,,,,,1,,SEC_URBAN,,,,,,,,,,,,0,2,,0,0,,,,,,,,,Not PED,,2,0,Virginia Beach,134,5,NOT-RD,11. Intersection Related - Outside 150 Feet,,,,1. Straight - Level,1. No Defects,"2. Two-Way, Divided, Unprotected Median",1. Dry,"2. Blacktop, Asphalt, Bituminous",941 LASKIN ROAD,UNKWN,SC,U-VA134SC99999UK,,3. No,"0,0",,,,,,Not SENIOR,,"10,10","35,35",Not SPEED,"35,35",,,"2. No,2. No",,"0,0",0AM TO 3AM,1,1,6. Traffic Lanes Marked,1. Yes - Working,,"1,2","21. Special Vehicle - Low Speed Vehicle,9. Bicycle","Jeep,3G BIKES","2. Making Right Turn,1. Going Straight Ahead","Liberty,UNK",2004,5,5.Hampton Roads,1. No Adverse Condition (Clear/Cloudy),Not Provided,2. No,Not Provided,YOUNG
No Access Control,ALCOHOL,Urban,1,1,Bituminous Concrete (Black Base),RUDEE POINT ROAD(R)/HARBOR POINT(L)/,Not UNBELTED,50,Male,A,1,BIKE,22.18,0,0,,2. Angle,"Not Provided,Not Provided","Not Provided,Not Provided",13408669,22.255,4,6/4/2014,6/4/2014,20. Motor Vehicle In Transport,2115,A.Ambulatory Injury,2014,Left and Right sides,0,1,Virginia Beach,Urban,20. Motor Vehicle In Transport,MAIN,9PM TO 12AM,134.Virginia Beach,"1,452",Intersection,Reset Filters,VDOT_OTHER,Wednesday,Not DEER,"East,South",,5,1,141565222,"50,43","Male,Male","A,C","1,2","11. Did Not Have Right-of-Way,1. No Improper Action","Not Provided,3. Unavailable/Not Applicable","3. Refused,Not Applicable","9. Unknown,1. No Defects","14. No Driver Distraction,14. No Driver Distraction","3. Drinking - Ability Impaired,1. Had Not Been Drinking","3. Unknown,3. Unknown","Not Provided,1. Not Ejected","Yes,NotProvided","No,No","9. Not Applicable,3. Lap and Shoulder Belt","1. Not Obscured,1. Not Obscured",,,22,541489,5TH ST(R)/WINSTON SALEM AVE(L)/,0,1,"1.Divided, no control of access","20,22",1. On Roadway,"0,0",H,H.Urban Minor Arterial,Other City or Town Streets (not state maintained),Not GUARDRAIL,Not HIT_RUN,"9,12",1,4. Four Approaches,141565222,C,0,0,36.83347,36.83347,0,0.08,Not LRTRUCK,4. Darkness - Road Lighted,LOCATED,-75.97231,-75.97231,MAINLINE,MAIN,0,0,Positive Barrier *_(PF1 FOR NOTE),2,2,Divided Roadway,"20,22",Not MOTORCYCLE,541493,541493. 13408669      13408669      13408724      13408724,26452,23305,23520,22666,22386,4,1,0.275,SEC_URBAN,,,,,,,,,0,0,56,0,2,,0,0,,,,,,,,,Not PED,,2,0,Virginia Beach,134,5,NOT-RD,9. Within Intersection,0,22.25,22.25,3. Grade - Straight,1. No Defects,"1. Two-Way, Not Divided",1. Dry,"2. Blacktop, Asphalt, Bituminous",500 PACIFIC AVE,URB,UR,R-VA134UR08669SB,"Urbanized (Population 200,000 and over)",3. No,"0,0",15328,16751,17349,16731,11352,Not SENIOR,Left and Right sides,"5,35","25,35",Not SPEED,"25,35",742546,0.27,"2. No,2. No",0,"0,0",9PM TO 12AM,1,1,3. Traffic Signal,1. Yes - Working,Not a Parkway - Trucks and Commercial Vehicles Allowed,"1,2","9. Bicycle,1. Passenger car","BICYCLE,HONDA","1. Going Straight Ahead,1. Going Straight Ahead",CIVIC,2012,5,5.Hampton Roads,1. No Adverse Condition (Clear/Cloudy),Not Provided,2. No,Not Provided,Not YOUNG
,Not ALCIHOL,Urban,0,0,,,Not UNBELTED,43,Male,B,2,BIKE,,1,1,,13. Bicyclist,"Not Provided,Not Provided","Not Provided,Not Provided",,,,6/5/2014,6/5/2014,22. Bicycle,630,B.Visiible Injury,2014,,0,0,Newport News,Urban,22. Bicycle,MAIN,6AM TO 9AM,121.Newport News,,Not Intersection,Reset Filters,VDOT_OTHER,Thursday,Not DEER,"East,South",,5,1,142120085,"38,43","Female,Male","PDO,B","1,2","1. No Improper Action,37. Other","2. Not Deployed,3. Unavailable/Not Applicable","4. No Test,Not Applicable","1. No Defects,1. No Defects","Not Applicable,Not Applicable","1. Had Not Been Drinking,1. Had Not Been Drinking","2. No,Not Applicable","1. Not Ejected,3. Totally Ejected","No,No","No,No","3. Lap and Shoulder Belt,8. No Restraint Used","1. Not Obscured,1. Not Obscured",,,,,,,,,"22,20",1. On Roadway,"0,0",,,,Not GUARDRAIL,Not HIT_RUN,"1,1",1,2. Two Approaches,,C,0,0,36.99585,36.99585,,,Not LRTRUCK,1. Dawn,UNLOCATED,-76.43685,-76.43685,MAINLINE,,,,,,,,"22,20",Not MOTORCYCLE,,.,,,,,,,1,,SEC_URBAN,,,,,,,,,,,,0,1,,0,0,,,,,,,,,Not PED,,1,0,Newport News,121,5,NOT-RD,9. Within Intersection,,,,1. Straight - Level,1. No Defects,"4. One-Way, Not Divided",1. Dry,"2. Blacktop, Asphalt, Bituminous",51ST ST,UNKWN,SC,U-VA121SC99999UK,,3. No,"0,0",,,,,,Not SENIOR,,"1,4","25,25",Not SPEED,"25,25",,,"2. No,2. No",,"0,0",6AM TO 9AM,1,1,4. Stop Sign,1. Yes - Working,,"1,2","1. Passenger car,9. Bicycle",FORD,"3. Making Left Turn,1. Going Straight Ahead",FREESTYLE,2005,5,5.Hampton Roads,1. No Adverse Condition (Clear/Cloudy),Not Provided,2. No,Not Provided,Not YOUNG
No Access Control,Not ALCIHOL,Urban,0,0,"N/A, Unknown, or Unstabilized",134-08744(L)/LYNNHAVEN RD,Not UNBELTED,16,Male,B,2,BIKE,0.22,1,1,,16. Other,"Not Provided,Not Provided","Not Provided,Not Provided",13408726,0.435,3,6/5/2014,6/5/2014,20. Motor Vehicle In Transport,1700,B.Visiible Injury,2014,Left and Right sides,0,1,Virginia Beach,Urban,20. Motor Vehicle In Transport,MAIN,3PM TO 6PM,134.Virginia Beach,"1,135",Intersection,Reset Filters,VDOT_OTHER,Thursday,Not DEER,"North,South",,5,1,141585134,"52,16","Female,Male","C,B","1,2","1. No Improper Action,1. No Improper Action","2. Not Deployed,3. Unavailable/Not Applicable","4. No Test,4. No Test","1. No Defects,1. No Defects","14. No Driver Distraction,14. No Driver Distraction","1. Had Not Been Drinking,1. Had Not Been Drinking","2. No,2. No","1. Not Ejected,Not Provided","No,Yes","No,No","3. Lap and Shoulder Belt,9. Not Applicable","1. Not Obscured,1. Not Obscured",,,0,542058,BOWLING GREEN DR(L)/,0,0,"0.Two-way, non-divided","22,20",1. On Roadway,"0,0",I,I.Urban Collector,Other City or Town Streets (not state maintained),Not GUARDRAIL,Not HIT_RUN,"1,12",1,2. Two Approaches,141585134,C,0,0,36.81663,36.81663,0,0.22,Not LRTRUCK,2. Daylight,LOCATED,-76.07469,-76.07469,MAINLINE,MAIN,0,0,0,0,0,Undivided Roadway,"22,20",Not MOTORCYCLE,542057,542057. 13408726      13408726      13408744,20932,19426,19605,18893,18439,4,1,0.215,SEC_URBAN,,,,,,,,,0,0,0,0,2,,0,0,,,,,,,,,Not PED,,2,0,Virginia Beach,134,5,NOT-RD,9. Within Intersection,0,0.25,0.44,1. Straight - Level,1. No Defects,"1. Two-Way, Not Divided",1. Dry,"2. Blacktop, Asphalt, Bituminous",NORTH WEST MALL,URB,UR,R-VA134UR08726SB,"Urbanized (Population 200,000 and over)",3. No,"0,0",17373,16446,16598,15995,15699,Not SENIOR,Left and Right sides,"2,10","35,35",Not SPEED,"35,35",542057,0,"2. No,2. No",0,"0,0",3PM TO 6PM,1,1,4. Stop Sign,1. Yes - Working,Not a Parkway - Trucks and Commercial Vehicles Allowed,"1,2","22. Truck - Sport Utility Vehicle (SUV),9. Bicycle","Dodge,OTH","2. Making Right Turn,1. Going Straight Ahead","Journey,BICYCLE",2009,5,5.Hampton Roads,1. No Adverse Condition (Clear/Cloudy),Not Provided,2. No,Not Provided,YOUNG