Access Control,Alcohol Notalcohol,Area Type1,A Crash,A People,Basetypedesc,Begin Node Dsc,Belted Unbelted,Bikeage,Bikegen,Bikeinjurytype,Bikevehiclenumber,Bike Nonbike,BMP,B Crash,B People,Carspeedlimit,Collision Type,Comm Cargo Body Type Cd,Comm Vehicle Body Type Cd,Cotedrouteid,Coted Mp,Count App,CRASH_DT (copy),Crash Dt,Crash Event Type Dsc,Crash Military Tm,Crash Severity,Crash Year,Curbgutterdesc,C Crash,C People,Juris Name Used,Area Type Used,First Harmful Event of Entire Crash,MAINLINE,Time Slicing Used,Phy_Juris_Nm,Offset-Ft,Intersection Analysis,Clear,Calculation_9640323132123359,Day Of Week,Deer Nodeer,Direction Of Travel Cd,Distracted Notdistracted,VSP,TOTAL CRASH,Document Nbr,Driverage,Drivergen,Driverinjurytype,Drivervehiclenumber,Driver Action Type Cd,Driver Airbag Deployment,Driver Alcohol Test Type Cd,Driver Condition Type Cd,Driver Distraction Type Cd,Driver Drinking Type Cd,Driver Drug Use Cd,Driver Ejected From Vehicle,Driver Ems Transport Ind,Driver Fled Scene Ind,Driver Safety Equip Used,Driver Vis Obscured Type Cd,Drowsy Notdrowsy,Drug Nodrug,EMP,End Node,End Node Dsc,End Offset,Facility,FAC,First Crash Event Cd,First Harmful Event,Fourth Crash Event Cd,Functionalclass,FUN,Govcondesc,Gr Nogr,Hitrun Not Hitrun,Initial Veh Impact Area Cd,Injury Crashes,Intersection Type,Int Doc,Jurtype,K_CRASH,K People,LAT (copy),LAT,Leftshoulderwidth,Length,Lgtruck Nonlgtruck,Light Condition,Located Unlocated,LON (copy),LON,MAINLINE (group),Mainline Yn,Medianleftshoulderwidth,Medianrightshoulderwidth,Mediantypedesc,Medianwidthmax,Medianwidthmin,Median Type,Most Harmful Crash Event Cd,Motor Nonmotor,Node,Node Info,Node Totaadt2011,Node Totaadt2012,Node Totaadt2013,Node Totaadt2014,Node Totaadt2015,Numberoflane,Number of Records,Offset,Ownership,Passage,Passgen,Passinjurytype,Passvehiclenumber,Pass Airbag Deployment,Pass Ejected From Vehicle,Pass Ems Transport Ind,Pass Safety Equip Used,Pavementconditionvalue,Pavementroughnessvalue,Pavementwidth,Pdo Crash,Total People Killed & Injured,Pedage,Pedestrians Injured,Pedestrians Killed,Pedgen,Pedinjurytype,Pednumber,Ped Action,Ped Al Test,Ped Cond,Ped Drink,Ped Drug,Ped Nonped,Ped Rflct,Persons Injured,Persons Killed,Physical Juris Nm,PJR,VSP_Used,Rd Type,Relation To Roadway,Rightshoulderwidth,RNS_MP (0.25 mi bin),Rns Mp,Roadway Alignment,Roadway Defect,Roadway Description,Roadway Surface Cond,Roadway Surface Type,Route Or Street Nm,Rte Category Cd,Rte Cat,Rte Nm,Ruralurbandesc,School Zone,Second Crash Event Cd,Segtotaadt2011,Segtotaadt2012,Segtotaadt2013,Segtotaadt2014,Segtotaadt2015,Senior Notsenior,Sidewalkdesc,Speed Before,Speed Max Safe,Speed Notspeed,Speed Posted,Start Node,Start Offset,Summons Issued Cd,Surfacedesc,Third Crash Event Cd,Time Slicing,Total Crashes including Property Damage Only,Total Crash,Traffic Control Type,Trfc Ctrl Status Type,Truckcommr,Vehiclenumber,Vehicle Body Type Cd,Vehicle Make Nm,Vehicle Maneuver Type Cd,Vehicle Model Nm,Vehicle Year Nbr,District,District_Used ,Weather Condition,Work Zone Location,Work Zone Related,Work Zone Type,Young Notyoung
No Access Control,ALCOHOL,Urban,1,1,Bituminous Concrete (Black Base),134-08715(R)/MILL DAM RDS,Not UNBELTED,22,Male,A,2,BIKE,2.05,0,0,,4. Sideswipe - Same Direction,"Not Provided,Not Provided","Not Provided,Not Provided",13400009,2.277,4,6/12/2014,6/12/2014,20. Motor Vehicle In Transport,2315,A.Ambulatory Injury,2014,Left side,0,0,Virginia Beach,Urban,20. Motor Vehicle In Transport,MAIN,9PM TO 12AM,134.Virginia Beach,"1,494",Intersection,Reset Filters,VDOT_OTHER,Thursday,Not DEER,"South,South",,5,1,141645330,"36,22","Male,Male","PDO,A","1,2","1. No Improper Action,8. Cutting In","2. Not Deployed,3. Unavailable/Not Applicable","Not Applicable,4. No Test","1. No Defects,9. Unknown","14. No Driver Distraction,14. No Driver Distraction","1. Had Not Been Drinking,2. Drinking - Obviously Drunk","3. Unknown,3. Unknown","1. Not Ejected,1. Not Ejected","No,Yes","No,No","3. Lap and Shoulder Belt,8. No Restraint Used","1. Not Obscured,1. Not Obscured",,,2,541255,134-08715(R)/MILL DAM RDS,0.49,1,"1.Divided, no control of access","20,22",1. On Roadway,"0,0",H,H.Urban Minor Arterial,Other City or Town Streets (not state maintained),Not GUARDRAIL,Not HIT_RUN,"10,12",1,1. Not at Intersection,141645330,C,0,0,36.87002,36.87002,0,0.43,Not LRTRUCK,5. Darkness - Road Not Lighted,LOCATED,-76.03468,-76.03468,MAINLINE,MAIN,0,0,Curbed Grass,24,12,Divided Roadway,"20,22",Not MOTORCYCLE,541229,541229.  SR00279       SR00279      13400009      13408710,61613,54229,54729,52743,49344,4,1,0.283,SEC_URBAN,,,,,,,,,0,0,50,0,1,,0,0,,,,,,,,,Not PED,,1,0,Virginia Beach,134,5,NOT-RD,8. Non-Intersection,0,2.00,2.15,1. Straight - Level,1. No Defects,"2. Two-Way, Divided, Unprotected Median",1. Dry,"2. Blacktop, Asphalt, Bituminous",1200 FIRST COLONIAL ROAD,URB,UR,R-VA134UR00009SB,"Urbanized (Population 200,000 and over)",3. No,"0,0",36525,34557,34876,33610,35142,Not SENIOR,Right side,"45,5","45,45",Not SPEED,"45,45",541255,0.06,"2. No,3. Pending",0,"0,0",9PM TO 12AM,1,1,6. Traffic Lanes Marked,1. Yes - Working,Not a Parkway - Trucks and Commercial Vehicles Allowed,"1,2","1. Passenger car,9. Bicycle","HONDA,BLACK","1. Going Straight Ahead,14. Changing Lanes","CIVIC,BICYCLE",2012,5,5.Hampton Roads,1. No Adverse Condition (Clear/Cloudy),Not Provided,2. No,Not Provided,Not YOUNG
No Access Control,Not ALCIHOL,Urban,0,0,Bituminous Concrete (Black Base),US-00058(B)/HOLLY ROAD,Not UNBELTED,23,Male,C,2,BIKE,1,0,0,,2. Angle,"Not Provided,Not Provided","Not Provided,Not Provided",13408721,1,4,6/13/2014,6/13/2014,22. Bicycle,2205,C.Non-Visible Injury,2014,Left and Right sides,1,1,Virginia Beach,Urban,22. Bicycle,MAIN,9PM TO 12AM,134.Virginia Beach,0,Intersection,Reset Filters,VDOT_OTHER,Friday,Not DEER,"South,East",,5,1,141735225,"53,23","Female,Male","PDO,C","1,2","1. No Improper Action,11. Did Not Have Right-of-Way","2. Not Deployed,3. Unavailable/Not Applicable","4. No Test,4. No Test","1. No Defects,1. No Defects","14. No Driver Distraction,14. No Driver Distraction","1. Had Not Been Drinking,1. Had Not Been Drinking","Not Applicable,Not Applicable","1. Not Ejected,Not Provided","No,No","No,No","3. Lap and Shoulder Belt,8. No Restraint Used","1. Not Obscured,1. Not Obscured",,,1,541993,PINEWOOD RD(B)/,0,0,"0.Two-way, non-divided","22,20",1. On Roadway,"0,0",I,I.Urban Collector,Other City or Town Streets (not state maintained),Not GUARDRAIL,Not HIT_RUN,"8,12",1,4. Four Approaches,141735225,C,0,0,36.85859,36.85859,0,0.07,Not LRTRUCK,4. Darkness - Road Lighted,LOCATED,-75.98213,-75.98213,MAINLINE,MAIN,0,0,0,0,0,Undivided Roadway,"22,20",Not MOTORCYCLE,541058,541058.  US00058       US00058      13408721      13408721,36599,34646,35409,34600,35262,2,1,0,SEC_URBAN,,,,,,,,,3.7,0,40,0,1,,0,0,,,,,,,,,Not PED,,1,0,Virginia Beach,134,5,NOT-RD,"15. Other Crossing (Crossing for Bikes, School, etc.)",0,0.75,1.00,1. Straight - Level,1. No Defects,"2. Two-Way, Divided, Unprotected Median",2. Wet,"2. Blacktop, Asphalt, Bituminous",3000 BLK BALTIC AVE,URB,UR,R-VA134UR08721NB,"Urbanized (Population 200,000 and over)",3. No,"0,0",8697,9687,9776,9422,9612,Not SENIOR,Left and Right sides,"5,5",25,Not SPEED,25,541058,0,"2. No,2. No",0,"0,0",9PM TO 12AM,1,1,6. Traffic Lanes Marked,1. Yes - Working,Not a Parkway - Trucks and Commercial Vehicles Allowed,"1,2","22. Truck - Sport Utility Vehicle (SUV),9. Bicycle","LEXUS,DIAMONDBACK","1. Going Straight Ahead,1. Going Straight Ahead","RX300,BICYCLE",20012010,5,5.Hampton Roads,5. Rain,Not Provided,2. No,Not Provided,Not YOUNG
Full Access Control,Not ALCIHOL,Urban,0,0,"N/A, Unknown, or Unstabilized",IS-00464-N(R)/FROM RTE 464 NORTH,Not UNBELTED,50,Female,B,2,BIKE,7.52,1,1,55,3. Head On,"Not Provided,Not Provided","Not Provided,Not Provided",IS00264E,7.544,,6/14/2014,6/14/2014,22. Bicycle,1326,B.Visiible Injury,2014,None,0,0,Norfolk,Urban,22. Bicycle,MAIN,12PM TO 3PM,122.Norfolk,,Not Intersection,Reset Filters,VDOT_OTHER,Saturday,Not DEER,"East,Not Provided",,5,1,142090060,"63,50","Male,Female","PDO,B","1,2","37. Other,1. No Improper Action","5. Unknown,3. Unavailable/Not Applicable","Not Applicable,Not Applicable","9. Unknown,9. Unknown","Not Applicable,Not Applicable","6. Unknown,6. Unknown","Not Applicable,Not Applicable","1. Not Ejected,Not Provided","NotProvided,No","No,Yes","6. Other,9. Not Applicable","1. Not Obscured,1. Not Obscured",,,8,711448,A1US-00460(L)/TO ST PAULS BOULEVARD,0,3,"3.Divided, full control of access","22,20",4. Roadside,"0,0",A,A.Urban Interstate,State Primary and Interstate,Not GUARDRAIL,HIT_RUN,"11,0",1,1. Not at Intersection,,X,0,0,36.84034,36.84034,0,0.25,Not LRTRUCK,2. Daylight,LOCATED,-76.2864,-76.2864,MAINLINE,MAIN,0,3,Positive Barrier *_(PF1 FOR NOTE),14,14,Divided Roadway,"22,20",Not MOTORCYCLE,,.,,,,,,4,1,,VDOT_IS,,,,,,,,,0,145,64,0,1,,0,0,,,,,,,,,Not PED,,1,0,Norfolk,122,5,RD-UNKNOWN,"7. Other location not listed above within an interchange area (median, shoulder , roadside)",10,7.50,7.54,5. Hillcrest - Straight,1. No Defects,5. Unknown,1. Dry,"2. Blacktop, Asphalt, Bituminous",I-264 E BERKLEY BRIDGE,IS,IS,R-VA   IS00264EB,"Urbanized (Population 200,000 and over)",3. No,"0,0",55256,54391,53527,52662,51797,Not SENIOR,None,15,"0,0",SPEED,"0,0",483591,0.16,"2. No,2. No",0,"0,0",12PM TO 3PM,1,1,1. No Traffic Control,6. No Traffic Control Device Present,Designated Truck Route - D1,"1,2","22. Truck - Sport Utility Vehicle (SUV),9. Bicycle",FORD,"1. Going Straight Ahead,1. Going Straight Ahead",ESCAPE,2001,5,5.Hampton Roads,1. No Adverse Condition (Clear/Cloudy),Not Provided,2. No,Not Provided,Not YOUNG
,ALCOHOL,Urban,0,0,,,Not UNBELTED,34,Female,B,1,BIKE,,1,1,,13. Bicyclist,"Not Provided,Not Provided","Not Provided,Not Provided",,,,6/14/2014,6/14/2014,22. Bicycle,2229,B.Visiible Injury,2014,,0,0,Newport News,Urban,22. Bicycle,MAIN,9PM TO 12AM,121.Newport News,,Not Intersection,Reset Filters,VDOT_OTHER,Saturday,Not DEER,"North,East",,5,1,143040046,"34,70","Female,Female","B,PDO","1,2","3. Exceeded Safe Speed But Not Speed Limit,1. No Improper Action","3. Unavailable/Not Applicable,2. Not Deployed","4. No Test,4. No Test","1. No Defects,1. No Defects","Not Applicable,Not Applicable","4. Drinking - Ability Not Impaired,1. Had Not Been Drinking","2. No,2. No","1. Not Ejected,1. Not Ejected","Yes,No","No,No","9. Not Applicable,3. Lap and Shoulder Belt","1. Not Obscured,1. Not Obscured",,,,,,,,,"20,22",1. On Roadway,"0,0",,,,Not GUARDRAIL,Not HIT_RUN,"9,12",1,4. Four Approaches,,C,0,0,37.04313,37.04313,,,Not LRTRUCK,4. Darkness - Road Lighted,UNLOCATED,-76.47302,-76.47302,MAINLINE,,,,,,,,"20,22",Not MOTORCYCLE,,.,,,,,,,1,,SEC_URBAN,,,,,,,,,,,,0,1,,0,0,,,,,,,,,Not PED,,1,0,Newport News,121,5,NOT-RD,1. Main-Line Roadway,,,,1. Straight - Level,1. No Defects,"2. Two-Way, Divided, Unprotected Median",1. Dry,"2. Blacktop, Asphalt, Bituminous",CEDAR LA,UNKWN,SC,U-VA121SC99999UK,,3. No,"0,0",,,,,,SENIOR,,"0,4","0,25",Not SPEED,"0,25",,,"1. Yes,2. No",,"0,0",9PM TO 12AM,1,1,3. Traffic Signal,1. Yes - Working,,"1,2","9. Bicycle,1. Passenger car",BMW,"1. Going Straight Ahead,2. Making Right Turn",325I,2006,5,5.Hampton Roads,1. No Adverse Condition (Clear/Cloudy),Not Provided,2. No,Not Provided,Not YOUNG
No Access Control,Not ALCIHOL,Urban,0,0,Portland Cement Concrete,SR-00196(L)/131-08605(R)/CANAL RD,Not UNBELTED,21,Male,PDO,2,BIKE,38.15,1,1,,3. Head On,"Not Provided,Not Provided","Not Provided,Not Provided",US00013,38.152,4,6/15/2014,6/15/2014,22. Bicycle,2054,B.Visiible Injury,2014,None,0,0,Chesapeake,Urban,22. Bicycle,MAIN,6PM TO 9PM,131.Chesapeake,11,Intersection,Reset Filters,VDOT_OTHER,Sunday,Not DEER,"South,Not Provided",,5,1,141665249,"58,21","Female,Male","PDO,PDO","1,2","1. No Improper Action,11. Did Not Have Right-of-Way","2. Not Deployed,3. Unavailable/Not Applicable","4. No Test,4. No Test","1. No Defects,1. No Defects","Not Applicable,Not Applicable","1. Had Not Been Drinking,1. Had Not Been Drinking","Not Applicable,Not Applicable","1. Not Ejected,2. Partially Ejected","No,No","No,No","3. Lap and Shoulder Belt,9. Not Applicable","1. Not Obscured,1. Not Obscured",,,39,483039,131-08604(R)/SHELL RD,0,1,"1.Divided, no control of access","22,20",1. On Roadway,"0,0",E,E.Urban Other Principle Arterials; Connecting Links of Other Rural Principal Arterial,Urban Extensions - Primary Routes,Not GUARDRAIL,Not HIT_RUN,"12,0",1,4. Four Approaches,141665249,C,0,0,36.77284,36.77284,6,0.94,Not LRTRUCK,4. Darkness - Road Lighted,LOCATED,-76.32439,-76.32439,MAINLINE,MAIN,0,0,Grass/Unprotected,16,4,Divided Roadway,"22,20",Not MOTORCYCLE,483040,483040.  SR00196       US00013       US00013      13108605,26308,22880,22454,31067,34576,4,1,0.002,PRI_URBAN,22,Male,B,2,3. Unavailable/Not Applicable,3. Totally Ejected,Yes,8. No Restraint Used,0,161,40,0,1,,0,0,,,,,,,,,Not PED,,1,0,Chesapeake,131,5,NOT-RD,9. Within Intersection,6,38.00,38.15,1. Straight - Level,1. No Defects,"2. Two-Way, Divided, Unprotected Median",1. Dry,"2. Blacktop, Asphalt, Bituminous",RT 13 SOUTH,USPRI,US,R-VA   US00013SB,"Urbanized (Population 200,000 and over)",3. No,"0,0",21586,17573,16981,26570,30689,Not SENIOR,None,"10,5","35,35",Not SPEED,"35,35",483040,0,"2. No,2. No",0,"0,0",6PM TO 9PM,1,1,3. Traffic Signal,1. Yes - Working,Not a Parkway - Trucks and Commercial Vehicles Allowed,"1,2","22. Truck - Sport Utility Vehicle (SUV),9. Bicycle","MERCURY,UNK","3. Making Left Turn,15. Other","MARINER,UNK",2010,5,5.Hampton Roads,1. No Adverse Condition (Clear/Cloudy),Not Provided,2. No,Not Provided,Not YOUNG
No Access Control,ALCOHOL,Urban,0,0,Bituminous Concrete (Black Base),134-08679(L)/ARAGONA BLVD,Not UNBELTED,55,Male,B,1,BIKE,499.76,1,1,55,1. Rear End,"Not Provided,Not Provided","Not Provided,Not Provided",US00058,499.79,3,6/15/2014,6/15/2014,22. Bicycle,451,B.Visiible Injury,2014,Left and Right sides,0,1,Virginia Beach,Urban,22. Bicycle,MAIN,3AM TO 6AM,134.Virginia Beach,158,Intersection,Reset Filters,VDOT_OTHER,Sunday,Not DEER,"East,East",,5,1,141685021,"55,23","Male,Male","B,C","1,2","1. No Improper Action,12. Following Too Close","3. Unavailable/Not Applicable,2. Not Deployed","Not Applicable,3. Refused","1. No Defects,8. Other","14. No Driver Distraction,14. No Driver Distraction","1. Had Not Been Drinking,2. Drinking - Obviously Drunk","2. No,2. No","3. Totally Ejected,1. Not Ejected","Yes,No","No,No","9. Not Applicable,3. Lap and Shoulder Belt","1. Not Obscured,1. Not Obscured",,,500,541085,HORACE AVE(B)/,0,1,"1.Divided, no control of access","20,20",1. On Roadway,"0,0",E,E.Urban Other Principle Arterials; Connecting Links of Other Rural Principal Arterial,Urban Extensions - Primary Routes,Not GUARDRAIL,Not HIT_RUN,"6,12",1,1. Not at Intersection,141685021,C,0,0,36.84379,36.84379,0,0.05,Not LRTRUCK,4. Darkness - Road Lighted,LOCATED,-76.14492,-76.14492,MAINLINE,MAIN,0,0,Curbed Grass,28,4,Divided Roadway,"27,22",Not MOTORCYCLE,541086,541086.  US00058       US00058      13408679,44384,43297,34345,33121,33650,8,1,0.03,PRI_URBAN,,,,,,,,,0,151,99,0,2,,0,0,,,,,,,,,Not PED,,2,0,Virginia Beach,134,5,NOT-RD,8. Non-Intersection,0,499.75,499.79,1. Straight - Level,1. No Defects,"2. Two-Way, Divided, Unprotected Median",1. Dry,1. Concrete,4800 VIRGINIA BEACH BOULEVARD,USPRI,US,R-VA   US00058WB,"Urbanized (Population 200,000 and over)",3. No,"27,22",42552,41611,32644,31481,32119,Not SENIOR,Left and Right sides,"15,20","45,45",Not SPEED,"45,45",541086,0,"2. No,1. Yes",0,"0,0",3AM TO 6AM,1,1,1. No Traffic Control,6. No Traffic Control Device Present,Not a Parkway - Trucks and Commercial Vehicles Allowed,"1,2","9. Bicycle,1. Passenger car","N/A,Chrysler","1. Going Straight Ahead,1. Going Straight Ahead","N/A,300M",1999,5,5.Hampton Roads,1. No Adverse Condition (Clear/Cloudy),Not Provided,2. No,Not Provided,Not YOUNG
No Access Control,Not ALCIHOL,Urban,0,0,Bituminous Concrete (Black Base),ACCESS ROAD(B)/,Not UNBELTED,52,Male,C,1,BIKE,0.62,0,0,,13. Bicyclist,"Not Provided,Not Provided","Not Provided,Not Provided",12100004,0.884,4,6/16/2014,6/16/2014,22. Bicycle,945,C.Non-Visible Injury,2014,Left and Right sides,1,1,Newport News,Urban,22. Bicycle,MAIN,9AM TO 12PM,121.Newport News,824,Intersection,Reset Filters,VDOT_OTHER,Monday,Not DEER,"West,North",,5,1,142160133,"52,29","Male,Male","C,PDO","1,2","37. Other,1. No Improper Action","3. Unavailable/Not Applicable,2. Not Deployed","4. No Test,4. No Test","1. No Defects,1. No Defects","Not Applicable,Not Applicable","1. Had Not Been Drinking,1. Had Not Been Drinking","2. No,2. No","3. Totally Ejected,1. Not Ejected","No,No","No,No","9. Not Applicable,3. Lap and Shoulder Belt","1. Not Obscured,1. Not Obscured",,,1,646389,WATERMAN DRIVE(R)/,0,1,"1.Divided, no control of access","20,20",1. On Roadway,"0,0",H,H.Urban Minor Arterial,Other City or Town Streets (not state maintained),Not GUARDRAIL,Not HIT_RUN,"9,12",1,3. Three Approaches,142160133,C,0,0,37.10508,37.10508,0,0.27,Not LRTRUCK,2. Daylight,LOCATED,-76.49657,-76.49657,MAINLINE,MAIN,0,0,Curbed Grass,14,3,Divided Roadway,"20,20",Not MOTORCYCLE,646114,646114.  SR00143       SR00143       SR00171      12100004,101086,102166,92808,91207,94005,4,1,0.156,SEC_URBAN,,,,,,,,,0,0,54,0,1,,0,0,,,,,,,,,Not PED,,1,0,Newport News,121,5,NOT-RD,1. Main-Line Roadway,0,0.75,0.88,1. Straight - Level,1. No Defects,"1. Two-Way, Not Divided",1. Dry,"2. Blacktop, Asphalt, Bituminous",WATERMAN DR,URB,UR,R-VA121UR00004WB,"Urbanized (Population 200,000 and over)",3. No,"0,0",45422,44417,42804,41279,42116,Not SENIOR,Left and Right sides,"5,1","35,35",Not SPEED,"35,35",646388,0,"2. No,2. No",0,"0,0",9AM TO 12PM,1,1,4. Stop Sign,1. Yes - Working,Not a Parkway - Trucks and Commercial Vehicles Allowed,"1,2","9. Bicycle,2. Truck - Pick-up/Passenger Truck",NISSAN,"1. Going Straight Ahead,2. Making Right Turn",TITAN,2006,5,5.Hampton Roads,1. No Adverse Condition (Clear/Cloudy),Not Provided,2. No,Not Provided,Not YOUNG
No Access Control,Not ALCIHOL,Urban,0,0,Bituminous Concrete (Black Base),47-00727(L)/OXFORD RD,Not UNBELTED,22,Female,B,2,BIKE,24.31,1,1,35,13. Bicyclist,"Not Provided,Not Provided","Not Provided,Not Provided",SR00031,24.321,3,6/17/2014,6/17/2014,22. Bicycle,1022,B.Visiible Injury,2014,Left and Right sides,0,0,James City,Urban,22. Bicycle,MAIN,9AM TO 12PM,47.James City,417,Intersection,Reset Filters,VDOT_OTHER,Tuesday,Not DEER,"West,South",,5,1,141705200,"42,22","Female,Female","PDO,B","1,2","11. Did Not Have Right-of-Way,1. No Improper Action","2. Not Deployed,3. Unavailable/Not Applicable","4. No Test,4. No Test","1. No Defects,1. No Defects","Not Applicable,Not Applicable","1. Had Not Been Drinking,1. Had Not Been Drinking","2. No,2. No","1. Not Ejected,1. Not Ejected","No,Yes","No,No","3. Lap and Shoulder Belt,8. No Restraint Used","1. Not Obscured,Not Applicable",,,24,398426,47-01415(R)/OLD COLONY LANE,0,0,"0.Two-way, non-divided","22,20",1. On Roadway,"0,0",H,H.Urban Minor Arterial,State Primary and Interstate,Not GUARDRAIL,Not HIT_RUN,"2,12",1,1. Not at Intersection,141705200,N,0,0,37.25153,37.25153,0,0.09,Not LRTRUCK,2. Daylight,LOCATED,-76.73425,-76.73425,MAINLINE,MAIN,0,0,0,0,0,Undivided Roadway,"22,20",Not MOTORCYCLE,398426,398426.  4701415       SR00031       SR00031,9556,9359,8963,8667,9116,2,1,0.079,VDOT_PRI,,,,,,,,,0,147,41,0,1,,0,0,,,,,,,,,Not PED,,1,0,James City,47,5,NOT-RD,"13. Driveway, Alley-Access - Related",0,24.25,24.32,3. Grade - Straight,1. No Defects,"1. Two-Way, Not Divided",1. Dry,"2. Blacktop, Asphalt, Bituminous",1318-102 JAMESTOWN RD,STPRI,SR,R-VA   SR00031SB,"Urbanized (Population 200,000 and over)",3. No,"0,0",8910,8713,8312,8016,8465,Not SENIOR,Right side,"5,10","35,35",Not SPEED,"35,35",398263,0.21,"2. No,2. No",0,"0,0",9AM TO 12PM,1,1,6. Traffic Lanes Marked,1. Yes - Working,Not a Parkway - Trucks and Commercial Vehicles Allowed,"1,2","3. Van,9. Bicycle",TOYT,"2. Making Right Turn,1. Going Straight Ahead",SIENNA,,5,5.Hampton Roads,1. No Adverse Condition (Clear/Cloudy),Not Provided,2. No,Not Provided,Not YOUNG
No Access Control,Not ALCIHOL,Urban,0,0,Portland Cement Concrete,SR-00162(L)/,Not UNBELTED,50,Male,B,1,BIKE,33.95,1,1,45,2. Angle,"Not Provided,Not Provided","Not Provided,Not Provided",SR00143,33.956,3,6/19/2014,6/19/2014,20. Motor Vehicle In Transport,1600,B.Visiible Injury,2014,None,0,1,York,Urban,20. Motor Vehicle In Transport,MAIN,3PM TO 6PM,99.York,"1,088",Intersection,Reset Filters,VDOT_OTHER,Thursday,Not DEER,"West,West",,5,1,141745258,"50,87","Male,Female","B,C","1,2","11. Did Not Have Right-of-Way,1. No Improper Action","2. Not Deployed,2. Not Deployed","Not Applicable,Not Applicable","1. No Defects,1. No Defects","14. No Driver Distraction,14. No Driver Distraction","1. Had Not Been Drinking,1. Had Not Been Drinking","2. No,2. No","3. Totally Ejected,1. Not Ejected","Yes,No","No,No","9. Not Applicable,3. Lap and Shoulder Belt","1. Not Obscured,1. Not Obscured",,,34,50635,JB-99-47-137/SCL WILLIAMSBURG/YORK - JAMES CI,0,0,"0.Two-way, non-divided","20,22",1. On Roadway,"0,0",H,H.Urban Minor Arterial,State Primary and Interstate,Not GUARDRAIL,Not HIT_RUN,"7,1",1,1. Not at Intersection,141745258,N,0,0,37.2746,37.2746,6,0.06,Not LRTRUCK,2. Daylight,LOCATED,-76.68023,-76.68023,MAINLINE,MAIN,0,0,0,0,0,Undivided Roadway,"20,22",Not MOTORCYCLE,672305,672305.  SR00143       SR00143       SR00162,17466,17102,17423,17181,17579,2,1,0.206,VDOT_PRI,,,,,,,,,0,188,22,0,2,,0,0,,,,,,,,,Not PED,,2,0,York,99,5,NOT-RD,8. Non-Intersection,6,33.75,33.96,1. Straight - Level,1. No Defects,"1. Two-Way, Not Divided",1. Dry,"2. Blacktop, Asphalt, Bituminous",RT143,STPRI,SR,R-VA   SR00143NB,"Urbanized (Population 200,000 and over)",3. No,"0,0",7301,7139,7438,7173,7318,SENIOR,None,"1,30","0,0",Not SPEED,"45,45",672305,0.2,"1. Yes,2. No",0,"0,0",3PM TO 6PM,1,1,6. Traffic Lanes Marked,1. Yes - Working,Not a Parkway - Trucks and Commercial Vehicles Allowed,"1,2","9. Bicycle,1. Passenger car","UNKOWN,FORD","1. Going Straight Ahead,1. Going Straight Ahead","UNKOWN,FUSION",20002010,5,5.Hampton Roads,1. No Adverse Condition (Clear/Cloudy),Not Provided,2. No,Not Provided,Not YOUNG