Access Control,Alcohol Notalcohol,Area Type1,A Crash,A People,Basetypedesc,Begin Node Dsc,Belted Unbelted,Bikeage,Bikegen,Bikeinjurytype,Bikevehiclenumber,Bike Nonbike,BMP,B Crash,B People,Carspeedlimit,Collision Type,Comm Cargo Body Type Cd,Comm Vehicle Body Type Cd,Cotedrouteid,Coted Mp,Count App,CRASH_DT (copy),Crash Dt,Crash Event Type Dsc,Crash Military Tm,Crash Severity,Crash Year,Curbgutterdesc,C Crash,C People,Juris Name Used,Area Type Used,First Harmful Event of Entire Crash,MAINLINE,Time Slicing Used,Phy_Juris_Nm,Offset-Ft,Intersection Analysis,Clear,Calculation_9640323132123359,Day Of Week,Deer Nodeer,Direction Of Travel Cd,Distracted Notdistracted,VSP,TOTAL CRASH,Document Nbr,Driverage,Drivergen,Driverinjurytype,Drivervehiclenumber,Driver Action Type Cd,Driver Airbag Deployment,Driver Alcohol Test Type Cd,Driver Condition Type Cd,Driver Distraction Type Cd,Driver Drinking Type Cd,Driver Drug Use Cd,Driver Ejected From Vehicle,Driver Ems Transport Ind,Driver Fled Scene Ind,Driver Safety Equip Used,Driver Vis Obscured Type Cd,Drowsy Notdrowsy,Drug Nodrug,EMP,End Node,End Node Dsc,End Offset,Facility,FAC,First Crash Event Cd,First Harmful Event,Fourth Crash Event Cd,Functionalclass,FUN,Govcondesc,Gr Nogr,Hitrun Not Hitrun,Initial Veh Impact Area Cd,Injury Crashes,Intersection Type,Int Doc,Jurtype,K_CRASH,K People,LAT (copy),LAT,Leftshoulderwidth,Length,Lgtruck Nonlgtruck,Light Condition,Located Unlocated,LON (copy),LON,MAINLINE (group),Mainline Yn,Medianleftshoulderwidth,Medianrightshoulderwidth,Mediantypedesc,Medianwidthmax,Medianwidthmin,Median Type,Most Harmful Crash Event Cd,Motor Nonmotor,Node,Node Info,Node Totaadt2011,Node Totaadt2012,Node Totaadt2013,Node Totaadt2014,Node Totaadt2015,Numberoflane,Number of Records,Offset,Ownership,Passage,Passgen,Passinjurytype,Passvehiclenumber,Pass Airbag Deployment,Pass Ejected From Vehicle,Pass Ems Transport Ind,Pass Safety Equip Used,Pavementconditionvalue,Pavementroughnessvalue,Pavementwidth,Pdo Crash,Total People Killed & Injured,Pedage,Pedestrians Injured,Pedestrians Killed,Pedgen,Pedinjurytype,Pednumber,Ped Action,Ped Al Test,Ped Cond,Ped Drink,Ped Drug,Ped Nonped,Ped Rflct,Persons Injured,Persons Killed,Physical Juris Nm,PJR,VSP_Used,Rd Type,Relation To Roadway,Rightshoulderwidth,RNS_MP (0.25 mi bin),Rns Mp,Roadway Alignment,Roadway Defect,Roadway Description,Roadway Surface Cond,Roadway Surface Type,Route Or Street Nm,Rte Category Cd,Rte Cat,Rte Nm,Ruralurbandesc,School Zone,Second Crash Event Cd,Segtotaadt2011,Segtotaadt2012,Segtotaadt2013,Segtotaadt2014,Segtotaadt2015,Senior Notsenior,Sidewalkdesc,Speed Before,Speed Max Safe,Speed Notspeed,Speed Posted,Start Node,Start Offset,Summons Issued Cd,Surfacedesc,Third Crash Event Cd,Time Slicing,Total Crashes including Property Damage Only,Total Crash,Traffic Control Type,Trfc Ctrl Status Type,Truckcommr,Vehiclenumber,Vehicle Body Type Cd,Vehicle Make Nm,Vehicle Maneuver Type Cd,Vehicle Model Nm,Vehicle Year Nbr,District,District_Used ,Weather Condition,Work Zone Location,Work Zone Related,Work Zone Type,Young Notyoung
No Access Control,Not ALCIHOL,Urban,0,0,Bituminous Concrete (Black Base),GREY FRIARS CH(R)/PISARRO CR(L)/,Not UNBELTED,16,Male,B,2,BIKE,3.88,1,1,,16. Other,"Not Provided,Not Provided","Not Provided,Not Provided",13408717,4.063,4,6/29/2014,6/29/2014,22. Bicycle,1305,B.Visiible Injury,2014,Left and Right sides,0,0,Virginia Beach,Urban,22. Bicycle,MAIN,12PM TO 3PM,134.Virginia Beach,90,Intersection,Reset Filters,VDOT_OTHER,Sunday,Not DEER,"East,North",,5,1,141815061,"33,16","Female,Male","PDO,B","1,2","1. No Improper Action,11. Did Not Have Right-of-Way","2. Not Deployed,3. Unavailable/Not Applicable","4. No Test,4. No Test","1. No Defects,1. No Defects","14. No Driver Distraction,14. No Driver Distraction","1. Had Not Been Drinking,1. Had Not Been Drinking","2. No,2. No","1. Not Ejected,3. Totally Ejected","NotProvided,Yes","No,No","3. Lap and Shoulder Belt,5. Helmet","1. Not Obscured,1. Not Obscured",,,4,541442,134-08667(B)/,0,1,"1.Divided, no control of access","22,20",1. On Roadway,"0,0",H,H.Urban Minor Arterial,Other City or Town Streets (not state maintained),Not GUARDRAIL,Not HIT_RUN,"1,12",1,4. Four Approaches,141815061,C,0,0,36.78957,36.78957,0,0.2,Not LRTRUCK,2. Daylight,LOCATED,-76.1253,-76.1253,MAINLINE,MAIN,0,0,Curbed Grass,16,4,Divided Roadway,"22,20",Not MOTORCYCLE,541442,541442. 13408667      13408667      13408717      13408717,36626,34457,34776,33514,33668,4,1,0.017,SEC_URBAN,,,,,,,,,0,0,52,0,1,,0,0,,,,,,,,,Not PED,,1,0,Virginia Beach,134,5,NOT-RD,9. Within Intersection,0,4.00,4.06,1. Straight - Level,1. No Defects,"2. Two-Way, Divided, Unprotected Median",1. Dry,"2. Blacktop, Asphalt, Bituminous",1500 SALEM RD,URB,UR,R-VA134UR08717EB,"Urbanized (Population 200,000 and over)",3. No,"0,0",21241,20529,20719,19967,19828,Not SENIOR,Left and Right sides,"5,1","45,45",Not SPEED,"45,45",541932,0,"2. No,1. Yes",0,"0,0",12PM TO 3PM,1,1,3. Traffic Signal,1. Yes - Working,Not a Parkway - Trucks and Commercial Vehicles Allowed,"1,2","22. Truck - Sport Utility Vehicle (SUV),9. Bicycle","FORD,HUFFY","2. Making Right Turn,1. Going Straight Ahead","EDGE,BICYCLE",20112014,5,5.Hampton Roads,1. No Adverse Condition (Clear/Cloudy),Not Provided,2. No,Not Provided,YOUNG
No Access Control,Not ALCIHOL,Urban,1,1,"N/A, Unknown, or Unstabilized",BOWDEN'S FERRY ROAD(B)/,Not UNBELTED,49,Male,A,2,BIKE,2.05,0,0,,13. Bicyclist,"Not Provided,Not Provided","Not Provided,Not Provided",12208564,2.05,4,6/30/2014,6/30/2014,20. Motor Vehicle In Transport,1925,A.Ambulatory Injury,2014,Left and Right sides,0,0,Norfolk,Urban,20. Motor Vehicle In Transport,MAIN,6PM TO 9PM,122.Norfolk,528,Intersection,Reset Filters,VDOT_OTHER,Monday,Not DEER,"North,East",,5,1,142180039,"21,49","Male,Male","PDO,A","1,2","11. Did Not Have Right-of-Way,1. No Improper Action","2. Not Deployed,2. Not Deployed","Not Applicable,Not Applicable","1. No Defects,1. No Defects","Not Applicable,Not Applicable","Not Applicable,Not Applicable","Not Applicable,Not Applicable","1. Not Ejected,1. Not Ejected","No,Yes","No,No","3. Lap and Shoulder Belt,9. Not Applicable","1. Not Obscured,1. Not Obscured",,,2,483655,SR-00337(B)/38TH ST,0,0,"0.Two-way, non-divided","20,20",1. On Roadway,"0,0",I,I.Urban Collector,Other City or Town Streets (not state maintained),Not GUARDRAIL,Not HIT_RUN,"12,4",1,4. Four Approaches,142180039,C,0,0,36.87958,36.87958,0,0.1,Not LRTRUCK,2. Daylight,LOCATED,-76.30382,-76.30382,MAINLINE,MAIN,0,0,0,0,0,Undivided Roadway,"22,20",Not MOTORCYCLE,483655,483655.  SR00337       SR00337      12208564      12208564,38699,40866,40042,37803,32041,2,1,0.1,SEC_URBAN,,,,,,,,,0,0,60,0,1,,0,0,,,,,,,,,Not PED,,1,0,Norfolk,122,5,NOT-RD,9. Within Intersection,0,2.00,2.05,1. Straight - Level,1. No Defects,"1. Two-Way, Not Divided",1. Dry,1. Concrete,38TH ST,URB,UR,R-VA122UR08564NB,"Urbanized (Population 200,000 and over)",3. No,"22,0",3594,4248,4287,4132,4981,Not SENIOR,Left and Right sides,"5,15","25,25",Not SPEED,"25,25",485180,0,"1. Yes,2. No",0,"0,0",6PM TO 9PM,1,1,4. Stop Sign,1. Yes - Working,Not a Parkway - Trucks and Commercial Vehicles Allowed,"1,2","1. Passenger car,9. Bicycle","JEEP,TREK","2. Making Right Turn,1. Going Straight Ahead","SPORT UTILITY,ALPHA",1994,5,5.Hampton Roads,1. No Adverse Condition (Clear/Cloudy),Not Provided,2. No,Not Provided,Not YOUNG
,Not ALCIHOL,Urban,0,0,,,Not UNBELTED,19,Female,B,2,BIKE,,1,1,,2. Angle,"Not Provided,Not Provided","Not Provided,Not Provided",,,,6/30/2014,6/30/2014,22. Bicycle,1758,B.Visiible Injury,2014,,0,0,Chesapeake,Urban,22. Bicycle,MAIN,3PM TO 6PM,131.Chesapeake,,Not Intersection,Reset Filters,VDOT_OTHER,Monday,Not DEER,"Not Provided,North",,5,1,141815309,19,"Not Provided,Female","PDO,B","1,2","11. Did Not Have Right-of-Way,1. No Improper Action","Not Provided,Not Provided","Not Applicable,4. No Test","9. Unknown,1. No Defects","Not Applicable,14. No Driver Distraction","6. Unknown,1. Had Not Been Drinking","3. Unknown,3. Unknown","Not Provided,Not Provided","NotProvided,Yes","Yes,No","Not Provided,9. Not Applicable","Not Applicable,1. Not Obscured",,,,,,,,,"22,20",1. On Roadway,"0,0",,,,Not GUARDRAIL,HIT_RUN,"12,9",1,4. Four Approaches,,C,0,0,36.78704,36.78704,,,Not LRTRUCK,2. Daylight,UNLOCATED,-76.25949,-76.25949,MAINLINE,,,,,,,,"22,20",Not MOTORCYCLE,,.,,,,,,,1,,SEC_URBAN,,,,,,,,,,,,0,1,,0,0,,,,,,,,,Not PED,,1,0,Chesapeake,131,5,NOT-RD,9. Within Intersection,,,,1. Straight - Level,1. No Defects,"2. Two-Way, Divided, Unprotected Median",1. Dry,"2. Blacktop, Asphalt, Bituminous",ROBERT HALL BL,UNKWN,SC,U-VA131SC99999UK,,3. No,"0,39",,,,,,Not SENIOR,,"5,3",45,Not SPEED,45,,,"Not Provided,2. No",,"0,0",3PM TO 6PM,1,1,3. Traffic Signal,1. Yes - Working,,"1,2","1. Passenger car,9. Bicycle",BICYCLE,"3. Making Left Turn,1. Going Straight Ahead",BICYCLE,2014,5,5.Hampton Roads,1. No Adverse Condition (Clear/Cloudy),Not Provided,2. No,Not Provided,YOUNG
No Access Control,Not ALCIHOL,Urban,0,0,Bituminous Concrete (Black Base),134-08688(B)/,Not UNBELTED,52,Male,B,2,BIKE,0.45,1,1,,3. Head On,"Not Provided,Not Provided","Not Provided,Not Provided",13408690,0.48,4,2/24/2013,2/24/2013,22. Bicycle,1412,B.Visiible Injury,2013,None,0,0,Virginia Beach,Urban,22. Bicycle,MAIN,12PM TO 3PM,134.Virginia Beach,158,Intersection,Reset Filters,VDOT_OTHER,Sunday,Not DEER,"South,East",DISTRACTED,5,1,130615024,"73,52","0,Male","PDO,B","1,2","11. Did Not Have Right-of-Way,1. No Improper Action","2. Not Deployed,3. Unavailable/Not Applicable","Not Applicable,Not Applicable","1. No Defects,1. No Defects","7. Eyes Not on Road,14. No Driver Distraction","Not Applicable,Not Applicable","Not Applicable,Not Applicable","1. Not Ejected,1. Not Ejected","No,Yes","No,No","3. Lap and Shoulder Belt,5. Helmet","1. Not Obscured,1. Not Obscured",,,1,715409,134-08688(B)/,0.05,0,"0.Two-way, non-divided","22,20",1. On Roadway,"0,0",I,I.Urban Collector,Other City or Town Streets (not state maintained),Not GUARDRAIL,Not HIT_RUN,"2,10",1,4. Four Approaches,130615024,C,0,0,36.784834,36.784834,1,0.05,Not LRTRUCK,2. Daylight,LOCATED,-76.038926,-76.038926,MAINLINE,MAIN,0,0,0,0,0,Undivided Roadway,"22,20",Not MOTORCYCLE,715409,715409. 13408688      13408688      13408690      13408690,33551,34227,34543,33289,32546,2,1,0.03,SEC_URBAN,,,,,,,,,3.7,0,19,0,1,,0,0,,,,,,,,,Not PED,,1,0,Virginia Beach,134,5,NOT-RD,9. Within Intersection,1,0.25,0.48,1. Straight - Level,1. No Defects,"2. Two-Way, Divided, Unprotected Median",1. Dry,"2. Blacktop, Asphalt, Bituminous",HARPERS ROAD,URB,UR,R-VA134UR08690EB,"Urbanized (Population 200,000 and over)",3. No,"0,0",6826,6630,6691,6448,7129,SENIOR,None,"7,10","35,35",Not SPEED,"35,35",715409,0,"1. Yes,2. No",0,"0,0",12PM TO 3PM,1,1,14. Ped Crosswalk,1. Yes - Working,Not a Parkway - Trucks and Commercial Vehicles Allowed,"1,2","1. Passenger car,9. Bicycle","CHEVROLET,BICYCLE","2. Making Right Turn,1. Going Straight Ahead",IMPALA,2008,5,5.Hampton Roads,1. No Adverse Condition (Clear/Cloudy),Not Provided,2. No,Not Provided,Not YOUNG
No Access Control,Not ALCIHOL,Urban,0,0,Bituminous Concrete (Black Base),ARMISTEAD AVE (L) ROAD (R)/,Not UNBELTED,27,Male,B,2,BIKE,1.32,1,1,,2. Angle,"Not Provided,Not Provided","Not Provided,Not Provided",13707075,1.421,3,2/25/2013,2/25/2013,22. Bicycle,1954,B.Visiible Injury,2013,Left and Right sides,0,0,Williamsburg,Urban,22. Bicycle,MAIN,6PM TO 9PM,137.Williamsburg,100,Intersection,Reset Filters,VDOT_OTHER,Monday,Not DEER,"South,East",,5,1,131550378,"64,27","0,Male","PDO,B","1,2","22. Disregarded Stop or Yield Sign,1. No Improper Action","2. Not Deployed,3. Unavailable/Not Applicable","4. No Test,4. No Test","1. No Defects,1. No Defects","Not Applicable,Not Applicable","1. Had Not Been Drinking,1. Had Not Been Drinking","2. No,2. No","1. Not Ejected,Not Provided","No,Yes","No,No","3. Lap and Shoulder Belt,9. Not Applicable","12. Sun or Headlight Glare,1. Not Obscured",,,1,398745,SR-00005(B)/Gap Terminus/DUKE OF GLOUCESTER S,0,0,"0.Two-way, non-divided","22,20",1. On Roadway,"0,0",H,H.Urban Minor Arterial,Other City or Town Streets (not state maintained),Not GUARDRAIL,Not HIT_RUN,"1,12",1,3. Three Approaches,131550378,C,0,0,37.270674,37.270674,0,0.12,Not LRTRUCK,4. Darkness - Road Lighted,LOCATED,-76.707461,-76.707461,MAINLINE,MAIN,0,0,0,0,0,Undivided Roadway,"22,20",Not MOTORCYCLE,398745,398745.  SR00005       SR00005      13707075,12163,11894,9446,9110,9294,2,1,0.019,SEC_URBAN,,,,,,,,,0,0,50,0,1,,0,0,,,,,,,,,Not PED,,1,0,Williamsburg,137,5,NOT-RD,9. Within Intersection,0,1.25,1.42,1. Straight - Level,1. No Defects,"1. Two-Way, Not Divided",1. Dry,"2. Blacktop, Asphalt, Bituminous",boundary st,URB,UR,R-VA137UR07075EB,"Urbanized (Population 200,000 and over)",3. No,"0,0",,,,,,Not SENIOR,Left and Right sides,10,"25,0",Not SPEED,"25,0",398850,0,"1. Yes,2. No",0,"0,0",6PM TO 9PM,1,1,8. Yield Sign,1. Yes - Working,Not a Parkway - Trucks and Commercial Vehicles Allowed,"1,2","1. Passenger car,9. Bicycle","mercedes,schwinn","1. Going Straight Ahead,1. Going Straight Ahead","4D,le tour III",1999,5,5.Hampton Roads,1. No Adverse Condition (Clear/Cloudy),Not Provided,2. No,Not Provided,Not YOUNG
No Access Control,Not ALCIHOL,Urban,1,1,Bituminous Concrete (Black Base),ELMHURST STREET(R)/,Not UNBELTED,59,Female,A,2,BIKE,0.32,0,0,,4. Sideswipe - Same Direction,"Not Provided,Not Provided","Not Provided,Not Provided",SR00238,0.336,3,2/26/2013,2/26/2013,22. Bicycle,1954,A.Ambulatory Injury,2013,None,0,0,Newport News,Urban,22. Bicycle,MAIN,6PM TO 9PM,121.Newport News,"1,774",Intersection,Reset Filters,VDOT_OTHER,Tuesday,Not DEER,"East,East",,5,1,131540028,"52,59","0,Female","PDO,A","1,2","37. Other,20. Disregarded Officer or Flagger","2. Not Deployed,Not Provided","Not Applicable,Not Applicable","Not Applicable,1. No Defects","Not Applicable,Not Applicable","1. Had Not Been Drinking,1. Had Not Been Drinking","2. No,2. No","1. Not Ejected,Not Provided","No,Yes","No,No","3. Lap and Shoulder Belt,Not Provided","2. Rain, Snow, etc. on Windshield,Not Applicable",,,1,746474,ELMHURST STREET(R)/,0.59,0,"0.Two-way, non-divided","22,20",1. On Roadway,"0,0",H,H.Urban Minor Arterial,Urban Extensions - Primary Routes,Not GUARDRAIL,Not HIT_RUN,"1,6",1,1. Not at Intersection,131540028,C,0,0,37.197155,37.197155,3,0.49,Not LRTRUCK,4. Darkness - Road Lighted,LOCATED,-76.571772,-76.571772,MAINLINE,MAIN,0,0,0,0,0,Undivided Roadway,"22,20",Not MOTORCYCLE,646079,646079.  SR00238       US00060       US00060,15078,14744,15599,15043,15348,2,1,0.336,PRI_URBAN,,,,,,,,,0,0,20,0,1,,0,0,,,,,,,,,Not PED,,1,0,Newport News,121,5,NOT-RD,8. Non-Intersection,3,0.25,0.34,1. Straight - Level,1. No Defects,"2. Two-Way, Divided, Unprotected Median",2. Wet,"2. Blacktop, Asphalt, Bituminous",68 yorktown rd,STPRI,SR,R-VA   SR00238EB,"Urbanized (Population 200,000 and over)",3. No,"0,0",4887,4779,6087,5870,5989,Not SENIOR,None,"40,10","40,40",Not SPEED,"45,45",746474,0.1,"1. Yes,Not Provided",0,"0,0",6PM TO 9PM,1,1,6. Traffic Lanes Marked,6. No Traffic Control Device Present,Not a Parkway - Trucks and Commercial Vehicles Allowed,"1,2","2. Truck - Pick-up/Passenger Truck,9. Bicycle","TOYOTA,bicycle","1. Going Straight Ahead,1. Going Straight Ahead",TACOMA,1998,5,5.Hampton Roads,5. Rain,Not Provided,2. No,Not Provided,Not YOUNG
,Not ALCIHOL,Urban,0,0,,,Not UNBELTED,17,Male,B,1,BIKE,,1,1,,2. Angle,"Not Provided,Not Provided","Not Provided,Not Provided",,,,7/1/2014,7/1/2014,20. Motor Vehicle In Transport,1300,B.Visiible Injury,2014,,0,1,Virginia Beach,Urban,20. Motor Vehicle In Transport,MAIN,12PM TO 3PM,134.Virginia Beach,,Not Intersection,Reset Filters,VDOT_OTHER,Tuesday,Not DEER,"North,West",DISTRACTED,5,1,142025033,"17,45","Male,Female","B,C","1,2","11. Did Not Have Right-of-Way,1. No Improper Action","3. Unavailable/Not Applicable,2. Not Deployed","4. No Test,4. No Test","1. No Defects,1. No Defects","11. Other,14. No Driver Distraction","1. Had Not Been Drinking,1. Had Not Been Drinking","2. No,2. No","3. Totally Ejected,1. Not Ejected","Yes,No","No,No","6. Other,3. Lap and Shoulder Belt","1. Not Obscured,1. Not Obscured",,,,,,,,,"20,22",1. On Roadway,"0,0",,,,Not GUARDRAIL,Not HIT_RUN,"1,12",1,4. Four Approaches,,C,0,0,36.81611,36.81611,,,Not LRTRUCK,2. Daylight,UNLOCATED,-76.11154,-76.11154,MAINLINE,,,,,,,,"20,22",Not MOTORCYCLE,,.,,,,,,,1,,SEC_URBAN,,,,,,,,,,,,0,2,,0,0,,,,,,,,,Not PED,,2,0,Virginia Beach,134,5,NOT-RD,9. Within Intersection,,,,1. Straight - Level,1. No Defects,"3. Two-Way, Divided, Positive Median Barrier",1. Dry,"2. Blacktop, Asphalt, Bituminous",3965 WINDSOR OAKS,UNKWN,SC,U-VA134SC99999UK,,3. No,"0,0",,,,,,Not SENIOR,,"10,3","45,45",Not SPEED,"45,45",,,"2. No,2. No",,"0,0",12PM TO 3PM,1,1,3. Traffic Signal,1. Yes - Working,,"1,2","9. Bicycle,1. Passenger car","SCHWIN,Cadillac","15. Other,1. Going Straight Ahead","MT BIKE,Escalade",20142003,5,5.Hampton Roads,1. No Adverse Condition (Clear/Cloudy),Not Provided,2. No,Not Provided,YOUNG
No Access Control,Not ALCIHOL,Urban,0,0,"N/A, Unknown, or Unstabilized",134-08738(L)/IS-00264-W018A(R)/@ BONNIE ROAD,Not UNBELTED,21,Male,B,1,BIKE,1.84,1,1,,2. Angle,"Not Provided,Not Provided","Not Provided,Not Provided",13400013,1.881,3,7/2/2014,7/2/2014,20. Motor Vehicle In Transport,1312,B.Visiible Injury,2014,Left and Right sides,0,0,Virginia Beach,Urban,20. Motor Vehicle In Transport,MAIN,12PM TO 3PM,134.Virginia Beach,153,Intersection,Reset Filters,VDOT_OTHER,Wednesday,Not DEER,"East,North",DISTRACTED,5,1,141895044,"21,40","Male,Female","B,PDO","1,2","37. Other,1. No Improper Action","3. Unavailable/Not Applicable,2. Not Deployed","Not Applicable,Not Applicable","1. No Defects,1. No Defects","11. Other,14. No Driver Distraction","1. Had Not Been Drinking,1. Had Not Been Drinking","2. No,2. No","1. Not Ejected,1. Not Ejected","Yes,No","No,No","9. Not Applicable,3. Lap and Shoulder Belt","16. Stopped Vehicle(s),16. Stopped Vehicle(s)",,,2,541079,US-00058(B)/Gap Terminus/ROSEMONT ROAD(U)/,0,1,"1.Divided, no control of access","20,22",1. On Roadway,"0,0",H,H.Urban Minor Arterial,Other City or Town Streets (not state maintained),Not GUARDRAIL,Not HIT_RUN,"2,12",1,1. Not at Intersection,141895044,C,0,0,36.84002,36.84002,0,0.07,Not LRTRUCK,2. Daylight,LOCATED,-76.09758,-76.09758,MAINLINE,MAIN,0,0,Curbed Grass,14,4,Divided Roadway,"20,22",Not MOTORCYCLE,541079,541079.  US00058       US00058      13400013,64871,64913,65058,63648,61918,4,1,0.029,SEC_URBAN,,,,,,,,,0,0,52,0,1,,0,0,,,,,,,,,Not PED,,1,0,Virginia Beach,134,5,NOT-RD,8. Non-Intersection,0,1.75,1.88,1. Straight - Level,1. No Defects,"2. Two-Way, Divided, Unprotected Median",1. Dry,"2. Blacktop, Asphalt, Bituminous",100  S.  ROSEMONT  ROAD,URB,UR,R-VA134UR00013NB,"Urbanized (Population 200,000 and over)",3. No,"0,0",31737,32453,32753,31564,32201,Not SENIOR,Left and Right sides,"3,20","25,25",Not SPEED,"35,35",541279,0,"1. Yes,2. No",0,"0,0",12PM TO 3PM,1,1,6. Traffic Lanes Marked,1. Yes - Working,Not a Parkway - Trucks and Commercial Vehicles Allowed,"1,2","9. Bicycle,1. Passenger car","MONGOOSE,HONDA","15. Other,1. Going Straight Ahead","BICYCLE,ODYSSEY",20132008,5,5.Hampton Roads,1. No Adverse Condition (Clear/Cloudy),Not Provided,2. No,Not Provided,Not YOUNG
No Access Control,Not ALCIHOL,Urban,0,0,Bituminous Concrete (Black Base),DONCASTER RD(B)/,Not UNBELTED,47,Female,B,2,BIKE,0.96,1,1,,16. Other,"Not Provided,Not Provided","Not Provided,Not Provided",13408747,1.016,4,7/3/2014,7/3/2014,22. Bicycle,1500,B.Visiible Injury,2014,Left and Right sides,0,0,Virginia Beach,Urban,22. Bicycle,MAIN,12PM TO 3PM,134.Virginia Beach,21,Intersection,Reset Filters,VDOT_OTHER,Thursday,Not DEER,"West,South",,5,1,141865021,"54,47","Male,Female","PDO,B","1,2","37. Other,1. No Improper Action","2. Not Deployed,3. Unavailable/Not Applicable","4. No Test,4. No Test","1. No Defects,1. No Defects","14. No Driver Distraction,14. No Driver Distraction","1. Had Not Been Drinking,1. Had Not Been Drinking","2. No,2. No","1. Not Ejected,Not Provided","No,Yes","No,No","3. Lap and Shoulder Belt,5. Helmet","1. Not Obscured,1. Not Obscured",,,1,541839,134-08711(B)/134-08816(U)/KINGS GRANT RD,0,0,"0.Two-way, non-divided","22,20",1. On Roadway,"0,0",I,I.Urban Collector,Other City or Town Streets (not state maintained),Not GUARDRAIL,Not HIT_RUN,"1,12",1,4. Four Approaches,141865021,C,0,0,36.85863,36.85863,0,0.06,Not LRTRUCK,2. Daylight,LOCATED,-76.08683,-76.08683,MAINLINE,MAIN,0,0,0,0,0,Undivided Roadway,"22,20",Not MOTORCYCLE,541839,541839. 13408711      13408711      13408747      13408816,17980,16572,16725,16117,15694,2,1,0.004,SEC_URBAN,,,,,,,,,0,0,35,0,1,,0,0,,,,,,,,,Not PED,,1,0,Virginia Beach,134,5,NOT-RD,9. Within Intersection,0,1.00,1.02,1. Straight - Level,1. No Defects,"3. Two-Way, Divided, Positive Median Barrier",1. Dry,"2. Blacktop, Asphalt, Bituminous",3300 KINGS GRANT RD,URB,UR,R-VA134UR08747SB,"Urbanized (Population 200,000 and over)",3. No,"0,0",5005,5002,5048,4865,4456,Not SENIOR,None,"5,1","35,35",Not SPEED,"35,35",542312,0,"1. Yes,2. No",0,"0,0",12PM TO 3PM,1,1,14. Ped Crosswalk,1. Yes - Working,Not a Parkway - Trucks and Commercial Vehicles Allowed,"1,2","3. Van,9. Bicycle","Ford,OTH","2. Making Right Turn,1. Going Straight Ahead","Econoline Cargo Van,BICYCLE",20042013,5,5.Hampton Roads,1. No Adverse Condition (Clear/Cloudy),Not Provided,2. No,Not Provided,Not YOUNG
No Access Control,Not ALCIHOL,Urban,0,0,Bituminous Concrete (Black Base),134-08723(B)/BIRDNECK RD,Not UNBELTED,29,Female,B,1,BIKE,2.8,1,1,,2. Angle,"Not Provided,Not Provided","Not Provided,Not Provided",C7US00058,2.806,4,7/4/2014,7/4/2014,22. Bicycle,1519,B.Visiible Injury,2014,Left and Right sides,0,0,Virginia Beach,Urban,22. Bicycle,MAIN,3PM TO 6PM,134.Virginia Beach,32,Intersection,Reset Filters,VDOT_OTHER,Friday,Not DEER,"South,North",,5,1,141865161,"29,44","Female,Female","B,PDO","1,2","11. Did Not Have Right-of-Way,1. No Improper Action","3. Unavailable/Not Applicable,2. Not Deployed","4. No Test,4. No Test","1. No Defects,1. No Defects","14. No Driver Distraction,14. No Driver Distraction","1. Had Not Been Drinking,1. Had Not Been Drinking","2. No,2. No","2. Partially Ejected,1. Not Ejected","Yes,No","No,No","5. Helmet,3. Lap and Shoulder Belt","1. Not Obscured,1. Not Obscured",,,3,541093,134-08723(B)/BIRDNECK RD,0.1,1,"1.Divided, no control of access","20,22",1. On Roadway,"0,0",H,H.Urban Minor Arterial,Urban Extensions - Primary Routes,Not GUARDRAIL,Not HIT_RUN,"12,1",1,4. Four Approaches,141865161,C,0,0,36.84189,36.84189,0,0.1,Not LRTRUCK,2. Daylight,LOCATED,-75.9959,-75.9959,MAINLINE,MAIN,0,0,Curbed Grass,16,4,Divided Roadway,"20,22",Not MOTORCYCLE,541093,541093. 13408723      13408723     C7US00058     C7US00058,31884,31906,32201,31032,32535,4,1,0.006,PRI_URBAN,,,,,,,,,0,96,54,0,1,,0,0,,,,,,,,,Not PED,,1,0,Virginia Beach,134,5,NOT-RD,9. Within Intersection,0,2.75,2.81,1. Straight - Level,1. No Defects,"2. Two-Way, Divided, Unprotected Median",1. Dry,"2. Blacktop, Asphalt, Bituminous",1100 VIRGINIA BEACH BL,USPRI,US,R-VA   US00058WBBUS007,"Urbanized (Population 200,000 and over)",3. No,"0,0",12948,11505,11611,11190,10783,Not SENIOR,Left and Right sides,"5,5","35,35",Not SPEED,"35,35",541093,0,"2. No,2. No",0,"0,0",3PM TO 6PM,1,1,14. Ped Crosswalk,1. Yes - Working,Not a Parkway - Trucks and Commercial Vehicles Allowed,"1,2","9. Bicycle,1. Passenger car","UNK,Dodge","1. Going Straight Ahead,2. Making Right Turn","BICYCLE,Neon",2004,5,5.Hampton Roads,1. No Adverse Condition (Clear/Cloudy),Not Provided,2. No,Not Provided,Not YOUNG