Access Control,Alcohol Notalcohol,Area Type1,A Crash,A People,Basetypedesc,Begin Node Dsc,Belted Unbelted,Bikeage,Bikegen,Bikeinjurytype,Bikevehiclenumber,Bike Nonbike,BMP,B Crash,B People,Carspeedlimit,Collision Type,Comm Cargo Body Type Cd,Comm Vehicle Body Type Cd,Cotedrouteid,Coted Mp,Count App,CRASH_DT (copy),Crash Dt,Crash Event Type Dsc,Crash Military Tm,Crash Severity,Crash Year,Curbgutterdesc,C Crash,C People,Juris Name Used,Area Type Used,First Harmful Event of Entire Crash,MAINLINE,Time Slicing Used,Phy_Juris_Nm,Offset-Ft,Intersection Analysis,Clear,Calculation_9640323132123359,Day Of Week,Deer Nodeer,Direction Of Travel Cd,Distracted Notdistracted,VSP,TOTAL CRASH,Document Nbr,Driverage,Drivergen,Driverinjurytype,Drivervehiclenumber,Driver Action Type Cd,Driver Airbag Deployment,Driver Alcohol Test Type Cd,Driver Condition Type Cd,Driver Distraction Type Cd,Driver Drinking Type Cd,Driver Drug Use Cd,Driver Ejected From Vehicle,Driver Ems Transport Ind,Driver Fled Scene Ind,Driver Safety Equip Used,Driver Vis Obscured Type Cd,Drowsy Notdrowsy,Drug Nodrug,EMP,End Node,End Node Dsc,End Offset,Facility,FAC,First Crash Event Cd,First Harmful Event,Fourth Crash Event Cd,Functionalclass,FUN,Govcondesc,Gr Nogr,Hitrun Not Hitrun,Initial Veh Impact Area Cd,Injury Crashes,Intersection Type,Int Doc,Jurtype,K_CRASH,K People,LAT (copy),LAT,Leftshoulderwidth,Length,Lgtruck Nonlgtruck,Light Condition,Located Unlocated,LON (copy),LON,MAINLINE (group),Mainline Yn,Medianleftshoulderwidth,Medianrightshoulderwidth,Mediantypedesc,Medianwidthmax,Medianwidthmin,Median Type,Most Harmful Crash Event Cd,Motor Nonmotor,Node,Node Info,Node Totaadt2011,Node Totaadt2012,Node Totaadt2013,Node Totaadt2014,Node Totaadt2015,Numberoflane,Number of Records,Offset,Ownership,Passage,Passgen,Passinjurytype,Passvehiclenumber,Pass Airbag Deployment,Pass Ejected From Vehicle,Pass Ems Transport Ind,Pass Safety Equip Used,Pavementconditionvalue,Pavementroughnessvalue,Pavementwidth,Pdo Crash,Total People Killed & Injured,Pedage,Pedestrians Injured,Pedestrians Killed,Pedgen,Pedinjurytype,Pednumber,Ped Action,Ped Al Test,Ped Cond,Ped Drink,Ped Drug,Ped Nonped,Ped Rflct,Persons Injured,Persons Killed,Physical Juris Nm,PJR,VSP_Used,Rd Type,Relation To Roadway,Rightshoulderwidth,RNS_MP (0.25 mi bin),Rns Mp,Roadway Alignment,Roadway Defect,Roadway Description,Roadway Surface Cond,Roadway Surface Type,Route Or Street Nm,Rte Category Cd,Rte Cat,Rte Nm,Ruralurbandesc,School Zone,Second Crash Event Cd,Segtotaadt2011,Segtotaadt2012,Segtotaadt2013,Segtotaadt2014,Segtotaadt2015,Senior Notsenior,Sidewalkdesc,Speed Before,Speed Max Safe,Speed Notspeed,Speed Posted,Start Node,Start Offset,Summons Issued Cd,Surfacedesc,Third Crash Event Cd,Time Slicing,Total Crashes including Property Damage Only,Total Crash,Traffic Control Type,Trfc Ctrl Status Type,Truckcommr,Vehiclenumber,Vehicle Body Type Cd,Vehicle Make Nm,Vehicle Maneuver Type Cd,Vehicle Model Nm,Vehicle Year Nbr,District,District_Used ,Weather Condition,Work Zone Location,Work Zone Related,Work Zone Type,Young Notyoung
No Access Control,Not ALCIHOL,Urban,1,1,"Stabilized with Selected Material (Soil,Gravel,Stone,etc.)",99-01001(B)/,Not UNBELTED,63,Male,A,2,BIKE,0.2,0,0,,2. Angle,"Not Provided,Not Provided","Not Provided,Not Provided",9901004,0.2,4,7/12/2014,7/12/2014,20. Motor Vehicle In Transport,1120,A.Ambulatory Injury,2014,None,0,0,York,Urban,20. Motor Vehicle In Transport,MAIN,9AM TO 12PM,99.York,0,Intersection,Reset Filters,VDOT_OTHER,Saturday,Not DEER,"South,East",,5,1,141945048,"50,63","Male,Male","PDO,A","1,2","1. No Improper Action,11. Did Not Have Right-of-Way","2. Not Deployed,3. Unavailable/Not Applicable","Not Applicable,Not Applicable","1. No Defects,1. No Defects","14. No Driver Distraction,14. No Driver Distraction","1. Had Not Been Drinking,1. Had Not Been Drinking","2. No,2. No","1. Not Ejected,3. Totally Ejected","No,Yes","No,No","3. Lap and Shoulder Belt,5. Helmet","1. Not Obscured,1. Not Obscured",,,0,671502,99-01002(B)/,0,0,"0.Two-way, non-divided","22,20",1. On Roadway,"0,0",J,J.Urban Local,State Secondary,Not GUARDRAIL,Not HIT_RUN,"1,11",1,1. Not at Intersection,141945048,N,0,0,37.23448,37.23448,2,0.1,Not LRTRUCK,2. Daylight,LOCATED,-76.50798,-76.50798,MAINLINE,MAIN,0,0,0,0,0,Undivided Roadway,"22,39",Not MOTORCYCLE,671496,671496.  9901001       9901001       9901004       9901004,1200,1200,1223,1223,1223,2,1,0,VDOT_SEC,,,,,,,,,0,0,0,0,1,,0,0,,,,,,,,,Not PED,,1,0,York,99,5,NOT-RD,"7. Other location not listed above within an interchange area (median, shoulder , roadside)",2,0.00,0.20,1. Straight - Level,1. No Defects,"4. One-Way, Not Divided",1. Dry,"2. Blacktop, Asphalt, Bituminous",ROUTE 1004 / READ STREET,SEC,SC,R-VA099SC01004SB,"Urbanized (Population 200,000 and over)",3. No,"0,39",1322,1322,1329,1329,1329,Not SENIOR,None,"5,5","5,0",SPEED,"25,0",671496,0,"2. No,2. No",Paved (unofficial definition),"0,0",9AM TO 12PM,1,1,4. Stop Sign,1. Yes - Working,Not a Parkway - Trucks and Commercial Vehicles Allowed,"1,2","2. Truck - Pick-up/Passenger Truck,9. Bicycle","Dodge,TREK","1. Going Straight Ahead,1. Going Straight Ahead","Ram 1500,5.9",2004,5,5.Hampton Roads,1. No Adverse Condition (Clear/Cloudy),Not Provided,2. No,Not Provided,Not YOUNG
No Access Control,Not ALCIHOL,Urban,0,0,Bituminous Concrete (Black Base),MONET DR(R)/,Not UNBELTED,18,Male,B,1,BIKE,2.92,1,1,,2. Angle,"Not Provided,Not Provided","Not Provided,Not Provided",13408779,3.342,4,7/12/2014,7/12/2014,22. Bicycle,2120,B.Visiible Injury,2014,Left and Right sides,0,0,Virginia Beach,Urban,22. Bicycle,MAIN,9PM TO 12AM,134.Virginia Beach,42,Intersection,Reset Filters,VDOT_OTHER,Saturday,Not DEER,"South,East",DISTRACTED,5,1,141975175,"18,66","Male,Male","B,PDO","1,2","11. Did Not Have Right-of-Way,1. No Improper Action","2. Not Deployed,2. Not Deployed","Not Applicable,Not Applicable","1. No Defects,1. No Defects","1. Looking at Roadside Incident,1. Looking at Roadside Incident","1. Had Not Been Drinking,1. Had Not Been Drinking","2. No,2. No","3. Totally Ejected,1. Not Ejected","Yes,No","No,No","9. Not Applicable,3. Lap and Shoulder Belt","1. Not Obscured,1. Not Obscured",,,3,541277,134-00012(B)/134-08688(U)/DAM NECK & LANDSTOW,0,1,"1.Divided, no control of access","22,20",1. On Roadway,"0,0",H,H.Urban Minor Arterial,Other City or Town Streets (not state maintained),Not GUARDRAIL,Not HIT_RUN,"12,12",1,4. Four Approaches,141975175,C,0,0,36.78581,36.78581,0,0.43,Not LRTRUCK,4. Darkness - Road Lighted,LOCATED,-76.07926,-76.07926,MAINLINE,MAIN,0,0,Curbed Grass,28,4,Divided Roadway,"22,20",Not MOTORCYCLE,541277,541277. 13400012      13400012      13408688      13408779,55755,59544,60094,57913,49911,4,1,0.008,SEC_URBAN,,,,,,,,,0,0,52,0,1,,0,0,,,,,,,,,Not PED,,1,0,Virginia Beach,134,5,NOT-RD,9. Within Intersection,0,3.25,3.34,1. Straight - Level,1. No Defects,"3. Two-Way, Divided, Positive Median Barrier",1. Dry,"2. Blacktop, Asphalt, Bituminous",3200 DAM NECK RD,URB,UR,R-VA134UR08779NB,"Urbanized (Population 200,000 and over)",3. No,"0,0",38478,40299,40671,39195,33563,SENIOR,Left and Right sides,"2,45","45,45",Not SPEED,"45,45",542404,0,"1. Yes,2. No",0,"0,0",9PM TO 12AM,1,1,3. Traffic Signal,1. Yes - Working,Not a Parkway - Trucks and Commercial Vehicles Allowed,"1,2","9. Bicycle,1. Passenger car","GIANT,CHEVY","1. Going Straight Ahead,1. Going Straight Ahead","BICYCLE,CORVETTE",20111965,5,5.Hampton Roads,1. No Adverse Condition (Clear/Cloudy),Not Provided,2. No,Not Provided,YOUNG
,ALCOHOL,Urban,1,1,,,Not UNBELTED,33,Female,A,1,BIKE,,0,0,,5. Sideswipe - Opposite Direction,"Not Provided,Not Provided","Not Provided,Not Provided",,,,7/12/2014,7/12/2014,20. Motor Vehicle In Transport,2200,A.Ambulatory Injury,2014,,0,1,Virginia Beach,Urban,20. Motor Vehicle In Transport,MAIN,9PM TO 12AM,134.Virginia Beach,,Not Intersection,Reset Filters,VDOT_OTHER,Saturday,Not DEER,"North,South",,5,1,142005231,"33,52","Female,Male","A,C","1,2","40. Fail to Maintain Proper Control,1. No Improper Action","3. Unavailable/Not Applicable,2. Not Deployed","4. No Test,4. No Test","1. No Defects,1. No Defects","14. No Driver Distraction,14. No Driver Distraction","2. Drinking - Obviously Drunk,4. Drinking - Ability Not Impaired","3. Unknown,3. Unknown","1. Not Ejected,1. Not Ejected","Yes,No","No,No","9. Not Applicable,3. Lap and Shoulder Belt","1. Not Obscured,1. Not Obscured",,,,,,,,,"20,22",1. On Roadway,"0,0",,,,Not GUARDRAIL,Not HIT_RUN,"2,4",1,1. Not at Intersection,,C,0,0,36.76203,36.76203,,,Not LRTRUCK,5. Darkness - Road Not Lighted,UNLOCATED,-76.00452,-76.00452,MAINLINE,,,,,,,,"20,22",Not MOTORCYCLE,,.,,,,,,,1,,SEC_URBAN,,,,,,,,,,,,0,2,,0,0,,,,,,,,,Not PED,,2,0,Virginia Beach,134,5,RD-UNKNOWN,8. Non-Intersection,,,,1. Straight - Level,1. No Defects,"1. Two-Way, Not Divided",1. Dry,"2. Blacktop, Asphalt, Bituminous",2000 BLK UPTON,UNKWN,SC,U-VA134SC99999UK,,3. No,"0,0",,,,,,Not SENIOR,,"5,35","35,35",Not SPEED,"35,35",,,"1. Yes,2. No",,"0,0",9PM TO 12AM,1,1,1. No Traffic Control,6. No Traffic Control Device Present,,"1,2","9. Bicycle,2. Truck - Pick-up/Passenger Truck","HUFFY,TOYO","1. Going Straight Ahead,1. Going Straight Ahead","NED LUSSO,TRUCK",20122003,5,5.Hampton Roads,1. No Adverse Condition (Clear/Cloudy),Not Provided,2. No,Not Provided,Not YOUNG
No Access Control,Not ALCIHOL,Urban,0,0,Bituminous Concrete (Black Base),HOGAN LANE(B)/,Not UNBELTED,23,Male,B,1,BIKE,17.42,1,1,,13. Bicyclist,"Not Provided,Not Provided","Not Provided,Not Provided",SR00143,17.749,4,10/17/2015,10/17/2015,22. Bicycle,641,B.Visiible Injury,2015,Left and Right sides,0,0,Newport News,Urban,22. Bicycle,MAIN,6AM TO 9AM,121.Newport News,111,Intersection,Reset Filters,VDOT_OTHER,Saturday,Not DEER,"East,South",DISTRACTED,5,1,160430032,"23,46","Male,Female","B,PDO","1,2","11. Did Not Have Right-of-Way,1. No Improper Action","3. Unavailable/Not Applicable,2. Not Deployed","4. No Test,4. No Test","1. No Defects,1. No Defects","11. Other,11. Other","1. Had Not Been Drinking,1. Had Not Been Drinking","2. No,2. No","3. Totally Ejected,1. Not Ejected","Yes,No","No,No","6. Other,3. Lap and Shoulder Belt","1. Not Obscured,1. Not Obscured",,,18,646114,SR-00171(R)/121-00004(L)/OYSTER PT RD,0,1,"1.Divided, no control of access","20,22",1. On Roadway,"0,0",E,E.Urban Other Principle Arterials; Connecting Links of Other Rural Principal Arterial,Urban Extensions - Primary Routes,Not GUARDRAIL,Not HIT_RUN,"7,11",1,4. Four Approaches,160430032,C,0,0,37.10452,37.10452,0,0.35,Not LRTRUCK,2. Daylight,LOCATED,-76.4938,-76.4938,MAINLINE,MAIN,0,0,Curbed Grass,16,4,Divided Roadway,"20,22",Not MOTORCYCLE,646114,646114.  SR00143       SR00143       SR00171      12100004,101086,102166,92808,91207,94005,6,1,0.021,PRI_URBAN,,,,,,,,,0,112,76,0,1,,0,0,,,,,,,,,Not PED,,1,0,Newport News,121,5,NOT-RD,10. Intersection Related - Within 150 Feet,0,17.50,17.75,1. Straight - Level,1. No Defects,"3. Two-Way, Divided, Positive Median Barrier",1. Dry,"2. Blacktop, Asphalt, Bituminous",JEFFERSON AVE,STPRI,SR,R-VA   SR00143SB,"Urbanized (Population 200,000 and over)",3. No,"0,0",56137,58185,47499,47447,49321,Not SENIOR,Left and Right sides,"5,40","45,45",Not SPEED,"45,45",646113,0,"1. Yes,2. No",0,"0,0",6AM TO 9AM,1,1,3. Traffic Signal,1. Yes - Working,Not a Parkway - Trucks and Commercial Vehicles Allowed,"1,2","9. Bicycle,1. Passenger car",CHRYSLER,"1. Going Straight Ahead,1. Going Straight Ahead",SEBRING,2007,5,5.Hampton Roads,1. No Adverse Condition (Clear/Cloudy),Not Provided,2. No,Not Provided,Not YOUNG
No Access Control,Not ALCIHOL,Urban,0,0,Penetration Macadam and Water Bound Macadam,134-08726(U)/C7US-00058(B)/Gap Terminus/1ST C,Not UNBELTED,25,Female,B,1,BIKE,0,1,1,,2. Angle,"Not Provided,Not Provided","Not Provided,Not Provided",13400009,0,4,10/20/2015,10/20/2015,20. Motor Vehicle In Transport,1725,B.Visiible Injury,2015,Left and Right sides,0,1,Virginia Beach,Urban,20. Motor Vehicle In Transport,MAIN,3PM TO 6PM,134.Virginia Beach,0,Intersection,Reset Filters,VDOT_OTHER,Tuesday,Not DEER,"East,North",,5,1,153175397,"25,33","Female,Female","B,C","1,2","11. Did Not Have Right-of-Way,1. No Improper Action","2. Not Deployed,2. Not Deployed","4. No Test,4. No Test","1. No Defects,1. No Defects","14. No Driver Distraction,14. No Driver Distraction","1. Had Not Been Drinking,1. Had Not Been Drinking","2. No,2. No","1. Not Ejected,1. Not Ejected","No,No","No,No","8. No Restraint Used,3. Lap and Shoulder Belt","11. Moving Vehicle(s),1. Not Obscured",,,0,541260,WISCONSIN AVENUE(R)/TO RAMP TO ROUTE 264 EAST,0,1,"1.Divided, no control of access","20,20",1. On Roadway,"0,0",H,H.Urban Minor Arterial,Other City or Town Streets (not state maintained),Not GUARDRAIL,Not HIT_RUN,"12,11",1,4. Four Approaches,153175397,C,0,0,36.84231,36.84231,0,0.12,Not LRTRUCK,3. Dusk,LOCATED,-76.02114,-76.02114,MAINLINE,MAIN,0,0,Curbed Grass,16,4,Divided Roadway,"20,20",Not MOTORCYCLE,541095,541095. 13400009      13408726     C7US00058     C7US00058,42867,39753,40120,38664,39701,4,1,0,SEC_URBAN,,,,,,,,,0,0,52,0,2,,0,0,,,,,,,,,Not PED,,2,0,Virginia Beach,134,5,NOT-RD,9. Within Intersection,0,0.00,0.00,1. Straight - Level,1. No Defects,"3. Two-Way, Divided, Positive Median Barrier",1. Dry,"2. Blacktop, Asphalt, Bituminous",245 First Colonial Road,URB,UR,R-VA134UR00009NB,"Urbanized (Population 200,000 and over)",3. No,"0,0",29133,28888,29155,28097,27575,Not SENIOR,Left and Right sides,"5,35","35,35",Not SPEED,"35,35",541095,0,"2. No,2. No",0,"0,0",3PM TO 6PM,1,1,3. Traffic Signal,1. Yes - Working,Not a Parkway - Trucks and Commercial Vehicles Allowed,"1,2","9. Bicycle,1. Passenger car","BICYCLE,CHEVROLET","1. Going Straight Ahead,1. Going Straight Ahead",MALIBU,2012,5,5.Hampton Roads,1. No Adverse Condition (Clear/Cloudy),Not Provided,2. No,Not Provided,Not YOUNG
,Not ALCIHOL,Urban,0,0,,,Not UNBELTED,74,Female,B,2,BIKE,,1,1,,2. Angle,"Not Provided,Not Provided","Not Provided,Not Provided",,,,10/21/2015,10/21/2015,22. Bicycle,1645,B.Visiible Injury,2015,,0,0,Virginia Beach,Urban,22. Bicycle,MAIN,3PM TO 6PM,134.Virginia Beach,,Not Intersection,Reset Filters,VDOT_OTHER,Wednesday,Not DEER,"West,North",,5,1,152955279,"56,74","Male,Female","PDO,B","1,2","11. Did Not Have Right-of-Way,1. No Improper Action","2. Not Deployed,3. Unavailable/Not Applicable","Not Applicable,Not Applicable","1. No Defects,1. No Defects","14. No Driver Distraction,14. No Driver Distraction","1. Had Not Been Drinking,1. Had Not Been Drinking","2. No,2. No","1. Not Ejected,1. Not Ejected","No,Yes","No,No","3. Lap and Shoulder Belt,8. No Restraint Used","1. Not Obscured,1. Not Obscured",,,,,,,,,"22,20",1. On Roadway,"0,0",,,,Not GUARDRAIL,Not HIT_RUN,"12,1",1,3. Three Approaches,,C,0,0,36.85065,36.85065,,,Not LRTRUCK,2. Daylight,UNLOCATED,-76.15248,-76.15248,MAINLINE,,,,,,,,"22,20",Not MOTORCYCLE,,.,,,,,,,1,,SEC_URBAN,,,,,,,,,,,,0,1,,0,0,,,,,,,,,Not PED,,1,0,Virginia Beach,134,5,NOT-RD,9. Within Intersection,,,,1. Straight - Level,1. No Defects,"1. Two-Way, Not Divided",1. Dry,1. Concrete,461 BRIAN AVE,UNKWN,SC,U-VA134SC99999UK,,3. No,"0,0",,,,,,SENIOR,,"3,5","25,25",Not SPEED,"25,25",,,"1. Yes,2. No",,"0,0",3PM TO 6PM,1,1,4. Stop Sign,1. Yes - Working,,"1,2","2. Truck - Pick-up/Passenger Truck,9. Bicycle","CHEVROLET,SCHWINN","2. Making Right Turn,1. Going Straight Ahead","SILVERADO,CRUISER",20002005,5,5.Hampton Roads,1. No Adverse Condition (Clear/Cloudy),Not Provided,2. No,Not Provided,Not YOUNG
No Access Control,Not ALCIHOL,Rural,0,0,Bituminous Concrete (Black Base),65-00687(R)/TOWER WAY,Not UNBELTED,43,Male,B,2,BIKE,0.59,1,1,,4. Sideswipe - Same Direction,"Not Provided,Not Provided","Not Provided,Not Provided",SR00178,0.825,3,10/23/2015,10/23/2015,20. Motor Vehicle In Transport,1915,B.Visiible Injury,2015,None,0,0,Northampton,Rural,20. Motor Vehicle In Transport,MAIN,6PM TO 9PM,65.Northampton,343,Intersection,Reset Filters,VDOT_OTHER,Friday,Not DEER,"West,West",,5,1,152965427,43,"Not Provided,Male","PDO,B","1,2","34. Hit and Run,1. No Improper Action","Not Provided,3. Unavailable/Not Applicable","Not Applicable,Not Applicable","9. Unknown,1. No Defects","Not Applicable,Not Applicable","6. Unknown,1. Had Not Been Drinking","3. Unknown,2. No","Not Provided,1. Not Ejected","NotProvided,Yes","Yes,No","Not Provided,8. No Restraint Used","1. Not Obscured,1. Not Obscured",,,1,50201,JB-65-01-167/NORTHAMPTON CL ECL BELLE HAVEN/S,0,0,"0.Two-way, non-divided","22,20",1. On Roadway,"0,0",4,4.Rural Major Collector,State Primary and Interstate,Not GUARDRAIL,HIT_RUN,"2,0",1,1. Not at Intersection,152965427,N,0,0,37.54666,37.54666,3,0.27,Not LRTRUCK,5. Darkness - Road Not Lighted,LOCATED,-75.82196,-75.82196,MAINLINE,MAIN,0,0,0,0,0,Undivided Roadway,"22,20",Not MOTORCYCLE,105939,105939.  0102002       SR00178       SR00178,3200,3229,3259,3003,3031,2,1,0.065,VDOT_PRI,,,,,,,,,0,66,20,0,1,,0,0,,,,,,,,,Not PED,,1,0,Northampton,65,5,NOT-RD,8. Non-Intersection,3,0.75,0.82,1. Straight - Level,1. No Defects,"1. Two-Way, Not Divided",1. Dry,"2. Blacktop, Asphalt, Bituminous",RT. 178,STPRI,SR,R-VA   SR00178NB,Rural,3. No,"0,0",,3618,3046,3558,3558,Not SENIOR,None,5,"35,35",Not SPEED,"35,35",488285,0,"2. No,2. No",0,"0,0",6PM TO 9PM,1,1,7. No Passing Lines,1. Yes - Working,Not a Parkway - Trucks and Commercial Vehicles Allowed,"1,2","22. Truck - Sport Utility Vehicle (SUV),9. Bicycle",HUFFY,"1. Going Straight Ahead,1. Going Straight Ahead",BICYCLE,,5,5.Hampton Roads,1. No Adverse Condition (Clear/Cloudy),Not Provided,2. No,Not Provided,Not YOUNG
No Access Control,Not ALCIHOL,Urban,0,0,"N/A, Unknown, or Unstabilized",US-00013-N039A(R)/RAMP TO RTE. 13,Not UNBELTED,40,Male,B,2,BIKE,393.51,1,1,,3. Head On,"Not Provided,Not Provided","Not Provided,Not Provided",US00460,393.756,3,10/23/2015,10/23/2015,20. Motor Vehicle In Transport,1745,B.Visiible Injury,2015,None,0,0,Chesapeake,Urban,20. Motor Vehicle In Transport,MAIN,3PM TO 6PM,131.Chesapeake,21,Intersection,Reset Filters,VDOT_OTHER,Friday,DEER,"South,North",,5,1,152995000,"63,40","Male,Male","PDO,B","1,2","1. No Improper Action,37. Other","2. Not Deployed,2. Not Deployed","4. No Test,4. No Test","1. No Defects,1. No Defects","Not Applicable,Not Applicable","1. Had Not Been Drinking,1. Had Not Been Drinking","2. No,2. No","1. Not Ejected,1. Not Ejected","NotProvided,Yes","No,No","3. Lap and Shoulder Belt,6. Other","12. Sun or Headlight Glare,1. Not Obscured",,,394,483784,131-08622(R)/PORTLOCK RD,0,0,"0.Two-way, non-divided","22,20",1. On Roadway,"0,0",H,H.Urban Minor Arterial,Urban Extensions - Primary Routes,Not GUARDRAIL,Not HIT_RUN,"12,12",1,4. Four Approaches,152995000,C,0,0,36.78476,36.78476,6,0.25,Not LRTRUCK,2. Daylight,LOCATED,-76.28233,-76.28233,MAINLINE,MAIN,0,0,0,0,0,Undivided Roadway,"23,20",Not MOTORCYCLE,483784,483784.  US00460       US00460      13108622,15755,15406,15494,14495,14783,2,1,0.004,PRI_URBAN,,,,,,,,,0,173,33,0,1,,0,0,,,,,,,,,Not PED,,1,0,Chesapeake,131,5,NOT-RD,9. Within Intersection,6,393.75,393.76,1. Straight - Level,1. No Defects,"1. Two-Way, Not Divided",1. Dry,1. Concrete,PORTLOCK RD,USPRI,US,R-VA   US00460WB,"Urbanized (Population 200,000 and over)",3. No,"0,0",12234,11963,12031,11277,11501,Not SENIOR,None,"10,10",,Not SPEED,,483785,0.19,"2. No,2. No",0,"0,0",3PM TO 6PM,1,1,4. Stop Sign,1. Yes - Working,Not a Parkway - Trucks and Commercial Vehicles Allowed,"1,2","2. Truck - Pick-up/Passenger Truck,9. Bicycle","CHEVROLET,MOONGOOSE","2. Making Right Turn,1. Going Straight Ahead","C1500,BIKE",19902015,5,5.Hampton Roads,1. No Adverse Condition (Clear/Cloudy),Not Provided,2. No,Not Provided,Not YOUNG
Partial Access Control,Not ALCIHOL,Urban,0,0,Dual Type,134-00009(B)/,Not UNBELTED,68,Male,B,2,BIKE,506.88,1,1,,16. Other,"Not Provided,Not Provided","Not Provided,Not Provided",US00058,506.902,4,10/24/2015,10/24/2015,22. Bicycle,1713,B.Visiible Injury,2015,Left and Right sides,0,1,Virginia Beach,Urban,22. Bicycle,MAIN,3PM TO 6PM,134.Virginia Beach,380,Intersection,Reset Filters,VDOT_OTHER,Saturday,Not DEER,"West,East",,5,1,152975233,"27,68","Female,Male","C,B","1,2","11. Did Not Have Right-of-Way,1. No Improper Action","2. Not Deployed,3. Unavailable/Not Applicable","4. No Test,4. No Test","1. No Defects,1. No Defects","14. No Driver Distraction,14. No Driver Distraction","1. Had Not Been Drinking,1. Had Not Been Drinking","2. No,2. No","1. Not Ejected,Not Provided","No,Yes","No,No","3. Lap and Shoulder Belt,5. Helmet","12. Sun or Headlight Glare,1. Not Obscured",,,507,541066,134-00009(B)/,0.14,2,"2.Divided, partial control of access","22,20",1. On Roadway,"0,0",E,E.Urban Other Principle Arterials; Connecting Links of Other Rural Principal Arterial,Urban Extensions - Primary Routes,Not GUARDRAIL,Not HIT_RUN,"12,10",1,4. Four Approaches,152975233,C,0,0,36.85098,36.85098,0,0.09,Not LRTRUCK,2. Daylight,LOCATED,-76.02048,-76.02048,MAINLINE,MAIN,0,0,Curbed Grass,34,14,Divided Roadway,"22,20",Not MOTORCYCLE,541066,541066.  US00058       US00058      13400009      13400009,63023,61504,62556,60804,62575,4,1,0.072,PRI_URBAN,,,,,,,,,0,146,44,0,2,,0,0,,,,,,,,,Not PED,,2,0,Virginia Beach,134,5,NOT-RD,9. Within Intersection,0,507.00,507.01,1. Straight - Level,1. No Defects,"1. Two-Way, Not Divided",1. Dry,"2. Blacktop, Asphalt, Bituminous",1600 LASKIN RD,USPRI,US,R-VA   US00058EB,"Urbanized (Population 200,000 and over)",3. No,"0,0",28196,28746,29491,28936,27742,SENIOR,None,"7,5","25,25",Not SPEED,"25,25",541066,0.05,"1. Yes,3. Pending",0,"0,0",3PM TO 6PM,1,1,4. Stop Sign,1. Yes - Working,Not a Parkway - Trucks and Commercial Vehicles Allowed,"1,2","1. Passenger car,9. Bicycle",TOYOTA,"3. Making Left Turn,1. Going Straight Ahead","PRIUS,BICYCLE",2007,5,5.Hampton Roads,1. No Adverse Condition (Clear/Cloudy),Not Provided,2. No,Not Provided,Not YOUNG
No Access Control,Not ALCIHOL,Urban,0,0,Bituminous Concrete (Black Base),134-08723(B)/BIRDNECK ROAD,Not UNBELTED,20,Female,B,2,BIKE,20.36,1,1,,2. Angle,"Not Provided,Not Provided","Not Provided,Not Provided",13408669,21.156,4,7/15/2014,7/15/2014,22. Bicycle,1700,B.Visiible Injury,2014,None,0,0,Virginia Beach,Urban,22. Bicycle,MAIN,3PM TO 6PM,134.Virginia Beach,"4,203",Intersection,Reset Filters,VDOT_OTHER,Tuesday,Not DEER,"East,East",,5,1,142035150,"31,20","Female,Female","PDO,B","1,2","1. No Improper Action,1. No Improper Action","2. Not Deployed,3. Unavailable/Not Applicable","4. No Test,4. No Test","1. No Defects,1. No Defects","14. No Driver Distraction,14. No Driver Distraction","1. Had Not Been Drinking,1. Had Not Been Drinking","2. No,2. No","1. Not Ejected,1. Not Ejected","No,No","No,No","3. Lap and Shoulder Belt,9. Not Applicable","1. Not Obscured,1. Not Obscured",,,21,742545,VIRGINIA AQUARIUM(B)/,0,1,"1.Divided, no control of access","20,22",1. On Roadway,"0,0",H,H.Urban Minor Arterial,Other City or Town Streets (not state maintained),Not GUARDRAIL,Not HIT_RUN,"12,9",1,4. Four Approaches,142035150,C,0,0,36.82096,36.82096,8,0.8,Not LRTRUCK,2. Daylight,LOCATED,-75.9826,-75.9826,MAINLINE,MAIN,6,6,Grass/Unprotected,36,24,Divided Roadway,"22,22",Not MOTORCYCLE,541482,541482. 13408669      13408669      13408723      13408723,30985,31853,32314,31262,28218,4,1,0.796,SEC_URBAN,,,,,,,,,0,0,48,0,1,,0,0,,,,,,,,,Not PED,,1,0,Virginia Beach,134,5,NOT-RD,9. Within Intersection,8,21.00,21.15,1. Straight - Level,1. No Defects,"2. Two-Way, Divided, Unprotected Median",1. Dry,"2. Blacktop, Asphalt, Bituminous",700 GENERAL BOOTH BLVD,URB,UR,R-VA134UR08669NB,"Urbanized (Population 200,000 and over)",3. No,"22,0",15328,16751,17349,16731,11352,Not SENIOR,None,"2,2","45,45",Not SPEED,"45,45",541482,0,"2. No,2. No",0,"0,0",3PM TO 6PM,1,1,3. Traffic Signal,1. Yes - Working,Not a Parkway - Trucks and Commercial Vehicles Allowed,"1,2","1. Passenger car,9. Bicycle",Ford,"2. Making Right Turn,1. Going Straight Ahead",Escort,1999,5,5.Hampton Roads,1. No Adverse Condition (Clear/Cloudy),Not Provided,2. No,Not Provided,YOUNG