Access Control,Alcohol Notalcohol,Area Type1,A Crash,A People,Basetypedesc,Begin Node Dsc,Belted Unbelted,Bikeage,Bikegen,Bikeinjurytype,Bikevehiclenumber,Bike Nonbike,BMP,B Crash,B People,Carspeedlimit,Collision Type,Comm Cargo Body Type Cd,Comm Vehicle Body Type Cd,Cotedrouteid,Coted Mp,Count App,CRASH_DT (copy),Crash Dt,Crash Event Type Dsc,Crash Military Tm,Crash Severity,Crash Year,Curbgutterdesc,C Crash,C People,Juris Name Used,Area Type Used,First Harmful Event of Entire Crash,MAINLINE,Time Slicing Used,Phy_Juris_Nm,Offset-Ft,Intersection Analysis,Clear,Calculation_9640323132123359,Day Of Week,Deer Nodeer,Direction Of Travel Cd,Distracted Notdistracted,VSP,TOTAL CRASH,Document Nbr,Driverage,Drivergen,Driverinjurytype,Drivervehiclenumber,Driver Action Type Cd,Driver Airbag Deployment,Driver Alcohol Test Type Cd,Driver Condition Type Cd,Driver Distraction Type Cd,Driver Drinking Type Cd,Driver Drug Use Cd,Driver Ejected From Vehicle,Driver Ems Transport Ind,Driver Fled Scene Ind,Driver Safety Equip Used,Driver Vis Obscured Type Cd,Drowsy Notdrowsy,Drug Nodrug,EMP,End Node,End Node Dsc,End Offset,Facility,FAC,First Crash Event Cd,First Harmful Event,Fourth Crash Event Cd,Functionalclass,FUN,Govcondesc,Gr Nogr,Hitrun Not Hitrun,Initial Veh Impact Area Cd,Injury Crashes,Intersection Type,Int Doc,Jurtype,K_CRASH,K People,LAT (copy),LAT,Leftshoulderwidth,Length,Lgtruck Nonlgtruck,Light Condition,Located Unlocated,LON (copy),LON,MAINLINE (group),Mainline Yn,Medianleftshoulderwidth,Medianrightshoulderwidth,Mediantypedesc,Medianwidthmax,Medianwidthmin,Median Type,Most Harmful Crash Event Cd,Motor Nonmotor,Node,Node Info,Node Totaadt2011,Node Totaadt2012,Node Totaadt2013,Node Totaadt2014,Node Totaadt2015,Numberoflane,Number of Records,Offset,Ownership,Passage,Passgen,Passinjurytype,Passvehiclenumber,Pass Airbag Deployment,Pass Ejected From Vehicle,Pass Ems Transport Ind,Pass Safety Equip Used,Pavementconditionvalue,Pavementroughnessvalue,Pavementwidth,Pdo Crash,Total People Killed & Injured,Pedage,Pedestrians Injured,Pedestrians Killed,Pedgen,Pedinjurytype,Pednumber,Ped Action,Ped Al Test,Ped Cond,Ped Drink,Ped Drug,Ped Nonped,Ped Rflct,Persons Injured,Persons Killed,Physical Juris Nm,PJR,VSP_Used,Rd Type,Relation To Roadway,Rightshoulderwidth,RNS_MP (0.25 mi bin),Rns Mp,Roadway Alignment,Roadway Defect,Roadway Description,Roadway Surface Cond,Roadway Surface Type,Route Or Street Nm,Rte Category Cd,Rte Cat,Rte Nm,Ruralurbandesc,School Zone,Second Crash Event Cd,Segtotaadt2011,Segtotaadt2012,Segtotaadt2013,Segtotaadt2014,Segtotaadt2015,Senior Notsenior,Sidewalkdesc,Speed Before,Speed Max Safe,Speed Notspeed,Speed Posted,Start Node,Start Offset,Summons Issued Cd,Surfacedesc,Third Crash Event Cd,Time Slicing,Total Crashes including Property Damage Only,Total Crash,Traffic Control Type,Trfc Ctrl Status Type,Truckcommr,Vehiclenumber,Vehicle Body Type Cd,Vehicle Make Nm,Vehicle Maneuver Type Cd,Vehicle Model Nm,Vehicle Year Nbr,District,District_Used ,Weather Condition,Work Zone Location,Work Zone Related,Work Zone Type,Young Notyoung
No Access Control,Not ALCIHOL,Urban,0,0,"N/A, Unknown, or Unstabilized",122-08631(B)/HALPRIN DR,Not UNBELTED,15,Male,B,2,BIKE,1.08,1,1,,13. Bicyclist,"Not Provided,Not Provided","Not Provided,Not Provided",SR00170,1.134,4,7/16/2014,7/16/2014,22. Bicycle,1242,B.Visiible Injury,2014,Left side,0,0,Norfolk,Urban,22. Bicycle,MAIN,12PM TO 3PM,122.Norfolk,285,Intersection,Reset Filters,VDOT_OTHER,Wednesday,Not DEER,"East,North",,5,1,142270065,"39,15","Female,Male","PDO,B","1,2","1. No Improper Action,11. Did Not Have Right-of-Way","2. Not Deployed,3. Unavailable/Not Applicable","Not Applicable,Not Applicable","1. No Defects,1. No Defects","Not Applicable,Not Applicable","1. Had Not Been Drinking,1. Had Not Been Drinking","2. No,2. No","1. Not Ejected,1. Not Ejected","No,No","No,No","3. Lap and Shoulder Belt,9. Not Applicable","1. Not Obscured,1. Not Obscured",,,1,746449,MONA AVE.(R)/,0,1,"1.Divided, no control of access","22,20",1. On Roadway,"0,0",E,E.Urban Other Principle Arterials; Connecting Links of Other Rural Principal Arterial,Urban Extensions - Primary Routes,Not GUARDRAIL,Not HIT_RUN,"1,11",1,1. Not at Intersection,142270065,C,0,0,36.91518,36.91518,0,0.27,Not LRTRUCK,2. Daylight,LOCATED,-76.21977,-76.21977,MAINLINE,MAIN,2,2,Grass/Unprotected,20,4,Divided Roadway,"22,22",Not MOTORCYCLE,483459,483459.  SR00170       SR00170      12208631      12208631,30719,28910,29368,28638,28378,4,1,0.054,PRI_URBAN,,,,,,,,,0,162,48,0,1,,0,0,,,,,,,,,Not PED,,1,0,Norfolk,122,5,NOT-RD,8. Non-Intersection,10,1.00,1.13,1. Straight - Level,1. No Defects,"3. Two-Way, Divided, Positive Median Barrier",2. Wet,"2. Blacktop, Asphalt, Bituminous",2200 E LITTLE CREEK RD,STPRI,SR,R-VA   SR00170EB,"Urbanized (Population 200,000 and over)",3. No,"0,0",25010,22634,23027,22515,22920,Not SENIOR,None,"15,5","35,35",Not SPEED,"35,35",483459,0,"2. No,2. No",0,"0,0",12PM TO 3PM,1,1,6. Traffic Lanes Marked,1. Yes - Working,Not a Parkway - Trucks and Commercial Vehicles Allowed,"1,2","1. Passenger car,9. Bicycle",NISSAN,"1. Going Straight Ahead,16. Entering Street From Parking Lot","SENTRA,BICYCLE",2013,5,5.Hampton Roads,5. Rain,Not Provided,2. No,Not Provided,YOUNG
,Not ALCIHOL,Urban,0,0,,,Not UNBELTED,51,Male,C,1,BIKE,,0,0,,2. Angle,"Not Provided,Not Provided","Not Provided,Not Provided",,,,7/16/2014,7/16/2014,22. Bicycle,926,C.Non-Visible Injury,2014,,1,1,Newport News,Urban,22. Bicycle,MAIN,9AM TO 12PM,121.Newport News,,Not Intersection,Reset Filters,VDOT_OTHER,Wednesday,Not DEER,"East,North",,5,1,142330102,"51,82","Male,Female","C,PDO","1,2","11. Did Not Have Right-of-Way,1. No Improper Action","3. Unavailable/Not Applicable,2. Not Deployed","4. No Test,4. No Test","9. Unknown,1. No Defects","Not Applicable,Not Applicable","6. Unknown,1. Had Not Been Drinking","3. Unknown,2. No","1. Not Ejected,1. Not Ejected","Yes,No","No,No","9. Not Applicable,3. Lap and Shoulder Belt","1. Not Obscured,1. Not Obscured",,,,,,,,,"20,22",1. On Roadway,"0,0",,,,Not GUARDRAIL,Not HIT_RUN,"12,10",1,4. Four Approaches,,C,0,0,37.07411,37.07411,,,Not LRTRUCK,2. Daylight,UNLOCATED,-76.45363,-76.45363,MAINLINE,,,,,,,,"20,22",Not MOTORCYCLE,,.,,,,,,,1,,SEC_URBAN,,,,,,,,,,,,0,1,,0,0,,,,,,,,,Not PED,,1,0,Newport News,121,5,NOT-RD,9. Within Intersection,,,,1. Straight - Level,1. No Defects,"1. Two-Way, Not Divided",1. Dry,"2. Blacktop, Asphalt, Bituminous",NEWMARKET DR N,UNKWN,SC,U-VA121SC99999UK,,3. No,"0,0",,,,,,SENIOR,,"5,15","25,25",Not SPEED,"25,25",,,"1. Yes,2. No",,"0,0",9AM TO 12PM,1,1,4. Stop Sign,1. Yes - Working,,"1,2","9. Bicycle,1. Passenger car",CHEVROLE,"1. Going Straight Ahead,1. Going Straight Ahead",IMPALA,2009,5,5.Hampton Roads,1. No Adverse Condition (Clear/Cloudy),Not Provided,2. No,Not Provided,Not YOUNG
No Access Control,ALCOHOL,Urban,0,0,Bituminous Concrete (Black Base),FENTON STREET(L)/,Not UNBELTED,65,Male,B,2,BIKE,2.52,1,1,,2. Angle,"Not Provided,Not Provided","Not Provided,Not Provided",13400007,2.528,3,7/16/2014,7/16/2014,22. Bicycle,2040,B.Visiible Injury,2014,Left and Right sides,0,0,Virginia Beach,Urban,22. Bicycle,MAIN,6PM TO 9PM,134.Virginia Beach,380,Intersection,Reset Filters,VDOT_OTHER,Wednesday,Not DEER,"East,South",,5,1,142925108,"25,65","Male,Male","PDO,B","1,2","1. No Improper Action,11. Did Not Have Right-of-Way","2. Not Deployed,3. Unavailable/Not Applicable","4. No Test,4. No Test","1. No Defects,8. Other","14. No Driver Distraction,14. No Driver Distraction","1. Had Not Been Drinking,3. Drinking - Ability Impaired","2. No,2. No","1. Not Ejected,3. Totally Ejected","No,Yes","No,No","3. Lap and Shoulder Belt,8. No Restraint Used","11. Moving Vehicle(s),11. Moving Vehicle(s)",,,3,715394,134-00005(R)/,0,1,"1.Divided, no control of access","22,20",1. On Roadway,"0,0",H,H.Urban Minor Arterial,Other City or Town Streets (not state maintained),Not GUARDRAIL,Not HIT_RUN,"12,4",1,1. Not at Intersection,142925108,C,0,0,36.80197,36.80197,0,0.08,Not LRTRUCK,4. Darkness - Road Lighted,LOCATED,-76.18423,-76.18423,MAINLINE,MAIN,0,0,Curbed Grass,14,4,Divided Roadway,"22,20",Not MOTORCYCLE,715394,715394. 13400005      13400007      13400007,70113,65467,66071,63674,66689,6,1,0.072,SEC_URBAN,,,,,,,,,3.7,0,78,0,1,,0,0,,,,,,,,,Not PED,,1,0,Virginia Beach,134,5,NOT-RD,8. Non-Intersection,0,2.50,2.53,1. Straight - Level,1. No Defects,"2. Two-Way, Divided, Unprotected Median",1. Dry,"2. Blacktop, Asphalt, Bituminous",5500 INDIAN RIVER ROAD,URB,UR,R-VA134UR00007EB,"Urbanized (Population 200,000 and over)",3. No,"0,0",60744,55824,56339,54295,57633,SENIOR,Left and Right sides,"40,5","45,45",Not SPEED,"45,45",734932,0,"2. No,2. No",0,"0,0",6PM TO 9PM,1,1,6. Traffic Lanes Marked,1. Yes - Working,Not a Parkway - Trucks and Commercial Vehicles Allowed,"1,2","1. Passenger car,9. Bicycle","NISSAN,PACFIC","1. Going Straight Ahead,15. Other","ALTAMA,N/A",20132011,5,5.Hampton Roads,1. No Adverse Condition (Clear/Cloudy),Not Provided,2. No,Not Provided,Not YOUNG
No Access Control,Not ALCIHOL,Urban,1,1,Bituminous Concrete (Black Base),ADELPHI ROAD(R)/,Not UNBELTED,18,Male,A,2,BIKE,0.63,0,0,,16. Other,"Not Provided,Not Provided","Not Provided,Not Provided",13400010,0.73,4,7/17/2014,7/17/2014,22. Bicycle,1345,A.Ambulatory Injury,2014,Left and Right sides,0,0,Virginia Beach,Urban,22. Bicycle,MAIN,12PM TO 3PM,134.Virginia Beach,53,Intersection,Reset Filters,VDOT_OTHER,Thursday,Not DEER,"North,North",,5,1,141985269,"91,18","Female,Male","PDO,A","1,2","1. No Improper Action,Not Applicable","2. Not Deployed,3. Unavailable/Not Applicable","Not Applicable,Not Applicable","1. No Defects,1. No Defects","14. No Driver Distraction,14. No Driver Distraction","1. Had Not Been Drinking,1. Had Not Been Drinking","2. No,2. No","1. Not Ejected,3. Totally Ejected","No,Yes","No,No","3. Lap and Shoulder Belt,5. Helmet","1. Not Obscured,1. Not Obscured",,,1,541244,134-00007(B)/,0,1,"1.Divided, no control of access","22,20",1. On Roadway,"0,0",H,H.Urban Minor Arterial,Other City or Town Streets (not state maintained),Not GUARDRAIL,Not HIT_RUN,"1,9",1,4. Four Approaches,141985269,C,0,0,36.81251,36.81251,0,0.11,Not LRTRUCK,2. Daylight,LOCATED,-76.20609,-76.20609,MAINLINE,MAIN,0,0,Curbed Grass,16,4,Divided Roadway,"22,20",Not MOTORCYCLE,541244,541244. 13400007      13400007      13400010      13400010,49011,47565,48004,46262,55011,4,1,0.01,SEC_URBAN,,,,,,,,,0,0,54,0,1,,0,0,,,,,,,,,Not PED,,1,0,Virginia Beach,134,5,NOT-RD,9. Within Intersection,0,0.50,0.74,1. Straight - Level,1. No Defects,"2. Two-Way, Divided, Unprotected Median",1. Dry,"2. Blacktop, Asphalt, Bituminous",PROVIDENCE ROAD,URB,UR,R-VA134UR00010EB,"Urbanized (Population 200,000 and over)",3. No,"0,0",15500,14585,14720,14185,14849,SENIOR,Left and Right sides,"5,1","40,40",Not SPEED,"40,40",734959,0,"2. No,2. No",0,"0,0",12PM TO 3PM,1,1,3. Traffic Signal,1. Yes - Working,Not a Parkway - Trucks and Commercial Vehicles Allowed,"1,2","1. Passenger car,9. Bicycle","OLDSMOBILE,OTH","3. Making Left Turn,1. Going Straight Ahead","88 ROYALE,BICYCLE",1995,5,5.Hampton Roads,1. No Adverse Condition (Clear/Cloudy),Not Provided,2. No,Not Provided,YOUNG
,Not ALCIHOL,Urban,0,0,,,Not UNBELTED,68,Male,B,2,BIKE,,1,1,,2. Angle,"Not Provided,Not Provided","Not Provided,Not Provided",,,,10/28/2015,10/28/2015,22. Bicycle,1435,B.Visiible Injury,2015,,0,0,Chesapeake,Urban,22. Bicycle,MAIN,12PM TO 3PM,131.Chesapeake,,Not Intersection,Reset Filters,VDOT_OTHER,Wednesday,Not DEER,"East,North",DISTRACTED,5,1,153015279,"24,68","Female,Male","PDO,B","1,2","37. Other,10. Wrong Side Of Road - Not Overtaking","2. Not Deployed,3. Unavailable/Not Applicable","Not Applicable,Not Applicable","1. No Defects,1. No Defects","1. Looking at Roadside Incident,1. Looking at Roadside Incident","1. Had Not Been Drinking,1. Had Not Been Drinking","2. No,2. No","1. Not Ejected,2. Partially Ejected","No,Yes","No,No","3. Lap and Shoulder Belt,5. Helmet","1. Not Obscured,1. Not Obscured",,,,,,,,,"22,20",1. On Roadway,"0,0",,,,Not GUARDRAIL,Not HIT_RUN,"1,12",1,3. Three Approaches,,C,0,0,36.74624,36.74624,,,Not LRTRUCK,2. Daylight,UNLOCATED,-76.22252,-76.22252,MAINLINE,,,,,,,,"22,20",Not MOTORCYCLE,,.,,,,,,,1,,SEC_URBAN,,,,,,,,,,,,0,1,,0,0,,,,,,,,,Not PED,,1,0,Chesapeake,131,5,NOT-RD,10. Intersection Related - Within 150 Feet,,,,1. Straight - Level,1. No Defects,"3. Two-Way, Divided, Positive Median Barrier",2. Wet,"2. Blacktop, Asphalt, Bituminous",GREENBRIER PK,UNKWN,SC,U-VA131SC99999UK,,3. No,"0,0",,,,,,SENIOR,,"10,2","45,45",Not SPEED,"45,45",,,"2. No,2. No",,"0,0",12PM TO 3PM,1,1,4. Stop Sign,1. Yes - Working,,"1,2","1. Passenger car,9. Bicycle",CHRYSLER,"2. Making Right Turn,1. Going Straight Ahead","300,BICYCLE",2012,5,5.Hampton Roads,5. Rain,Not Provided,2. No,Not Provided,Not YOUNG
No Access Control,Not ALCIHOL,Urban,0,0,Bituminous Concrete (Black Base),122-08834(L)/TAIT TERRACE(R)/CROMWELL RD(R)/,Not UNBELTED,53,Male,C,1,BIKE,3.93,0,0,,3. Head On,"Not Provided,Not Provided","Not Provided,Not Provided",12208639,3.939,3,10/31/2015,10/31/2015,22. Bicycle,1138,C.Non-Visible Injury,2015,Left and Right sides,1,1,Norfolk,Urban,22. Bicycle,MAIN,9AM TO 12PM,122.Norfolk,48,Intersection,Reset Filters,VDOT_OTHER,Saturday,Not DEER,"Not Provided,Not Provided",,5,1,153410040,"53,63","Male,Female","C,PDO","1,2","11. Did Not Have Right-of-Way,17. Other Improper Turn","3. Unavailable/Not Applicable,2. Not Deployed","4. No Test,4. No Test","1. No Defects,1. No Defects","Not Applicable,Not Applicable","6. Unknown,6. Unknown","3. Unknown,3. Unknown","3. Totally Ejected,1. Not Ejected","Yes,No","No,No","9. Not Applicable,3. Lap and Shoulder Belt","1. Not Obscured,1. Not Obscured",,,4,485810,DAVIS ST(L)/,0,1,"1.Divided, no control of access","20,22",1. On Roadway,"0,0",H,H.Urban Minor Arterial,Other City or Town Streets (not state maintained),Not GUARDRAIL,Not HIT_RUN,"9,0",1,4. Four Approaches,153410040,C,0,0,36.86813,36.86813,0,0.13,Not LRTRUCK,2. Daylight,LOCATED,-76.24996,-76.24996,MAINLINE,MAIN,0,0,Curbed Grass,28,12,Divided Roadway,"20,22",Not MOTORCYCLE,485809,485809. 12208639      12208639      12208834,16449,14484,14618,14087,15412,4,1,0.009,SEC_URBAN,,,,,,,,,0,0,52,0,1,,0,0,,,,,,,,,Not PED,,1,0,Norfolk,122,5,NOT-RD,9. Within Intersection,0,3.75,3.94,1. Straight - Level,1. No Defects,"2. Two-Way, Divided, Unprotected Median",1. Dry,"2. Blacktop, Asphalt, Bituminous",3200 CROMWELL DRIVE,URB,UR,R-VA122UR08639SB,"Urbanized (Population 200,000 and over)",3. No,"39,0",15225,13634,13760,13260,14233,Not SENIOR,Left and Right sides,"1,30","35,35",Not SPEED,"35,35",485809,0,"2. No,2. No",0,"0,0",9AM TO 12PM,1,1,3. Traffic Signal,1. Yes - Working,Not a Parkway - Trucks and Commercial Vehicles Allowed,"1,2","9. Bicycle,22. Truck - Sport Utility Vehicle (SUV)","VISTA,TOYOTA","1. Going Straight Ahead,2. Making Right Turn","22,RAV 4",2004,5,5.Hampton Roads,1. No Adverse Condition (Clear/Cloudy),Not Provided,2. No,Not Provided,Not YOUNG
Full Access Control,Not ALCIHOL,Urban,0,0,"T.B. Macadam, Crushed Aggregate and Graded Aggregate",US-00017(B)/,Not UNBELTED,61,Female,B,2,BIKE,0,1,1,,4. Sideswipe - Same Direction,"Not Provided,Not Provided","Not Provided,Not Provided",13302284,0.132,3,10/31/2015,10/31/2015,22. Bicycle,1040,B.Visiible Injury,2015,Left and Right sides,0,0,Suffolk,Urban,22. Bicycle,MAIN,9AM TO 12PM,133.Suffolk,697,Intersection,Reset Filters,VDOT_OTHER,Saturday,Not DEER,"West,West",DISTRACTED,5,1,153055095,"22,61","Female,Female","PDO,B","1,2","37. Other,1. No Improper Action","2. Not Deployed,3. Unavailable/Not Applicable","Not Applicable,4. No Test","9. Unknown,1. No Defects","11. Other,Not Applicable","6. Unknown,1. Had Not Been Drinking","3. Unknown,2. No","1. Not Ejected,3. Totally Ejected","No,No","No,No","3. Lap and Shoulder Belt,9. Not Applicable","Not Applicable,1. Not Obscured",,,1,730799,133-02300(L)/,0,3,"3.Divided, full control of access","22,20",1. On Roadway,"0,0",H,H.Urban Minor Arterial,Other City or Town Streets (not state maintained),Not GUARDRAIL,Not HIT_RUN,"2,10",1,1. Not at Intersection,153055095,C,0,0,36.86495,36.86495,0,0.5,Not LRTRUCK,2. Daylight,LOCATED,-76.4433,-76.4433,MAINLINE,MAIN,0,0,0,0,0,Divided Roadway,"22,20",Not MOTORCYCLE,730355,730355.  US00017       US00017      13302284,41452,41785,42373,43372,44480,4,1,0.132,SEC_URBAN,,,,,,,,,0,0,0,0,1,,0,0,,,,,,,,,Not PED,,1,0,Suffolk,133,5,NOT-RD,8. Non-Intersection,0,0.00,0.12,1. Straight - Level,1. No Defects,"3. Two-Way, Divided, Positive Median Barrier",1. Dry,"2. Blacktop, Asphalt, Bituminous",HARBOURVIEW BLVD,URB,UR,R-VA133UR02284NB,"Urbanized (Population 200,000 and over)",3. No,"0,0",18359,17952,18054,18397,18762,Not SENIOR,None,"45,15","45,0",SPEED,"45,0",730355,0,"2. No,2. No",0,"0,0",9AM TO 12PM,1,1,6. Traffic Lanes Marked,1. Yes - Working,Not a Parkway - Trucks and Commercial Vehicles Allowed,"1,2","1. Passenger car,9. Bicycle",CHEV,"1. Going Straight Ahead,1. Going Straight Ahead",UNKNOWN,2008,5,5.Hampton Roads,1. No Adverse Condition (Clear/Cloudy),Not Provided,2. No,Not Provided,Not YOUNG
,Not ALCIHOL,Urban,0,0,,,Not UNBELTED,18,Male,C,2,BIKE,,0,0,,13. Bicyclist,"Not Provided,Not Provided","Not Provided,Not Provided",,,,11/1/2015,11/1/2015,22. Bicycle,2002,C.Non-Visible Injury,2015,,1,1,Newport News,Urban,22. Bicycle,MAIN,6PM TO 9PM,121.Newport News,,Not Intersection,Reset Filters,VDOT_OTHER,Sunday,Not DEER,"East,North",,5,1,160390120,18,"Male,Male","PDO,C","1,2","Not Applicable,1. No Improper Action","Not Provided,3. Unavailable/Not Applicable","Not Applicable,Not Applicable","9. Unknown,1. No Defects","Not Applicable,Not Applicable","6. Unknown,6. Unknown","3. Unknown,3. Unknown","Not Provided,1. Not Ejected","NotProvided,No","Yes,No","Not Provided,9. Not Applicable","Not Applicable,1. Not Obscured",,,,,,,,,"22,20",1. On Roadway,"0,0",,,,Not GUARDRAIL,HIT_RUN,"12,9",1,4. Four Approaches,,C,0,0,37.09115,37.09115,,,Not LRTRUCK,2. Daylight,UNLOCATED,-76.48578,-76.48578,MAINLINE,,,,,,,,"22,20",Not MOTORCYCLE,,.,,,,,,,1,,SEC_URBAN,,,,,,,,,,,,0,1,,0,0,,,,,,,,,Not PED,,1,0,Newport News,121,5,NOT-RD,9. Within Intersection,,,,1. Straight - Level,1. No Defects,5. Unknown,1. Dry,"2. Blacktop, Asphalt, Bituminous",JEFFERSON AVE,UNKWN,SC,U-VA121SC99999UK,,3. No,"0,0",,,,,,Not SENIOR,,"0,5","25,45",Not SPEED,"25,45",,,"Not Provided,2. No",,"0,0",6PM TO 9PM,1,1,3. Traffic Signal,1. Yes - Working,,"1,2","3. Van,9. Bicycle",,"1. Going Straight Ahead,1. Going Straight Ahead",,,5,5.Hampton Roads,1. No Adverse Condition (Clear/Cloudy),Not Provided,2. No,Not Provided,YOUNG
,Not ALCIHOL,Urban,0,0,,,Not UNBELTED,24,Female,B,1,BIKE,,1,1,,2. Angle,"Not Provided,Not Provided","Not Provided,Not Provided",,,,7/18/2014,7/18/2014,22. Bicycle,1525,B.Visiible Injury,2014,,0,0,Virginia Beach,Urban,22. Bicycle,MAIN,3PM TO 6PM,134.Virginia Beach,,Not Intersection,Reset Filters,VDOT_OTHER,Friday,Not DEER,"North,North",,5,1,142005217,"24,49","Female,Male","B,PDO","1,2","17. Other Improper Turn,17. Other Improper Turn","3. Unavailable/Not Applicable,2. Not Deployed","Not Applicable,Not Applicable","1. No Defects,1. No Defects","14. No Driver Distraction,14. No Driver Distraction","1. Had Not Been Drinking,1. Had Not Been Drinking","2. No,2. No","Not Provided,1. Not Ejected","Yes,No","No,No","9. Not Applicable,3. Lap and Shoulder Belt","1. Not Obscured,14. Blind Spot",,,,,,,,,"20,22",1. On Roadway,"0,0",,,,Not GUARDRAIL,Not HIT_RUN,"0,3",1,3. Three Approaches,,C,0,0,36.85246,36.85246,,,Not LRTRUCK,2. Daylight,UNLOCATED,-75.99442,-75.99442,MAINLINE,,,,,,,,"20,22",Not MOTORCYCLE,,.,,,,,,,1,,SEC_URBAN,,,,,,,,,,,,0,1,,0,0,,,,,,,,,Not PED,,1,0,Virginia Beach,134,5,NOT-RD,10. Intersection Related - Within 150 Feet,,,,1. Straight - Level,1. No Defects,"1. Two-Way, Not Divided",1. Dry,"2. Blacktop, Asphalt, Bituminous",N. BIRDNECK RD,UNKWN,SC,U-VA134SC99999UK,,3. No,"0,0",,,,,,Not SENIOR,,"5,15","35,35",Not SPEED,"35,35",,,"2. No,2. No",,"0,0",3PM TO 6PM,1,1,3. Traffic Signal,1. Yes - Working,,"1,2","9. Bicycle,3. Van",Ford,"2. Making Right Turn,2. Making Right Turn","BICYCLE,Econoline Cargo Van",2003,5,5.Hampton Roads,1. No Adverse Condition (Clear/Cloudy),Not Provided,2. No,Not Provided,Not YOUNG
No Access Control,Not ALCIHOL,Urban,0,0,Dual Type,US-00060(B)/MUSEUM DR,Not UNBELTED,16,Male,B,1,BIKE,0,1,1,,13. Bicyclist,"Not Provided,Not Provided","Not Provided,Not Provided",SR00312,0.025,3,7/18/2014,7/18/2014,20. Motor Vehicle In Transport,2140,B.Visiible Injury,2014,Right side,0,0,Newport News,Urban,20. Motor Vehicle In Transport,MAIN,9PM TO 12AM,121.Newport News,132,Intersection,Reset Filters,VDOT_OTHER,Friday,Not DEER,"North,East",DISTRACTED,5,1,150200019,"16,22","Male,Female","B,PDO","1,2","37. Other,1. No Improper Action","2. Not Deployed,2. Not Deployed","4. No Test,4. No Test","1. No Defects,1. No Defects","11. Other,Not Applicable","1. Had Not Been Drinking,1. Had Not Been Drinking","2. No,2. No","1. Not Ejected,1. Not Ejected","No,No","No,No","8. No Restraint Used,3. Lap and Shoulder Belt","1. Not Obscured,1. Not Obscured",,,0,646043,US-00060(B)/MUSEUM DR,0.09,1,"1.Divided, no control of access","20,20",1. On Roadway,"0,0",H,H.Urban Minor Arterial,Urban Extensions - Primary Routes,Not GUARDRAIL,Not HIT_RUN,"9,1",1,4. Four Approaches,150200019,C,0,0,37.06177,37.06177,6,0.09,Not LRTRUCK,4. Darkness - Road Lighted,LOCATED,-76.48683,-76.48683,MAINLINE,MAIN,3,3,Grass/Unprotected,54,26,Divided Roadway,"20,20",Not MOTORCYCLE,646043,646043.  SR00312       US00060       US00060,44740,43750,51200,49377,50377,4,1,0.025,PRI_URBAN,,,,,,,,,0,194,50,0,1,,0,0,,,,,,,,,Not PED,,1,0,Newport News,121,5,NOT-RD,9. Within Intersection,0,0.00,0.03,2. Curve - Level,1. No Defects,"2. Two-Way, Divided, Unprotected Median",1. Dry,"2. Blacktop, Asphalt, Bituminous",J CLYDE MORRIS,STPRI,SR,R-VA   SR00312EB,"Urbanized (Population 200,000 and over)",3. No,"0,0",32657,31934,35771,34497,35196,Not SENIOR,Right side,"0,0","0,0",Not SPEED,"0,0",646043,0,"2. No,2. No",0,"0,0",9PM TO 12AM,1,1,3. Traffic Signal,1. Yes - Working,Not a Parkway - Trucks and Commercial Vehicles Allowed,"1,2","9. Bicycle,1. Passenger car",VOLKSWAG,"16. Entering Street From Parking Lot,3. Making Left Turn",TOUAREG,2013,5,5.Hampton Roads,1. No Adverse Condition (Clear/Cloudy),Not Provided,2. No,Not Provided,YOUNG
No Access Control,Not ALCIHOL,Urban,0,0,Bituminous Concrete (Black Base),27TH ST(B)/,Not UNBELTED,23,Female,B,2,BIKE,0.72,1,1,,16. Other,"Not Provided,Not Provided","Not Provided,Not Provided",13408719,0.72,3,7/20/2014,7/20/2014,22. Bicycle,5,B.Visiible Injury,2014,Left and Right sides,0,0,Virginia Beach,Urban,22. Bicycle,MAIN,0AM TO 3AM,134.Virginia Beach,"1,426",Intersection,Reset Filters,VDOT_OTHER,Sunday,Not DEER,"North,South",,5,1,142105252,"19,23","Male,Female","PDO,B","1,2","11. Did Not Have Right-of-Way,1. No Improper Action","2. Not Deployed,3. Unavailable/Not Applicable","Not Applicable,Not Applicable","1. No Defects,1. No Defects","14. No Driver Distraction,14. No Driver Distraction","1. Had Not Been Drinking,1. Had Not Been Drinking","2. No,2. No","1. Not Ejected,3. Totally Ejected","No,No","No,No","3. Lap and Shoulder Belt,9. Not Applicable","1. Not Obscured,1. Not Obscured",,,1,541969,28TH ST(B)/,0,0,"0.Two-way, non-divided","22,20",1. On Roadway,"0,0",I,I.Urban Collector,Other City or Town Streets (not state maintained),Not GUARDRAIL,Not HIT_RUN,"12,9",1,3. Three Approaches,142105252,C,0,0,36.85546,36.85546,0,0.07,Not LRTRUCK,4. Darkness - Road Lighted,LOCATED,-75.97716,-75.97716,MAINLINE,MAIN,0,0,0,0,0,Undivided Roadway,"22,20",Not MOTORCYCLE,541303,541303. 13408578      13408719      13408719,9608,8441,8519,8210,7819,2,1,0.27,SEC_URBAN,,,,,,,,,0,0,38,0,1,,0,0,,,,,,,,,Not PED,,1,0,Virginia Beach,134,5,NOT-RD,9. Within Intersection,0,0.50,0.72,1. Straight - Level,1. No Defects,"1. Two-Way, Not Divided",1. Dry,"2. Blacktop, Asphalt, Bituminous",2700 ATLANTIC AVE,URB,UR,R-VA134UR08719SB,"Urbanized (Population 200,000 and over)",3. No,"0,0",8390,7490,7559,7285,6867,Not SENIOR,Left and Right sides,"10,5",25,Not SPEED,25,541968,0,"1. Yes,2. No",0,"0,0",0AM TO 3AM,1,1,1. No Traffic Control,6. No Traffic Control Device Present,Not a Parkway - Trucks and Commercial Vehicles Allowed,"1,2","1. Passenger car,9. Bicycle",Lexus,"3. Making Left Turn,1. Going Straight Ahead","ES 330,BICYCLE",2004,5,5.Hampton Roads,1. No Adverse Condition (Clear/Cloudy),Not Provided,2. No,Not Provided,YOUNG