Access Control,Alcohol Notalcohol,Area Type1,A Crash,A People,Basetypedesc,Begin Node Dsc,Belted Unbelted,Bikeage,Bikegen,Bikeinjurytype,Bikevehiclenumber,Bike Nonbike,BMP,B Crash,B People,Carspeedlimit,Collision Type,Comm Cargo Body Type Cd,Comm Vehicle Body Type Cd,Cotedrouteid,Coted Mp,Count App,CRASH_DT (copy),Crash Dt,Crash Event Type Dsc,Crash Military Tm,Crash Severity,Crash Year,Curbgutterdesc,C Crash,C People,Juris Name Used,Area Type Used,First Harmful Event of Entire Crash,MAINLINE,Time Slicing Used,Phy_Juris_Nm,Offset-Ft,Intersection Analysis,Clear,Calculation_9640323132123359,Day Of Week,Deer Nodeer,Direction Of Travel Cd,Distracted Notdistracted,VSP,TOTAL CRASH,Document Nbr,Driverage,Drivergen,Driverinjurytype,Drivervehiclenumber,Driver Action Type Cd,Driver Airbag Deployment,Driver Alcohol Test Type Cd,Driver Condition Type Cd,Driver Distraction Type Cd,Driver Drinking Type Cd,Driver Drug Use Cd,Driver Ejected From Vehicle,Driver Ems Transport Ind,Driver Fled Scene Ind,Driver Safety Equip Used,Driver Vis Obscured Type Cd,Drowsy Notdrowsy,Drug Nodrug,EMP,End Node,End Node Dsc,End Offset,Facility,FAC,First Crash Event Cd,First Harmful Event,Fourth Crash Event Cd,Functionalclass,FUN,Govcondesc,Gr Nogr,Hitrun Not Hitrun,Initial Veh Impact Area Cd,Injury Crashes,Intersection Type,Int Doc,Jurtype,K_CRASH,K People,LAT (copy),LAT,Leftshoulderwidth,Length,Lgtruck Nonlgtruck,Light Condition,Located Unlocated,LON (copy),LON,MAINLINE (group),Mainline Yn,Medianleftshoulderwidth,Medianrightshoulderwidth,Mediantypedesc,Medianwidthmax,Medianwidthmin,Median Type,Most Harmful Crash Event Cd,Motor Nonmotor,Node,Node Info,Node Totaadt2011,Node Totaadt2012,Node Totaadt2013,Node Totaadt2014,Node Totaadt2015,Numberoflane,Number of Records,Offset,Ownership,Passage,Passgen,Passinjurytype,Passvehiclenumber,Pass Airbag Deployment,Pass Ejected From Vehicle,Pass Ems Transport Ind,Pass Safety Equip Used,Pavementconditionvalue,Pavementroughnessvalue,Pavementwidth,Pdo Crash,Total People Killed & Injured,Pedage,Pedestrians Injured,Pedestrians Killed,Pedgen,Pedinjurytype,Pednumber,Ped Action,Ped Al Test,Ped Cond,Ped Drink,Ped Drug,Ped Nonped,Ped Rflct,Persons Injured,Persons Killed,Physical Juris Nm,PJR,VSP_Used,Rd Type,Relation To Roadway,Rightshoulderwidth,RNS_MP (0.25 mi bin),Rns Mp,Roadway Alignment,Roadway Defect,Roadway Description,Roadway Surface Cond,Roadway Surface Type,Route Or Street Nm,Rte Category Cd,Rte Cat,Rte Nm,Ruralurbandesc,School Zone,Second Crash Event Cd,Segtotaadt2011,Segtotaadt2012,Segtotaadt2013,Segtotaadt2014,Segtotaadt2015,Senior Notsenior,Sidewalkdesc,Speed Before,Speed Max Safe,Speed Notspeed,Speed Posted,Start Node,Start Offset,Summons Issued Cd,Surfacedesc,Third Crash Event Cd,Time Slicing,Total Crashes including Property Damage Only,Total Crash,Traffic Control Type,Trfc Ctrl Status Type,Truckcommr,Vehiclenumber,Vehicle Body Type Cd,Vehicle Make Nm,Vehicle Maneuver Type Cd,Vehicle Model Nm,Vehicle Year Nbr,District,District_Used ,Weather Condition,Work Zone Location,Work Zone Related,Work Zone Type,Young Notyoung
No Access Control,Not ALCIHOL,Urban,1,1,Bituminous Concrete (Black Base),SR-00247(B)/CROMWELL DR,Not UNBELTED,50,0,A,1,BIKE,4.51,0,0,,2. Angle,"Not Provided,Not Provided","Not Provided,Not Provided",12208639,4.542,4,3/15/2013,3/15/2013,22. Bicycle,5,A.Ambulatory Injury,2013,Left and Right sides,0,0,Norfolk,Urban,22. Bicycle,MAIN,0AM TO 3AM,122.Norfolk,169,Intersection,Reset Filters,VDOT_OTHER,Friday,Not DEER,"West,South",,5,1,131720058,50,"0,Male","A,PDO","1,2","1. No Improper Action,34. Hit and Run","Not Provided,Not Provided","Not Applicable,Not Applicable","1. No Defects,9. Unknown","Not Applicable,Not Applicable","1. Had Not Been Drinking,6. Unknown","2. No,3. Unknown","Not Provided,Not Provided","Yes,NotProvided","No,Yes","9. Not Applicable,Not Provided","1. Not Obscured,Not Applicable",,,5,485815,FLANDERS AVE(L)/,0,1,"1.Divided, no control of access","20,22",1. On Roadway,"0,0",H,H.Urban Minor Arterial,Other City or Town Streets (not state maintained),Not GUARDRAIL,HIT_RUN,"0,0",1,4. Four Approaches,131720058,C,0,0,36.876463,36.876463,0,0.1,Not LRTRUCK,4. Darkness - Road Lighted,LOCATED,-76.252238,-76.252238,MAINLINE,MAIN,0,0,Curbed Grass,24,3,Divided Roadway,"20,22",Not MOTORCYCLE,483549,483549.  SR00247       SR00247      12208639      12208639,32081,29389,29660,28584,29660,4,1,0.032,SEC_URBAN,,,,,,,,,0,0,52,0,1,,0,0,,,,,,,,,Not PED,,1,0,Norfolk,122,5,NOT-RD,10. Intersection Related - Within 150 Feet,0,4.50,4.54,1. Straight - Level,1. No Defects,"3. Two-Way, Divided, Positive Median Barrier",1. Dry,"2. Blacktop, Asphalt, Bituminous",3234 CROMWELL RD,URB,UR,R-VA122UR08639NB,"Urbanized (Population 200,000 and over)",3. No,"0,0",13252,11609,11716,11291,11291,Not SENIOR,Left and Right sides,,"0,0",Not SPEED,"0,0",483549,0,"2. No,Not Provided",0,"0,0",0AM TO 3AM,1,1,3. Traffic Signal,1. Yes - Working,Not a Parkway - Trucks and Commercial Vehicles Allowed,"1,2","9. Bicycle,1. Passenger car",HAVOC,"1. Going Straight Ahead,1. Going Straight Ahead","FS 26 HYPER,4DR",,5,5.Hampton Roads,1. No Adverse Condition (Clear/Cloudy),Not Provided,2. No,Not Provided,Not YOUNG
No Access Control,Not ALCIHOL,Urban,0,0,Bituminous Concrete (Black Base),NIMMO PKWY(B)/,Not UNBELTED,16,0,B,1,BIKE,16.76,1,1,,3. Head On,"Not Provided,Not Provided","Not Provided,Not Provided",13408669,16.773,3,3/16/2013,3/16/2013,20. Motor Vehicle In Transport,914,B.Visiible Injury,2013,Left and Right sides,0,0,Virginia Beach,Urban,20. Motor Vehicle In Transport,MAIN,9AM TO 12PM,134.Virginia Beach,"1,600",Intersection,Reset Filters,VDOT_OTHER,Saturday,Not DEER,"West,South",,5,1,130775041,"16,40","0,Male","B,PDO","1,2","11. Did Not Have Right-of-Way,1. No Improper Action","3. Unavailable/Not Applicable,2. Not Deployed","Not Applicable,Not Applicable","1. No Defects,1. No Defects","14. No Driver Distraction,14. No Driver Distraction","Not Applicable,Not Applicable","Not Applicable,Not Applicable","3. Totally Ejected,1. Not Ejected","Yes,No","No,No","8. No Restraint Used,3. Lap and Shoulder Belt","11. Moving Vehicle(s),1. Not Obscured",,,17,742541,RED MILL BLVD(R)/LONDON BRIDGE ROAD(L)/,0,1,"1.Divided, no control of access","20,22",1. On Roadway,"0,0",E,E.Urban Other Principle Arterials; Connecting Links of Other Rural Principal Arterial,Other City or Town Streets (not state maintained),Not GUARDRAIL,Not HIT_RUN,"12,11",1,4. Four Approaches,130775041,C,0,0,36.763838,36.763838,0,0.38,Not LRTRUCK,2. Daylight,LOCATED,-76.015587,-76.015587,MAINLINE,MAIN,0,0,Curbed Grass,40,16,Divided Roadway,"20,22",Not MOTORCYCLE,541141,541141.  SR00149      13408669      13408669,44046,39106,39467,38035,31486,4,1,0.303,SEC_URBAN,,,,,,,,,0,0,52,0,1,,0,0,,,,,,,,,Not PED,,1,0,Virginia Beach,134,5,RD-UNKNOWN,10. Intersection Related - Within 150 Feet,0,16.75,16.78,2. Curve - Level,1. No Defects,"2. Two-Way, Divided, Unprotected Median",1. Dry,"2. Blacktop, Asphalt, Bituminous",GENERAL BOOTH BLVD,URB,UR,R-VA134UR08669NB,"Urbanized (Population 200,000 and over)",3. No,"0,0",45628,37263,37607,36242,34903,Not SENIOR,Left and Right sides,"5,40","40,45",Not SPEED,"40,45",736637,0,"2. No,2. No",0,"0,0",9AM TO 12PM,1,1,3. Traffic Signal,1. Yes - Working,Not a Parkway - Trucks and Commercial Vehicles Allowed,"1,2","9. Bicycle,1. Passenger car","BICYCLE,TOYOTA","1. Going Straight Ahead,1. Going Straight Ahead","MOUNTAIN BIKE,CAMRY",20002012,5,5.Hampton Roads,1. No Adverse Condition (Clear/Cloudy),3. Activity Area,1. Yes,1. Lane Closure,YOUNG
No Access Control,Not ALCIHOL,Urban,1,1,Bituminous Concrete (Black Base),25TH STREET(B)/,Not UNBELTED,62,Male,A,2,BIKE,1.85,0,0,,2. Angle,"Not Provided,Not Provided","Not Provided,Not Provided",12208575,1.871,4,11/7/2015,11/7/2015,22. Bicycle,2035,A.Ambulatory Injury,2015,Left and Right sides,0,0,Norfolk,Urban,22. Bicycle,MAIN,6PM TO 9PM,122.Norfolk,259,Intersection,Reset Filters,VDOT_OTHER,Saturday,Not DEER,"South,East",,5,1,153440191,"22,62","Female,Male","PDO,A","1,2","1. No Improper Action,11. Did Not Have Right-of-Way","2. Not Deployed,Not Provided","4. No Test,4. No Test","1. No Defects,1. No Defects","Not Applicable,Not Applicable","1. Had Not Been Drinking,1. Had Not Been Drinking","2. No,2. No","1. Not Ejected,Not Provided","No,Yes","No,No","3. Lap and Shoulder Belt,8. No Restraint Used","2. Rain, Snow, etc. on Windshield,1. Not Obscured",,,2,483544,SR-00247(B)/CHURCH ST,0,1,"1.Divided, no control of access","22,20",1. On Roadway,"0,0",H,H.Urban Minor Arterial,Other City or Town Streets (not state maintained),Not GUARDRAIL,Not HIT_RUN,"12,12",1,4. Four Approaches,153440191,C,0,0,36.8692,36.8692,0,0.07,Not LRTRUCK,4. Darkness - Road Lighted,LOCATED,-76.27978,-76.27978,MAINLINE,MAIN,0,0,Curbed Grass,28,8,Divided Roadway,"22,20",Not MOTORCYCLE,483544,483544.  SR00247       SR00247      12208575      12208575,28416,26780,26792,25822,28992,4,1,0.049,SEC_URBAN,,,,,,,,,0,0,58,0,1,,0,0,,,,,,,,,Not PED,,1,0,Norfolk,122,5,NOT-RD,9. Within Intersection,0,1.75,1.87,1. Straight - Level,1. No Defects,"3. Two-Way, Divided, Positive Median Barrier",2. Wet,"2. Blacktop, Asphalt, Bituminous",2500 BLK CHURCH STREET,URB,UR,R-VA122UR08575SB,"Urbanized (Population 200,000 and over)",3. No,"0,0",19191,17740,17904,17254,19771,Not SENIOR,Left and Right sides,"30,15","35,30",Not SPEED,"35,30",485334,0,"2. No,2. No",0,"0,0",6PM TO 9PM,1,1,4. Stop Sign,6. No Traffic Control Device Present,Not a Parkway - Trucks and Commercial Vehicles Allowed,"1,2","1. Passenger car,9. Bicycle","DODGE,UNK","1. Going Straight Ahead,1. Going Straight Ahead","STRATUS,BICYCLE",2006,5,5.Hampton Roads,5. Rain,Not Provided,2. No,Not Provided,Not YOUNG
,Not ALCIHOL,Urban,0,0,,,Not UNBELTED,22,Male,B,2,BIKE,,1,1,,16. Other,"Not Provided,Not Provided","Not Provided,Not Provided",,,,11/7/2015,11/7/2015,22. Bicycle,805,B.Visiible Injury,2015,,0,0,Virginia Beach,Urban,22. Bicycle,MAIN,6AM TO 9AM,134.Virginia Beach,,Not Intersection,Reset Filters,VDOT_OTHER,Saturday,Not DEER,"North,West",,5,1,153155056,"54,22","Male,Male","PDO,B","1,2","11. Did Not Have Right-of-Way,37. Other","2. Not Deployed,3. Unavailable/Not Applicable","Not Applicable,Not Applicable","1. No Defects,1. No Defects","14. No Driver Distraction,14. No Driver Distraction","1. Had Not Been Drinking,1. Had Not Been Drinking","2. No,3. Unknown","1. Not Ejected,Not Provided","No,Yes","No,No","3. Lap and Shoulder Belt,9. Not Applicable","1. Not Obscured,1. Not Obscured",,,,,,,,,"22,20",1. On Roadway,"0,0",,,,Not GUARDRAIL,Not HIT_RUN,"12,10",1,4. Four Approaches,,C,0,0,36.83981,36.83981,,,Not LRTRUCK,2. Daylight,UNLOCATED,-76.10867,-76.10867,MAINLINE,,,,,,,,"22,20",Not MOTORCYCLE,,.,,,,,,,1,,SEC_URBAN,,,,,,,,,,,,0,1,,0,0,,,,,,,,,Not PED,,1,0,Virginia Beach,134,5,NOT-RD,1. Main-Line Roadway,,,,1. Straight - Level,1. No Defects,"2. Two-Way, Divided, Unprotected Median",1. Dry,"2. Blacktop, Asphalt, Bituminous",VIRGINIA BEACH BLVD,UNKWN,SC,U-VA134SC99999UK,,3. No,"0,0",,,,,,Not SENIOR,,"5,2","25,25",Not SPEED,"25,25",,,"1. Yes,2. No",,"0,0",6AM TO 9AM,1,1,3. Traffic Signal,1. Yes - Working,,"1,2","1. Passenger car,9. Bicycle","PONTIAC,OTH","2. Making Right Turn,15. Other","GRAND PRIX,BICYCLE",2006,5,5.Hampton Roads,1. No Adverse Condition (Clear/Cloudy),Not Provided,2. No,Not Provided,Not YOUNG
No Access Control,Not ALCIHOL,Urban,0,0,"N/A, Unknown, or Unstabilized",134-00013(B)/BOW CK BLVD,Not UNBELTED,19,Male,B,2,BIKE,0,1,1,,2. Angle,"Not Provided,Not Provided","Not Provided,Not Provided",13408744,0.005,3,11/8/2015,11/8/2015,22. Bicycle,1350,B.Visiible Injury,2015,Left and Right sides,0,0,Virginia Beach,Urban,22. Bicycle,MAIN,12PM TO 3PM,134.Virginia Beach,26,Intersection,Reset Filters,VDOT_OTHER,Sunday,Not DEER,"West,South",,5,1,153135048,"60,19","Male,Male","PDO,B","1,2","37. Other,1. No Improper Action","2. Not Deployed,3. Unavailable/Not Applicable","4. No Test,4. No Test","1. No Defects,1. No Defects","14. No Driver Distraction,14. No Driver Distraction","6. Unknown,6. Unknown","3. Unknown,3. Unknown","1. Not Ejected,1. Not Ejected","No,No","No,No","3. Lap and Shoulder Belt,8. No Restraint Used","13. Other,1. Not Obscured",,,0,542283,HANNIBAL ST(L)/,0,0,"0.Two-way, non-divided","22,20",1. On Roadway,"0,0",I,I.Urban Collector,Other City or Town Streets (not state maintained),Not GUARDRAIL,Not HIT_RUN,"12,3",1,4. Four Approaches,153135048,C,0,0,36.82063,36.82063,0,0.05,Not LRTRUCK,2. Daylight,LOCATED,-76.0975,-76.0975,MAINLINE,MAIN,0,0,0,0,0,Undivided Roadway,"22,20",Not MOTORCYCLE,541289,541289. 13400013      13400013      13408744,33035,31758,32051,30888,30266,2,1,0.005,SEC_URBAN,,,,,,,,,0,0,34,0,1,,0,0,,,,,,,,,Not PED,,1,0,Virginia Beach,134,5,NOT-RD,9. Within Intersection,0,0.00,0.00,1. Straight - Level,1. No Defects,"3. Two-Way, Divided, Positive Median Barrier",1. Dry,"2. Blacktop, Asphalt, Bituminous",ROSEMONT RD,URB,UR,R-VA134UR08744WB,"Urbanized (Population 200,000 and over)",3. No,"0,0",7118,5959,6014,5796,5479,Not SENIOR,Right side,"5,3","25,25",Not SPEED,"25,25",541289,0,"1. Yes,2. No",0,"0,0",12PM TO 3PM,1,1,3. Traffic Signal,1. Yes - Working,Not a Parkway - Trucks and Commercial Vehicles Allowed,"1,2","1. Passenger car,9. Bicycle","HONDA,BIKE","2. Making Right Turn,1. Going Straight Ahead","ACCORD,UNKNOWN",19932015,5,5.Hampton Roads,1. No Adverse Condition (Clear/Cloudy),Not Provided,2. No,Not Provided,YOUNG
No Access Control,Not ALCIHOL,Urban,0,0,Bituminous Concrete (Black Base),STREET(L)/,Not UNBELTED,14,Male,B,1,BIKE,0.45,1,1,,2. Angle,"Not Provided,Not Provided","Not Provided,Not Provided",4US00060P,0.454,2,11/8/2015,11/8/2015,22. Bicycle,1548,B.Visiible Injury,2015,Left and Right sides,0,0,Newport News,Urban,22. Bicycle,MAIN,3PM TO 6PM,121.Newport News,74,Intersection,Reset Filters,VDOT_OTHER,Sunday,Not DEER,"North,West",,5,1,160430038,"14,35","Male,Female","B,PDO","1,2","11. Did Not Have Right-of-Way,1. No Improper Action","2. Not Deployed,2. Not Deployed","4. No Test,4. No Test","1. No Defects,1. No Defects","Not Applicable,Not Applicable","1. Had Not Been Drinking,1. Had Not Been Drinking","2. No,2. No","3. Totally Ejected,1. Not Ejected","Yes,No","No,No","9. Not Applicable,3. Lap and Shoulder Belt","1. Not Obscured,1. Not Obscured",,,0,646023,121-07013(B)/JEFFERSON AV,0,4,"4.One-way, part of a one-way system","20,22",1. On Roadway,"0,0",H,H.Urban Minor Arterial,Urban Extensions - Primary Routes,Not GUARDRAIL,Not HIT_RUN,"2,11",1,1. Not at Intersection,160430038,C,0,0,36.98199,36.98199,0,0.03,Not LRTRUCK,2. Daylight,LOCATED,-76.42173,-76.42173,MAINLINE,MAIN,0,0,0,0,0,Divided Roadway,"20,22",Not MOTORCYCLE,723786,723786. 4US00060P     4US00060P,2222,2173,1507,1453,1483,3,1,0.014,PRI_URBAN,,,,,,,,,0,0,40,0,1,,0,0,,,,,,,,,Not PED,,1,0,Newport News,121,5,NOT-RD,5. On Entrance/Exit Ramp,0,0.25,0.45,10. On/Off Ramp,1. No Defects,"4. One-Way, Not Divided",1. Dry,"2. Blacktop, Asphalt, Bituminous",26TH ST,USPRI,US,R-VA   US00060PA004,"Urbanized (Population 200,000 and over)",3. No,"0,0",2222,2173,1507,1453,1483,Not SENIOR,Left and Right sides,"1,20","0,60",SPEED,"0,60",723789,0,"2. No,2. No",0,"0,0",3PM TO 6PM,1,1,6. Traffic Lanes Marked,6. No Traffic Control Device Present,Truck Access System,"1,2","9. Bicycle,1. Passenger car",BUICK,"16. Entering Street From Parking Lot,1. Going Straight Ahead",LUCERNE,2015,5,5.Hampton Roads,1. No Adverse Condition (Clear/Cloudy),Not Provided,2. No,Not Provided,Not YOUNG
No Access Control,Not ALCIHOL,Urban,0,0,"N/A, Unknown, or Unstabilized",121-00022(B)/DILIGENCE DRIVE,Not UNBELTED,46,Male,C,1,BIKE,0,0,0,,13. Bicyclist,"Not Provided,Not Provided","Not Provided,Not Provided",12100013,0.004,3,7/25/2014,7/25/2014,22. Bicycle,1059,C.Non-Visible Injury,2014,Left and Right sides,1,1,Newport News,Urban,22. Bicycle,MAIN,9AM TO 12PM,121.Newport News,21,Intersection,Reset Filters,VDOT_OTHER,Friday,Not DEER,"North,West",,5,1,142660016,"46,37","Male,Male","C,PDO","1,2","11. Did Not Have Right-of-Way,1. No Improper Action","2. Not Deployed,2. Not Deployed","4. No Test,4. No Test","1. No Defects,1. No Defects","Not Applicable,Not Applicable","1. Had Not Been Drinking,1. Had Not Been Drinking","2. No,2. No","2. Partially Ejected,1. Not Ejected","Yes,No","No,No","5. Helmet,3. Lap and Shoulder Belt","1. Not Obscured,1. Not Obscured",,,0,716484,ROCK LANDING DR(L)/,0,0,"0.Two-way, non-divided","20,22",1. On Roadway,"0,0",I,I.Urban Collector,Other City or Town Streets (not state maintained),Not GUARDRAIL,Not HIT_RUN,"3,12",1,3. Three Approaches,142660016,C,0,0,37.08317,37.08317,0,0.23,Not LRTRUCK,2. Daylight,LOCATED,-76.46685,-76.46685,MAINLINE,MAIN,0,0,0,0,0,Undivided Roadway,"20,22",Not MOTORCYCLE,716483,716483. 12100013      12100022      12100022,19901,19461,19651,18952,19336,4,1,0.004,SEC_URBAN,,,,,,,,,0,0,52,0,1,,0,0,,,,,,,,,Not PED,,1,0,Newport News,121,5,NOT-RD,9. Within Intersection,0,0.00,0.00,1. Straight - Level,1. No Defects,"2. Two-Way, Divided, Unprotected Median",1. Dry,"2. Blacktop, Asphalt, Bituminous",DILIGENCE DR,URB,UR,R-VA121UR00013WB,"Urbanized (Population 200,000 and over)",3. No,"0,0",10925,10684,11256,10855,11075,Not SENIOR,Left side,"5,5","35,35",Not SPEED,"35,35",716483,0,"1. Yes,2. No",0,"0,0",9AM TO 12PM,1,1,3. Traffic Signal,1. Yes - Working,Not a Parkway - Trucks and Commercial Vehicles Allowed,"1,2","9. Bicycle,1. Passenger car",HONDA,"15. Other,2. Making Right Turn",ACCORD,2005,5,5.Hampton Roads,1. No Adverse Condition (Clear/Cloudy),Not Provided,2. No,Not Provided,Not YOUNG
No Access Control,Not ALCIHOL,Urban,0,0,"N/A, Unknown, or Unstabilized",1SR-00337-P(L)/122-08580(L)/MAY STREET(R)/& C,Not UNBELTED,55,Male,C,2,BIKE,26.68,0,0,,13. Bicyclist,"Not Provided,Not Provided","Not Provided,Not Provided",SR00337,27.02,4,7/25/2014,7/25/2014,22. Bicycle,1230,C.Non-Visible Injury,2014,Left and Right sides,1,1,Norfolk,Urban,22. Bicycle,MAIN,12PM TO 3PM,122.Norfolk,211,Intersection,Reset Filters,VDOT_OTHER,Friday,Not DEER,"West,South",,5,1,142320023,"74,55","Female,Male","PDO,C","1,2","37. Other,1. No Improper Action","2. Not Deployed,3. Unavailable/Not Applicable","Not Applicable,Not Applicable","1. No Defects,Not Applicable","Not Applicable,Not Applicable","Not Applicable,Not Applicable","Not Applicable,Not Applicable","1. Not Ejected,1. Not Ejected","No,Yes","No,No","3. Lap and Shoulder Belt,9. Not Applicable","1. Not Obscured,1. Not Obscured",,,27,483415,SR-00168(L)/US-00460(B)/,0,1,"1.Divided, no control of access","22,20",1. On Roadway,"0,0",E,E.Urban Other Principle Arterials; Connecting Links of Other Rural Principal Arterial,Urban Extensions - Primary Routes,Not GUARDRAIL,Not HIT_RUN,"2,7",1,4. Four Approaches,142320023,C,0,0,36.85332,36.85332,0,0.38,Not LRTRUCK,2. Daylight,LOCATED,-76.28031,-76.28031,MAINLINE,MAIN,0,0,0,0,0,Divided Roadway,"22,20",Not MOTORCYCLE,483415,483415.  SR00168       SR00337       US00460       US00460,55523,52794,53072,51146,61117,7,1,0.04,PRI_URBAN,,,,,,,,,0,0,0,0,1,,0,0,,,,,,,,,Not PED,,1,0,Norfolk,122,5,NOT-RD,9. Within Intersection,0,399.00,399.09,1. Straight - Level,1. No Defects,"3. Two-Way, Divided, Positive Median Barrier",1. Dry,"2. Blacktop, Asphalt, Bituminous",E BRAMBLETON AVE,STPRI,SR,R-VA   SR00337EB,"Urbanized (Population 200,000 and over)",3. No,"0,0",21525,19907,19422,18279,21893,SENIOR,Left and Right sides,"2,0","30,30",Not SPEED,"30,30",483666,0,"2. No,2. No",0,"0,0",12PM TO 3PM,1,1,6. Traffic Lanes Marked,1. Yes - Working,Not a Parkway - Trucks and Commercial Vehicles Allowed,"1,2","1. Passenger car,9. Bicycle","HONDA,BICYCLE","2. Making Right Turn,8. Stopped in Traffic Lane",CRV,2000,5,5.Hampton Roads,1. No Adverse Condition (Clear/Cloudy),Not Provided,2. No,Not Provided,Not YOUNG
No Access Control,Not ALCIHOL,Urban,0,0,"N/A, Unknown, or Unstabilized",134-08722(B)/22SD ST,Not UNBELTED,63,Male,K,2,BIKE,302.68,0,0,,2. Angle,"Not Provided,Not Provided","Not Provided,Not Provided",US00060,302.682,4,7/26/2014,7/26/2014,20. Motor Vehicle In Transport,1858,K.Fatal Injury,2014,Left and Right sides,0,0,Virginia Beach,Urban,20. Motor Vehicle In Transport,MAIN,6PM TO 9PM,134.Virginia Beach,11,Intersection,Reset Filters,VDOT_OTHER,Saturday,Not DEER,"North,East",,5,1,142285191,"28,63","Male,Male","PDO,K","1,2","1. No Improper Action,11. Did Not Have Right-of-Way","2. Not Deployed,3. Unavailable/Not Applicable","Not Applicable,Not Applicable","1. No Defects,9. Unknown","14. No Driver Distraction,14. No Driver Distraction","1. Had Not Been Drinking,6. Unknown","2. No,3. Unknown","1. Not Ejected,1. Not Ejected","No,Yes","No,No","3. Lap and Shoulder Belt,8. No Restraint Used","1. Not Obscured,1. Not Obscured",,,303,541108,134-08722(B)/22SD ST,0.05,1,"1.Divided, no control of access","22,20",1. On Roadway,"0,0",E,E.Urban Other Principle Arterials; Connecting Links of Other Rural Principal Arterial,Urban Extensions - Primary Routes,Not GUARDRAIL,Not HIT_RUN,"11,12",0,4. Four Approaches,142285191,C,1,1,36.84999,36.84999,0,0.05,Not LRTRUCK,2. Daylight,LOCATED,-75.97684,-75.97684,MAINLINE,MAIN,0,0,Curbed (solid raised),2,2,Divided Roadway,"22,20",Not MOTORCYCLE,541108,541108.  US00060       US00060      13408722      13408722,25340,24166,24141,23764,24222,4,1,0.002,PRI_URBAN,,,,,,,,,0,235,44,0,1,,0,0,,,,,,,,,Not PED,,0,1,Virginia Beach,134,5,NOT-RD,9. Within Intersection,0,302.50,302.68,1. Straight - Level,1. No Defects,"2. Two-Way, Divided, Unprotected Median",1. Dry,"2. Blacktop, Asphalt, Bituminous",2198 PACIFIC AVENUE,USPRI,US,R-VA   US00060WB,"Urbanized (Population 200,000 and over)",3. No,"0,0",17719,17603,17500,17399,15837,Not SENIOR,Left and Right sides,20,"35,35",Not SPEED,"35,35",541108,0,"2. No,2. No",0,"0,0",6PM TO 9PM,1,1,3. Traffic Signal,1. Yes - Working,Not a Parkway - Trucks and Commercial Vehicles Allowed,"1,2","22. Truck - Sport Utility Vehicle (SUV),9. Bicycle","Nissan,UNK","1. Going Straight Ahead,1. Going Straight Ahead","Pathfinder,BICYCLE",2007,5,5.Hampton Roads,1. No Adverse Condition (Clear/Cloudy),Not Provided,2. No,Not Provided,Not YOUNG
No Access Control,Not ALCIHOL,Urban,0,0,"N/A, Unknown, or Unstabilized",122-08637(R)/MERRIMAC AV,Not UNBELTED,33,Male,C,1,BIKE,9.41,0,0,,2. Angle,"Not Provided,Not Provided","Not Provided,Not Provided",SR00166,9.654,4,11/9/2015,11/9/2015,20. Motor Vehicle In Transport,731,C.Non-Visible Injury,2015,Left and Right sides,1,1,Norfolk,Urban,20. Motor Vehicle In Transport,MAIN,6AM TO 9AM,122.Norfolk,296,Intersection,Reset Filters,VDOT_OTHER,Monday,Not DEER,"East,North",,5,1,153550019,"33,22","Male,Female","C,PDO","1,2","11. Did Not Have Right-of-Way,1. No Improper Action","3. Unavailable/Not Applicable,2. Not Deployed","4. No Test,4. No Test","1. No Defects,1. No Defects","Not Applicable,Not Applicable","1. Had Not Been Drinking,1. Had Not Been Drinking","2. No,2. No","1. Not Ejected,1. Not Ejected","No,No","No,No","9. Not Applicable,3. Lap and Shoulder Belt","1. Not Obscured,1. Not Obscured",,,10,483357,122-08637(R)/MERRIMAC AV,0.25,0,"0.Two-way, non-divided","20,20",1. On Roadway,"0,0",E,E.Urban Other Principle Arterials; Connecting Links of Other Rural Principal Arterial,Urban Extensions - Primary Routes,Not GUARDRAIL,Not HIT_RUN,"12,8",1,4. Four Approaches,153550019,C,0,0,36.85957,36.85957,0,0.25,Not LRTRUCK,2. Daylight,LOCATED,-76.25051,-76.25051,MAINLINE,MAIN,0,0,0,0,0,Undivided Roadway,"20,20",Not MOTORCYCLE,483356,483356.  SR00166       SR00166      12208573      12208573,31516,29333,29305,28964,30104,4,1,0.056,PRI_URBAN,,,,,,,,,0,250,44,0,1,,0,0,,,,,,,,,Not PED,,1,0,Norfolk,122,5,NOT-RD,9. Within Intersection,0,9.50,9.65,1. Straight - Level,1. No Defects,"1. Two-Way, Not Divided",2. Wet,"2. Blacktop, Asphalt, Bituminous",2100 BLK VINCENT AVE,STPRI,SR,R-VA   SR00166EB,"Urbanized (Population 200,000 and over)",3. No,"0,0",18481,16449,16334,16385,17840,Not SENIOR,Left and Right sides,"10,20","30,30",Not SPEED,"30,30",483357,0,"1. Yes,2. No",0,"0,0",6AM TO 9AM,1,1,1. No Traffic Control,6. No Traffic Control Device Present,Not a Parkway - Trucks and Commercial Vehicles Allowed,"1,2","9. Bicycle,1. Passenger car","SCHWINN,BUICK","1. Going Straight Ahead,3. Making Left Turn","SIDEWINDER,CENTURY",2001,5,5.Hampton Roads,5. Rain,Not Provided,2. No,Not Provided,Not YOUNG