Access Control,Alcohol Notalcohol,Area Type1,A Crash,A People,Basetypedesc,Begin Node Dsc,Belted Unbelted,Bikeage,Bikegen,Bikeinjurytype,Bikevehiclenumber,Bike Nonbike,BMP,B Crash,B People,Carspeedlimit,Collision Type,Comm Cargo Body Type Cd,Comm Vehicle Body Type Cd,Cotedrouteid,Coted Mp,Count App,CRASH_DT (copy),Crash Dt,Crash Event Type Dsc,Crash Military Tm,Crash Severity,Crash Year,Curbgutterdesc,C Crash,C People,Juris Name Used,Area Type Used,First Harmful Event of Entire Crash,MAINLINE,Time Slicing Used,Phy_Juris_Nm,Offset-Ft,Intersection Analysis,Clear,Calculation_9640323132123359,Day Of Week,Deer Nodeer,Direction Of Travel Cd,Distracted Notdistracted,VSP,TOTAL CRASH,Document Nbr,Driverage,Drivergen,Driverinjurytype,Drivervehiclenumber,Driver Action Type Cd,Driver Airbag Deployment,Driver Alcohol Test Type Cd,Driver Condition Type Cd,Driver Distraction Type Cd,Driver Drinking Type Cd,Driver Drug Use Cd,Driver Ejected From Vehicle,Driver Ems Transport Ind,Driver Fled Scene Ind,Driver Safety Equip Used,Driver Vis Obscured Type Cd,Drowsy Notdrowsy,Drug Nodrug,EMP,End Node,End Node Dsc,End Offset,Facility,FAC,First Crash Event Cd,First Harmful Event,Fourth Crash Event Cd,Functionalclass,FUN,Govcondesc,Gr Nogr,Hitrun Not Hitrun,Initial Veh Impact Area Cd,Injury Crashes,Intersection Type,Int Doc,Jurtype,K_CRASH,K People,LAT (copy),LAT,Leftshoulderwidth,Length,Lgtruck Nonlgtruck,Light Condition,Located Unlocated,LON (copy),LON,MAINLINE (group),Mainline Yn,Medianleftshoulderwidth,Medianrightshoulderwidth,Mediantypedesc,Medianwidthmax,Medianwidthmin,Median Type,Most Harmful Crash Event Cd,Motor Nonmotor,Node,Node Info,Node Totaadt2011,Node Totaadt2012,Node Totaadt2013,Node Totaadt2014,Node Totaadt2015,Numberoflane,Number of Records,Offset,Ownership,Passage,Passgen,Passinjurytype,Passvehiclenumber,Pass Airbag Deployment,Pass Ejected From Vehicle,Pass Ems Transport Ind,Pass Safety Equip Used,Pavementconditionvalue,Pavementroughnessvalue,Pavementwidth,Pdo Crash,Total People Killed & Injured,Pedage,Pedestrians Injured,Pedestrians Killed,Pedgen,Pedinjurytype,Pednumber,Ped Action,Ped Al Test,Ped Cond,Ped Drink,Ped Drug,Ped Nonped,Ped Rflct,Persons Injured,Persons Killed,Physical Juris Nm,PJR,VSP_Used,Rd Type,Relation To Roadway,Rightshoulderwidth,RNS_MP (0.25 mi bin),Rns Mp,Roadway Alignment,Roadway Defect,Roadway Description,Roadway Surface Cond,Roadway Surface Type,Route Or Street Nm,Rte Category Cd,Rte Cat,Rte Nm,Ruralurbandesc,School Zone,Second Crash Event Cd,Segtotaadt2011,Segtotaadt2012,Segtotaadt2013,Segtotaadt2014,Segtotaadt2015,Senior Notsenior,Sidewalkdesc,Speed Before,Speed Max Safe,Speed Notspeed,Speed Posted,Start Node,Start Offset,Summons Issued Cd,Surfacedesc,Third Crash Event Cd,Time Slicing,Total Crashes including Property Damage Only,Total Crash,Traffic Control Type,Trfc Ctrl Status Type,Truckcommr,Vehiclenumber,Vehicle Body Type Cd,Vehicle Make Nm,Vehicle Maneuver Type Cd,Vehicle Model Nm,Vehicle Year Nbr,District,District_Used ,Weather Condition,Work Zone Location,Work Zone Related,Work Zone Type,Young Notyoung
No Access Control,Not ALCIHOL,Urban,1,1,Bituminous Concrete (Black Base),MINTON DRIVE(L)/,Not UNBELTED,18,Male,A,1,BIKE,259.72,0,0,,13. Bicyclist,"Not Provided,Not Provided","Not Provided,Not Provided",US00060,259.725,3,11/13/2015,11/13/2015,22. Bicycle,1557,A.Ambulatory Injury,2015,Left and Right sides,0,0,Newport News,Urban,22. Bicycle,MAIN,3PM TO 6PM,121.Newport News,871,Intersection,Reset Filters,VDOT_OTHER,Friday,Not DEER,"West,North",DISTRACTED,5,1,160430039,"18,23","Male,Female","A,PDO","1,2","11. Did Not Have Right-of-Way,1. No Improper Action","2. Not Deployed,2. Not Deployed","4. No Test,4. No Test","1. No Defects,1. No Defects","11. Other,11. Other","1. Had Not Been Drinking,1. Had Not Been Drinking","2. No,2. No","3. Totally Ejected,1. Not Ejected","Yes,No","No,No","8. No Restraint Used,3. Lap and Shoulder Belt","1. Not Obscured,1. Not Obscured",,,260,646044,121-07036(R)/HIDEN BLVD,0,1,"1.Divided, no control of access","20,22",1. On Roadway,"0,0",H,H.Urban Minor Arterial,Urban Extensions - Primary Routes,Not GUARDRAIL,Not HIT_RUN,"4,11",1,4. Four Approaches,160430039,C,0,0,37.07278,37.07278,0,0.17,Not LRTRUCK,2. Daylight,LOCATED,-76.49361,-76.49361,MAINLINE,MAIN,0,0,Curbed Grass,14,14,Divided Roadway,"20,22",Not MOTORCYCLE,646044,646044.  US00060       US00060      12107036,35438,34654,43239,41699,42544,4,1,0.165,PRI_URBAN,,,,,,,,,0,255,48,0,1,,0,0,,,,,,,,,Not PED,,1,0,Newport News,121,5,NOT-RD,9. Within Intersection,0,259.50,259.72,1. Straight - Level,1. No Defects,"3. Two-Way, Divided, Positive Median Barrier",1. Dry,"2. Blacktop, Asphalt, Bituminous",MINTON DR,USPRI,US,R-VA   US00060EB,"Urbanized (Population 200,000 and over)",3. No,"0,0",31484,30788,39115,37722,38486,Not SENIOR,Left and Right sides,"3,10","35,35",Not SPEED,"35,35",646045,0,"2. No,2. No",0,"0,0",3PM TO 6PM,1,1,3. Traffic Signal,1. Yes - Working,Not a Parkway - Trucks and Commercial Vehicles Allowed,"1,2","9. Bicycle,1. Passenger car",KIA,"1. Going Straight Ahead,3. Making Left Turn",OPIMA,2008,5,5.Hampton Roads,1. No Adverse Condition (Clear/Cloudy),Not Provided,2. No,Not Provided,YOUNG
,Not ALCIHOL,Urban,0,0,,,Not UNBELTED,38,0,PDO,1,BIKE,,0,0,,2. Angle,"Not Provided,Not Provided","Not Provided,Not Provided",,,,3/26/2013,3/26/2013,20. Motor Vehicle In Transport,1600,PDO.Property Damage Only,2013,,0,0,Franklin,Urban,20. Motor Vehicle In Transport,MAIN,3PM TO 6PM,145.Franklin,,Not Intersection,Reset Filters,VDOT_OTHER,Tuesday,Not DEER,"East,West",,5,1,130905131,"38,67","0,Male","PDO,PDO","1,2","11. Did Not Have Right-of-Way,1. No Improper Action","5. Unknown,2. Not Deployed","4. No Test,4. No Test","1. No Defects,Not Applicable","Not Applicable,Not Applicable","1. Had Not Been Drinking,Not Applicable","3. Unknown,2. No","1. Not Ejected,1. Not Ejected","No,No","No,No","9. Not Applicable,3. Lap and Shoulder Belt","1. Not Obscured,1. Not Obscured",,,,,,,,,"20,22",1. On Roadway,"0,0",,,,Not GUARDRAIL,Not HIT_RUN,"12,1",0,4. Four Approaches,,C,0,0,36.670334,36.670334,,,Not LRTRUCK,2. Daylight,UNLOCATED,-76.946067,-76.946067,MAINLINE,,,,,,,,"20,22",Not MOTORCYCLE,,.,,,,,,,1,,SEC_URBAN,,,,,,,,,,,,1,0,,0,0,,,,,,,,,Not PED,,0,0,Franklin,145,5,NOT-RD,10. Intersection Related - Within 150 Feet,,,,1. Straight - Level,1. No Defects,"1. Two-Way, Not Divided",1. Dry,"2. Blacktop, Asphalt, Bituminous",Bailey Drive,UNKWN,SC,U-VA145SC99999UK,,3. No,"0,0",,,,,,SENIOR,,"5,15",35,Not SPEED,35,,,"Not Provided,2. No",,"0,0",3PM TO 6PM,1,1,3. Traffic Signal,1. Yes - Working,,"1,2","9. Bicycle,3. Van","Bicycle,Toyota","1. Going Straight Ahead,2. Making Right Turn","Bicycle,Van",20002004,5,5.Hampton Roads,1. No Adverse Condition (Clear/Cloudy),Not Provided,2. No,Not Provided,Not YOUNG
No Access Control,Not ALCIHOL,Urban,0,0,Bituminous Concrete (Black Base),134-08829(L)/GREEN RUN BLVD,Not UNBELTED,33,Male,B,2,BIKE,2.82,1,1,,3. Head On,"Not Provided,Not Provided","Not Provided,Not Provided",13400012,2.9,4,8/1/2014,8/1/2014,22. Bicycle,1131,B.Visiible Injury,2014,Left and Right sides,0,0,Virginia Beach,Urban,22. Bicycle,MAIN,9AM TO 12PM,134.Virginia Beach,106,Intersection,Reset Filters,VDOT_OTHER,Friday,Not DEER,"West,East",,5,1,142145043,"84,33","Male,Male","PDO,B","1,2","1. No Improper Action,11. Did Not Have Right-of-Way","2. Not Deployed,3. Unavailable/Not Applicable","4. No Test,4. No Test","1. No Defects,1. No Defects","14. No Driver Distraction,14. No Driver Distraction","1. Had Not Been Drinking,1. Had Not Been Drinking","2. No,2. No","1. Not Ejected,3. Totally Ejected","No,Yes","No,No","3. Lap and Shoulder Belt,6. Other","1. Not Obscured,1. Not Obscured",,,3,541275,134-00014(L)/134-08717(R)/Gap Terminus/LYNNHA,0,1,"1.Divided, no control of access","22,20",1. On Roadway,"0,0",H,H.Urban Minor Arterial,Other City or Town Streets (not state maintained),Not GUARDRAIL,Not HIT_RUN,"12,9",1,4. Four Approaches,142145043,C,0,0,36.80049,36.80049,0,0.1,Not LRTRUCK,2. Daylight,LOCATED,-76.08594,-76.08594,MAINLINE,MAIN,0,0,Curbed Grass,16,4,Divided Roadway,"22,20",Not MOTORCYCLE,541275,541275. 13400012      13400012      13400014      13408717,57323,59152,59698,57532,59080,4,1,0.02,SEC_URBAN,,,,,,,,,0,0,52,0,1,,0,0,,,,,,,,,Not PED,,1,0,Virginia Beach,134,5,NOT-RD,9. Within Intersection,0,2.75,2.91,2. Curve - Level,1. No Defects,"2. Two-Way, Divided, Unprotected Median",1. Dry,"2. Blacktop, Asphalt, Bituminous",HOLLAND RD,URB,UR,R-VA134UR00012WB,"Urbanized (Population 200,000 and over)",3. No,"0,0",28098,29924,30200,29104,29116,SENIOR,Left and Right sides,"35,5","35,35",Not SPEED,"45,45",541274,0,"2. No,1. Yes",0,"0,0",9AM TO 12PM,1,1,6. Traffic Lanes Marked,1. Yes - Working,Not a Parkway - Trucks and Commercial Vehicles Allowed,"1,2","1. Passenger car,9. Bicycle","TOYT,UNK","2. Making Right Turn,1. Going Straight Ahead","CAMRY,BICYCLE",2007,5,5.Hampton Roads,1. No Adverse Condition (Clear/Cloudy),Not Provided,2. No,Not Provided,Not YOUNG
No Access Control,Not ALCIHOL,Urban,0,0,"N/A, Unknown, or Unstabilized",SOUTHGATE AVENUE(B)/,Not UNBELTED,19,Male,B,1,BIKE,0.65,1,1,,4. Sideswipe - Same Direction,"Not Provided,Not Provided","Not Provided,Not Provided",13408612,0.655,4,8/1/2014,8/1/2014,20. Motor Vehicle In Transport,825,B.Visiible Injury,2014,None,0,1,Virginia Beach,Urban,20. Motor Vehicle In Transport,MAIN,6AM TO 9AM,134.Virginia Beach,607,Intersection,Reset Filters,VDOT_OTHER,Friday,Not DEER,"West,East",DISTRACTED,5,1,142145097,"19,46","Male,Female","B,C","1,2","10. Wrong Side Of Road - Not Overtaking,1. No Improper Action","3. Unavailable/Not Applicable,2. Not Deployed","4. No Test,4. No Test","1. No Defects,1. No Defects","5. Radio/CD, etc.,14. No Driver Distraction","1. Had Not Been Drinking,1. Had Not Been Drinking","2. No,2. No","1. Not Ejected,1. Not Ejected","Yes,No","No,No","9. Not Applicable,3. Lap and Shoulder Belt","1. Not Obscured,1. Not Obscured",,,1,541338,BRIAN AVENUE(L)/,0,0,"0.Two-way, non-divided","20,20",1. On Roadway,"0,0",I,I.Urban Collector,Other City or Town Streets (not state maintained),Not GUARDRAIL,Not HIT_RUN,"2,3",1,4. Four Approaches,142145097,C,0,0,36.84206,36.84206,3,0.05,Not LRTRUCK,2. Daylight,LOCATED,-76.15408,-76.15408,MAINLINE,MAIN,0,0,0,0,0,Undivided Roadway,"20,20",Not MOTORCYCLE,541339,541339. 13408612      13408612      13408738      13408738,11270,10954,11055,10654,11127,2,1,0.115,SEC_URBAN,,,,,,,,,0,0,22,0,2,,0,0,,,,,,,,,Not PED,,2,0,Virginia Beach,134,5,NOT-RD,10. Intersection Related - Within 150 Feet,3,0.50,0.65,1. Straight - Level,1. No Defects,"1. Two-Way, Not Divided",1. Dry,"2. Blacktop, Asphalt, Bituminous",5013 CLEVELAND ST,URB,UR,R-VA134UR08612EB,"Urbanized (Population 200,000 and over)",3. No,"0,0",7215,6819,6882,6632,7234,Not SENIOR,None,"3,20","35,35",Not SPEED,"35,35",541337,0,"1. Yes,2. No",0,"0,0",6AM TO 9AM,1,1,1. No Traffic Control,6. No Traffic Control Device Present,Not a Parkway - Trucks and Commercial Vehicles Allowed,"1,2","9. Bicycle,22. Truck - Sport Utility Vehicle (SUV)","BICYCLE,HYUNDAI","1. Going Straight Ahead,1. Going Straight Ahead","MOUNTAIN,TUCSON",20142013,5,5.Hampton Roads,1. No Adverse Condition (Clear/Cloudy),Not Provided,2. No,Not Provided,YOUNG
No Access Control,Not ALCIHOL,Urban,1,1,Bituminous Concrete (Black Base),7TH BAY ST(B)/,Not UNBELTED,,Not Provided,A,2,BIKE,0.13,0,0,,2. Angle,"Not Provided,Not Provided","Not Provided,Not Provided",12208766,0.199,4,3/28/2013,3/28/2013,22. Bicycle,1720,A.Ambulatory Injury,2013,None,0,0,Norfolk,Urban,22. Bicycle,MAIN,3PM TO 6PM,122.Norfolk,"5,180",Intersection,Reset Filters,VDOT_OTHER,Thursday,Not DEER,"West,Not Provided",DISTRACTED,5,1,131510035,,"0,Not Provided","PDO,A","1,2","34. Hit and Run,22. Disregarded Stop or Yield Sign","3. Unavailable/Not Applicable,3. Unavailable/Not Applicable","Not Applicable,Not Applicable","9. Unknown,1. No Defects","11. Other,11. Other","6. Unknown,1. Had Not Been Drinking","3. Unknown,3. Unknown","1. Not Ejected,2. Partially Ejected","NotProvided,Yes","Yes,No","9. Not Applicable,9. Not Applicable","13. Other,13. Other",,,0,485901,8TH BAY ST(B)/,0,0,"0.Two-way, non-divided","22,0",1. On Roadway,"0,0",I,I.Urban Collector,Other City or Town Streets (not state maintained),Not GUARDRAIL,HIT_RUN,"5,0",1,4. Four Approaches,131510035,C,0,0,36.931987,36.931987,2,0.07,Not LRTRUCK,2. Daylight,LOCATED,-76.208364,-76.208364,MAINLINE,MAIN,0,0,0,0,0,Undivided Roadway,"22,0",Not MOTORCYCLE,483165,483165.  US00060       US00060      12208766      12208766,23824,23027,23239,22396,24436,2,1,0.981,SEC_URBAN,,,,,,,,,0,0,18,0,1,,0,0,,,,,,,,,Not PED,,1,0,Norfolk,122,5,NOT-RD,9. Within Intersection,2,0.00,0.20,1. Straight - Level,1. No Defects,"1. Two-Way, Not Divided",1. Dry,"2. Blacktop, Asphalt, Bituminous",9500 8th bay st,URB,UR,R-VA122UR08766EB,"Urbanized (Population 200,000 and over)",3. No,"0,0",3005,1009,1018,981,868,Not SENIOR,None,,"25,0",Not SPEED,"25,0",485900,0,"3. Pending,2. No",0,"0,0",3PM TO 6PM,1,1,4. Stop Sign,1. Yes - Working,Not a Parkway - Trucks and Commercial Vehicles Allowed,"1,2","1. Passenger car,9. Bicycle","nissan,bicycle","1. Going Straight Ahead,1. Going Straight Ahead",,1991,5,5.Hampton Roads,1. No Adverse Condition (Clear/Cloudy),Not Provided,2. No,Not Provided,Not YOUNG
Partial Access Control,Not ALCIHOL,Urban,0,0,Bituminous Concrete (Black Base),SR-00166(R)/134-00008(R)/,Not UNBELTED,19,0,B,1,BIKE,51.64,1,1,,2. Angle,"Not Provided,Not Provided","Not Provided,Not Provided",US00013,51.64,4,4/2/2013,4/2/2013,22. Bicycle,1812,B.Visiible Injury,2013,Left and Right sides,0,0,Virginia Beach,Urban,22. Bicycle,MAIN,6PM TO 9PM,134.Virginia Beach,0,Intersection,Reset Filters,VDOT_OTHER,Tuesday,Not DEER,"East,North",,5,1,130955176,"19,28","0,Female","B,PDO","1,2","11. Did Not Have Right-of-Way,1. No Improper Action","3. Unavailable/Not Applicable,2. Not Deployed","4. No Test,4. No Test","1. No Defects,Not Applicable","14. No Driver Distraction,14. No Driver Distraction","1. Had Not Been Drinking,1. Had Not Been Drinking","2. No,2. No","2. Partially Ejected,1. Not Ejected","Yes,No","No,No","8. No Restraint Used,3. Lap and Shoulder Belt","1. Not Obscured,1. Not Obscured",,,52,541014,SR-00166(R)/134-00008(R)/,0.15,2,"2.Divided, partial control of access","22,22",1. On Roadway,"0,0",E,E.Urban Other Principle Arterials; Connecting Links of Other Rural Principal Arterial,Urban Extensions - Primary Routes,Not GUARDRAIL,Not HIT_RUN,"9,12",1,4. Four Approaches,130955176,C,0,0,36.886816,36.886816,0,0.15,Not LRTRUCK,2. Daylight,LOCATED,-76.179193,-76.179193,MAINLINE,MAIN,0,0,Curbed Grass,20,4,Divided Roadway,"22,22",Not MOTORCYCLE,541014,541014.  SR00166       US00013       US00013      13400008,73478,73114,73090,72209,68345,8,1,0,PRI_URBAN,,,,,,,,,0,185,102,0,1,,0,0,,,,,,,,,Not PED,,1,0,Virginia Beach,134,5,NOT-RD,9. Within Intersection,0,51.50,51.64,1. Straight - Level,1. No Defects,"3. Two-Way, Divided, Positive Median Barrier",1. Dry,1. Concrete,5700 NORTHAMPTON BOULEVARD,USPRI,US,R-VA   US00013NB,"Urbanized (Population 200,000 and over)",3. No,"0,0",37059,37119,36935,36928,35494,Not SENIOR,None,"5,40","55,55",Not SPEED,"55,55",541014,0,"1. Yes,2. No",0,"0,0",6PM TO 9PM,1,1,3. Traffic Signal,1. Yes - Working,Designated Truck Route - D1,"1,2","9. Bicycle,22. Truck - Sport Utility Vehicle (SUV)","OTH,Ford","1. Going Straight Ahead,1. Going Straight Ahead","BICYCLE,Explorer",20052002,5,5.Hampton Roads,1. No Adverse Condition (Clear/Cloudy),Not Provided,2. No,Not Provided,YOUNG
,Not ALCIHOL,Urban,1,1,,,Not UNBELTED,43,0,A,1,BIKE,,0,0,,2. Angle,"Not Provided,Not Provided,Not Provided","Not Provided,Not Provided,Not Provided",,,,4/2/2013,4/2/2013,22. Bicycle,1634,A.Ambulatory Injury,2013,,0,0,Suffolk,Urban,22. Bicycle,MAIN,3PM TO 6PM,133.Suffolk,,Not Intersection,Reset Filters,VDOT_OTHER,Tuesday,Not DEER,"East,North,South",DISTRACTED,5,1,130995060,"43,48,23","0,0,Male","A,PDO,PDO","1,2,3","21. Disregarded Traffic Signal,1. No Improper Action,Not Applicable","3. Unavailable/Not Applicable,2. Not Deployed,2. Not Deployed","4. No Test,4. No Test,4. No Test","1. No Defects,1. No Defects,1. No Defects","1. Looking at Roadside Incident,Not Applicable,Not Applicable","1. Had Not Been Drinking,1. Had Not Been Drinking,1. Had Not Been Drinking","2. No,2. No,2. No","3. Totally Ejected,1. Not Ejected,1. Not Ejected","Yes,No,No","No,No,No","9. Not Applicable,3. Lap and Shoulder Belt,3. Lap and Shoulder Belt","1. Not Obscured,11. Moving Vehicle(s),1. Not Obscured",,,,,,,,,"22,22,42",1. On Roadway,"0,0,0",,,,Not GUARDRAIL,Not HIT_RUN,"3,12,0",1,4. Four Approaches,,C,0,0,36.733649,36.733649,,,Not LRTRUCK,2. Daylight,UNLOCATED,-76.581655,-76.581655,MAINLINE,,,,,,,,"22,22,42",Not MOTORCYCLE,,.,,,,,,,1,,PRI_URBAN,,,,,,,,,,,,0,1,,0,0,,,,,,,,,Not PED,,1,0,Suffolk,133,5,NOT-RD,9. Within Intersection,,93.00,93.19,1. Straight - Level,1. No Defects,"1. Two-Way, Not Divided",1. Dry,"2. Blacktop, Asphalt, Bituminous",PRENTIS ST,STPRI,SR,R-VA   SR00010WB,,3. No,"0,0,0",,,,,,Not SENIOR,,"10,10,25","25,25,0",Not SPEED,"25,25,25",,,"1. Yes,1. Yes,Not Provided",,"0,0,0",3PM TO 6PM,1,1,3. Traffic Signal,1. Yes - Working,,"1,2,3","9. Bicycle,1. Passenger car,1. Passenger car","NISS,FORD","1. Going Straight Ahead,1. Going Straight Ahead,1. Going Straight Ahead","ALTIMA,2 DOOR",20031998,5,5.Hampton Roads,1. No Adverse Condition (Clear/Cloudy),Not Provided,2. No,Not Provided,Not YOUNG
No Access Control,Not ALCIHOL,Urban,1,1,Portland Cement Concrete,134-00009(L)/134-08726(R)/Gap Terminus/1ST CO,Not UNBELTED,55,Male,A,2,BIKE,1.5,0,0,,2. Angle,"Not Provided,Not Provided","Not Provided,Not Provided",C7US00058,1.557,4,4/4/2013,4/4/2013,22. Bicycle,1357,A.Ambulatory Injury,2013,Left and Right sides,0,1,Virginia Beach,Urban,22. Bicycle,MAIN,12PM TO 3PM,134.Virginia Beach,829,Intersection,Reset Filters,VDOT_OTHER,Thursday,Not DEER,"East,North",DISTRACTED,5,1,130995041,"26,55","0,Male","C,A","1,2","1. No Improper Action,11. Did Not Have Right-of-Way","2. Not Deployed,3. Unavailable/Not Applicable","4. No Test,4. No Test","1. No Defects,1. No Defects","Not Applicable,11. Other","1. Had Not Been Drinking,1. Had Not Been Drinking","2. No,2. No","1. Not Ejected,1. Not Ejected","No,Yes","No,No","3. Lap and Shoulder Belt,9. Not Applicable","1. Not Obscured,1. Not Obscured",,,2,541094,134-08729(R)/OCEANA BLVD(L)/OCEANA BLVD,0,0,"0.Two-way, non-divided","22,20",1. On Roadway,"0,0",H,H.Urban Minor Arterial,Urban Extensions - Primary Routes,Not GUARDRAIL,Not HIT_RUN,"2,11",1,1. Not at Intersection,130995041,C,0,0,36.842387,36.842387,0,0.34,Not LRTRUCK,2. Daylight,LOCATED,-76.018277,-76.018277,MAINLINE,MAIN,0,0,0,0,0,Undivided Roadway,"22,20",Not MOTORCYCLE,541095,541095. 13400009      13408726     C7US00058     C7US00058,42867,39753,40120,38664,39701,4,1,0.157,PRI_URBAN,,,,,,,,,0,211,44,0,2,,0,0,,,,,,,,,Not PED,,2,0,Virginia Beach,134,5,NOT-RD,1. Main-Line Roadway,0,1.50,1.61,1. Straight - Level,1. No Defects,"1. Two-Way, Not Divided",1. Dry,"2. Blacktop, Asphalt, Bituminous",1621 VIRGINIA BEACH BLVD,USPRI,US,R-VA   US00058EBBUS007,"Urbanized (Population 200,000 and over)",3. No,"0,0",19559,17660,17823,17176,18006,Not SENIOR,Right side,"35,5","35,35",Not SPEED,"35,35",541095,0.1,"2. No,1. Yes",0,"0,0",12PM TO 3PM,1,1,6. Traffic Lanes Marked,1. Yes - Working,Truck Access System,"1,2","1. Passenger car,9. Bicycle","CHRYSLER,SCHWINN","1. Going Straight Ahead,1. Going Straight Ahead","SEBRING,BICYCLE",2004,5,5.Hampton Roads,1. No Adverse Condition (Clear/Cloudy),Not Provided,2. No,Not Provided,Not YOUNG
No Access Control,Not ALCIHOL,Urban,0,0,"N/A, Unknown, or Unstabilized",THISTLEY LANE(L)/,Not UNBELTED,54,Male,B,2,BIKE,1.54,1,1,,4. Sideswipe - Same Direction,"Not Provided,Not Provided","Not Provided,Not Provided",13100010,1.54,3,4/6/2013,4/6/2013,22. Bicycle,1055,B.Visiible Injury,2013,None,0,0,Chesapeake,Urban,22. Bicycle,MAIN,9AM TO 12PM,131.Chesapeake,"2,534",Intersection,Reset Filters,VDOT_OTHER,Saturday,Not DEER,"North,North",,5,1,130975080,"55,54","0,Male","PDO,B","1,2","41. Improper Passing,1. No Improper Action","2. Not Deployed,3. Unavailable/Not Applicable","4. No Test,4. No Test","1. No Defects,1. No Defects","14. No Driver Distraction,14. No Driver Distraction","1. Had Not Been Drinking,1. Had Not Been Drinking","2. No,2. No","1. Not Ejected,1. Not Ejected","No,Yes","No,No","3. Lap and Shoulder Belt,5. Helmet","1. Not Obscured,1. Not Obscured",,,2,751743,ROAD(R)/,0,0,"0.Two-way, non-divided","22,20",1. On Roadway,"0,0",I,I.Urban Collector,Other City or Town Streets (not state maintained),Not GUARDRAIL,Not HIT_RUN,"5,11",1,3. Three Approaches,130975080,C,0,0,36.652594,36.652594,1,0.05,Not LRTRUCK,2. Daylight,LOCATED,-76.235859,-76.235859,MAINLINE,MAIN,0,0,0,0,0,Undivided Roadway,"22,20",Not MOTORCYCLE,751750,751750.  SR00168S008B 13100010      13100010,2728,2668,2683,3174,3237,2,1,0.48,SEC_URBAN,,,,,,,,,0,0,18,0,1,,0,0,,,,,,,,,Not PED,,1,0,Chesapeake,131,5,NOT-RD,9. Within Intersection,1,1.50,1.54,1. Straight - Level,1. No Defects,"1. Two-Way, Not Divided",1. Dry,"2. Blacktop, Asphalt, Bituminous",EDINBURGH PW,URB,UR,R-VA131UR00010EB,"Urbanized (Population 200,000 and over)",3. No,"0,0",2728,2668,2683,3174,3237,Not SENIOR,None,"35,15","40,40",Not SPEED,"40,40",751742,0,"3. Pending,2. No",0,"0,0",9AM TO 12PM,1,1,6. Traffic Lanes Marked,1. Yes - Working,Not a Parkway - Trucks and Commercial Vehicles Allowed,"1,2","2. Truck - Pick-up/Passenger Truck,9. Bicycle","Dodge,SPECIALIZED","1. Going Straight Ahead,1. Going Straight Ahead","Ram 3500,BICYCLE",19952012,5,5.Hampton Roads,1. No Adverse Condition (Clear/Cloudy),Not Provided,2. No,Not Provided,Not YOUNG
No Access Control,Not ALCIHOL,Urban,0,0,"N/A, Unknown, or Unstabilized",RUDEE POINT ROAD(R)/HARBOR POINT(L)/,Not UNBELTED,25,Female,B,2,BIKE,21.91,1,1,,2. Angle,"Not Provided,Not Provided","Not Provided,Not Provided",13408669,21.91,4,4/6/2013,4/6/2013,22. Bicycle,954,B.Visiible Injury,2013,Left and Right sides,0,0,Virginia Beach,Urban,22. Bicycle,MAIN,9AM TO 12PM,134.Virginia Beach,"3,274",Intersection,Reset Filters,VDOT_OTHER,Saturday,Not DEER,"East,Not Provided",,5,1,130995050,"89,25","0,Female","PDO,B","1,2","1. No Improper Action,11. Did Not Have Right-of-Way","2. Not Deployed,3. Unavailable/Not Applicable","4. No Test,4. No Test","1. No Defects,1. No Defects","14. No Driver Distraction,14. No Driver Distraction","1. Had Not Been Drinking,1. Had Not Been Drinking","2. No,2. No","1. Not Ejected,1. Not Ejected","No,No","No,No","3. Lap and Shoulder Belt,8. No Restraint Used","1. Not Obscured,1. Not Obscured",,,22,742546,RUDEE POINT ROAD(R)/HARBOR POINT(L)/,0.02,0,"0.Two-way, non-divided","22,20",1. On Roadway,"0,0",H,H.Urban Minor Arterial,Other City or Town Streets (not state maintained),Not GUARDRAIL,Not HIT_RUN,"10,0",1,4. Four Approaches,130995050,C,0,0,36.82902539,36.82902539,0,0.02,Not LRTRUCK,2. Daylight,LOCATED,-75.97358698,-75.97358698,MAINLINE,MAIN,0,0,0,0,0,Undivided Roadway,"22,20",Not MOTORCYCLE,541493,541493. 13408669      13408669      13408724      13408724,26452,23305,23520,22666,22386,4,1,0.62,SEC_URBAN,,,,,,,,,0,0,56,0,1,,0,0,,,,,,,,,Not PED,,1,0,Virginia Beach,134,5,NOT-RD,9. Within Intersection,0,21.75,21.91,1. Straight - Level,1. No Defects,"1. Two-Way, Not Divided",1. Dry,"2. Blacktop, Asphalt, Bituminous",452 GENERAL BOOTH BL,URB,UR,R-VA134UR08669NB,"Urbanized (Population 200,000 and over)",3. No,"0,0",15328,16751,17349,16731,11352,SENIOR,Left and Right sides,"3,25","35,35",Not SPEED,"35,35",742546,0,"2. No,2. No",0,"0,0",9AM TO 12PM,1,1,3. Traffic Signal,1. Yes - Working,Not a Parkway - Trucks and Commercial Vehicles Allowed,"1,2","1. Passenger car,9. Bicycle","CADILLAC,BICYCLE","3. Making Left Turn,1. Going Straight Ahead","CTS,UNKNOWN",20082013,5,5.Hampton Roads,1. No Adverse Condition (Clear/Cloudy),Not Provided,2. No,Not Provided,Not YOUNG