Access Control,Alcohol Notalcohol,Area Type1,A Crash,A People,Basetypedesc,Begin Node Dsc,Belted Unbelted,Bikeage,Bikegen,Bikeinjurytype,Bikevehiclenumber,Bike Nonbike,BMP,B Crash,B People,Carspeedlimit,Collision Type,Comm Cargo Body Type Cd,Comm Vehicle Body Type Cd,Cotedrouteid,Coted Mp,Count App,CRASH_DT (copy),Crash Dt,Crash Event Type Dsc,Crash Military Tm,Crash Severity,Crash Year,Curbgutterdesc,C Crash,C People,Juris Name Used,Area Type Used,First Harmful Event of Entire Crash,MAINLINE,Time Slicing Used,Phy_Juris_Nm,Offset-Ft,Intersection Analysis,Clear,Calculation_9640323132123359,Day Of Week,Deer Nodeer,Direction Of Travel Cd,Distracted Notdistracted,VSP,TOTAL CRASH,Document Nbr,Driverage,Drivergen,Driverinjurytype,Drivervehiclenumber,Driver Action Type Cd,Driver Airbag Deployment,Driver Alcohol Test Type Cd,Driver Condition Type Cd,Driver Distraction Type Cd,Driver Drinking Type Cd,Driver Drug Use Cd,Driver Ejected From Vehicle,Driver Ems Transport Ind,Driver Fled Scene Ind,Driver Safety Equip Used,Driver Vis Obscured Type Cd,Drowsy Notdrowsy,Drug Nodrug,EMP,End Node,End Node Dsc,End Offset,Facility,FAC,First Crash Event Cd,First Harmful Event,Fourth Crash Event Cd,Functionalclass,FUN,Govcondesc,Gr Nogr,Hitrun Not Hitrun,Initial Veh Impact Area Cd,Injury Crashes,Intersection Type,Int Doc,Jurtype,K_CRASH,K People,LAT (copy),LAT,Leftshoulderwidth,Length,Lgtruck Nonlgtruck,Light Condition,Located Unlocated,LON (copy),LON,MAINLINE (group),Mainline Yn,Medianleftshoulderwidth,Medianrightshoulderwidth,Mediantypedesc,Medianwidthmax,Medianwidthmin,Median Type,Most Harmful Crash Event Cd,Motor Nonmotor,Node,Node Info,Node Totaadt2011,Node Totaadt2012,Node Totaadt2013,Node Totaadt2014,Node Totaadt2015,Numberoflane,Number of Records,Offset,Ownership,Passage,Passgen,Passinjurytype,Passvehiclenumber,Pass Airbag Deployment,Pass Ejected From Vehicle,Pass Ems Transport Ind,Pass Safety Equip Used,Pavementconditionvalue,Pavementroughnessvalue,Pavementwidth,Pdo Crash,Total People Killed & Injured,Pedage,Pedestrians Injured,Pedestrians Killed,Pedgen,Pedinjurytype,Pednumber,Ped Action,Ped Al Test,Ped Cond,Ped Drink,Ped Drug,Ped Nonped,Ped Rflct,Persons Injured,Persons Killed,Physical Juris Nm,PJR,VSP_Used,Rd Type,Relation To Roadway,Rightshoulderwidth,RNS_MP (0.25 mi bin),Rns Mp,Roadway Alignment,Roadway Defect,Roadway Description,Roadway Surface Cond,Roadway Surface Type,Route Or Street Nm,Rte Category Cd,Rte Cat,Rte Nm,Ruralurbandesc,School Zone,Second Crash Event Cd,Segtotaadt2011,Segtotaadt2012,Segtotaadt2013,Segtotaadt2014,Segtotaadt2015,Senior Notsenior,Sidewalkdesc,Speed Before,Speed Max Safe,Speed Notspeed,Speed Posted,Start Node,Start Offset,Summons Issued Cd,Surfacedesc,Third Crash Event Cd,Time Slicing,Total Crashes including Property Damage Only,Total Crash,Traffic Control Type,Trfc Ctrl Status Type,Truckcommr,Vehiclenumber,Vehicle Body Type Cd,Vehicle Make Nm,Vehicle Maneuver Type Cd,Vehicle Model Nm,Vehicle Year Nbr,District,District_Used ,Weather Condition,Work Zone Location,Work Zone Related,Work Zone Type,Young Notyoung
No Access Control,ALCOHOL,Urban,0,0,"N/A, Unknown, or Unstabilized",IS-00264-W(B)/TO 1ST COLONIAL ROAD,Not UNBELTED,38,0,B,1,BIKE,0.11,1,1,,3. Head On,"Not Provided,Not Provided","Not Provided,Not Provided",IS00264W021A,0.163,3,4/25/2013,4/25/2013,22. Bicycle,2118,B.Visiible Injury,2013,None,0,0,Virginia Beach,Urban,22. Bicycle,RAMP,9PM TO 12AM,134.Virginia Beach,37,Intersection,Reset Filters,VDOT_OTHER,Thursday,Not DEER,"North,West",,5,1,131175101,"38,36","0,Male","B,PDO","1,2","28. Driving Without Lights,1. No Improper Action","3. Unavailable/Not Applicable,2. Not Deployed","4. No Test,4. No Test","1. No Defects,1. No Defects","14. No Driver Distraction,14. No Driver Distraction","5. Drinking - Not Known Whether Impaired,1. Had Not Been Drinking","2. No,2. No","3. Totally Ejected,1. Not Ejected","Yes,No","No,No","8. No Restraint Used,3. Lap and Shoulder Belt","1. Not Obscured,1. Not Obscured",,,0,541258,134-00009(B)/134-00009- 000B(U)/FROM & TO ROU,0,4,"4.One-way, part of a one-way system","20,22",1. On Roadway,"0,0",A,A.Urban Interstate,State Primary and Interstate,Not GUARDRAIL,Not HIT_RUN,"3,12",1,2. Two Approaches,131175101,X,0,0,36.846159,36.846159,3,0.06,Not LRTRUCK,5. Darkness - Road Not Lighted,LOCATED,-76.02056,-76.02056,RAMP,NOT_MAIN,0,0,0,0,0,Divided Roadway,"20,22",Not MOTORCYCLE,541258,541258.  IS00264W021A 13400009      13400009,31993,30507,32592,31474,35041,2,1,0.007,VDOT_IS,,,,,,,,,0,0,24,0,1,,0,0,,,,,,,,,Not PED,,1,0,Virginia Beach,134,5,NOT-RD,5. On Entrance/Exit Ramp,5,0.00,0.17,2. Curve - Level,1. No Defects,"4. One-Way, Not Divided",1. Dry,"2. Blacktop, Asphalt, Bituminous",ROUTE 264 EXIT RAMP,ISRMP,IS,R-VA   IS00264WB      RMP021.00A,"Urbanized (Population 200,000 and over)",3. No,"0,0",,,3606,3606,3916,Not SENIOR,None,"5,15","25,25",Not SPEED,"25,25",541053,0.11,"3. Pending,2. No",0,"0,0",9PM TO 12AM,1,1,1. No Traffic Control,6. No Traffic Control Device Present,Not a Parkway - Trucks and Commercial Vehicles Allowed,"1,2","9. Bicycle,1. Passenger car","HUFFY,Cadillac","1. Going Straight Ahead,1. Going Straight Ahead","BEACH CRUISER,SRX",20002007,5,5.Hampton Roads,1. No Adverse Condition (Clear/Cloudy),Not Provided,2. No,Not Provided,Not YOUNG
,Not ALCIHOL,Urban,0,0,,,Not UNBELTED,22,Male,B,2,BIKE,,1,1,,4. Sideswipe - Same Direction,"Not Provided,Not Provided","Not Provided,Not Provided",,,,4/26/2013,4/26/2013,22. Bicycle,1100,B.Visiible Injury,2013,,0,0,Virginia Beach,Urban,22. Bicycle,MAIN,9AM TO 12PM,134.Virginia Beach,,Not Intersection,Reset Filters,VDOT_OTHER,Friday,Not DEER,"North,West",,5,1,131175018,"45,22","0,Male","PDO,B","1,2","11. Did Not Have Right-of-Way,1. No Improper Action","2. Not Deployed,3. Unavailable/Not Applicable","4. No Test,4. No Test","1. No Defects,1. No Defects","14. No Driver Distraction,14. No Driver Distraction","1. Had Not Been Drinking,1. Had Not Been Drinking","Not Applicable,3. Unknown","1. Not Ejected,3. Totally Ejected","No,No","No,No","3. Lap and Shoulder Belt,9. Not Applicable","1. Not Obscured,1. Not Obscured",,,,,,,,,"22,20",1. On Roadway,"0,0",,,,Not GUARDRAIL,Not HIT_RUN,"12,11",1,3. Three Approaches,,C,0,0,36.794515,36.794515,,,Not LRTRUCK,2. Daylight,UNLOCATED,-76.103827,-76.103827,MAINLINE,,,,,,,,"22,20",Not MOTORCYCLE,,.,,,,,,,1,,SEC_URBAN,,,,,,,,,,,,0,1,,0,0,,,,,,,,,Not PED,,1,0,Virginia Beach,134,5,NOT-RD,9. Within Intersection,,,,1. Straight - Level,1. No Defects,"1. Two-Way, Not Divided",1. Dry,"2. Blacktop, Asphalt, Bituminous",1598 LYNNHAVEN PW,UNKWN,SC,U-VA134SC99999UK,,3. No,"0,0",,,,,,Not SENIOR,,"5,2","25,25",Not SPEED,"25,25",,,"1. Yes,2. No",,"0,0",9AM TO 12PM,1,1,4. Stop Sign,1. Yes - Working,,"1,2","2. Truck - Pick-up/Passenger Truck,9. Bicycle","FORD,UNK","2. Making Right Turn,1. Going Straight Ahead","RANGER,BICYCLE",2007,5,5.Hampton Roads,1. No Adverse Condition (Clear/Cloudy),Not Provided,2. No,Not Provided,Not YOUNG
No Access Control,Not ALCIHOL,Urban,0,0,"N/A, Unknown, or Unstabilized",ARAGONA CIRCLE(L)/,Not UNBELTED,26,Male,B,2,BIKE,1.82,1,1,,2. Angle,"Not Provided,Not Provided","Not Provided,Not Provided",13408679,1.859,3,4/26/2013,4/26/2013,20. Motor Vehicle In Transport,710,B.Visiible Injury,2013,Left and Right sides,0,0,Virginia Beach,Urban,20. Motor Vehicle In Transport,MAIN,6AM TO 9AM,134.Virginia Beach,58,Intersection,Reset Filters,VDOT_OTHER,Friday,Not DEER,"North,South",,5,1,131175021,"71,26","0,Male","PDO,B","1,2","12. Following Too Close,1. No Improper Action","2. Not Deployed,2. Not Deployed","Not Applicable,Not Applicable","1. No Defects,1. No Defects","14. No Driver Distraction,14. No Driver Distraction","1. Had Not Been Drinking,1. Had Not Been Drinking","Not Applicable,Not Applicable","1. Not Ejected,3. Totally Ejected","No,No","No,No","3. Lap and Shoulder Belt,5. Helmet","1. Not Obscured,1. Not Obscured",,,2,541368,134-08638(B)/CROSSBOROUGH ROAD(U)/,0,0,"0.Two-way, non-divided","22,21",1. On Roadway,"0,0",I,I.Urban Collector,Other City or Town Streets (not state maintained),Not GUARDRAIL,Not HIT_RUN,"1,12",1,4. Four Approaches,131175021,C,0,0,36.869804,36.869804,0,0.05,Not LRTRUCK,2. Daylight,LOCATED,-76.147507,-76.147507,MAINLINE,MAIN,0,0,0,0,0,Undivided Roadway,"22,20",Not MOTORCYCLE,541368,541368. 13408638      13408638      13408679,20368,19204,19382,18678,18955,2,1,0.011,SEC_URBAN,,,,,,,,,0,0,38,0,1,,0,0,,,,,,,,,Not PED,,1,0,Virginia Beach,134,5,NOT-RD,10. Intersection Related - Within 150 Feet,0,1.75,1.86,1. Straight - Level,1. No Defects,"1. Two-Way, Not Divided",1. Dry,"2. Blacktop, Asphalt, Bituminous",ARAGONA BLVD,URB,UR,R-VA134UR08679NB,"Urbanized (Population 200,000 and over)",3. No,"0,0",6874,5958,6013,5795,6212,SENIOR,Left side,"3,5","25,25",Not SPEED,"25,25",541610,0,"1. Yes,2. No",0,"0,0",6AM TO 9AM,1,1,3. Traffic Signal,1. Yes - Working,Not a Parkway - Trucks and Commercial Vehicles Allowed,"1,2","1. Passenger car,9. Bicycle","CADILLAC,MODONE 4.5","3. Making Left Turn,1. Going Straight Ahead","DEVILLE,TREK",20052013,5,5.Hampton Roads,1. No Adverse Condition (Clear/Cloudy),Not Provided,2. No,Not Provided,Not YOUNG
,Not ALCIHOL,Urban,0,0,,,Not UNBELTED,18,Male,B,1,BIKE,,1,1,,2. Angle,"Not Provided,Not Provided","Not Provided,Not Provided",,,,8/23/2014,8/23/2014,20. Motor Vehicle In Transport,1732,B.Visiible Injury,2014,,0,0,Newport News,Urban,20. Motor Vehicle In Transport,MAIN,3PM TO 6PM,121.Newport News,,Not Intersection,Reset Filters,VDOT_OTHER,Saturday,Not DEER,"North,East",,5,1,142740086,"18,41","Male,Male","B,PDO","1,2","20. Disregarded Officer or Flagger,1. No Improper Action","3. Unavailable/Not Applicable,2. Not Deployed","4. No Test,4. No Test","1. No Defects,1. No Defects","Not Applicable,Not Applicable","1. Had Not Been Drinking,1. Had Not Been Drinking","2. No,2. No","3. Totally Ejected,1. Not Ejected","No,No","No,No","8. No Restraint Used,3. Lap and Shoulder Belt","1. Not Obscured,13. Other",,,,,,,,,"20,19",1. On Roadway,"0,0",,,,Not GUARDRAIL,Not HIT_RUN,"0,1",1,4. Four Approaches,,C,0,0,37.15626,37.15626,,,Not LRTRUCK,2. Daylight,UNLOCATED,-76.55618,-76.55618,MAINLINE,,,,,,,,"20,19",Not MOTORCYCLE,,.,,,,,,,1,,SEC_URBAN,,,,,,,,,,,,0,1,,0,0,,,,,,,,,Not PED,,1,0,Newport News,121,5,NOT-RD,9. Within Intersection,,,,3. Grade - Straight,1. No Defects,"3. Two-Way, Divided, Positive Median Barrier",1. Dry,"2. Blacktop, Asphalt, Bituminous",hickory point blvd,UNKWN,SC,U-VA121SC99999UK,,3. No,"0,0",,,,,,Not SENIOR,,"10,3","0,0",Not SPEED,"45,25",,,"2. No,2. No",,"0,0",3PM TO 6PM,1,1,3. Traffic Signal,1. Yes - Working,,"1,2","9. Bicycle,2. Truck - Pick-up/Passenger Truck",ford,"1. Going Straight Ahead,2. Making Right Turn",f250 super cab,2005,5,5.Hampton Roads,1. No Adverse Condition (Clear/Cloudy),Not Provided,2. No,Not Provided,YOUNG
No Access Control,Not ALCIHOL,Urban,0,0,Bituminous Concrete (Black Base),134-08667(B)/134-08805(U)/(8667-SALEM RD/8805,Not UNBELTED,59,Male,B,2,BIKE,0,1,1,,2. Angle,"Not Provided,Not Provided","Not Provided,Not Provided",13408779,0.786,4,8/24/2014,8/24/2014,22. Bicycle,1950,B.Visiible Injury,2014,None,0,0,Virginia Beach,Urban,22. Bicycle,MAIN,6PM TO 9PM,134.Virginia Beach,"4,150",Intersection,Reset Filters,VDOT_OTHER,Sunday,Not DEER,"North,West",,5,1,142375190,"43,59","Female,Male","PDO,B","1,2","11. Did Not Have Right-of-Way,1. No Improper Action","2. Not Deployed,3. Unavailable/Not Applicable","Not Applicable,Not Applicable","1. No Defects,1. No Defects","14. No Driver Distraction,14. No Driver Distraction","1. Had Not Been Drinking,1. Had Not Been Drinking","2. No,2. No","1. Not Ejected,1. Not Ejected","No,No","No,No","3. Lap and Shoulder Belt,8. No Restraint Used","1. Not Obscured,1. Not Obscured",,,2,541436,134-08667(B)/134-08805(U)/(8667-SALEM RD/8805,1.6,0,"0.Two-way, non-divided","20,22",1. On Roadway,"0,0",H,H.Urban Minor Arterial,Other City or Town Streets (not state maintained),Not GUARDRAIL,Not HIT_RUN,"1,12",1,3. Three Approaches,142375190,C,0,0,36.76543,36.76543,2,1.6,Not LRTRUCK,4. Darkness - Road Lighted,LOCATED,-76.11129,-76.11129,MAINLINE,MAIN,0,0,0,0,0,Undivided Roadway,"20,22",Not MOTORCYCLE,541436,541436. 13408667      13408667      13408779      13408805,16522,15999,16147,15561,16011,2,1,0.786,SEC_URBAN,,,,,,,,,3.7,0,20,0,1,,0,0,,,,,,,,,Not PED,,1,0,Virginia Beach,134,5,NOT-RD,9. Within Intersection,2,0.75,0.77,1. Straight - Level,1. No Defects,"1. Two-Way, Not Divided",1. Dry,"2. Blacktop, Asphalt, Bituminous",4136 DAM NECK RD,URB,UR,R-VA134UR08779NB,"Urbanized (Population 200,000 and over)",1. Yes,"0,0",2172,1849,1866,1798,2219,Not SENIOR,None,"5,1","25,25",Not SPEED,"25,25",541436,0,"2. No,2. No",0,"0,0",6PM TO 9PM,1,1,4. Stop Sign,1. Yes - Working,Not a Parkway - Trucks and Commercial Vehicles Allowed,"1,2","3. Van,9. Bicycle","Honda,DIAMONDBACK","1. Going Straight Ahead,1. Going Straight Ahead","Odyssey,OUTLOOK",20022010,5,5.Hampton Roads,1. No Adverse Condition (Clear/Cloudy),Not Provided,2. No,Not Provided,Not YOUNG
No Access Control,Not ALCIHOL,Urban,0,0,"N/A, Unknown, or Unstabilized",ELKHORN AVE(B)/,Not UNBELTED,19,Female,B,2,BIKE,0.25,1,1,,2. Angle,"Not Provided,Not Provided","Not Provided,Not Provided",12208562,0.25,3,8/25/2014,8/25/2014,22. Bicycle,858,B.Visiible Injury,2014,Left side,0,0,Norfolk,Urban,22. Bicycle,MAIN,6AM TO 9AM,122.Norfolk,"1,320",Intersection,Reset Filters,VDOT_OTHER,Monday,Not DEER,"South,East",,5,1,142375205,"21,19","Male,Female","PDO,B","1,2","11. Did Not Have Right-of-Way,11. Did Not Have Right-of-Way","2. Not Deployed,3. Unavailable/Not Applicable","Not Applicable,Not Applicable","1. No Defects,1. No Defects","14. No Driver Distraction,14. No Driver Distraction","1. Had Not Been Drinking,1. Had Not Been Drinking","2. No,2. No","1. Not Ejected,1. Not Ejected","NotProvided,No","No,No","3. Lap and Shoulder Belt,9. Not Applicable","1. Not Obscured,1. Not Obscured",,,0,485063,BLUESTONE AVE(R)/,0,0,"0.Two-way, non-divided","22,20",1. On Roadway,"0,0",I,I.Urban Collector,Other City or Town Streets (not state maintained),Not GUARDRAIL,Not HIT_RUN,"12,9",1,4. Four Approaches,142375205,C,0,0,36.88328,36.88328,0,0.13,Not LRTRUCK,2. Daylight,LOCATED,-76.30798,-76.30798,MAINLINE,MAIN,0,0,0,0,0,Undivided Roadway,"22,20",Not MOTORCYCLE,485060,485060. 12208562      12208564      12208564,11371,11571,11678,11254,11854,2,1,0.25,SEC_URBAN,,,,,,,,,0,0,26,0,1,,0,0,,,,,,,,,Not PED,,1,0,Norfolk,122,5,NOT-RD,9. Within Intersection,5,0.00,0.25,1. Straight - Level,1. No Defects,"3. Two-Way, Divided, Positive Median Barrier",1. Dry,"2. Blacktop, Asphalt, Bituminous",1400 WEST 43RD STREET,URB,UR,R-VA122UR08562WB,"Urbanized (Population 200,000 and over)",2. Yes - With School Activity,"0,0",10987,11166,11269,10860,10960,Not SENIOR,Left side,"1,1","25,25",Not SPEED,"25,25",485062,0,"Not Provided,Not Provided",0,"0,0",6AM TO 9AM,1,1,14. Ped Crosswalk,1. Yes - Working,Not a Parkway - Trucks and Commercial Vehicles Allowed,"1,2","1. Passenger car,9. Bicycle",Nissan,"2. Making Right Turn,1. Going Straight Ahead",Altima,2005,5,5.Hampton Roads,1. No Adverse Condition (Clear/Cloudy),Not Provided,2. No,Not Provided,YOUNG
No Access Control,Not ALCIHOL,Urban,0,0,"N/A, Unknown, or Unstabilized",PARKER AVE(B)/,Not UNBELTED,19,Female,B,2,BIKE,0.13,1,1,,2. Angle,"Not Provided,Not Provided","Not Provided,Not Provided",12208562,0.248,3,8/25/2014,8/25/2014,22. Bicycle,858,B.Visiible Injury,2014,Left side,0,0,Norfolk,Urban,22. Bicycle,MAIN,6AM TO 9AM,122.Norfolk,"1,309",Intersection,Reset Filters,VDOT_OTHER,Monday,Not DEER,"South,East",,5,1,142480043,"21,19","Male,Female","PDO,B","1,2","11. Did Not Have Right-of-Way,11. Did Not Have Right-of-Way","2. Not Deployed,3. Unavailable/Not Applicable","Not Applicable,Not Applicable","1. No Defects,1. No Defects","14. No Driver Distraction,14. No Driver Distraction","1. Had Not Been Drinking,1. Had Not Been Drinking","2. No,2. No","1. Not Ejected,1. Not Ejected","NotProvided,No","No,No","3. Lap and Shoulder Belt,9. Not Applicable","1. Not Obscured,1. Not Obscured",,,0,485062,ELKHORN AVE(B)/,0,0,"0.Two-way, non-divided","22,20",1. On Roadway,"0,0",I,I.Urban Collector,Other City or Town Streets (not state maintained),Not GUARDRAIL,Not HIT_RUN,"12,9",1,4. Four Approaches,142480043,C,0,0,36.88327,36.88327,0,0.12,Not LRTRUCK,2. Daylight,LOCATED,-76.30801,-76.30801,MAINLINE,MAIN,0,0,0,0,0,Undivided Roadway,"22,20",Not MOTORCYCLE,485060,485060. 12208562      12208564      12208564,11371,11571,11678,11254,11854,2,1,0.248,SEC_URBAN,,,,,,,,,0,0,26,0,1,,0,0,,,,,,,,,Not PED,,1,0,Norfolk,122,5,NOT-RD,9. Within Intersection,5,0.00,0.25,1. Straight - Level,1. No Defects,"3. Two-Way, Divided, Positive Median Barrier",1. Dry,"2. Blacktop, Asphalt, Bituminous",1400 WEST 43RD ST,URB,UR,R-VA122UR08562WB,"Urbanized (Population 200,000 and over)",2. Yes - With School Activity,"0,0",10987,11166,11269,10860,10960,Not SENIOR,Left side,"1,1","25,25",Not SPEED,"25,25",485061,0,"Not Provided,Not Provided",0,"0,0",6AM TO 9AM,1,1,14. Ped Crosswalk,1. Yes - Working,Not a Parkway - Trucks and Commercial Vehicles Allowed,"1,2","1. Passenger car,9. Bicycle",NISSAN,"2. Making Right Turn,1. Going Straight Ahead",ALTIMA,2005,5,5.Hampton Roads,1. No Adverse Condition (Clear/Cloudy),Not Provided,2. No,Not Provided,YOUNG
No Access Control,Not ALCIHOL,Urban,0,0,"N/A, Unknown, or Unstabilized",SR-00403(B)/JB-64-75-122-134/GREENWICH RD,Not UNBELTED,15,Male,PDO,1,BIKE,0,0,0,,3. Head On,"Not Provided,Not Provided","Not Provided,Not Provided",13408819,0.044,3,8/26/2014,8/26/2014,22. Bicycle,1731,PDO.Property Damage Only,2014,Left and Right sides,0,0,Virginia Beach,Urban,22. Bicycle,MAIN,3PM TO 6PM,134.Virginia Beach,232,Intersection,Reset Filters,VDOT_OTHER,Tuesday,Not DEER,"North,West",,5,1,142475218,"15,26","Male,Male","PDO,PDO","1,2","37. Other,1. No Improper Action","3. Unavailable/Not Applicable,2. Not Deployed","Not Applicable,Not Applicable","1. No Defects,1. No Defects","14. No Driver Distraction,14. No Driver Distraction","1. Had Not Been Drinking,1. Had Not Been Drinking","2. No,2. No","3. Totally Ejected,1. Not Ejected","No,No","No,No","8. No Restraint Used,3. Lap and Shoulder Belt","16. Stopped Vehicle(s),16. Stopped Vehicle(s)",,,0,877019,SR-00403(B)/JB-64-75-122-134/GREENWICH RD,0.06,0,"0.Two-way, non-divided","20,22",1. On Roadway,"0,0",I,I.Urban Collector,Other City or Town Streets (not state maintained),Not GUARDRAIL,Not HIT_RUN,"3,12",0,3. Three Approaches,142475218,C,0,0,36.84411,36.84411,0,0.06,Not LRTRUCK,2. Daylight,LOCATED,-76.18367,-76.18367,MAINLINE,MAIN,0,0,0,0,0,Undivided Roadway,"20,22",Not MOTORCYCLE,877019,877019.  SR00403       SR00403      13408819,33471,30904,31189,30057,30048,2,1,0.044,SEC_URBAN,,,,,,,,,0,0,0,1,0,,0,0,,,,,,,,,Not PED,,0,0,Virginia Beach,134,5,NOT-RD,10. Intersection Related - Within 150 Feet,0,0.00,0.00,1. Straight - Level,1. No Defects,"1. Two-Way, Not Divided",1. Dry,"2. Blacktop, Asphalt, Bituminous",5700 BLOCK OF GREENWICH ROAD,URB,UR,R-VA134UR08819EB,"Urbanized (Population 200,000 and over)",3. No,"0,0",6413,5661,5713,5506,6617,Not SENIOR,None,"3,20","35,35",Not SPEED,"35,35",877019,0,"1. Yes,2. No",0,"0,0",3PM TO 6PM,1,1,6. Traffic Lanes Marked,1. Yes - Working,Not a Parkway - Trucks and Commercial Vehicles Allowed,"1,2","9. Bicycle,1. Passenger car","BICYCLE,Honda","15. Other,1. Going Straight Ahead","N/A,Civic",20001999,5,5.Hampton Roads,1. No Adverse Condition (Clear/Cloudy),Not Provided,2. No,Not Provided,YOUNG
No Access Control,Not ALCIHOL,Urban,0,0,Bituminous Concrete (Black Base),FONTANA AVE(R)/,Not UNBELTED,18,Male,B,2,BIKE,0.99,1,1,,2. Angle,"Not Provided,Not Provided","Not Provided,Not Provided",13108645,1.057,4,11/19/2015,11/19/2015,20. Motor Vehicle In Transport,1435,B.Visiible Injury,2015,Left and Right sides,0,0,Chesapeake,Urban,20. Motor Vehicle In Transport,MAIN,12PM TO 3PM,131.Chesapeake,69,Intersection,Reset Filters,VDOT_OTHER,Thursday,Not DEER,"East,North",,5,1,153245259,"33,18","Female,Male","PDO,B","1,2","1. No Improper Action,21. Disregarded Traffic Signal","2. Not Deployed,3. Unavailable/Not Applicable","Not Applicable,Not Applicable","1. No Defects,1. No Defects","14. No Driver Distraction,Not Applicable","Not Applicable,Not Applicable","2. No,2. No","1. Not Ejected,Not Provided","No,Yes","No,No","3. Lap and Shoulder Belt,5. Helmet","1. Not Obscured,Not Applicable",,,1,483826,SR-00407(B)/,0,1,"1.Divided, no control of access","22,20",1. On Roadway,"0,0",I,I.Urban Collector,Other City or Town Streets (not state maintained),Not GUARDRAIL,Not HIT_RUN,"10,12",1,4. Four Approaches,153245259,C,0,0,36.82068,36.82068,0,0.08,Not LRTRUCK,2. Daylight,LOCATED,-76.22648,-76.22648,MAINLINE,MAIN,0,0,Curbed Grass,8,4,Divided Roadway,"22,20",Not MOTORCYCLE,483826,483826.  SR00407       SR00407      13108645      13108645,32271,31556,31735,31206,31827,4,1,0.013,SEC_URBAN,,,,,,,,,0,0,50,0,1,,0,0,,,,,,,,,Not PED,,1,0,Chesapeake,131,5,NOT-RD,9. Within Intersection,0,1.00,1.06,1. Straight - Level,1. No Defects,"3. Two-Way, Divided, Positive Median Barrier",1. Dry,"2. Blacktop, Asphalt, Bituminous",INIDAN RIVER RD,URB,UR,R-VA131UR08645NB,"Urbanized (Population 200,000 and over)",3. No,"0,0",8847,8651,8700,8388,8558,Not SENIOR,Left and Right sides,"5,5",25,Not SPEED,25,484728,0.04,"Not Provided,Not Provided",0,"0,0",12PM TO 3PM,1,1,3. Traffic Signal,1. Yes - Working,Not a Parkway - Trucks and Commercial Vehicles Allowed,"1,2","1. Passenger car,9. Bicycle",LINCOLN,"1. Going Straight Ahead,Not Applicable",LS,2000,5,5.Hampton Roads,1. No Adverse Condition (Clear/Cloudy),Not Provided,2. No,Not Provided,YOUNG
No Access Control,Not ALCIHOL,Urban,0,0,Bituminous Concrete (Black Base),134-08688(B)/,Not UNBELTED,25,Male,B,2,BIKE,18.8,1,1,,2. Angle,"Not Provided,Not Provided","Not Provided,Not Provided",13408669,18.813,4,4/28/2013,4/28/2013,20. Motor Vehicle In Transport,1801,B.Visiible Injury,2013,Left and Right sides,0,0,Virginia Beach,Urban,20. Motor Vehicle In Transport,MAIN,6PM TO 9PM,134.Virginia Beach,"1,125",Intersection,Reset Filters,VDOT_OTHER,Sunday,Not DEER,"East,North",DISTRACTED,5,1,131195223,"54,25","0,Male","PDO,B","1,2","11. Did Not Have Right-of-Way,1. No Improper Action","2. Not Deployed,3. Unavailable/Not Applicable","4. No Test,4. No Test","1. No Defects,1. No Defects","11. Other,14. No Driver Distraction","1. Had Not Been Drinking,1. Had Not Been Drinking","2. No,2. No","1. Not Ejected,1. Not Ejected","No,No","No,No","3. Lap and Shoulder Belt,8. No Restraint Used","1. Not Obscured,1. Not Obscured",,,19,541475,134-08688(B)/,0.42,1,"1.Divided, no control of access","22,20",9. Outside Right-of-Way,"0,0",E,E.Urban Other Principle Arterials; Connecting Links of Other Rural Principal Arterial,Other City or Town Streets (not state maintained),Not GUARDRAIL,Not HIT_RUN,"1,11",1,4. Four Approaches,131195223,C,0,0,36.789049,36.789049,0,0.22,Not LRTRUCK,2. Daylight,LOCATED,-75.997871,-75.997871,MAINLINE,MAIN,0,0,Curbed Grass,24,12,Divided Roadway,"22,20",Not MOTORCYCLE,541475,541475. 13408669      13408669      13408688      13408688,64316,56978,57505,55417,55342,6,1,0.213,SEC_URBAN,,,,,,,,,0,0,76,0,1,,0,0,,,,,,,,,Not PED,,1,0,Virginia Beach,134,5,NOT-RD,"13. Driveway, Alley-Access - Related",0,18.75,18.81,1. Straight - Level,1. No Defects,"1. Two-Way, Not Divided",1. Dry,1. Concrete,GENERAL BOOTH BLVD,URB,UR,R-VA134UR08669NB,"Urbanized (Population 200,000 and over)",3. No,"0,0",56509,44264,44673,43051,45355,Not SENIOR,Left and Right sides,"5,2",,Not SPEED,,541475,0.2,"2. No,2. No",0,"0,0",6PM TO 9PM,1,1,1. No Traffic Control,6. No Traffic Control Device Present,Not a Parkway - Trucks and Commercial Vehicles Allowed,"1,2","1. Passenger car,9. Bicycle",LINCOLN,"2. Making Right Turn,1. Going Straight Ahead",MK T,2010,5,5.Hampton Roads,1. No Adverse Condition (Clear/Cloudy),Not Provided,2. No,Not Provided,Not YOUNG