Access Control,Alcohol Notalcohol,Area Type1,A Crash,A People,Basetypedesc,Begin Node Dsc,Belted Unbelted,Bikeage,Bikegen,Bikeinjurytype,Bikevehiclenumber,Bike Nonbike,BMP,B Crash,B People,Carspeedlimit,Collision Type,Comm Cargo Body Type Cd,Comm Vehicle Body Type Cd,Cotedrouteid,Coted Mp,Count App,CRASH_DT (copy),Crash Dt,Crash Event Type Dsc,Crash Military Tm,Crash Severity,Crash Year,Curbgutterdesc,C Crash,C People,Juris Name Used,Area Type Used,First Harmful Event of Entire Crash,MAINLINE,Time Slicing Used,Phy_Juris_Nm,Offset-Ft,Intersection Analysis,Clear,Calculation_9640323132123359,Day Of Week,Deer Nodeer,Direction Of Travel Cd,Distracted Notdistracted,VSP,TOTAL CRASH,Document Nbr,Driverage,Drivergen,Driverinjurytype,Drivervehiclenumber,Driver Action Type Cd,Driver Airbag Deployment,Driver Alcohol Test Type Cd,Driver Condition Type Cd,Driver Distraction Type Cd,Driver Drinking Type Cd,Driver Drug Use Cd,Driver Ejected From Vehicle,Driver Ems Transport Ind,Driver Fled Scene Ind,Driver Safety Equip Used,Driver Vis Obscured Type Cd,Drowsy Notdrowsy,Drug Nodrug,EMP,End Node,End Node Dsc,End Offset,Facility,FAC,First Crash Event Cd,First Harmful Event,Fourth Crash Event Cd,Functionalclass,FUN,Govcondesc,Gr Nogr,Hitrun Not Hitrun,Initial Veh Impact Area Cd,Injury Crashes,Intersection Type,Int Doc,Jurtype,K_CRASH,K People,LAT (copy),LAT,Leftshoulderwidth,Length,Lgtruck Nonlgtruck,Light Condition,Located Unlocated,LON (copy),LON,MAINLINE (group),Mainline Yn,Medianleftshoulderwidth,Medianrightshoulderwidth,Mediantypedesc,Medianwidthmax,Medianwidthmin,Median Type,Most Harmful Crash Event Cd,Motor Nonmotor,Node,Node Info,Node Totaadt2011,Node Totaadt2012,Node Totaadt2013,Node Totaadt2014,Node Totaadt2015,Numberoflane,Number of Records,Offset,Ownership,Passage,Passgen,Passinjurytype,Passvehiclenumber,Pass Airbag Deployment,Pass Ejected From Vehicle,Pass Ems Transport Ind,Pass Safety Equip Used,Pavementconditionvalue,Pavementroughnessvalue,Pavementwidth,Pdo Crash,Total People Killed & Injured,Pedage,Pedestrians Injured,Pedestrians Killed,Pedgen,Pedinjurytype,Pednumber,Ped Action,Ped Al Test,Ped Cond,Ped Drink,Ped Drug,Ped Nonped,Ped Rflct,Persons Injured,Persons Killed,Physical Juris Nm,PJR,VSP_Used,Rd Type,Relation To Roadway,Rightshoulderwidth,RNS_MP (0.25 mi bin),Rns Mp,Roadway Alignment,Roadway Defect,Roadway Description,Roadway Surface Cond,Roadway Surface Type,Route Or Street Nm,Rte Category Cd,Rte Cat,Rte Nm,Ruralurbandesc,School Zone,Second Crash Event Cd,Segtotaadt2011,Segtotaadt2012,Segtotaadt2013,Segtotaadt2014,Segtotaadt2015,Senior Notsenior,Sidewalkdesc,Speed Before,Speed Max Safe,Speed Notspeed,Speed Posted,Start Node,Start Offset,Summons Issued Cd,Surfacedesc,Third Crash Event Cd,Time Slicing,Total Crashes including Property Damage Only,Total Crash,Traffic Control Type,Trfc Ctrl Status Type,Truckcommr,Vehiclenumber,Vehicle Body Type Cd,Vehicle Make Nm,Vehicle Maneuver Type Cd,Vehicle Model Nm,Vehicle Year Nbr,District,District_Used ,Weather Condition,Work Zone Location,Work Zone Related,Work Zone Type,Young Notyoung
No Access Control,ALCOHOL,Urban,1,1,"N/A, Unknown, or Unstabilized",134-08742(L)/OLD FORGE RD,Not UNBELTED,48,Male,A,2,BIKE,0.63,0,0,,4. Sideswipe - Same Direction,"Not Provided,Not Provided","Not Provided,Not Provided",13400013,0.766,3,5/16/2013,5/16/2013,20. Motor Vehicle In Transport,10,A.Ambulatory Injury,2013,Left and Right sides,0,0,Virginia Beach,Urban,20. Motor Vehicle In Transport,MAIN,0AM TO 3AM,134.Virginia Beach,718,Intersection,Reset Filters,VDOT_OTHER,Thursday,Not DEER,"North,North",,5,1,131445250,"24,48","0,Male","PDO,A","1,2","34. Hit and Run,1. No Improper Action","2. Not Deployed,3. Unavailable/Not Applicable","1. Blood,Not Applicable","1. No Defects,1. No Defects","14. No Driver Distraction,14. No Driver Distraction","3. Drinking - Ability Impaired,1. Had Not Been Drinking","2. No,2. No","1. Not Ejected,1. Not Ejected","No,Yes","Yes,No","3. Lap and Shoulder Belt,8. No Restraint Used","1. Not Obscured,1. Not Obscured",,,1,735003,KINGS POINT ROAD(L)/CLUB HOUSE ROAD(R)/,0,1,"1.Divided, no control of access","22,20",1. On Roadway,"0,0",H,H.Urban Minor Arterial,Other City or Town Streets (not state maintained),Not GUARDRAIL,HIT_RUN,"1,6",1,1. Not at Intersection,131445250,C,0,0,36.824628,36.824628,0,0.2,Not LRTRUCK,4. Darkness - Road Lighted,LOCATED,-76.096578,-76.096578,MAINLINE,MAIN,0,0,Curbed Grass,14,4,Divided Roadway,"22,20",Not MOTORCYCLE,541288,541288. 13400013      13400013      13408742,30232,29429,29701,28623,28233,4,1,0.136,SEC_URBAN,,,,,,,,,0,0,52,0,1,,0,0,,,,,,,,,Not PED,,1,0,Virginia Beach,134,5,NOT-RD,8. Non-Intersection,0,0.75,0.83,1. Straight - Level,1. No Defects,"2. Two-Way, Divided, Unprotected Median",1. Dry,"2. Blacktop, Asphalt, Bituminous",500  S. ROSEMONT  ROAD,URB,UR,R-VA134UR00013NB,"Urbanized (Population 200,000 and over)",3. No,"0,0",29476,28778,29044,27990,27526,Not SENIOR,Left and Right sides,"30,5","35,35",Not SPEED,"35,35",541288,0,"1. Yes,2. No",0,"0,0",0AM TO 3AM,1,1,6. Traffic Lanes Marked,1. Yes - Working,Not a Parkway - Trucks and Commercial Vehicles Allowed,"1,2","1. Passenger car,9. Bicycle","DODGE,TIMBER RIDGE","1. Going Straight Ahead,1. Going Straight Ahead","CHARGER,BICYCLE",20062012,5,5.Hampton Roads,1. No Adverse Condition (Clear/Cloudy),Not Provided,2. No,Not Provided,Not YOUNG
No Access Control,Not ALCIHOL,Urban,0,0,Bituminous Concrete (Black Base),SERVICE RD(B)/,Not UNBELTED,68,Male,B,2,BIKE,0.87,1,1,,2. Angle,"Not Provided,Not Provided","Not Provided,Not Provided",SR00407,1.037,3,12/10/2015,12/10/2015,20. Motor Vehicle In Transport,1025,B.Visiible Injury,2015,Left and Right sides,0,0,Chesapeake,Urban,20. Motor Vehicle In Transport,MAIN,9AM TO 12PM,131.Chesapeake,16,Intersection,Reset Filters,VDOT_OTHER,Thursday,Not DEER,"South,East",,5,1,153445276,68,"Male,Male","PDO,B","1,2","34. Hit and Run,1. No Improper Action","Not Provided,3. Unavailable/Not Applicable","Not Applicable,Not Applicable","9. Unknown,1. No Defects","14. No Driver Distraction,14. No Driver Distraction","6. Unknown,1. Had Not Been Drinking","3. Unknown,2. No","Not Provided,1. Not Ejected","NotProvided,No","Yes,No","Not Provided,8. No Restraint Used","1. Not Obscured,1. Not Obscured",,,1,483823,131-08647(R)/WINGFIELD AVE(L)/WINGFIELD AVE,0,1,"1.Divided, no control of access","22,20",1. On Roadway,"0,0",H,H.Urban Minor Arterial,Urban Extensions - Primary Routes,Not GUARDRAIL,HIT_RUN,"5,2",1,4. Four Approaches,153445276,C,0,0,36.82712,36.82712,0,0.17,Not LRTRUCK,2. Daylight,LOCATED,-76.24611,-76.24611,MAINLINE,MAIN,0,0,Curbed Grass,16,4,Divided Roadway,"22,20",Not MOTORCYCLE,483823,483823.  SR00407       SR00407      13108647,21435,20960,21080,20974,21391,6,1,0.003,PRI_URBAN,,,,,,,,,3.3,0,78,0,1,,0,0,,,,,,,,,Not PED,,1,0,Chesapeake,131,5,NOT-RD,9. Within Intersection,0,1.00,1.04,1. Straight - Level,1. No Defects,"3. Two-Way, Divided, Positive Median Barrier",1. Dry,"2. Blacktop, Asphalt, Bituminous",INDIAN RIVER RD,STPRI,SR,R-VA   SR00407EB,"Urbanized (Population 200,000 and over)",3. No,"0,0",19586,19152,19261,19256,19639,SENIOR,Left and Right sides,5,45,Not SPEED,45,726877,0,"3. Pending,2. No",0,"0,0",9AM TO 12PM,1,1,6. Traffic Lanes Marked,1. Yes - Working,Truck Access System,"1,2","3. Van,9. Bicycle",N/A,"3. Making Left Turn,1. Going Straight Ahead",N/A,2015,5,5.Hampton Roads,1. No Adverse Condition (Clear/Cloudy),Not Provided,2. No,Not Provided,Not YOUNG
No Access Control,Not ALCIHOL,Urban,0,0,Bituminous Concrete (Black Base),147-07052(L)/CARY'S CHAPEL RD,Not UNBELTED,64,Male,B,2,BIKE,3.65,1,1,,2. Angle,"Not Provided,Not Provided","Not Provided,Not Provided",SR00172,3.947,4,9/18/2014,9/18/2014,22. Bicycle,830,B.Visiible Injury,2014,Left and Right sides,0,0,Poquoson,Urban,22. Bicycle,MAIN,6AM TO 9AM,147.Poquoson,227,Intersection,Reset Filters,VDOT_OTHER,Thursday,Not DEER,"East,North",,5,1,142615258,"33,64","Female,Male","PDO,B","1,2","1. No Improper Action,40. Fail to Maintain Proper Control","2. Not Deployed,3. Unavailable/Not Applicable","Not Applicable,Not Applicable","1. No Defects,1. No Defects","14. No Driver Distraction,14. No Driver Distraction","1. Had Not Been Drinking,1. Had Not Been Drinking","2. No,2. No","1. Not Ejected,3. Totally Ejected","No,Yes","No,No","3. Lap and Shoulder Belt,5. Helmet","1. Not Obscured,1. Not Obscured",,,4,672314,SR-00171(B)/,0,0,"0.Two-way, non-divided","20,22",9. Outside Right-of-Way,"0,0",H,H.Urban Minor Arterial,Urban Extensions - Primary Routes,Not GUARDRAIL,Not HIT_RUN,"3,12",1,1. Not at Intersection,142615258,C,0,0,37.12326,37.12326,0,0.34,Not LRTRUCK,2. Daylight,LOCATED,-76.39207,-76.39207,MAINLINE,MAIN,0,0,0,0,0,Undivided Roadway,"22,20",Not MOTORCYCLE,672314,672314.  SR00171       SR00171       SR00172       SR00172,24472,23930,23957,23103,23572,4,1,0.043,PRI_URBAN,,,,,,,,,0,70,64,0,1,,0,0,,,,,,,,,Not PED,,1,0,Poquoson,147,5,NOT-RD,1. Main-Line Roadway,0,3.75,3.95,1. Straight - Level,1. No Defects,"2. Two-Way, Divided, Unprotected Median",1. Dry,1. Concrete,431 WYTHE CREEK RD.,STPRI,SR,R-VA   SR00172SB,"Urbanized (Population 200,000 and over)",3. No,"22,20",12534,12257,12377,11936,12178,Not SENIOR,Left and Right sides,"1,10",,Not SPEED,,672325,0.72,"2. No,2. No",0,"0,0",6AM TO 9AM,1,1,1. No Traffic Control,6. No Traffic Control Device Present,Not a Parkway - Trucks and Commercial Vehicles Allowed,"1,2","1. Passenger car,9. Bicycle","TOYOTA,BICYCLE","2. Making Right Turn,1. Going Straight Ahead","SUV,STREET",2013,5,5.Hampton Roads,1. No Adverse Condition (Clear/Cloudy),Not Provided,2. No,Not Provided,Not YOUNG
No Access Control,Not ALCIHOL,Urban,0,0,Bituminous Concrete (Black Base),JOHN TYLER HWY,UNBELTED,19,Male,B,1,BIKE,51.27,1,1,,16. Other,"Not Provided,Not Provided","Not Provided,Not Provided",SR00005,51.517,3,12/14/2015,12/14/2015,22. Bicycle,1703,B.Visiible Injury,2015,Left and Right sides,0,0,Williamsburg,Urban,22. Bicycle,MAIN,3PM TO 6PM,137.Williamsburg,"3,659",Intersection,Reset Filters,VDOT_OTHER,Monday,Not DEER,"East,East",,5,1,160195060,"19,42","Male,Male","B,PDO","1,2","Not Applicable,1. No Improper Action","3. Unavailable/Not Applicable,2. Not Deployed","Not Applicable,4. No Test","Not Applicable,1. No Defects","Not Applicable,14. No Driver Distraction","Not Applicable,1. Had Not Been Drinking","Not Applicable,2. No","2. Partially Ejected,1. Not Ejected","No,No","No,No","5. Helmet,8. No Restraint Used","Not Applicable,1. Not Obscured",,,52,398747,JOHN TYLER HWY,1.04,0,"0.Two-way, non-divided","20,22",1. On Roadway,"0,0",H,H.Urban Minor Arterial,Urban Extensions - Primary Routes,Not GUARDRAIL,Not HIT_RUN,"1,1",1,3. Three Approaches,160195060,C,0,0,37.26566,37.26566,0,0.48,Not LRTRUCK,4. Darkness - Road Lighted,LOCATED,-76.7181,-76.7181,MAINLINE,MAIN,0,0,0,0,0,Undivided Roadway,"20,22",Not MOTORCYCLE,398745,398745.  SR00005       SR00005      13707075,12163,11894,9446,9110,9294,2,1,0.693,PRI_URBAN,,,,,,,,,0,103,40,0,1,,0,0,,,,,,,,,Not PED,,1,0,Williamsburg,137,5,NOT-RD,10. Intersection Related - Within 150 Feet,0,51.50,51.52,1. Straight - Level,1. No Defects,"1. Two-Way, Not Divided",2. Wet,"2. Blacktop, Asphalt, Bituminous",700 BLOCK JAMESTOWN ROAD,STPRI,SR,R-VA   SR00005WB,"Urbanized (Population 200,000 and over)",3. No,"0,0",12757,12475,9708,9362,9552,Not SENIOR,Right side,"8,30","25,25",SPEED,"25,25",398747,0.56,"1. Yes,2. No",0,"0,0",3PM TO 6PM,1,1,6. Traffic Lanes Marked,1. Yes - Working,Not a Parkway - Trucks and Commercial Vehicles Allowed,"1,2","9. Bicycle,1. Passenger car","UNK,TOYT","3. Making Left Turn,1. Going Straight Ahead","SCHWINN,UNKNOWN",,5,5.Hampton Roads,5. Rain,Not Provided,2. No,Not Provided,YOUNG
,Not ALCIHOL,Urban,1,1,,,Not UNBELTED,4,Female,A,2,BIKE,,0,0,,1. Rear End,"Not Provided,Not Provided","Not Provided,Not Provided",,,,5/18/2013,5/18/2013,22. Bicycle,1540,A.Ambulatory Injury,2013,,0,0,Norfolk,Urban,22. Bicycle,MAIN,3PM TO 6PM,122.Norfolk,,Not Intersection,Reset Filters,VDOT_OTHER,Saturday,Not DEER,"East,South",,5,1,132410189,"23,4","0,Female","PDO,A","1,2","1. No Improper Action,11. Did Not Have Right-of-Way","2. Not Deployed,3. Unavailable/Not Applicable","Not Applicable,Not Applicable","1. No Defects,1. No Defects","Not Applicable,Not Applicable","1. Had Not Been Drinking,1. Had Not Been Drinking","3. Unknown,Not Applicable","1. Not Ejected,3. Totally Ejected","NotProvided,Yes","No,No","3. Lap and Shoulder Belt,9. Not Applicable","1. Not Obscured,1. Not Obscured",,,,,,,,,"22,20",1. On Roadway,"0,0",,,,Not GUARDRAIL,Not HIT_RUN,"8,12",1,1. Not at Intersection,,C,0,0,36.937068,36.937068,,,Not LRTRUCK,2. Daylight,UNLOCATED,-76.243539,-76.243539,MAINLINE,,,,,,,,"22,20",Not MOTORCYCLE,,.,,,,,,,1,,SEC_URBAN,,,,,,,,,,,,0,1,,0,0,,,,,,,,,Not PED,,1,0,Norfolk,122,5,NOT-RD,"13. Driveway, Alley-Access - Related",,,,1. Straight - Level,1. No Defects,"1. Two-Way, Not Divided",1. Dry,"2. Blacktop, Asphalt, Bituminous",1000 BLK DUNE ST,UNKWN,SC,U-VA122SC99999UK,,3. No,"0,0",,,,,,Not SENIOR,,"15,5","25,25",Not SPEED,"25,25",,,"2. No,Not Provided",,"0,0",3PM TO 6PM,1,1,1. No Traffic Control,5. Yes - Missing,,"1,2","22. Truck - Sport Utility Vehicle (SUV),9. Bicycle","JEEP,HUFFY","1. Going Straight Ahead,16. Entering Street From Parking Lot","GRAND CHEROKEE,SPIDER-MAN 16",2000,5,5.Hampton Roads,1. No Adverse Condition (Clear/Cloudy),Not Provided,2. No,Not Provided,Not YOUNG
No Access Control,Not ALCIHOL,Urban,0,0,"N/A, Unknown, or Unstabilized",SR-00279(B)/WOLFSNARE ROAD(U)/WOLFSNARE RD,Not UNBELTED,42,Female,B,2,BIKE,0,1,1,,2. Angle,"Not Provided,Not Provided","Not Provided,Not Provided",13408714,0.003,3,5/19/2013,5/19/2013,22. Bicycle,1042,B.Visiible Injury,2013,Left and Right sides,0,0,Virginia Beach,Urban,22. Bicycle,MAIN,9AM TO 12PM,134.Virginia Beach,16,Intersection,Reset Filters,VDOT_OTHER,Sunday,Not DEER,"West,South",,5,1,131475077,"18,42","0,Female","PDO,B","1,2","21. Disregarded Traffic Signal,1. No Improper Action","2. Not Deployed,3. Unavailable/Not Applicable","Not Applicable,Not Applicable","1. No Defects,1. No Defects","14. No Driver Distraction,14. No Driver Distraction","1. Had Not Been Drinking,1. Had Not Been Drinking","2. No,2. No","1. Not Ejected,Not Provided","NotProvided,Yes","No,No","3. Lap and Shoulder Belt,5. Helmet","1. Not Obscured,1. Not Obscured",,,0,541870,WESTMINISTER LANE(R)/,0,0,"0.Two-way, non-divided","22,20",1. On Roadway,"0,0",I,I.Urban Collector,Other City or Town Streets (not state maintained),Not GUARDRAIL,Not HIT_RUN,"12,9",1,4. Four Approaches,131475077,C,0,0,36.853553,36.853553,0,0.12,Not LRTRUCK,2. Daylight,LOCATED,-76.048377,-76.048377,MAINLINE,MAIN,0,0,0,0,0,Undivided Roadway,"22,20",Not MOTORCYCLE,541224,541224.  SR00279       SR00279      13408714,44857,41082,41461,39956,31035,2,1,0.003,SEC_URBAN,,,,,,,,,3.8,0,46,0,1,,0,0,,,,,,,,,Not PED,,1,0,Virginia Beach,134,5,NOT-RD,9. Within Intersection,0,0.00,0.00,1. Straight - Level,1. No Defects,"2. Two-Way, Divided, Unprotected Median",1. Dry,"2. Blacktop, Asphalt, Bituminous",700 GREATNECK RD N,URB,UR,R-VA134UR08714EB,"Urbanized (Population 200,000 and over)",3. No,"0,0",4615,4287,4327,4170,4010,Not SENIOR,None,"5,5","35,45",Not SPEED,"35,45",541224,0,"1. Yes,2. No",0,"0,0",9AM TO 12PM,1,1,3. Traffic Signal,1. Yes - Working,Not a Parkway - Trucks and Commercial Vehicles Allowed,"1,2","1. Passenger car,9. Bicycle","Oldsmobile,RALLY","2. Making Right Turn,1. Going Straight Ahead","Achieva,COMPETITION",19922011,5,5.Hampton Roads,1. No Adverse Condition (Clear/Cloudy),Not Provided,2. No,Not Provided,YOUNG
No Access Control,Not ALCIHOL,Urban,0,0,Bituminous Concrete (Black Base),134-08723(B)/BIRDNECK RD,Not UNBELTED,28,Male,B,1,BIKE,2.8,1,1,,2. Angle,"Not Provided,Not Provided","Not Provided,Not Provided",C7US00058,2.805,4,9/23/2014,9/23/2014,22. Bicycle,1836,B.Visiible Injury,2014,Left and Right sides,0,1,Virginia Beach,Urban,22. Bicycle,MAIN,6PM TO 9PM,134.Virginia Beach,26,Intersection,Reset Filters,VDOT_OTHER,Tuesday,Not DEER,"South,West",,5,1,142725255,"28,35","Male,Male","B,C","1,2","11. Did Not Have Right-of-Way,1. No Improper Action","3. Unavailable/Not Applicable,2. Not Deployed","4. No Test,4. No Test","1. No Defects,1. No Defects","14. No Driver Distraction,14. No Driver Distraction","1. Had Not Been Drinking,1. Had Not Been Drinking","2. No,2. No","1. Not Ejected,1. Not Ejected","Yes,No","No,No","8. No Restraint Used,3. Lap and Shoulder Belt","1. Not Obscured,1. Not Obscured",,,3,541093,134-08723(B)/BIRDNECK RD,0.1,1,"1.Divided, no control of access","20,22",1. On Roadway,"0,0",H,H.Urban Minor Arterial,Urban Extensions - Primary Routes,Not GUARDRAIL,Not HIT_RUN,"6,11",1,4. Four Approaches,142725255,C,0,0,36.84185,36.84185,0,0.1,Not LRTRUCK,2. Daylight,LOCATED,-75.99592,-75.99592,MAINLINE,MAIN,0,0,Curbed Grass,16,4,Divided Roadway,"20,22",Not MOTORCYCLE,541093,541093. 13408723      13408723     C7US00058     C7US00058,31884,31906,32201,31032,32535,4,1,0.005,PRI_URBAN,,,,,,,,,0,96,54,0,2,,0,0,,,,,,,,,Not PED,,2,0,Virginia Beach,134,5,NOT-RD,1. Main-Line Roadway,0,2.75,2.81,1. Straight - Level,1. No Defects,"3. Two-Way, Divided, Positive Median Barrier",1. Dry,"2. Blacktop, Asphalt, Bituminous",1084-1096 U.S. 58 Business,USPRI,US,R-VA   US00058WBBUS007,"Urbanized (Population 200,000 and over)",3. No,"0,0",12948,11505,11611,11190,10783,Not SENIOR,Left and Right sides,"3,35","35,35",Not SPEED,"35,35",541093,0,"2. No,2. No",0,"0,0",6PM TO 9PM,1,1,3. Traffic Signal,1. Yes - Working,Not a Parkway - Trucks and Commercial Vehicles Allowed,"1,2","9. Bicycle,1. Passenger car","BICYCLE,BMW","6. Merging Into Traffic Lane,1. Going Straight Ahead","TEN SPEED SPORT,325i",2006,5,5.Hampton Roads,1. No Adverse Condition (Clear/Cloudy),Not Provided,2. No,Not Provided,Not YOUNG
No Access Control,ALCOHOL,Urban,0,0,Portland Cement Concrete,121-07010(R)/,Not UNBELTED,63,0,C,1,BIKE,9.36,0,0,,2. Angle,"Not Provided,Not Provided","Not Provided,Not Provided",SR00143,9.504,3,5/21/2013,5/21/2013,22. Bicycle,1406,C.Non-Visible Injury,2013,Left and Right sides,1,1,Newport News,Urban,22. Bicycle,MAIN,12PM TO 3PM,121.Newport News,760,Intersection,Reset Filters,VDOT_OTHER,Tuesday,Not DEER,"South,West",,5,1,132490088,"63,20","0,Female","C,PDO","1,2","37. Other,1. No Improper Action","3. Unavailable/Not Applicable,2. Not Deployed","4. No Test,Not Applicable","1. No Defects,1. No Defects","Not Applicable,Not Applicable","4. Drinking - Ability Not Impaired,1. Had Not Been Drinking","2. No,2. No","3. Totally Ejected,1. Not Ejected","No,No","No,No","8. No Restraint Used,3. Lap and Shoulder Belt","1. Not Obscured,1. Not Obscured",,,10,646112,121-07012(R)/,0,1,"1.Divided, no control of access","20,20","8. Off Roadway, Location Unknown","0,0",E,E.Urban Other Principle Arterials; Connecting Links of Other Rural Principal Arterial,Urban Extensions - Primary Routes,Not GUARDRAIL,Not HIT_RUN,"9,12",1,1. Not at Intersection,132490088,C,0,0,36.99790552,36.99790552,0,0.8,Not LRTRUCK,2. Daylight,LOCATED,-76.43118587,-76.43118587,MAINLINE,MAIN,0,0,Curbed Grass,14,14,Divided Roadway,"20,20",Not MOTORCYCLE,646111,646111.  SR00143       SR00143      12107010,27301,28220,24442,24797,25673,6,1,0.144,PRI_URBAN,,,,,,,,,0,171,0,0,1,,0,0,,,,,,,,,Not PED,,1,0,Newport News,121,5,NOT-RD,8. Non-Intersection,0,9.50,9.52,1. Straight - Level,1. No Defects,"3. Two-Way, Divided, Positive Median Barrier",1. Dry,1. Concrete,5014 JEFFERSON AVE,STPRI,SR,R-VA   SR00143NB,"Urbanized (Population 200,000 and over)",3. No,"0,0",29480,30556,22435,22410,23296,Not SENIOR,Left and Right sides,"3,3","0,0",SPEED,"0,0",646111,0,"2. No,2. No",0,"0,0",12PM TO 3PM,1,1,1. No Traffic Control,6. No Traffic Control Device Present,Not a Parkway - Trucks and Commercial Vehicles Allowed,"1,2","9. Bicycle,1. Passenger car",mazda,"1. Going Straight Ahead,2. Making Right Turn","bicycle,protege",2002,5,5.Hampton Roads,1. No Adverse Condition (Clear/Cloudy),Not Provided,2. No,Not Provided,YOUNG
No Access Control,Not ALCIHOL,Urban,0,0,Bituminous Concrete (Black Base),16TH ST(B)/,Not UNBELTED,25,Male,B,1,BIKE,23.01,1,1,,2. Angle,"Not Provided,Not Provided","Not Provided,Not Provided",13408669,23.053,4,12/15/2015,12/15/2015,22. Bicycle,1915,B.Visiible Injury,2015,Left and Right sides,0,0,Virginia Beach,Urban,22. Bicycle,MAIN,6PM TO 9PM,134.Virginia Beach,143,Intersection,Reset Filters,VDOT_OTHER,Tuesday,Not DEER,"West,South",,5,1,153565385,"25,18","Male,Male","B,PDO","1,2","40. Fail to Maintain Proper Control,1. No Improper Action","3. Unavailable/Not Applicable,2. Not Deployed","Not Applicable,Not Applicable","1. No Defects,1. No Defects","14. No Driver Distraction,14. No Driver Distraction","1. Had Not Been Drinking,1. Had Not Been Drinking","2. No,2. No","1. Not Ejected,1. Not Ejected","No,No","No,No","9. Not Applicable,3. Lap and Shoulder Belt","1. Not Obscured,1. Not Obscured",,,23,541089,US-00060(R)/C7US-00058(L)/Gap Terminus/PACIFI,0,0,"0.Two-way, non-divided","20,22",1. On Roadway,"0,0",H,H.Urban Minor Arterial,Other City or Town Streets (not state maintained),Not GUARDRAIL,Not HIT_RUN,"12,12",1,4. Four Approaches,153565385,C,0,0,36.84492,36.84492,0,0.07,Not LRTRUCK,4. Darkness - Road Lighted,LOCATED,-75.97548,-75.97548,MAINLINE,MAIN,0,0,0,0,0,Undivided Roadway,"20,22",Not MOTORCYCLE,541089,541089.  US00060       US00060      13408669     C7US00058,28916,25846,25964,25266,24156,4,1,0.027,SEC_URBAN,,,,,,,,,0,0,43,0,1,,0,0,,,,,,,,,Not PED,,1,0,Virginia Beach,134,5,NOT-RD,10. Intersection Related - Within 150 Feet,0,23.00,23.07,1. Straight - Level,1. No Defects,"1. Two-Way, Not Divided",1. Dry,"2. Blacktop, Asphalt, Bituminous",1699 PACIFIC AVE,URB,UR,R-VA134UR08669SB,"Urbanized (Population 200,000 and over)",3. No,"0,0",19418,17275,17434,16802,16426,Not SENIOR,Left and Right sides,"5,35","35,35",Not SPEED,"35,35",541499,0,"1. Yes,2. No",0,"0,0",6PM TO 9PM,1,1,3. Traffic Signal,1. Yes - Working,Not a Parkway - Trucks and Commercial Vehicles Allowed,"1,2","9. Bicycle,22. Truck - Sport Utility Vehicle (SUV)",CHEVROLET,"1. Going Straight Ahead,1. Going Straight Ahead","BICYCLE,SUBURBAN",2005,5,5.Hampton Roads,1. No Adverse Condition (Clear/Cloudy),Not Provided,2. No,Not Provided,YOUNG