Access Control,Alcohol Notalcohol,Area Type1,A Crash,A People,Basetypedesc,Begin Node Dsc,Belted Unbelted,Bikeage,Bikegen,Bikeinjurytype,Bikevehiclenumber,Bike Nonbike,BMP,B Crash,B People,Carspeedlimit,Collision Type,Comm Cargo Body Type Cd,Comm Vehicle Body Type Cd,Cotedrouteid,Coted Mp,Count App,CRASH_DT (copy),Crash Dt,Crash Event Type Dsc,Crash Military Tm,Crash Severity,Crash Year,Curbgutterdesc,C Crash,C People,Juris Name Used,Area Type Used,First Harmful Event of Entire Crash,MAINLINE,Time Slicing Used,Phy_Juris_Nm,Offset-Ft,Intersection Analysis,Clear,Calculation_9640323132123359,Day Of Week,Deer Nodeer,Direction Of Travel Cd,Distracted Notdistracted,VSP,TOTAL CRASH,Document Nbr,Driverage,Drivergen,Driverinjurytype,Drivervehiclenumber,Driver Action Type Cd,Driver Airbag Deployment,Driver Alcohol Test Type Cd,Driver Condition Type Cd,Driver Distraction Type Cd,Driver Drinking Type Cd,Driver Drug Use Cd,Driver Ejected From Vehicle,Driver Ems Transport Ind,Driver Fled Scene Ind,Driver Safety Equip Used,Driver Vis Obscured Type Cd,Drowsy Notdrowsy,Drug Nodrug,EMP,End Node,End Node Dsc,End Offset,Facility,FAC,First Crash Event Cd,First Harmful Event,Fourth Crash Event Cd,Functionalclass,FUN,Govcondesc,Gr Nogr,Hitrun Not Hitrun,Initial Veh Impact Area Cd,Injury Crashes,Intersection Type,Int Doc,Jurtype,K_CRASH,K People,LAT (copy),LAT,Leftshoulderwidth,Length,Lgtruck Nonlgtruck,Light Condition,Located Unlocated,LON (copy),LON,MAINLINE (group),Mainline Yn,Medianleftshoulderwidth,Medianrightshoulderwidth,Mediantypedesc,Medianwidthmax,Medianwidthmin,Median Type,Most Harmful Crash Event Cd,Motor Nonmotor,Node,Node Info,Node Totaadt2011,Node Totaadt2012,Node Totaadt2013,Node Totaadt2014,Node Totaadt2015,Numberoflane,Number of Records,Offset,Ownership,Passage,Passgen,Passinjurytype,Passvehiclenumber,Pass Airbag Deployment,Pass Ejected From Vehicle,Pass Ems Transport Ind,Pass Safety Equip Used,Pavementconditionvalue,Pavementroughnessvalue,Pavementwidth,Pdo Crash,Total People Killed & Injured,Pedage,Pedestrians Injured,Pedestrians Killed,Pedgen,Pedinjurytype,Pednumber,Ped Action,Ped Al Test,Ped Cond,Ped Drink,Ped Drug,Ped Nonped,Ped Rflct,Persons Injured,Persons Killed,Physical Juris Nm,PJR,VSP_Used,Rd Type,Relation To Roadway,Rightshoulderwidth,RNS_MP (0.25 mi bin),Rns Mp,Roadway Alignment,Roadway Defect,Roadway Description,Roadway Surface Cond,Roadway Surface Type,Route Or Street Nm,Rte Category Cd,Rte Cat,Rte Nm,Ruralurbandesc,School Zone,Second Crash Event Cd,Segtotaadt2011,Segtotaadt2012,Segtotaadt2013,Segtotaadt2014,Segtotaadt2015,Senior Notsenior,Sidewalkdesc,Speed Before,Speed Max Safe,Speed Notspeed,Speed Posted,Start Node,Start Offset,Summons Issued Cd,Surfacedesc,Third Crash Event Cd,Time Slicing,Total Crashes including Property Damage Only,Total Crash,Traffic Control Type,Trfc Ctrl Status Type,Truckcommr,Vehiclenumber,Vehicle Body Type Cd,Vehicle Make Nm,Vehicle Maneuver Type Cd,Vehicle Model Nm,Vehicle Year Nbr,District,District_Used ,Weather Condition,Work Zone Location,Work Zone Related,Work Zone Type,Young Notyoung
No Access Control,Not ALCIHOL,Urban,0,0,Bituminous Concrete (Black Base),NETTLES DRIVE(R)/,Not UNBELTED,17,Male,C,1,BIKE,0.27,0,0,,2. Angle,"Not Provided,Not Provided","Not Provided,Not Provided",12100004,0.297,4,10/6/2014,10/6/2014,20. Motor Vehicle In Transport,556,C.Non-Visible Injury,2014,Left and Right sides,1,1,Newport News,Urban,20. Motor Vehicle In Transport,MAIN,3AM TO 6AM,121.Newport News,"1,568",Intersection,Reset Filters,VDOT_OTHER,Monday,Not DEER,"West,North",,5,1,143210000,"17,66","Male,Male","C,PDO","1,2","11. Did Not Have Right-of-Way,1. No Improper Action","3. Unavailable/Not Applicable,2. Not Deployed","4. No Test,4. No Test","1. No Defects,1. No Defects","Not Applicable,Not Applicable","1. Had Not Been Drinking,1. Had Not Been Drinking","2. No,2. No","3. Totally Ejected,1. Not Ejected","Yes,No","No,No","8. No Restraint Used,3. Lap and Shoulder Belt","1. Not Obscured,1. Not Obscured",,,0,646387,ARBORETUM WAY(L)/RATCLIFF LANE(R)/,0,1,"1.Divided, no control of access","20,20",1. On Roadway,"0,0",H,H.Urban Minor Arterial,Other City or Town Streets (not state maintained),Not GUARDRAIL,Not HIT_RUN,"12,12",1,4. Four Approaches,143210000,C,0,0,37.10576,37.10576,0,0.08,Not LRTRUCK,6. Darkness - Unknown Road Lighting,LOCATED,-76.50716,-76.50716,MAINLINE,MAIN,0,0,Curbed Grass,14,3,Divided Roadway,"20,20",Not MOTORCYCLE,646052,646052.  US00060       US00060      12100004      12100011,57678,56402,60674,58513,59699,4,1,0.297,SEC_URBAN,,,,,,,,,0,0,54,0,1,,0,0,,,,,,,,,Not PED,,1,0,Newport News,121,5,NOT-RD,9. Within Intersection,0,0.25,0.30,4. Grade - Curve,1. No Defects,"1. Two-Way, Not Divided",1. Dry,"2. Blacktop, Asphalt, Bituminous",NETTLES DR,URB,UR,R-VA121UR00004EB,"Urbanized (Population 200,000 and over)",3. No,"0,0",45422,44417,42804,41279,42116,SENIOR,Left and Right sides,"15,0","45,45",Not SPEED,"45,45",646386,0,"2. No,2. No",0,"0,0",3AM TO 6AM,1,1,3. Traffic Signal,1. Yes - Working,Not a Parkway - Trucks and Commercial Vehicles Allowed,"1,2","9. Bicycle,1. Passenger car",CHRYSLER,"1. Going Straight Ahead,2. Making Right Turn",300,2007,5,5.Hampton Roads,1. No Adverse Condition (Clear/Cloudy),Not Provided,2. No,Not Provided,YOUNG
No Access Control,Not ALCIHOL,Urban,0,0,Bituminous Concrete (Black Base),KING GEORGE DR(L)/,Not UNBELTED,46,0,B,1,BIKE,0.43,1,1,,16. Other,"Not Provided,Not Provided","Not Provided,Not Provided",13408708,0.441,4,5/28/2013,5/28/2013,20. Motor Vehicle In Transport,1145,B.Visiible Injury,2013,Left and Right sides,0,0,Virginia Beach,Urban,20. Motor Vehicle In Transport,MAIN,9AM TO 12PM,134.Virginia Beach,375,Intersection,Reset Filters,VDOT_OTHER,Tuesday,Not DEER,"East,East",,5,1,131495041,"46,42","0,Male","B,PDO","1,2","42. Improper or Unsafe Lane Change,1. No Improper Action","3. Unavailable/Not Applicable,2. Not Deployed","Not Applicable,Not Applicable","1. No Defects,1. No Defects","Not Applicable,Not Applicable","1. Had Not Been Drinking,1. Had Not Been Drinking","2. No,2. No","1. Not Ejected,1. Not Ejected","Yes,No","No,No","8. No Restraint Used,3. Lap and Shoulder Belt","1. Not Obscured,1. Not Obscured",,,1,541784,134-08740(B)/JEANNE ST(U)/,0,0,"0.Two-way, non-divided","20,22",1. On Roadway,"0,0",I,I.Urban Collector,Other City or Town Streets (not state maintained),Not GUARDRAIL,Not HIT_RUN,"7,12",1,1. Not at Intersection,131495041,C,0,0,36.847879,36.847879,0,0.17,Not LRTRUCK,2. Daylight,LOCATED,-76.13543,-76.13543,MAINLINE,MAIN,0,0,0,0,0,Undivided Roadway,"20,22",Not MOTORCYCLE,541203,541203.  SR00225       SR00225      13408708      13408708,56535,56603,56949,55535,55942,2,1,0.071,SEC_URBAN,,,,,,,,,0,0,36,0,1,,0,0,,,,,,,,,Not PED,,1,0,Virginia Beach,134,5,NOT-RD,8. Non-Intersection,0,0.25,0.43,1. Straight - Level,1. No Defects,"1. Two-Way, Not Divided",1. Dry,"2. Blacktop, Asphalt, Bituminous",4500 BLOCK JEANNE STREET,URB,UR,R-VA134UR08708WB,"Urbanized (Population 200,000 and over)",3. No,"0,0",10535,11961,12071,11633,11882,Not SENIOR,Left and Right sides,"10,20","25,25",Not SPEED,"25,25",541783,0,"1. Yes,2. No",0,"0,0",9AM TO 12PM,1,1,6. Traffic Lanes Marked,1. Yes - Working,Not a Parkway - Trucks and Commercial Vehicles Allowed,"1,2","9. Bicycle,3. Van","BIKE,TOYOTA","3. Making Left Turn,1. Going Straight Ahead","BIKE,SIENNA",20052012,5,5.Hampton Roads,1. No Adverse Condition (Clear/Cloudy),Not Provided,2. No,Not Provided,Not YOUNG
No Access Control,Not ALCIHOL,Urban,1,1,Bituminous Concrete (Black Base),134-08709(R)/,Not UNBELTED,33,0,A,1,BIKE,3.92,0,0,,2. Angle,"Not Provided,Not Provided","Not Provided,Not Provided",SR00225,4.165,3,5/29/2013,5/29/2013,20. Motor Vehicle In Transport,1739,A.Ambulatory Injury,2013,Left and Right sides,0,0,Virginia Beach,Urban,20. Motor Vehicle In Transport,MAIN,3PM TO 6PM,134.Virginia Beach,"1,294",Intersection,Reset Filters,VDOT_OTHER,Wednesday,Not DEER,"North,East",,5,1,131505136,"33,46","0,Male","A,PDO","1,2","10. Wrong Side Of Road - Not Overtaking,1. No Improper Action","3. Unavailable/Not Applicable,2. Not Deployed","4. No Test,4. No Test","1. No Defects,1. No Defects","14. No Driver Distraction,14. No Driver Distraction","1. Had Not Been Drinking,1. Had Not Been Drinking","2. No,2. No","1. Not Ejected,1. Not Ejected","Yes,No","No,No","8. No Restraint Used,3. Lap and Shoulder Belt","1. Not Obscured,1. Not Obscured",,,4,541209,134-08709(R)/,0.44,1,"1.Divided, no control of access","20,22",1. On Roadway,"0,0",E,E.Urban Other Principle Arterials; Connecting Links of Other Rural Principal Arterial,Urban Extensions - Primary Routes,Not GUARDRAIL,Not HIT_RUN,"12,2",1,4. Four Approaches,131505136,C,0,0,36.889579,36.889579,0,0.44,Not LRTRUCK,2. Daylight,LOCATED,-76.138106,-76.138106,MAINLINE,MAIN,6,6,Grass/Unprotected,36,36,Divided Roadway,"20,22",Not MOTORCYCLE,541209,541209.  SR00225       SR00225      13408709,44943,41438,41676,40698,38715,4,1,0.245,PRI_URBAN,,,,,,,,,0,113,52,0,1,,0,0,,,,,,,,,Not PED,,1,0,Virginia Beach,134,5,NOT-RD,9. Within Intersection,0,4.00,4.16,1. Straight - Level,1. No Defects,"2. Two-Way, Divided, Unprotected Median",1. Dry,"2. Blacktop, Asphalt, Bituminous",1500 INDEPENDENCE BLVD,STPRI,SR,R-VA   SR00225SB,"Urbanized (Population 200,000 and over)",3. No,"0,0",44376,40919,41152,40193,38179,Not SENIOR,Left side,"5,5","45,45",Not SPEED,"45,45",541209,0,"1. Yes,2. No",0,"0,0",3PM TO 6PM,1,1,4. Stop Sign,1. Yes - Working,Not a Parkway - Trucks and Commercial Vehicles Allowed,"1,2","9. Bicycle,1. Passenger car","BIKE,Honda","1. Going Straight Ahead,2. Making Right Turn","XXXXX,Accord Sdn",19992007,5,5.Hampton Roads,1. No Adverse Condition (Clear/Cloudy),Not Provided,2. No,Not Provided,Not YOUNG
No Access Control,Not ALCIHOL,Urban,0,0,Bituminous Concrete (Black Base),COLON AVE(L)/,Not UNBELTED,18,Female,C,2,BIKE,21.6,0,0,,2. Angle,"Not Provided,Not Provided","Not Provided,Not Provided",SR00168,21.648,4,5/30/2013,5/30/2013,22. Bicycle,1431,C.Non-Visible Injury,2013,Left and Right sides,1,1,Norfolk,Urban,22. Bicycle,MAIN,12PM TO 3PM,122.Norfolk,275,Intersection,Reset Filters,VDOT_OTHER,Thursday,Not DEER,"West,North",DISTRACTED,5,1,132560142,"50,18","0,Female","PDO,C","1,2","11. Did Not Have Right-of-Way,1. No Improper Action","2. Not Deployed,Not Provided","4. No Test,4. No Test","1. No Defects,1. No Defects","11. Other,Not Applicable","1. Had Not Been Drinking,1. Had Not Been Drinking","2. No,2. No","1. Not Ejected,Not Provided","No,Yes","No,No","3. Lap and Shoulder Belt,Not Provided","1. Not Obscured,1. Not Obscured",,,22,483413,SR-00407(R)/122-08590(L)/INDIAN RV RD,0,1,"1.Divided, no control of access","22,20",1. On Roadway,"0,0",E,E.Urban Other Principle Arterials; Connecting Links of Other Rural Principal Arterial,Urban Extensions - Primary Routes,Not GUARDRAIL,Not HIT_RUN,"12,6",1,3. Three Approaches,132560142,C,0,0,36.829514,36.829514,0,0.1,Not LRTRUCK,2. Daylight,LOCATED,-76.261116,-76.261116,MAINLINE,MAIN,0,0,Curbed Grass,16,4,Divided Roadway,"22,20",Not MOTORCYCLE,483413,483413.  SR00168       SR00168       SR00407      12208590,38248,35890,36221,34906,37480,6,1,0.052,PRI_URBAN,,,,,,,,,0,170,78,0,1,,0,0,,,,,,,,,Not PED,,1,0,Norfolk,122,5,NOT-RD,10. Intersection Related - Within 150 Feet,0,21.50,21.65,1. Straight - Level,1. No Defects,"2. Two-Way, Divided, Unprotected Median",1. Dry,"2. Blacktop, Asphalt, Bituminous",1300 CAMPOSTELLA ROAD,STPRI,SR,R-VA   SR00168NB,"Urbanized (Population 200,000 and over)",1. Yes,"0,0",22648,18489,18660,17982,19167,Not SENIOR,Left and Right sides,5,"30,0",Not SPEED,"30,0",724448,0,"1. Yes,2. No",0,"0,0",12PM TO 3PM,1,1,1. No Traffic Control,1. Yes - Working,Not a Parkway - Trucks and Commercial Vehicles Allowed,"1,2","22. Truck - Sport Utility Vehicle (SUV),9. Bicycle",FORD,"2. Making Right Turn,1. Going Straight Ahead",Explorer,2003,5,5.Hampton Roads,1. No Adverse Condition (Clear/Cloudy),Not Provided,2. No,Not Provided,YOUNG
,ALCOHOL,Urban,0,0,,,Not UNBELTED,51,0,C,1,BIKE,,0,0,,2. Angle,"Not Provided,Not Provided","Not Provided,Not Provided",,,,6/1/2013,6/1/2013,22. Bicycle,2035,C.Non-Visible Injury,2013,,1,1,Norfolk,Urban,22. Bicycle,MAIN,6PM TO 9PM,122.Norfolk,,Not Intersection,Reset Filters,VDOT_OTHER,Saturday,Not DEER,"North,East",DISTRACTED,5,1,132560152,"51,50","0,Male","C,PDO","1,2","11. Did Not Have Right-of-Way,1. No Improper Action","3. Unavailable/Not Applicable,2. Not Deployed","4. No Test,4. No Test","1. No Defects,1. No Defects","1. Looking at Roadside Incident,1. Looking at Roadside Incident","4. Drinking - Ability Not Impaired,1. Had Not Been Drinking","Not Applicable,Not Applicable","3. Totally Ejected,1. Not Ejected","Yes,No","No,No","9. Not Applicable,3. Lap and Shoulder Belt","1. Not Obscured,1. Not Obscured",,,,,,,,,"20,22",1. On Roadway,"0,0",,,,Not GUARDRAIL,Not HIT_RUN,"0,0",1,3. Three Approaches,,C,0,0,36.885434,36.885434,,,Not LRTRUCK,3. Dusk,UNLOCATED,-76.244709,-76.244709,MAINLINE,,,,,,,,"20,22",Not MOTORCYCLE,,.,,,,,,,1,,SEC_URBAN,,,,,,,,,,,,0,1,,0,0,,,,,,,,,Not PED,,1,0,Norfolk,122,5,NOT-RD,9. Within Intersection,,,,1. Straight - Level,1. No Defects,"3. Two-Way, Divided, Positive Median Barrier",1. Dry,"2. Blacktop, Asphalt, Bituminous",5700 CHESAPEAKE BLVD,UNKWN,SC,U-VA122SC99999UK,,3. No,"0,0",,,,,,Not SENIOR,,"5,4","35,25",Not SPEED,"35,25",,,"1. Yes,2. No",,"0,0",6PM TO 9PM,1,1,4. Stop Sign,1. Yes - Working,,"1,2","9. Bicycle,1. Passenger car","BICYCLE,DODGE","1. Going Straight Ahead,2. Making Right Turn",INTREPID,1997,5,5.Hampton Roads,1. No Adverse Condition (Clear/Cloudy),Not Provided,2. No,Not Provided,Not YOUNG
No Access Control,Not ALCIHOL,Urban,1,1,"N/A, Unknown, or Unstabilized",114-07049(B)/WOODLAND RD,Not UNBELTED,20,Male,A,2,BIKE,7.04,0,0,,16. Other,"Not Provided,Not Provided","Not Provided,Not Provided",SR00351,7.089,4,10/7/2014,10/7/2014,22. Bicycle,1615,A.Ambulatory Injury,2014,Left and Right sides,0,0,Hampton,Urban,22. Bicycle,MAIN,3PM TO 6PM,114.Hampton,259,Intersection,Reset Filters,VDOT_OTHER,Tuesday,Not DEER,"East,Not Provided",,5,1,142815112,"30,20","Female,Male","PDO,A","1,2","1. No Improper Action,37. Other","2. Not Deployed,3. Unavailable/Not Applicable","Not Applicable,Not Applicable","1. No Defects,1. No Defects","Not Applicable,Not Applicable","1. Had Not Been Drinking,1. Had Not Been Drinking","2. No,2. No","1. Not Ejected,3. Totally Ejected","No,Yes","No,No","3. Lap and Shoulder Belt,8. No Restraint Used","1. Not Obscured,1. Not Obscured",,,8,253169,SHELTON RD(L) GRIMES RD(R)/,0,0,"0.Two-way, non-divided","22,22",2. Shoulder,"0,0",H,H.Urban Minor Arterial,Urban Extensions - Primary Routes,Not GUARDRAIL,Not HIT_RUN,"1,0",1,1. Not at Intersection,142815112,C,0,0,37.03376,37.03376,0,0.52,Not LRTRUCK,2. Daylight,LOCATED,-76.3212,-76.3212,MAINLINE,MAIN,0,0,0,0,0,Undivided Roadway,"22,22",Not MOTORCYCLE,253170,253170.  SR00351       SR00351      11407049      11407049,22262,21770,22446,21647,22085,4,1,0.049,PRI_URBAN,,,,,,,,,0,96,48,0,1,,0,0,,,,,,,,,Not PED,,1,0,Hampton,114,5,NOT-RD,8. Non-Intersection,0,7.00,7.09,1. Straight - Level,1. No Defects,"2. Two-Way, Divided, Unprotected Median",1. Dry,"2. Blacktop, Asphalt, Bituminous",EAST PEMBROKE AVE,STPRI,SR,R-VA   SR00351EB,"Urbanized (Population 200,000 and over)",3. No,"0,0",11437,11184,12305,11867,12107,Not SENIOR,Left and Right sides,"5,5","35,35",Not SPEED,"35,35",253170,0,"2. No,1. Yes",0,"0,0",3PM TO 6PM,1,1,4. Stop Sign,1. Yes - Working,Not a Parkway - Trucks and Commercial Vehicles Allowed,"1,2","3. Van,9. Bicycle",CHRY,"2. Making Right Turn,1. Going Straight Ahead",VAN,2006,5,5.Hampton Roads,1. No Adverse Condition (Clear/Cloudy),Not Provided,2. No,Not Provided,YOUNG
No Access Control,Not ALCIHOL,Urban,0,0,Bituminous Concrete (Black Base),OMOHUNDRO AVE(B)/,Not UNBELTED,33,Female,C,2,BIKE,1.4,0,0,,2. Angle,"Not Provided,Not Provided","Not Provided,Not Provided",12208572,1.468,4,10/8/2014,10/8/2014,22. Bicycle,804,C.Non-Visible Injury,2014,Left and Right sides,1,1,Norfolk,Urban,22. Bicycle,MAIN,6AM TO 9AM,122.Norfolk,11,Intersection,Reset Filters,VDOT_OTHER,Wednesday,Not DEER,"East,South",,5,1,142960046,"38,33","Female,Female","PDO,C","1,2","21. Disregarded Traffic Signal,1. No Improper Action","2. Not Deployed,3. Unavailable/Not Applicable","Not Applicable,Not Applicable","2. Eyesight Defective,1. No Defects","Not Applicable,Not Applicable","1. Had Not Been Drinking,1. Had Not Been Drinking","Not Applicable,Not Applicable","1. Not Ejected,3. Totally Ejected","No,Yes","No,No","3. Lap and Shoulder Belt,5. Helmet","12. Sun or Headlight Glare,1. Not Obscured",,,1,485263,122-08569(B)/21ST ST,0,0,"0.Two-way, non-divided","22,20",1. On Roadway,"0,0",H,H.Urban Minor Arterial,Other City or Town Streets (not state maintained),Not GUARDRAIL,Not HIT_RUN,"12,3",1,4. Four Approaches,142960046,C,0,0,36.86743,36.86743,0,0.07,Not LRTRUCK,2. Daylight,LOCATED,-76.28524,-76.28524,MAINLINE,MAIN,0,0,0,0,0,Undivided Roadway,"22,20",Not MOTORCYCLE,485263,485263. 12208569      12208569      12208572      12208572,18476,18493,18501,18169,15767,2,1,0.002,SEC_URBAN,,,,,,,,,0,0,48,0,1,,0,0,,,,,,,,,Not PED,,1,0,Norfolk,122,5,NOT-RD,9. Within Intersection,0,1.25,1.47,1. Straight - Level,1. No Defects,"2. Two-Way, Divided, Unprotected Median",1. Dry,"2. Blacktop, Asphalt, Bituminous",100 BLK 21ST ST,URB,UR,R-VA122UR08572EB,"Urbanized (Population 200,000 and over)",3. No,"0,0",9475,9667,9756,9402,8770,Not SENIOR,Left and Right sides,"15,2","25,25",Not SPEED,"25,25",485286,0,"1. Yes,Not Provided",0,"0,0",6AM TO 9AM,1,1,3. Traffic Signal,1. Yes - Working,Not a Parkway - Trucks and Commercial Vehicles Allowed,"1,2","1. Passenger car,9. Bicycle","GMC,PHAT CYCLE","1. Going Straight Ahead,3. Making Left Turn","YURON,SEACREST",2002,5,5.Hampton Roads,1. No Adverse Condition (Clear/Cloudy),Not Provided,2. No,Not Provided,Not YOUNG
No Access Control,Not ALCIHOL,Urban,1,1,Dual Type,122-08626(R)/THOLE ST,Not UNBELTED,43,Male,A,2,BIKE,403.41,0,0,,2. Angle,"Not Provided,Not Provided","Not Provided,Not Provided",US00460,403.508,3,12/31/2015,12/31/2015,20. Motor Vehicle In Transport,1455,A.Ambulatory Injury,2015,Left and Right sides,0,0,Norfolk,Urban,20. Motor Vehicle In Transport,MAIN,12PM TO 3PM,122.Norfolk,517,Intersection,Reset Filters,VDOT_OTHER,Thursday,Not DEER,"West,South",,5,1,160320207,"57,43","Male,Male","PDO,A","1,2","11. Did Not Have Right-of-Way,1. No Improper Action","2. Not Deployed,3. Unavailable/Not Applicable","Not Applicable,Not Applicable","1. No Defects,1. No Defects","Not Applicable,Not Applicable","1. Had Not Been Drinking,1. Had Not Been Drinking","2. No,2. No","1. Not Ejected,1. Not Ejected","No,Yes","No,No","3. Lap and Shoulder Belt,5. Helmet","1. Not Obscured,1. Not Obscured",,,404,483746,122-08625(R)/SUBURBAN PKWY,0,1,"1.Divided, no control of access","22,20",1. On Roadway,"0,0",E,E.Urban Other Principle Arterials; Connecting Links of Other Rural Principal Arterial,Urban Extensions - Primary Routes,Not GUARDRAIL,Not HIT_RUN,"4,12",1,3. Three Approaches,160320207,C,0,0,36.90877,36.90877,0,0.25,Not LRTRUCK,2. Daylight,LOCATED,-76.27541,-76.27541,MAINLINE,MAIN,0,0,Curbed Grass,48,48,Divided Roadway,"22,20",Not MOTORCYCLE,483747,483747.  US00460       US00460      12208626,37055,37537,37883,36509,34750,6,1,0.098,PRI_URBAN,,,,,,,,,0,200,66,0,1,,0,0,,,,,,,,,Not PED,,1,0,Norfolk,122,5,NOT-RD,9. Within Intersection,0,403.50,403.51,1. Straight - Level,1. No Defects,"3. Two-Way, Divided, Positive Median Barrier",2. Wet,1. Concrete,7200 GRANBY ST.,USPRI,US,R-VA   US00460WB,"Urbanized (Population 200,000 and over)",3. No,"0,0",28543,31771,32064,30901,28425,Not SENIOR,None,"10,25","0,35",Not SPEED,"35,35",483747,0,"1. Yes,2. No",0,"0,0",12PM TO 3PM,1,1,6. Traffic Lanes Marked,1. Yes - Working,Not a Parkway - Trucks and Commercial Vehicles Allowed,"1,2","2. Truck - Pick-up/Passenger Truck,9. Bicycle","FORD,TREK","4. Making U-Turn,1. Going Straight Ahead","F-150,MADONE 6.5",2006,5,5.Hampton Roads,4. Mist,Not Provided,2. No,Not Provided,Not YOUNG
No Access Control,Not ALCIHOL,Urban,0,0,Bituminous Concrete (Black Base),BOLD RULER DR(R)/,Not UNBELTED,23,Male,B,2,BIKE,5.86,1,1,,1. Rear End,"Not Provided,Not Provided","Not Provided,Not Provided",13408688,5.94,4,6/3/2013,6/3/2013,22. Bicycle,615,B.Visiible Injury,2013,Left and Right sides,0,0,Virginia Beach,Urban,22. Bicycle,MAIN,6AM TO 9AM,134.Virginia Beach,"7,603",Intersection,Reset Filters,VDOT_OTHER,Monday,Not DEER,"East,East",,5,1,131565356,"23,23","0,Male","PDO,B","1,2","34. Hit and Run,1. No Improper Action","2. Not Deployed,3. Unavailable/Not Applicable","Not Applicable,Not Applicable","9. Unknown,1. No Defects","Not Applicable,14. No Driver Distraction","6. Unknown,1. Had Not Been Drinking","3. Unknown,2. No","1. Not Ejected,3. Totally Ejected","NotProvided,Yes","Yes,No","3. Lap and Shoulder Belt,5. Helmet","1. Not Obscured,1. Not Obscured",,,6,541688,BOLD RULER DR(R)/,0.56,1,"1.Divided, no control of access","22,20",1. On Roadway,"0,0",I,I.Urban Collector,Other City or Town Streets (not state maintained),Not GUARDRAIL,HIT_RUN,"1,3",1,1. Not at Intersection,131565356,C,0,0,36.785085,36.785085,0,0.56,Not LRTRUCK,2. Daylight,LOCATED,-75.973357,-75.973357,MAINLINE,MAIN,0,0,Curbed Grass,14,4,Divided Roadway,"22,20",Not MOTORCYCLE,541475,541475. 13408669      13408669      13408688      13408688,64316,56978,57505,55417,55342,4,1,1.44,SEC_URBAN,,,,,,,,,0,0,54,0,1,,0,0,,,,,,,,,Not PED,,1,0,Virginia Beach,134,5,NOT-RD,8. Non-Intersection,0,5.75,5.94,1. Straight - Level,1. No Defects,"2. Two-Way, Divided, Unprotected Median",1. Dry,"2. Blacktop, Asphalt, Bituminous",500 DAM NECK ROAD,URB,UR,R-VA134UR08688WB,"Urbanized (Population 200,000 and over)",3. No,"0,0",17204,16861,17017,16399,14538,Not SENIOR,Left and Right sides,25,"45,45",Not SPEED,"45,45",541688,0,"1. Yes,2. No",0,"0,0",6AM TO 9AM,1,1,6. Traffic Lanes Marked,1. Yes - Working,Not a Parkway - Trucks and Commercial Vehicles Allowed,"1,2","1. Passenger car,9. Bicycle","BMW,UNK","1. Going Straight Ahead,1. Going Straight Ahead","525i,BICYCLE",2007,5,5.Hampton Roads,1. No Adverse Condition (Clear/Cloudy),Not Provided,2. No,Not Provided,Not YOUNG
No Access Control,Not ALCIHOL,Urban,0,0,"N/A, Unknown, or Unstabilized",134-08681(B)/LOOKOUT RD/8681,Not UNBELTED,50,0,B,1,BIKE,0,1,1,,2. Angle,"Not Provided,15. Other Cargo Body (Not Listed Above)","Not Provided,5. Single Unit Truck (2 Axles, 6 Tires)",13408705,0.037,3,6/5/2013,6/5/2013,22. Bicycle,1045,B.Visiible Injury,2013,Left and Right sides,0,0,Virginia Beach,Urban,22. Bicycle,MAIN,9AM TO 12PM,134.Virginia Beach,195,Intersection,Reset Filters,VDOT_OTHER,Wednesday,Not DEER,"East,East",,5,1,131575096,"50,69","0,Male","B,PDO","1,2","37. Other,37. Other","3. Unavailable/Not Applicable,2. Not Deployed","Not Applicable,Not Applicable","8. Other,8. Other","14. No Driver Distraction,14. No Driver Distraction","Not Applicable,Not Applicable","Not Applicable,Not Applicable","2. Partially Ejected,1. Not Ejected","Yes,No","No,No","5. Helmet,3. Lap and Shoulder Belt","12. Sun or Headlight Glare,12. Sun or Headlight Glare",,,0,541755,HOOK LANE(L)/,0,1,"1.Divided, no control of access","20,22",1. On Roadway,"0,0",I,I.Urban Collector,Other City or Town Streets (not state maintained),Not GUARDRAIL,Not HIT_RUN,"12,6",1,3. Three Approaches,131575096,C,0,0,36.897726,36.897726,0,0.11,LRTRUCK,2. Daylight,LOCATED,-76.137484,-76.137484,MAINLINE,MAIN,0,0,0,0,0,Divided Roadway,"20,22",Not MOTORCYCLE,541622,541622. 13408681      13408681      13408705,17123,16119,16268,15677,15739,4,1,0.037,SEC_URBAN,,,,,,,,,0,0,57,0,1,,0,0,,,,,,,,,Not PED,,1,0,Virginia Beach,134,5,NOT-RD,10. Intersection Related - Within 150 Feet,0,0.00,0.04,2. Curve - Level,1. No Defects,"1. Two-Way, Not Divided",1. Dry,"2. Blacktop, Asphalt, Bituminous",4899 FIRST COURT RD,URB,UR,R-VA134UR08705EB,"Urbanized (Population 200,000 and over)",3. No,"0,0",7779,7872,7945,7656,7553,SENIOR,Left side,"5,0","35,35",Not SPEED,"35,35",541622,0,"2. No,2. No",0,"0,0",9AM TO 12PM,1,1,6. Traffic Lanes Marked,6. No Traffic Control Device Present,Not a Parkway - Trucks and Commercial Vehicles Allowed,"1,2","9. Bicycle,4. Truck - Single Unit Truck (2-Axles)","SPECIALIZED BIK,ISUZU","1. Going Straight Ahead,8. Stopped in Traffic Lane","BICYCLE,NPR",20112004,5,5.Hampton Roads,1. No Adverse Condition (Clear/Cloudy),Not Provided,2. No,Not Provided,Not YOUNG