Access Control,Alcohol Notalcohol,Area Type1,A Crash,A People,Basetypedesc,Begin Node Dsc,Belted Unbelted,Bikeage,Bikegen,Bikeinjurytype,Bikevehiclenumber,Bike Nonbike,BMP,B Crash,B People,Carspeedlimit,Collision Type,Comm Cargo Body Type Cd,Comm Vehicle Body Type Cd,Cotedrouteid,Coted Mp,Count App,CRASH_DT (copy),Crash Dt,Crash Event Type Dsc,Crash Military Tm,Crash Severity,Crash Year,Curbgutterdesc,C Crash,C People,Juris Name Used,Area Type Used,First Harmful Event of Entire Crash,MAINLINE,Time Slicing Used,Phy_Juris_Nm,Offset-Ft,Intersection Analysis,Clear,Calculation_9640323132123359,Day Of Week,Deer Nodeer,Direction Of Travel Cd,Distracted Notdistracted,VSP,TOTAL CRASH,Document Nbr,Driverage,Drivergen,Driverinjurytype,Drivervehiclenumber,Driver Action Type Cd,Driver Airbag Deployment,Driver Alcohol Test Type Cd,Driver Condition Type Cd,Driver Distraction Type Cd,Driver Drinking Type Cd,Driver Drug Use Cd,Driver Ejected From Vehicle,Driver Ems Transport Ind,Driver Fled Scene Ind,Driver Safety Equip Used,Driver Vis Obscured Type Cd,Drowsy Notdrowsy,Drug Nodrug,EMP,End Node,End Node Dsc,End Offset,Facility,FAC,First Crash Event Cd,First Harmful Event,Fourth Crash Event Cd,Functionalclass,FUN,Govcondesc,Gr Nogr,Hitrun Not Hitrun,Initial Veh Impact Area Cd,Injury Crashes,Intersection Type,Int Doc,Jurtype,K_CRASH,K People,LAT (copy),LAT,Leftshoulderwidth,Length,Lgtruck Nonlgtruck,Light Condition,Located Unlocated,LON (copy),LON,MAINLINE (group),Mainline Yn,Medianleftshoulderwidth,Medianrightshoulderwidth,Mediantypedesc,Medianwidthmax,Medianwidthmin,Median Type,Most Harmful Crash Event Cd,Motor Nonmotor,Node,Node Info,Node Totaadt2011,Node Totaadt2012,Node Totaadt2013,Node Totaadt2014,Node Totaadt2015,Numberoflane,Number of Records,Offset,Ownership,Passage,Passgen,Passinjurytype,Passvehiclenumber,Pass Airbag Deployment,Pass Ejected From Vehicle,Pass Ems Transport Ind,Pass Safety Equip Used,Pavementconditionvalue,Pavementroughnessvalue,Pavementwidth,Pdo Crash,Total People Killed & Injured,Pedage,Pedestrians Injured,Pedestrians Killed,Pedgen,Pedinjurytype,Pednumber,Ped Action,Ped Al Test,Ped Cond,Ped Drink,Ped Drug,Ped Nonped,Ped Rflct,Persons Injured,Persons Killed,Physical Juris Nm,PJR,VSP_Used,Rd Type,Relation To Roadway,Rightshoulderwidth,RNS_MP (0.25 mi bin),Rns Mp,Roadway Alignment,Roadway Defect,Roadway Description,Roadway Surface Cond,Roadway Surface Type,Route Or Street Nm,Rte Category Cd,Rte Cat,Rte Nm,Ruralurbandesc,School Zone,Second Crash Event Cd,Segtotaadt2011,Segtotaadt2012,Segtotaadt2013,Segtotaadt2014,Segtotaadt2015,Senior Notsenior,Sidewalkdesc,Speed Before,Speed Max Safe,Speed Notspeed,Speed Posted,Start Node,Start Offset,Summons Issued Cd,Surfacedesc,Third Crash Event Cd,Time Slicing,Total Crashes including Property Damage Only,Total Crash,Traffic Control Type,Trfc Ctrl Status Type,Truckcommr,Vehiclenumber,Vehicle Body Type Cd,Vehicle Make Nm,Vehicle Maneuver Type Cd,Vehicle Model Nm,Vehicle Year Nbr,District,District_Used ,Weather Condition,Work Zone Location,Work Zone Related,Work Zone Type,Young Notyoung
No Access Control,Not ALCIHOL,Urban,0,0,Bituminous Concrete (Black Base),134-08709(L)/FIVE FORKS RD,Not UNBELTED,14,Male,B,2,BIKE,3.76,1,1,,2. Angle,"Not Provided,Not Provided","Not Provided,Not Provided",SR00225,3.76,3,10/9/2014,10/9/2014,22. Bicycle,1630,B.Visiible Injury,2014,Left and Right sides,0,1,Virginia Beach,Urban,22. Bicycle,MAIN,3PM TO 6PM,134.Virginia Beach,0,Intersection,Reset Filters,VDOT_OTHER,Thursday,Not DEER,"North,North",,5,1,142965224,"51,14","Male,Male","C,B","1,2","1. No Improper Action,22. Disregarded Stop or Yield Sign","2. Not Deployed,3. Unavailable/Not Applicable","Not Applicable,Not Applicable","1. No Defects,1. No Defects","14. No Driver Distraction,14. No Driver Distraction","1. Had Not Been Drinking,1. Had Not Been Drinking","Not Applicable,Not Applicable","1. Not Ejected,Not Provided","No,Yes","No,No","3. Lap and Shoulder Belt,5. Helmet","1. Not Obscured,1. Not Obscured",,,4,541209,134-08709(R)/,0,1,"1.Divided, no control of access","22,20",1. On Roadway,"0,0",E,E.Urban Other Principle Arterials; Connecting Links of Other Rural Principal Arterial,Urban Extensions - Primary Routes,Not GUARDRAIL,Not HIT_RUN,"12,11",1,4. Four Approaches,142965224,C,0,0,36.88405,36.88405,0,0.16,Not LRTRUCK,2. Daylight,LOCATED,-76.13465,-76.13465,MAINLINE,MAIN,6,6,Grass/Unprotected,36,36,Divided Roadway,"22,20",Not MOTORCYCLE,541208,541208.  SR00225       SR00225      13408709,45102,41677,41917,40930,38844,4,1,0,PRI_URBAN,,,,,,,,,0,113,52,0,2,,0,0,,,,,,,,,Not PED,,2,0,Virginia Beach,134,5,NOT-RD,9. Within Intersection,0,3.75,3.76,1. Straight - Level,1. No Defects,"2. Two-Way, Divided, Unprotected Median",1. Dry,"2. Blacktop, Asphalt, Bituminous",1400 INDEPENDENCE BL,STPRI,SR,R-VA   SR00225NB,"Urbanized (Population 200,000 and over)",3. No,"0,0",44376,40919,41152,40193,38179,Not SENIOR,Left side,"10,1",25,Not SPEED,25,541208,0,"2. No,2. No",0,"0,0",3PM TO 6PM,1,1,3. Traffic Signal,1. Yes - Working,Not a Parkway - Trucks and Commercial Vehicles Allowed,"1,2","22. Truck - Sport Utility Vehicle (SUV),9. Bicycle","Jeep,BICYCLE","2. Making Right Turn,15. Other","Wrangler,BICYCLE",2005,5,5.Hampton Roads,1. No Adverse Condition (Clear/Cloudy),Not Provided,2. No,Not Provided,Not YOUNG
No Access Control,Not ALCIHOL,Urban,0,0,Bituminous Concrete (Black Base),US-00058(B)/134-08685(U)/GR NECK RD,Not UNBELTED,26,Male,B,2,BIKE,0,1,1,,2. Angle,"Not Provided,Not Provided","Not Provided,Not Provided",SR00279,0.011,4,10/10/2014,10/10/2014,22. Bicycle,2208,B.Visiible Injury,2014,Left and Right sides,0,1,Virginia Beach,Urban,22. Bicycle,MAIN,9PM TO 12AM,134.Virginia Beach,58,Intersection,Reset Filters,VDOT_OTHER,Friday,Not DEER,"South,East",,5,1,142885008,"25,26","Male,Male","C,B","1,2","11. Did Not Have Right-of-Way,1. No Improper Action","2. Not Deployed,3. Unavailable/Not Applicable","4. No Test,4. No Test","1. No Defects,1. No Defects","Not Applicable,Not Applicable","Not Applicable,Not Applicable","2. No,2. No","1. Not Ejected,3. Totally Ejected","No,Yes","No,No","3. Lap and Shoulder Belt,8. No Restraint Used","1. Not Obscured,1. Not Obscured",,,0,541221,RUSTWOOD LANE(R)/,0,1,"1.Divided, no control of access","22,20",1. On Roadway,"0,0",H,H.Urban Minor Arterial,Urban Extensions - Primary Routes,Not GUARDRAIL,Not HIT_RUN,"12,9",1,4. Four Approaches,142885008,C,0,0,36.84187,36.84187,0,0.26,Not LRTRUCK,4. Darkness - Road Lighted,LOCATED,-76.04843,-76.04843,MAINLINE,MAIN,0,0,Curbed Grass,16,4,Divided Roadway,"22,20",Not MOTORCYCLE,541073,541073.  SR00279       US00058       US00058      13408685,72812,72157,72823,70180,68463,4,1,0.011,PRI_URBAN,,,,,,,,,0,0,76,0,2,,0,0,,,,,,,,,Not PED,,2,0,Virginia Beach,134,5,NOT-RD,9. Within Intersection,0,0.00,0.02,1. Straight - Level,1. No Defects,"2. Two-Way, Divided, Unprotected Median",1. Dry,"2. Blacktop, Asphalt, Bituminous",GREAT NECK RD N,STPRI,SR,R-VA   SR00279SB,"Urbanized (Population 200,000 and over)",3. No,"0,0",42549,38938,39297,37871,29030,Not SENIOR,Left and Right sides,"10,15","35,35",Not SPEED,"35,35",541073,0,"1. Yes,2. No",0,"0,0",9PM TO 12AM,1,1,3. Traffic Signal,1. Yes - Working,Not a Parkway - Trucks and Commercial Vehicles Allowed,"1,2","1. Passenger car,9. Bicycle",Buick,"2. Making Right Turn,1. Going Straight Ahead","Century,BICYCLE",1999,5,5.Hampton Roads,1. No Adverse Condition (Clear/Cloudy),Not Provided,2. No,Not Provided,Not YOUNG
No Access Control,Not ALCIHOL,Urban,0,0,Bituminous Concrete (Black Base),DILLARD ST(R)/,Not UNBELTED,20,Female,B,2,BIKE,0.84,1,1,,2. Angle,"Not Provided,Not Provided","Not Provided,Not Provided",13707075,0.845,4,10/10/2014,10/10/2014,20. Motor Vehicle In Transport,1515,B.Visiible Injury,2014,Left and Right sides,0,0,Williamsburg,Urban,20. Motor Vehicle In Transport,MAIN,3PM TO 6PM,137.Williamsburg,"2,508",Intersection,Reset Filters,VDOT_OTHER,Friday,Not DEER,"East,West",,5,1,142835390,"28,20","Female,Female","PDO,B","1,2","11. Did Not Have Right-of-Way,1. No Improper Action","2. Not Deployed,3. Unavailable/Not Applicable","Not Applicable,Not Applicable","1. No Defects,1. No Defects","14. No Driver Distraction,14. No Driver Distraction","1. Had Not Been Drinking,1. Had Not Been Drinking","2. No,2. No","1. Not Ejected,1. Not Ejected","No,No","No,No","3. Lap and Shoulder Belt,8. No Restraint Used","1. Not Obscured,1. Not Obscured",,,1,398843,NELSON AVE(L)/,0,0,"0.Two-way, non-divided","22,20",1. On Roadway,"0,0",H,H.Urban Minor Arterial,Other City or Town Streets (not state maintained),Not GUARDRAIL,Not HIT_RUN,"1,12",1,3. Three Approaches,142835390,C,0,0,37.27652,37.27652,0,0.03,Not LRTRUCK,2. Daylight,LOCATED,-76.7154,-76.7154,MAINLINE,MAIN,0,0,0,0,0,Undivided Roadway,"22,20",Not MOTORCYCLE,398813,398813. 13707075      13707075      13707077      13707083,27434,26827,25596,24685,25185,2,1,0.475,SEC_URBAN,,,,,,,,,0,0,50,0,1,,0,0,,,,,,,,,Not PED,,1,0,Williamsburg,137,5,NOT-RD,9. Within Intersection,0,0.75,0.85,1. Straight - Level,1. No Defects,"1. Two-Way, Not Divided",1. Dry,"2. Blacktop, Asphalt, Bituminous",RICHMOND RD,URB,UR,R-VA137UR07075EB,"Urbanized (Population 200,000 and over)",3. No,"0,0",12956,12669,10055,9697,9893,Not SENIOR,Left and Right sides,"2,10","0,10",Not SPEED,"25,25",398842,0,"1. Yes,2. No",0,"0,0",3PM TO 6PM,1,1,4. Stop Sign,1. Yes - Working,Not a Parkway - Trucks and Commercial Vehicles Allowed,"1,2","3. Van,9. Bicycle","GMC,HUFFY","2. Making Right Turn,1. Going Straight Ahead","SAVANA,SCORPIO PACIFIC",2012,5,5.Hampton Roads,1. No Adverse Condition (Clear/Cloudy),Not Provided,2. No,Not Provided,YOUNG
No Access Control,Not ALCIHOL,Urban,0,0,Bituminous Concrete (Black Base),SR-00190(B)/MORAINE CT(U)/,Not UNBELTED,53,Male,B,1,BIKE,0,1,1,,2. Angle,"Not Provided,Not Provided","Not Provided,Not Provided",13408683,0.011,3,10/10/2014,10/10/2014,20. Motor Vehicle In Transport,1731,B.Visiible Injury,2014,Left and Right sides,0,1,Virginia Beach,Urban,20. Motor Vehicle In Transport,MAIN,3PM TO 6PM,134.Virginia Beach,58,Intersection,Reset Filters,VDOT_OTHER,Friday,Not DEER,"East,South",,5,1,142845186,"53,90","Male,Male","B,C","1,2","11. Did Not Have Right-of-Way,1. No Improper Action","3. Unavailable/Not Applicable,2. Not Deployed","4. No Test,4. No Test","1. No Defects,1. No Defects","14. No Driver Distraction,14. No Driver Distraction","1. Had Not Been Drinking,1. Had Not Been Drinking","Not Applicable,Not Applicable","1. Not Ejected,1. Not Ejected","Yes,No","No,No","8. No Restraint Used,3. Lap and Shoulder Belt","1. Not Obscured,1. Not Obscured",,,0,541192,134-08678(R)/WITCHDUCK(L)/SULLIVAN BLVD,0,0,"0.Two-way, non-divided","22,20",1. On Roadway,"0,0",I,I.Urban Collector,Other City or Town Streets (not state maintained),Not GUARDRAIL,Not HIT_RUN,"9,12",1,4. Four Approaches,142845186,C,0,0,36.86165,36.86165,0,0.07,Not LRTRUCK,2. Daylight,LOCATED,-76.13764,-76.13764,MAINLINE,MAIN,0,0,0,0,0,Undivided Roadway,"22,20",Not MOTORCYCLE,541719,541719.  SR00190       SR00190      13408683,13981,12667,12783,12320,11565,2,1,0.011,SEC_URBAN,,,,,,,,,0,0,33,0,2,,0,0,,,,,,,,,Not PED,,2,0,Virginia Beach,134,5,NOT-RD,9. Within Intersection,0,0.00,0.02,1. Straight - Level,1. No Defects,"2. Two-Way, Divided, Unprotected Median",1. Dry,"2. Blacktop, Asphalt, Bituminous",4700 PEMBROKE BLVD,URB,UR,R-VA134UR08683SB,"Urbanized (Population 200,000 and over)",3. No,"0,22",6234,5517,5568,5366,4692,SENIOR,None,"2,10",,Not SPEED,,541719,0,"1. Yes,2. No",0,"0,0",3PM TO 6PM,1,1,3. Traffic Signal,1. Yes - Working,Not a Parkway - Trucks and Commercial Vehicles Allowed,"1,2","9. Bicycle,3. Van","HUFFY,Chrysler","1. Going Straight Ahead,7. Starting From Parked Position","BICYCLE,Town & Country",2002,5,5.Hampton Roads,1. No Adverse Condition (Clear/Cloudy),Not Provided,2. No,Not Provided,Not YOUNG
No Access Control,Not ALCIHOL,Urban,0,0,Bituminous Concrete (Black Base),CENTER AV,Not UNBELTED,22,Male,C,1,BIKE,51.69,0,0,,2. Angle,"Not Provided,Not Provided","Not Provided,Not Provided",US00017,52.427,4,10/10/2014,10/10/2014,20. Motor Vehicle In Transport,843,C.Non-Visible Injury,2014,Left and Right sides,1,1,Newport News,Urban,20. Motor Vehicle In Transport,MAIN,6AM TO 9AM,121.Newport News,69,Intersection,Reset Filters,VDOT_OTHER,Friday,Not DEER,"North,North",DISTRACTED,5,1,143630029,"22,50","Male,Male","C,PDO","1,2","41. Improper Passing,1. No Improper Action","2. Not Deployed,2. Not Deployed","4. No Test,4. No Test","1. No Defects,1. No Defects","11. Other,Not Applicable","1. Had Not Been Drinking,1. Had Not Been Drinking","2. No,2. No","3. Totally Ejected,1. Not Ejected","Yes,No","No,No","9. Not Applicable,3. Lap and Shoulder Belt","1. Not Obscured,1. Not Obscured",,,52,646008,SR-00152(B)/,0,1,"1.Divided, no control of access","20,20",9. Outside Right-of-Way,"0,0",E,E.Urban Other Principle Arterials; Connecting Links of Other Rural Principal Arterial,Urban Extensions - Primary Routes,Not GUARDRAIL,Not HIT_RUN,"9,12",1,1. Not at Intersection,143630029,C,0,0,37.03711,37.03711,0,0.75,Not LRTRUCK,2. Daylight,LOCATED,-76.45565,-76.45565,MAINLINE,MAIN,0,0,Curbed Grass,14,4,Divided Roadway,"20,20",Not MOTORCYCLE,646008,646008.  SR00152       SR00152       US00017       US00017,52303,53662,49446,49228,49582,6,1,0.013,PRI_URBAN,,,,,,,,,0,179,72,0,1,,0,0,,,,,,,,,Not PED,,1,0,Newport News,121,5,NOT-RD,1. Main-Line Roadway,0,52.25,52.43,1. Straight - Level,1. No Defects,"1. Two-Way, Not Divided",1. Dry,1. Concrete,JEFFERSON AVE,USPRI,US,R-VA   US00017SB,"Urbanized (Population 200,000 and over)",3. No,"0,0",40702,41593,39530,39683,39836,Not SENIOR,Left and Right sides,"5,5","45,45",Not SPEED,"45,45",646009,0,"1. Yes,2. No",0,"0,0",6AM TO 9AM,1,1,1. No Traffic Control,6. No Traffic Control Device Present,Designated Truck Route - D2,"1,2","9. Bicycle,2. Truck - Pick-up/Passenger Truck",DODGE,"1. Going Straight Ahead,13. Passing",DURANGO,2007,5,5.Hampton Roads,1. No Adverse Condition (Clear/Cloudy),Not Provided,2. No,Not Provided,Not YOUNG
No Access Control,Not ALCIHOL,Urban,1,1,"N/A, Unknown, or Unstabilized",GALLERY AVE.(R)/,Not UNBELTED,21,Female,A,1,BIKE,4.36,0,0,,2. Angle,"Not Provided,Not Provided","Not Provided,Not Provided",13408688,4.477,4,10/13/2014,10/13/2014,22. Bicycle,1630,A.Ambulatory Injury,2014,Left and Right sides,0,0,Virginia Beach,Urban,22. Bicycle,MAIN,3PM TO 6PM,134.Virginia Beach,121,Intersection,Reset Filters,VDOT_OTHER,Monday,Not DEER,"South,East",,5,1,142885188,"21,26","Female,Female","A,PDO","1,2","21. Disregarded Traffic Signal,1. No Improper Action","3. Unavailable/Not Applicable,2. Not Deployed","Not Applicable,Not Applicable","1. No Defects,1. No Defects","14. No Driver Distraction,14. No Driver Distraction","1. Had Not Been Drinking,1. Had Not Been Drinking","2. No,2. No","1. Not Ejected,1. Not Ejected","Yes,No","No,No","8. No Restraint Used,3. Lap and Shoulder Belt","1. Not Obscured,1. Not Obscured",,,5,541475,134-08669(B)/,0,1,"1.Divided, no control of access","20,22",1. On Roadway,"0,0",H,H.Urban Minor Arterial,Other City or Town Streets (not state maintained),Not GUARDRAIL,Not HIT_RUN,"1,12",1,4. Four Approaches,142885188,C,0,0,36.786,36.786,0,0.14,Not LRTRUCK,2. Daylight,LOCATED,-75.99958,-75.99958,MAINLINE,MAIN,4,4,Grass/Unprotected,14,4,Divided Roadway,"20,22",Not MOTORCYCLE,541475,541475. 13408669      13408669      13408688      13408688,64316,56978,57505,55417,55342,6,1,0.023,SEC_URBAN,,,,,,,,,0,0,78,0,1,,0,0,,,,,,,,,Not PED,,1,0,Virginia Beach,134,5,NOT-RD,9. Within Intersection,0,4.25,4.48,1. Straight - Level,1. No Defects,"2. Two-Way, Divided, Unprotected Median",1. Dry,"2. Blacktop, Asphalt, Bituminous",1600 GENERAL BOOTH BLVD,URB,UR,R-VA134UR08688EB,"Urbanized (Population 200,000 and over)",3. No,"0,0",24434,25437,25672,24740,23353,Not SENIOR,Left and Right sides,"5,5","55,55",Not SPEED,"55,55",715410,0.09,"1. Yes,2. No",0,"0,0",3PM TO 6PM,1,1,3. Traffic Signal,1. Yes - Working,Not a Parkway - Trucks and Commercial Vehicles Allowed,"1,2","9. Bicycle,1. Passenger car","UNK,Ford","1. Going Straight Ahead,1. Going Straight Ahead","BICYCLE,Focus",2007,5,5.Hampton Roads,1. No Adverse Condition (Clear/Cloudy),Not Provided,2. No,Not Provided,Not YOUNG
No Access Control,Not ALCIHOL,Urban,0,0,Bituminous Concrete (Black Base),50TH STREET(R)/,Not UNBELTED,14,Male,B,1,BIKE,300.71,1,1,,2. Angle,"Not Provided,Not Provided","Not Provided,Not Provided",US00060,300.71,4,10/13/2014,10/13/2014,20. Motor Vehicle In Transport,1025,B.Visiible Injury,2014,None,0,0,Virginia Beach,Urban,20. Motor Vehicle In Transport,MAIN,9AM TO 12PM,134.Virginia Beach,"2,746",Intersection,Reset Filters,VDOT_OTHER,Monday,Not DEER,"North,North",,5,1,142875166,"14,26","Male,Female","B,PDO","1,2","42. Improper or Unsafe Lane Change,1. No Improper Action","3. Unavailable/Not Applicable,2. Not Deployed","4. No Test,4. No Test","1. No Defects,1. No Defects","14. No Driver Distraction,14. No Driver Distraction","1. Had Not Been Drinking,1. Had Not Been Drinking","2. No,2. No","3. Totally Ejected,1. Not Ejected","No,No","No,No","5. Helmet,3. Lap and Shoulder Belt","1. Not Obscured,1. Not Obscured",,,301,541114,49TH STREET(B)/,0,0,"0.Two-way, non-divided","20,20",1. On Roadway,"0,0",E,E.Urban Other Principle Arterials; Connecting Links of Other Rural Principal Arterial,Urban Extensions - Primary Routes,Not GUARDRAIL,Not HIT_RUN,"8,12",1,4. Four Approaches,142875166,C,0,0,36.87755,36.87755,4,0.06,Not LRTRUCK,2. Daylight,LOCATED,-75.98446,-75.98446,MAINLINE,MAIN,0,0,0,0,0,Undivided Roadway,"20,20",Not MOTORCYCLE,541112,541112.  US00060       US00060      13408718      13408718,19668,17680,17583,17469,18033,4,1,0.52,PRI_URBAN,,,,,,,,,0,189,40,0,1,,0,0,,,,,,,,,Not PED,,1,0,Virginia Beach,134,5,NOT-RD,9. Within Intersection,4,300.50,300.71,1. Straight - Level,1. No Defects,"1. Two-Way, Not Divided",1. Dry,"2. Blacktop, Asphalt, Bituminous",5000 ATLANTIC AVE,USPRI,US,R-VA   US00060WB,"Urbanized (Population 200,000 and over)",3. No,"0,0",19340,17287,17186,17087,17643,Not SENIOR,None,"10,35","35,35",Not SPEED,"35,35",541115,0,"2. No,2. No",0,"0,0",9AM TO 12PM,1,1,6. Traffic Lanes Marked,1. Yes - Working,Not a Parkway - Trucks and Commercial Vehicles Allowed,"1,2","9. Bicycle,1. Passenger car","UNK,FORD","3. Making Left Turn,1. Going Straight Ahead","UNK,MUSTANG",2009,5,5.Hampton Roads,1. No Adverse Condition (Clear/Cloudy),Not Provided,2. No,Not Provided,Not YOUNG
No Access Control,Not ALCIHOL,Urban,1,1,Bituminous Concrete (Black Base),MITCHELL POINT ROAD(L)/,Not UNBELTED,20,Male,A,1,BIKE,0.22,0,0,,2. Angle,"Not Provided,Not Provided","Not Provided,Not Provided",12100004,0.265,4,10/13/2014,10/13/2014,22. Bicycle,1816,A.Ambulatory Injury,2014,Left and Right sides,0,0,Newport News,Urban,22. Bicycle,MAIN,6PM TO 9PM,121.Newport News,"1,399",Intersection,Reset Filters,VDOT_OTHER,Monday,Not DEER,"South,West",,5,1,150220208,"20,85","Male,Female","A,PDO","1,2","11. Did Not Have Right-of-Way,1. No Improper Action","3. Unavailable/Not Applicable,2. Not Deployed","4. No Test,4. No Test","1. No Defects,1. No Defects","Not Applicable,Not Applicable","1. Had Not Been Drinking,1. Had Not Been Drinking","2. No,2. No","3. Totally Ejected,1. Not Ejected","Yes,No","No,No","9. Not Applicable,3. Lap and Shoulder Belt","1. Not Obscured,1. Not Obscured",,,0,646386,NETTLES DRIVE(R)/,0,1,"1.Divided, no control of access","20,22",1. On Roadway,"0,0",H,H.Urban Minor Arterial,Other City or Town Streets (not state maintained),Not GUARDRAIL,Not HIT_RUN,"9,12",1,4. Four Approaches,150220208,C,0,0,37.10562,37.10562,0,0.05,Not LRTRUCK,3. Dusk,LOCATED,-76.50759,-76.50759,MAINLINE,MAIN,0,0,Curbed Grass,14,3,Divided Roadway,"20,22",Not MOTORCYCLE,646052,646052.  US00060       US00060      12100004      12100011,57678,56402,60674,58513,59699,4,1,0.265,SEC_URBAN,,,,,,,,,0,0,54,0,1,,0,0,,,,,,,,,Not PED,,1,0,Newport News,121,5,NOT-RD,9. Within Intersection,0,0.25,0.26,3. Grade - Straight,1. No Defects,"2. Two-Way, Divided, Unprotected Median",1. Dry,"2. Blacktop, Asphalt, Bituminous",NETTLES DR,URB,UR,R-VA121UR00004WB,"Urbanized (Population 200,000 and over)",3. No,"0,0",45422,44417,42804,41279,42116,SENIOR,Left and Right sides,"2,35","35,35",Not SPEED,"35,35",646385,0,"1. Yes,2. No",0,"0,0",6PM TO 9PM,1,1,3. Traffic Signal,1. Yes - Working,Not a Parkway - Trucks and Commercial Vehicles Allowed,"1,2","9. Bicycle,1. Passenger car",NISSAN,"1. Going Straight Ahead,1. Going Straight Ahead",VERSA,,5,5.Hampton Roads,1. No Adverse Condition (Clear/Cloudy),Not Provided,2. No,Not Provided,YOUNG
No Access Control,Not ALCIHOL,Urban,0,0,Bituminous Concrete (Black Base),134-08688(B)/,Not UNBELTED,27,Male,B,2,BIKE,0.45,1,1,,16. Other,"Not Provided,Not Provided","Not Provided,Not Provided",13408690,0.476,4,10/14/2014,10/14/2014,22. Bicycle,1902,B.Visiible Injury,2014,None,0,1,Virginia Beach,Urban,22. Bicycle,MAIN,6PM TO 9PM,134.Virginia Beach,137,Intersection,Reset Filters,VDOT_OTHER,Tuesday,Not DEER,"South,East",,5,1,142885181,"22,27","Male,Male","C,B","1,2","37. Other,1. No Improper Action","2. Not Deployed,3. Unavailable/Not Applicable","4. No Test,4. No Test","1. No Defects,1. No Defects","14. No Driver Distraction,14. No Driver Distraction","1. Had Not Been Drinking,1. Had Not Been Drinking","2. No,2. No","1. Not Ejected,3. Totally Ejected","No,Yes","No,No","3. Lap and Shoulder Belt,5. Helmet","1. Not Obscured,1. Not Obscured",,,1,715409,134-08688(B)/,0.05,0,"0.Two-way, non-divided","22,22",1. On Roadway,"0,0",I,I.Urban Collector,Other City or Town Streets (not state maintained),Not GUARDRAIL,Not HIT_RUN,"12,0",1,4. Four Approaches,142885181,C,0,0,36.78478,36.78478,1,0.05,Not LRTRUCK,4. Darkness - Road Lighted,LOCATED,-76.03896,-76.03896,MAINLINE,MAIN,0,0,0,0,0,Undivided Roadway,"22,22",Not MOTORCYCLE,715409,715409. 13408688      13408688      13408690      13408690,33551,34227,34543,33289,32546,2,1,0.026,SEC_URBAN,,,,,,,,,3.7,0,19,0,2,,0,0,,,,,,,,,Not PED,,2,0,Virginia Beach,134,5,NOT-RD,9. Within Intersection,1,0.25,0.48,1. Straight - Level,1. No Defects,"1. Two-Way, Not Divided",1. Dry,"2. Blacktop, Asphalt, Bituminous",2339 HARPERS RD,URB,UR,R-VA134UR08690WB,"Urbanized (Population 200,000 and over)",3. No,"0,0",6826,6630,6691,6448,7129,Not SENIOR,None,"10,5","0,45",Not SPEED,"35,45",715409,0,"1. Yes,2. No",0,"0,0",6PM TO 9PM,1,1,3. Traffic Signal,1. Yes - Working,Not a Parkway - Trucks and Commercial Vehicles Allowed,"1,2","1. Passenger car,9. Bicycle","HONDA,TREK","2. Making Right Turn,1. Going Straight Ahead","CIVIC,CHRONYS",2008,5,5.Hampton Roads,1. No Adverse Condition (Clear/Cloudy),Not Provided,2. No,Not Provided,Not YOUNG
No Access Control,Not ALCIHOL,Urban,0,0,"N/A, Unknown, or Unstabilized",131-08529(L)/TAYLOR RD,Not UNBELTED,25,Male,C,2,BIKE,32.48,0,0,,2. Angle,"Not Provided,Not Provided","Not Provided,Not Provided",US00017,32.494,3,10/14/2014,10/14/2014,22. Bicycle,1337,C.Non-Visible Injury,2014,Left and Right sides,1,1,Chesapeake,Urban,22. Bicycle,MAIN,12PM TO 3PM,131.Chesapeake,127,Intersection,Reset Filters,VDOT_OTHER,Tuesday,Not DEER,"East,North",,5,1,142875294,"44,25","Female,Male","PDO,C","1,2","1. No Improper Action,37. Other","2. Not Deployed,3. Unavailable/Not Applicable","4. No Test,4. No Test","1. No Defects,1. No Defects","Not Applicable,14. No Driver Distraction","1. Had Not Been Drinking,1. Had Not Been Drinking","2. No,2. No","1. Not Ejected,1. Not Ejected","No,Yes","No,No","3. Lap and Shoulder Belt,6. Other","1. Not Obscured,1. Not Obscured",,,33,483056,131-08524(R)/CHURCHLAND BLVD,0,1,"1.Divided, no control of access","22,20",1. On Roadway,"0,0",E,E.Urban Other Principle Arterials; Connecting Links of Other Rural Principal Arterial,Urban Extensions - Primary Routes,Not GUARDRAIL,Not HIT_RUN,"9,12",1,4. Four Approaches,142875294,C,0,0,36.86333,36.86333,0,0.42,Not LRTRUCK,1. Dawn,LOCATED,-76.40464,-76.40464,MAINLINE,MAIN,3,3,Grass/Unprotected,28,10,Divided Roadway,"22,20",Not MOTORCYCLE,483057,483057.  US00017       US00017      13108529,25408,25364,25134,24576,24539,4,1,0.024,PRI_URBAN,,,,,,,,,0,194,48,0,1,,0,0,,,,,,,,,Not PED,,1,0,Chesapeake,131,5,NOT-RD,10. Intersection Related - Within 150 Feet,0,32.25,32.47,1. Straight - Level,1. No Defects,"3. Two-Way, Divided, Positive Median Barrier",1. Dry,"2. Blacktop, Asphalt, Bituminous",WESTERN BRANCH BL,USPRI,US,R-VA   US00017SB,"Urbanized (Population 200,000 and over)",3. No,"0,0",18856,18957,18691,17611,17436,Not SENIOR,None,"25,5","45,0",SPEED,"45,0",483057,0.01,"2. No,2. No",0,"0,0",12PM TO 3PM,1,1,6. Traffic Lanes Marked,1. Yes - Working,Truck Access System,"1,2","22. Truck - Sport Utility Vehicle (SUV),9. Bicycle","NISSA,BIKE","1. Going Straight Ahead,1. Going Straight Ahead","ARMADA,BEACH CRUSIER",20142009,5,5.Hampton Roads,1. No Adverse Condition (Clear/Cloudy),Not Provided,2. No,Not Provided,Not YOUNG