Access Control,Alcohol Notalcohol,Area Type1,A Crash,A People,Basetypedesc,Begin Node Dsc,Belted Unbelted,Bikeage,Bikegen,Bikeinjurytype,Bikevehiclenumber,Bike Nonbike,BMP,B Crash,B People,Carspeedlimit,Collision Type,Comm Cargo Body Type Cd,Comm Vehicle Body Type Cd,Cotedrouteid,Coted Mp,Count App,CRASH_DT (copy),Crash Dt,Crash Event Type Dsc,Crash Military Tm,Crash Severity,Crash Year,Curbgutterdesc,C Crash,C People,Juris Name Used,Area Type Used,First Harmful Event of Entire Crash,MAINLINE,Time Slicing Used,Phy_Juris_Nm,Offset-Ft,Intersection Analysis,Clear,Calculation_9640323132123359,Day Of Week,Deer Nodeer,Direction Of Travel Cd,Distracted Notdistracted,VSP,TOTAL CRASH,Document Nbr,Driverage,Drivergen,Driverinjurytype,Drivervehiclenumber,Driver Action Type Cd,Driver Airbag Deployment,Driver Alcohol Test Type Cd,Driver Condition Type Cd,Driver Distraction Type Cd,Driver Drinking Type Cd,Driver Drug Use Cd,Driver Ejected From Vehicle,Driver Ems Transport Ind,Driver Fled Scene Ind,Driver Safety Equip Used,Driver Vis Obscured Type Cd,Drowsy Notdrowsy,Drug Nodrug,EMP,End Node,End Node Dsc,End Offset,Facility,FAC,First Crash Event Cd,First Harmful Event,Fourth Crash Event Cd,Functionalclass,FUN,Govcondesc,Gr Nogr,Hitrun Not Hitrun,Initial Veh Impact Area Cd,Injury Crashes,Intersection Type,Int Doc,Jurtype,K_CRASH,K People,LAT (copy),LAT,Leftshoulderwidth,Length,Lgtruck Nonlgtruck,Light Condition,Located Unlocated,LON (copy),LON,MAINLINE (group),Mainline Yn,Medianleftshoulderwidth,Medianrightshoulderwidth,Mediantypedesc,Medianwidthmax,Medianwidthmin,Median Type,Most Harmful Crash Event Cd,Motor Nonmotor,Node,Node Info,Node Totaadt2011,Node Totaadt2012,Node Totaadt2013,Node Totaadt2014,Node Totaadt2015,Numberoflane,Number of Records,Offset,Ownership,Passage,Passgen,Passinjurytype,Passvehiclenumber,Pass Airbag Deployment,Pass Ejected From Vehicle,Pass Ems Transport Ind,Pass Safety Equip Used,Pavementconditionvalue,Pavementroughnessvalue,Pavementwidth,Pdo Crash,Total People Killed & Injured,Pedage,Pedestrians Injured,Pedestrians Killed,Pedgen,Pedinjurytype,Pednumber,Ped Action,Ped Al Test,Ped Cond,Ped Drink,Ped Drug,Ped Nonped,Ped Rflct,Persons Injured,Persons Killed,Physical Juris Nm,PJR,VSP_Used,Rd Type,Relation To Roadway,Rightshoulderwidth,RNS_MP (0.25 mi bin),Rns Mp,Roadway Alignment,Roadway Defect,Roadway Description,Roadway Surface Cond,Roadway Surface Type,Route Or Street Nm,Rte Category Cd,Rte Cat,Rte Nm,Ruralurbandesc,School Zone,Second Crash Event Cd,Segtotaadt2011,Segtotaadt2012,Segtotaadt2013,Segtotaadt2014,Segtotaadt2015,Senior Notsenior,Sidewalkdesc,Speed Before,Speed Max Safe,Speed Notspeed,Speed Posted,Start Node,Start Offset,Summons Issued Cd,Surfacedesc,Third Crash Event Cd,Time Slicing,Total Crashes including Property Damage Only,Total Crash,Traffic Control Type,Trfc Ctrl Status Type,Truckcommr,Vehiclenumber,Vehicle Body Type Cd,Vehicle Make Nm,Vehicle Maneuver Type Cd,Vehicle Model Nm,Vehicle Year Nbr,District,District_Used ,Weather Condition,Work Zone Location,Work Zone Related,Work Zone Type,Young Notyoung
No Access Control,Not ALCIHOL,Urban,0,0,Dual Type,STRATFORD ROAD(B)/,Not UNBELTED,61,Male,B,2,BIKE,292.39,1,1,,2. Angle,"Not Provided,Not Provided","Not Provided,Not Provided",US00060,292.393,3,10/14/2014,10/14/2014,20. Motor Vehicle In Transport,1130,B.Visiible Injury,2014,None,0,0,Virginia Beach,Urban,20. Motor Vehicle In Transport,MAIN,9AM TO 12PM,134.Virginia Beach,"4,609",Intersection,Reset Filters,VDOT_OTHER,Tuesday,Not DEER,"North,West",,5,1,142885052,"67,61","Male,Male","PDO,B","1,2","1. No Improper Action,21. Disregarded Traffic Signal","2. Not Deployed,3. Unavailable/Not Applicable","Not Applicable,Not Applicable","1. No Defects,1. No Defects","Not Applicable,Not Applicable","Not Applicable,Not Applicable","Not Applicable,Not Applicable","1. Not Ejected,1. Not Ejected","NotProvided,Yes","No,No","3. Lap and Shoulder Belt,8. No Restraint Used","1. Not Obscured,1. Not Obscured",,,292,541125,STRATFORD ROAD(B)/,0.1,1,"1.Divided, no control of access","22,20",1. On Roadway,"0,0",E,E.Urban Other Principle Arterials; Connecting Links of Other Rural Principal Arterial,Urban Extensions - Primary Routes,Not GUARDRAIL,Not HIT_RUN,"12,9",1,4. Four Approaches,142885052,C,0,0,36.9077,36.9077,6,0.1,Not LRTRUCK,2. Daylight,LOCATED,-76.09676,-76.09676,MAINLINE,MAIN,2,2,Grass/Unprotected,24,8,Divided Roadway,"22,20",Not MOTORCYCLE,541129,541129.  US00060       US00060      13408705,39607,36354,36201,35871,37138,4,1,0.873,PRI_URBAN,,,,,,,,,0,156,44,0,1,,0,0,,,,,,,,,Not PED,,1,0,Virginia Beach,134,5,NOT-RD,9. Within Intersection,6,292.25,292.39,3. Grade - Straight,9. Other,"1. Two-Way, Not Divided",1. Dry,"2. Blacktop, Asphalt, Bituminous",3500 SHORE DRIVE,USPRI,US,R-VA   US00060EB,"Urbanized (Population 200,000 and over)",3. No,"0,0",35717,32418,32228,32043,33361,SENIOR,None,"2,10","35,35",Not SPEED,"35,35",541125,0,"2. No,1. Yes",0,"0,0",9AM TO 12PM,1,1,3. Traffic Signal,1. Yes - Working,Truck Access System,"1,2","2. Truck - Pick-up/Passenger Truck,9. Bicycle","TOYT,BIKE","3. Making Left Turn,1. Going Straight Ahead",TACOMA,2005,5,5.Hampton Roads,1. No Adverse Condition (Clear/Cloudy),3. Activity Area,1. Yes,3. Work on Shoulder or Median,Not YOUNG
No Access Control,Not ALCIHOL,Urban,0,0,Portland Cement Concrete,122-08631(B)/JOHNSTONS RD,Not UNBELTED,63,Male,C,2,BIKE,35.38,0,0,,3. Head On,"Not Provided,Not Provided","Not Provided,Not Provided",SR00165,35.382,4,1/2/2016,1/2/2016,20. Motor Vehicle In Transport,856,C.Non-Visible Injury,2016,None,1,1,Norfolk,Urban,20. Motor Vehicle In Transport,MAIN,6AM TO 9AM,122.Norfolk,11,Intersection,Reset Filters,VDOT_OTHER,Saturday,Not DEER,"South,West",,5,1,160610022,"62,63","Female,Male","PDO,C","1,2","11. Did Not Have Right-of-Way,1. No Improper Action","2. Not Deployed,3. Unavailable/Not Applicable","4. No Test,4. No Test","1. No Defects,1. No Defects","Not Applicable,Not Applicable","1. Had Not Been Drinking,1. Had Not Been Drinking","2. No,2. No","1. Not Ejected,1. Not Ejected","No,Yes","No,No","3. Lap and Shoulder Belt,9. Not Applicable","1. Not Obscured,1. Not Obscured",,,36,730706,HILTON STREET(R)/,0,0,"0.Two-way, non-divided","22,20",1. On Roadway,"0,0",E,E.Urban Other Principle Arterials; Connecting Links of Other Rural Principal Arterial,Urban Extensions - Primary Routes,Not GUARDRAIL,Not HIT_RUN,"12,1",1,4. Four Approaches,160610022,C,0,0,36.90902,36.90902,8,0.35,Not LRTRUCK,2. Daylight,LOCATED,-76.23408,-76.23408,MAINLINE,MAIN,0,0,0,0,0,Undivided Roadway,"22,20",Not MOTORCYCLE,483314,483314.  SR00165       SR00165      12208631      12208631,36358,31679,31972,30811,30248,4,1,0.002,PRI_URBAN,,,,,,,,,0,176,60,0,1,,0,0,,,,,,,,,Not PED,,1,0,Norfolk,122,5,NOT-RD,10. Intersection Related - Within 150 Feet,8,35.25,35.38,1. Straight - Level,1. No Defects,"2. Two-Way, Divided, Unprotected Median",1. Dry,"2. Blacktop, Asphalt, Bituminous",N MILITARY HWY 7400,STPRI,SR,R-VA   SR00165SB,"Urbanized (Population 200,000 and over)",3. No,"0,0",27055,22706,22916,22084,21999,Not SENIOR,None,"20,15","45,45",Not SPEED,"45,45",483314,0,"1. Yes,2. No",0,"0,0",6AM TO 9AM,1,1,3. Traffic Signal,1. Yes - Working,Not a Parkway - Trucks and Commercial Vehicles Allowed,"1,2","1. Passenger car,9. Bicycle","KIA,HUFFY","2. Making Right Turn,1. Going Straight Ahead","SEDONA,26 SPEED",2003,5,5.Hampton Roads,1. No Adverse Condition (Clear/Cloudy),Not Provided,2. No,Not Provided,Not YOUNG
No Access Control,Not ALCIHOL,Urban,0,0,Bituminous Concrete (Black Base),US-00460(B)/BERKLEY AVE(B)/WILSON ROAD(R)/,Not UNBELTED,58,Not Provided,B,2,BIKE,1.12,1,2,,2. Angle,"Not Provided,Not Provided","Not Provided,Not Provided",12208592,1.121,4,1/3/2016,1/3/2016,22. Bicycle,957,B.Visiible Injury,2016,Left and Right sides,0,0,Norfolk,Urban,22. Bicycle,MAIN,9AM TO 12PM,122.Norfolk,5,Intersection,Reset Filters,VDOT_OTHER,Sunday,Not DEER,"East,North",,5,1,160035117,"66,58","Male,Not Provided","B,B","1,2","1. No Improper Action,11. Did Not Have Right-of-Way","2. Not Deployed,2. Not Deployed","Not Applicable,Not Applicable","1. No Defects,Not Applicable","14. No Driver Distraction,14. No Driver Distraction","1. Had Not Been Drinking,1. Had Not Been Drinking","Not Applicable,Not Applicable","1. Not Ejected,2. Partially Ejected","No,No","No,No","3. Lap and Shoulder Belt,8. No Restraint Used","1. Not Obscured,1. Not Obscured",,,1,734840,MELON STREET(R)/,0,0,"0.Two-way, non-divided","22,20",1. On Roadway,"0,0",H,H.Urban Minor Arterial,Other City or Town Streets (not state maintained),Not GUARDRAIL,Not HIT_RUN,"12,7",1,2. Two Approaches,160035117,C,0,0,36.82548,36.82548,0,0.19,Not LRTRUCK,2. Daylight,LOCATED,-76.26828,-76.26828,MAINLINE,MAIN,0,0,0,8,0,Undivided Roadway,"22,20",Not MOTORCYCLE,483773,483773.  US00460       US00460      12208592      12208592,11707,11508,11614,11193,12247,2,1,0.001,SEC_URBAN,,,,,,,,,0,0,34,0,2,,0,0,,,,,,,,,Not PED,,2,0,Norfolk,122,5,NOT-RD,9. Within Intersection,0,1.00,1.12,1. Straight - Level,1. No Defects,"1. Two-Way, Not Divided",1. Dry,1. Concrete,BERKLEY AV,URB,UR,R-VA122UR08592EB,"Urbanized (Population 200,000 and over)",3. No,"0,0",3331,3195,3224,3107,3523,SENIOR,Left side,"15,4",,Not SPEED,"25,25",483773,0,"2. No,2. No",0,"0,0",9AM TO 12PM,1,1,3. Traffic Signal,1. Yes - Working,Not a Parkway - Trucks and Commercial Vehicles Allowed,"1,2","1. Passenger car,9. Bicycle",BUICK,"1. Going Straight Ahead,1. Going Straight Ahead","CENTURY,MOUNTAIN BIKE",2000,5,5.Hampton Roads,1. No Adverse Condition (Clear/Cloudy),Not Provided,2. No,Not Provided,Not YOUNG
No Access Control,Not ALCIHOL,Urban,0,0,Bituminous Concrete (Black Base),BRUTON AVE(R)/,Not UNBELTED,46,Male,C,2,BIKE,55.99,0,0,,2. Angle,"Not Provided,Not Provided","Not Provided,Not Provided",US00017,56.01,3,1/5/2016,1/5/2016,22. Bicycle,1828,C.Non-Visible Injury,2016,Left and Right sides,1,1,Newport News,Urban,22. Bicycle,MAIN,6PM TO 9PM,121.Newport News,422,Intersection,Reset Filters,VDOT_OTHER,Tuesday,Not DEER,"North,East",,5,1,160610064,"51,46","Female,Male","PDO,C","1,2","11. Did Not Have Right-of-Way,3. Exceeded Safe Speed But Not Speed Limit","2. Not Deployed,3. Unavailable/Not Applicable","Not Applicable,Not Applicable","1. No Defects,1. No Defects","Not Applicable,Not Applicable","Not Applicable,1. Had Not Been Drinking","2. No,Not Applicable","1. Not Ejected,1. Not Ejected","No,No","No,No","3. Lap and Shoulder Belt,9. Not Applicable","1. Not Obscured,1. Not Obscured",,,56,646003,SIERRA DRIVE(L)/,0,1,"1.Divided, no control of access","22,20",1. On Roadway,"0,0",E,E.Urban Other Principle Arterials; Connecting Links of Other Rural Principal Arterial,Urban Extensions - Primary Routes,Not GUARDRAIL,Not HIT_RUN,"2,12",1,1. Not at Intersection,160610064,C,0,0,37.07862,37.07862,0,0.04,Not LRTRUCK,4. Darkness - Road Lighted,LOCATED,-76.46287,-76.46287,MAINLINE,MAIN,0,0,Curbed Grass,20,4,Divided Roadway,"22,20",Not MOTORCYCLE,716548,716548.  US00017       US00017      12100022,37815,38453,41599,41600,41825,6,1,0.08,PRI_URBAN,,,,,,,,,0,121,78,0,1,,0,0,,,,,,,,,Not PED,,1,0,Newport News,121,5,NOT-RD,1. Main-Line Roadway,0,56.00,56.01,1. Straight - Level,1. No Defects,"2. Two-Way, Divided, Unprotected Median",1. Dry,"2. Blacktop, Asphalt, Bituminous",746 J CLYDE MORRIS BLVD,USPRI,US,R-VA   US00017NB,"Urbanized (Population 200,000 and over)",3. No,"0,0",33508,34241,37553,37698,37844,Not SENIOR,Left and Right sides,"5,3","25,25",Not SPEED,"25,25",723994,0,"2. No,2. No",0,"0,0",6PM TO 9PM,1,1,6. Traffic Lanes Marked,1. Yes - Working,Designated Truck Route - D2,"1,2","1. Passenger car,9. Bicycle",CHEVROLET,"6. Merging Into Traffic Lane,1. Going Straight Ahead",HHR,2008,5,5.Hampton Roads,1. No Adverse Condition (Clear/Cloudy),Not Provided,2. No,Not Provided,Not YOUNG
No Access Control,Not ALCIHOL,Urban,0,0,Bituminous Concrete (Black Base),131-08664(R)/BRIARFIELD DR,Not UNBELTED,63,Not Provided,B,2,BIKE,5.98,1,1,,3. Head On,"Not Provided,Not Provided","Not Provided,Not Provided",SR00165,6,3,10/15/2014,10/15/2014,22. Bicycle,1300,B.Visiible Injury,2014,Left and Right sides,0,0,Chesapeake,Urban,22. Bicycle,MAIN,12PM TO 3PM,131.Chesapeake,370,Intersection,Reset Filters,VDOT_OTHER,Wednesday,Not DEER,"South,East",,5,1,142885241,"20,63","Female,Not Provided","PDO,B","1,2","1. No Improper Action,11. Did Not Have Right-of-Way","2. Not Deployed,3. Unavailable/Not Applicable","Not Applicable,Not Applicable","1. No Defects,1. No Defects","Not Applicable,Not Applicable","1. Had Not Been Drinking,1. Had Not Been Drinking","2. No,2. No","1. Not Ejected,1. Not Ejected","No,NotProvided","No,No","3. Lap and Shoulder Belt,6. Other","1. Not Obscured,1. Not Obscured",,,7,483341,C1SR-00168(B)/,0,0,"0.Two-way, non-divided","22,20",1. On Roadway,"0,0",H,H.Urban Minor Arterial,Urban Extensions - Primary Routes,Not GUARDRAIL,Not HIT_RUN,"12,0",1,3. Three Approaches,142885241,C,0,0,36.71459,36.71459,0,0.74,Not LRTRUCK,2. Daylight,LOCATED,-76.25137,-76.25137,MAINLINE,MAIN,0,0,0,0,0,Undivided Roadway,"22,20",Not MOTORCYCLE,483342,483342.  SR00165       SR00165      13108664,24080,23547,23680,27401,27946,2,1,0.07,PRI_URBAN,,,,,,,,,0,173,36,0,1,,0,0,,,,,,,,,Not PED,,1,0,Chesapeake,131,5,NOT-RD,9. Within Intersection,0,6.00,6.00,1. Straight - Level,1. No Defects,"1. Two-Way, Not Divided",1. Dry,"2. Blacktop, Asphalt, Bituminous",CEDAR RD,STPRI,SR,R-VA   SR00165NB,"Urbanized (Population 200,000 and over)",3. No,"0,0",22763,22259,22385,26058,26576,Not SENIOR,None,"5,15","25,15",Not SPEED,"25,15",483342,0.05,"2. No,2. No",0,"0,0",12PM TO 3PM,1,1,4. Stop Sign,1. Yes - Working,Not a Parkway - Trucks and Commercial Vehicles Allowed,"1,2","2. Truck - Pick-up/Passenger Truck,9. Bicycle","Ford,HUFFY`","2. Making Right Turn,1. Going Straight Ahead","F-150,BICYCLE",19962014,5,5.Hampton Roads,1. No Adverse Condition (Clear/Cloudy),Not Provided,2. No,Not Provided,YOUNG
,Not ALCIHOL,Urban,0,0,,,Not UNBELTED,16,Male,B,2,BIKE,,1,2,,13. Bicyclist,"Not Provided,Not Provided","Not Provided,Not Provided",,,,10/15/2014,10/15/2014,22. Bicycle,1858,B.Visiible Injury,2014,,0,0,Norfolk,Urban,22. Bicycle,MAIN,6PM TO 9PM,122.Norfolk,,Not Intersection,Reset Filters,VDOT_OTHER,Wednesday,Not DEER,"East,North",DISTRACTED,5,1,143010071,16,"Not Provided,Male","PDO,B","1,2","34. Hit and Run,11. Did Not Have Right-of-Way","Not Provided,3. Unavailable/Not Applicable","Not Applicable,4. No Test","9. Unknown,Not Applicable","Not Applicable,4. Passenger(s)","6. Unknown,1. Had Not Been Drinking","3. Unknown,Not Applicable","Not Provided,3. Totally Ejected","NotProvided,Yes","No,No","Not Provided,9. Not Applicable","2. Rain, Snow, etc. on Windshield,16. Stopped Vehicle(s)",,,,,,,,,"22,20",1. On Roadway,"0,0",,,,Not GUARDRAIL,HIT_RUN,"0,0",1,4. Four Approaches,,C,0,0,36.877,36.877,,,Not LRTRUCK,4. Darkness - Road Lighted,UNLOCATED,-76.29657,-76.29657,MAINLINE,,,,,,,,"22,20",Not MOTORCYCLE,,.,,,,,,,1,,SEC_URBAN,,Male,B,2,3. Unavailable/Not Applicable,3. Totally Ejected,Yes,9. Not Applicable,,,,0,2,,0,0,,,,,,,,,Not PED,,2,0,Norfolk,122,5,NOT-RD,9. Within Intersection,,,,1. Straight - Level,1. No Defects,"1. Two-Way, Not Divided",2. Wet,"2. Blacktop, Asphalt, Bituminous",800 34TH STREET,UNKWN,SC,U-VA122SC99999UK,,3. No,"0,39",,,,,,Not SENIOR,,"0,3","0,25",Not SPEED,"0,25",,,"Not Provided,1. Yes",,"0,0",6PM TO 9PM,1,1,4. Stop Sign,1. Yes - Working,,"1,2","3. Van,9. Bicycle","Unknown,HUFFY","1. Going Straight Ahead,1. Going Straight Ahead",,,5,5.Hampton Roads,4. Mist,Not Provided,2. No,Not Provided,YOUNG
No Access Control,Not ALCIHOL,Urban,0,0,Bituminous Concrete (Black Base),134-08726(B)/GREAT NECK ROAD,Not UNBELTED,20,Male,B,2,BIKE,3.39,1,1,,2. Angle,"Not Provided,Not Provided","Not Provided,Not Provided",13408685,3.596,4,10/16/2014,10/16/2014,22. Bicycle,1454,B.Visiible Injury,2014,Left and Right sides,0,0,Virginia Beach,Urban,22. Bicycle,MAIN,12PM TO 3PM,134.Virginia Beach,"1,088",Intersection,Reset Filters,VDOT_OTHER,Thursday,Not DEER,"East,North",,5,1,142895308,"26,20","Male,Male","PDO,B","1,2","11. Did Not Have Right-of-Way,1. No Improper Action","2. Not Deployed,3. Unavailable/Not Applicable","4. No Test,4. No Test","1. No Defects,1. No Defects","14. No Driver Distraction,14. No Driver Distraction","1. Had Not Been Drinking,1. Had Not Been Drinking","2. No,2. No","1. Not Ejected,3. Totally Ejected","No,Yes","No,No","3. Lap and Shoulder Belt,8. No Restraint Used","1. Not Obscured,1. Not Obscured",,,4,541674,COMMERCE PKWY(R)/,0,1,"1.Divided, no control of access","22,20",1. On Roadway,"0,0",H,H.Urban Minor Arterial,Other City or Town Streets (not state maintained),Not GUARDRAIL,Not HIT_RUN,"12,7",1,3. Three Approaches,142895308,C,0,0,36.83849,36.83849,0,0.31,Not LRTRUCK,2. Daylight,LOCATED,-76.04983,-76.04983,MAINLINE,MAIN,0,0,Curbed Grass,16,8,Divided Roadway,"22,20",Not MOTORCYCLE,541672,541672. 13408685      13408685      13408726      13408726,28295,34948,35271,33990,36017,6,1,0.206,SEC_URBAN,,,,,,,,,0,0,76,0,1,,0,0,,,,,,,,,Not PED,,1,0,Virginia Beach,134,5,NOT-RD,9. Within Intersection,0,3.50,3.61,1. Straight - Level,1. No Defects,"2. Two-Way, Divided, Unprotected Median",1. Dry,"2. Blacktop, Asphalt, Bituminous",113 LONDON BRIDGE ROAD,URB,UR,R-VA134UR08685SB,"Urbanized (Population 200,000 and over)",3. No,"0,0",23617,32431,32730,31542,35516,Not SENIOR,Left and Right sides,5,"45,45",Not SPEED,"45,45",541672,0,"1. Yes,2. No",0,"0,0",12PM TO 3PM,1,1,3. Traffic Signal,1. Yes - Working,Not a Parkway - Trucks and Commercial Vehicles Allowed,"1,2","1. Passenger car,9. Bicycle","HYUN,UNK","2. Making Right Turn,1. Going Straight Ahead","SONATA,BICYCLE",2011,5,5.Hampton Roads,1. No Adverse Condition (Clear/Cloudy),Not Provided,2. No,Not Provided,YOUNG
,Not ALCIHOL,Urban,0,0,,,Not UNBELTED,10,Male,B,1,BIKE,,1,1,,13. Bicyclist,"Not Provided,Not Provided","Not Provided,Not Provided",,,,10/16/2014,10/16/2014,20. Motor Vehicle In Transport,1841,B.Visiible Injury,2014,,0,0,Hampton,Urban,20. Motor Vehicle In Transport,MAIN,6PM TO 9PM,114.Hampton,,Not Intersection,Reset Filters,VDOT_OTHER,Thursday,Not DEER,"West,North",,5,1,143290005,"10,20","Male,Male","B,PDO","1,2","11. Did Not Have Right-of-Way,1. No Improper Action","3. Unavailable/Not Applicable,2. Not Deployed","Not Applicable,Not Applicable","1. No Defects,1. No Defects","Not Applicable,Not Applicable","Not Applicable,1. Had Not Been Drinking","Not Applicable,2. No","3. Totally Ejected,1. Not Ejected","Yes,No","No,No","8. No Restraint Used,3. Lap and Shoulder Belt","1. Not Obscured,1. Not Obscured",,,,,,,,,"20,20",1. On Roadway,"0,0",,,,Not GUARDRAIL,Not HIT_RUN,"11,1",1,4. Four Approaches,,C,0,0,37.01828,37.01828,,,Not LRTRUCK,4. Darkness - Road Lighted,UNLOCATED,-76.3203,-76.3203,MAINLINE,,,,,,,,"20,20",Not MOTORCYCLE,,.,,,,,,,1,,SEC_URBAN,,,,,,,,,,,,0,1,,0,0,,,,,,,,,Not PED,,1,0,Hampton,114,5,NOT-RD,10. Intersection Related - Within 150 Feet,,,,1. Straight - Level,1. No Defects,"1. Two-Way, Not Divided",1. Dry,"2. Blacktop, Asphalt, Bituminous",NORTH HOPE ST,UNKWN,SC,U-VA114SC99999UK,,3. No,"0,0",,,,,,Not SENIOR,,"5,20","25,25",Not SPEED,"25,25",,,"2. No,2. No",,"0,0",6PM TO 9PM,1,1,4. Stop Sign,1. Yes - Working,,"1,2","9. Bicycle,1. Passenger car","TOH,MAZDA","1. Going Straight Ahead,1. Going Straight Ahead","BICYCLE,MAZDA 3",2010,5,5.Hampton Roads,1. No Adverse Condition (Clear/Cloudy),Not Provided,2. No,Not Provided,YOUNG
,Not ALCIHOL,Urban,0,0,,,Not UNBELTED,55,Male,B,2,BIKE,,1,1,,2. Angle,"Not Provided,Not Provided","Not Provided,Not Provided",,,,10/16/2014,10/16/2014,22. Bicycle,1330,B.Visiible Injury,2014,,0,0,Virginia Beach,Urban,22. Bicycle,MAIN,12PM TO 3PM,134.Virginia Beach,,Not Intersection,Reset Filters,VDOT_OTHER,Thursday,Not DEER,"Not Provided,North",,5,1,142915231,55,"Not Provided,Male","PDO,B","1,2","34. Hit and Run,1. No Improper Action","Not Provided,3. Unavailable/Not Applicable","Not Applicable,4. No Test","9. Unknown,1. No Defects","Not Applicable,14. No Driver Distraction","Not Applicable,6. Unknown","Not Applicable,3. Unknown","Not Provided,3. Totally Ejected","NotProvided,Yes","Yes,No","Not Provided,8. No Restraint Used","Not Applicable,1. Not Obscured",,,,,,,,,"22,20",1. On Roadway,"0,0",,,,Not GUARDRAIL,HIT_RUN,"12,8",1,2. Two Approaches,,C,0,0,36.85476,36.85476,,,Not LRTRUCK,2. Daylight,UNLOCATED,-75.97819,-75.97819,MAINLINE,,,,,,,,"22,20",Not MOTORCYCLE,,.,,,,,,,1,,SEC_URBAN,,,,,,,,,,,,0,1,,0,0,,,,,,,,,Not PED,,1,0,Virginia Beach,134,5,NOT-RD,1. Main-Line Roadway,,,,7. Dip - Straight,1. No Defects,"1. Two-Way, Not Divided",1. Dry,"2. Blacktop, Asphalt, Bituminous",299 26 1/2 STREET,UNKWN,SC,U-VA134SC99999UK,,3. No,"0,0",,,,,,Not SENIOR,,5,"25,25",Not SPEED,"25,25",,,"Not Provided,2. No",,"0,0",12PM TO 3PM,1,1,4. Stop Sign,1. Yes - Working,,"1,2","22. Truck - Sport Utility Vehicle (SUV),9. Bicycle","HONDA,BICYCLE","1. Going Straight Ahead,1. Going Straight Ahead",UNKNOWN,2009,5,5.Hampton Roads,1. No Adverse Condition (Clear/Cloudy),Not Provided,2. No,Not Provided,Not YOUNG
No Access Control,Not ALCIHOL,Urban,1,1,Bituminous Concrete (Black Base),HEMLOCK RD,Not UNBELTED,16,Male,A,2,BIKE,53.16,0,0,,2. Angle,"Not Provided,Not Provided","Not Provided,Not Provided",US00017,53.475,4,6/7/2013,6/7/2013,22. Bicycle,910,A.Ambulatory Injury,2013,Left and Right sides,0,0,Newport News,Urban,22. Bicycle,MAIN,9AM TO 12PM,121.Newport News,"3,458",Intersection,Reset Filters,VDOT_OTHER,Friday,Not DEER,"South,West",,5,1,132680124,"28,16","0,Male","PDO,A","1,2","1. No Improper Action,37. Other","2. Not Deployed,3. Unavailable/Not Applicable","4. No Test,4. No Test","1. No Defects,1. No Defects","Not Applicable,Not Applicable","Not Applicable,1. Had Not Been Drinking","3. Unknown,3. Unknown","1. Not Ejected,1. Not Ejected","No,Yes","No,No","3. Lap and Shoulder Belt,9. Not Applicable","1. Not Obscured,1. Not Obscured",,,54,646006,SR-00306(L)/121-07027(R)/HARPERSVILLE RD,0,1,"1.Divided, no control of access","22,20",1. On Roadway,"0,0",E,E.Urban Other Principle Arterials; Connecting Links of Other Rural Principal Arterial,Urban Extensions - Primary Routes,Not GUARDRAIL,Not HIT_RUN,"10,2",1,4. Four Approaches,132680124,C,0,0,37.051546,37.051546,0,0.97,Not LRTRUCK,2. Daylight,LOCATED,-76.461061,-76.461061,MAINLINE,MAIN,0,0,Curbed Grass,14,4,Divided Roadway,"22,20",Not MOTORCYCLE,646006,646006.  SR00306       US00017       US00017      12107027,60649,61968,58803,58409,58883,6,1,0.655,PRI_URBAN,,,,,,,,,0,179,72,0,1,,0,0,,,,,,,,,Not PED,,1,0,Newport News,121,5,NOT-RD,1. Main-Line Roadway,0,53.25,53.48,1. Straight - Level,1. No Defects,"2. Two-Way, Divided, Unprotected Median",2. Wet,1. Concrete,IVY FARMS RD,USPRI,US,R-VA   US00017SB,"Urbanized (Population 200,000 and over)",3. No,"0,0",44461,46718,38625,38774,38924,Not SENIOR,Left and Right sides,"45,5","45,45",Not SPEED,"45,45",646007,0,"2. No,1. Yes",0,"0,0",9AM TO 12PM,1,1,3. Traffic Signal,1. Yes - Working,Designated Truck Route - D2,"1,2","1. Passenger car,9. Bicycle","NISSAN,BICYCLE","1. Going Straight Ahead,15. Other",ALTIMA,2011,5,5.Hampton Roads,5. Rain,Not Provided,2. No,Not Provided,YOUNG