Access Control,Alcohol Notalcohol,Area Type1,A Crash,A People,Basetypedesc,Begin Node Dsc,Belted Unbelted,Bikeage,Bikegen,Bikeinjurytype,Bikevehiclenumber,Bike Nonbike,BMP,B Crash,B People,Carspeedlimit,Collision Type,Comm Cargo Body Type Cd,Comm Vehicle Body Type Cd,Cotedrouteid,Coted Mp,Count App,CRASH_DT (copy),Crash Dt,Crash Event Type Dsc,Crash Military Tm,Crash Severity,Crash Year,Curbgutterdesc,C Crash,C People,Juris Name Used,Area Type Used,First Harmful Event of Entire Crash,MAINLINE,Time Slicing Used,Phy_Juris_Nm,Offset-Ft,Intersection Analysis,Clear,Calculation_9640323132123359,Day Of Week,Deer Nodeer,Direction Of Travel Cd,Distracted Notdistracted,VSP,TOTAL CRASH,Document Nbr,Driverage,Drivergen,Driverinjurytype,Drivervehiclenumber,Driver Action Type Cd,Driver Airbag Deployment,Driver Alcohol Test Type Cd,Driver Condition Type Cd,Driver Distraction Type Cd,Driver Drinking Type Cd,Driver Drug Use Cd,Driver Ejected From Vehicle,Driver Ems Transport Ind,Driver Fled Scene Ind,Driver Safety Equip Used,Driver Vis Obscured Type Cd,Drowsy Notdrowsy,Drug Nodrug,EMP,End Node,End Node Dsc,End Offset,Facility,FAC,First Crash Event Cd,First Harmful Event,Fourth Crash Event Cd,Functionalclass,FUN,Govcondesc,Gr Nogr,Hitrun Not Hitrun,Initial Veh Impact Area Cd,Injury Crashes,Intersection Type,Int Doc,Jurtype,K_CRASH,K People,LAT (copy),LAT,Leftshoulderwidth,Length,Lgtruck Nonlgtruck,Light Condition,Located Unlocated,LON (copy),LON,MAINLINE (group),Mainline Yn,Medianleftshoulderwidth,Medianrightshoulderwidth,Mediantypedesc,Medianwidthmax,Medianwidthmin,Median Type,Most Harmful Crash Event Cd,Motor Nonmotor,Node,Node Info,Node Totaadt2011,Node Totaadt2012,Node Totaadt2013,Node Totaadt2014,Node Totaadt2015,Numberoflane,Number of Records,Offset,Ownership,Passage,Passgen,Passinjurytype,Passvehiclenumber,Pass Airbag Deployment,Pass Ejected From Vehicle,Pass Ems Transport Ind,Pass Safety Equip Used,Pavementconditionvalue,Pavementroughnessvalue,Pavementwidth,Pdo Crash,Total People Killed & Injured,Pedage,Pedestrians Injured,Pedestrians Killed,Pedgen,Pedinjurytype,Pednumber,Ped Action,Ped Al Test,Ped Cond,Ped Drink,Ped Drug,Ped Nonped,Ped Rflct,Persons Injured,Persons Killed,Physical Juris Nm,PJR,VSP_Used,Rd Type,Relation To Roadway,Rightshoulderwidth,RNS_MP (0.25 mi bin),Rns Mp,Roadway Alignment,Roadway Defect,Roadway Description,Roadway Surface Cond,Roadway Surface Type,Route Or Street Nm,Rte Category Cd,Rte Cat,Rte Nm,Ruralurbandesc,School Zone,Second Crash Event Cd,Segtotaadt2011,Segtotaadt2012,Segtotaadt2013,Segtotaadt2014,Segtotaadt2015,Senior Notsenior,Sidewalkdesc,Speed Before,Speed Max Safe,Speed Notspeed,Speed Posted,Start Node,Start Offset,Summons Issued Cd,Surfacedesc,Third Crash Event Cd,Time Slicing,Total Crashes including Property Damage Only,Total Crash,Traffic Control Type,Trfc Ctrl Status Type,Truckcommr,Vehiclenumber,Vehicle Body Type Cd,Vehicle Make Nm,Vehicle Maneuver Type Cd,Vehicle Model Nm,Vehicle Year Nbr,District,District_Used ,Weather Condition,Work Zone Location,Work Zone Related,Work Zone Type,Young Notyoung
No Access Control,Not ALCIHOL,Urban,0,0,Bituminous Concrete (Black Base),SEWARD DRIVE(R)/,Not UNBELTED,10,Male,B,2,BIKE,1.91,1,2,,2. Angle,"Not Provided,Not Provided","Not Provided,Not Provided",11407049,1.911,4,6/14/2013,6/14/2013,22. Bicycle,1346,B.Visiible Injury,2013,Left and Right sides,0,0,Hampton,Urban,22. Bicycle,MAIN,12PM TO 3PM,114.Hampton,"2,592",Intersection,Reset Filters,VDOT_OTHER,Friday,Not DEER,"West,South",DISTRACTED,5,1,132880040,"25,10","0,Male","PDO,B","1,2","11. Did Not Have Right-of-Way,1. No Improper Action","2. Not Deployed,3. Unavailable/Not Applicable","Not Applicable,Not Applicable","1. No Defects,Not Applicable","11. Other,Not Applicable","1. Had Not Been Drinking,1. Had Not Been Drinking","2. No,2. No","1. Not Ejected,3. Totally Ejected","No,Yes","No,No","3. Lap and Shoulder Belt,9. Not Applicable","14. Blind Spot,1. Not Obscured",,,2,253507,DORENE COURT(R)/,0,0,"0.Two-way, non-divided","22,20",1. On Roadway,"0,0",H,H.Urban Minor Arterial,Other City or Town Streets (not state maintained),Not GUARDRAIL,Not HIT_RUN,"12,10",1,3. Three Approaches,132880040,C,0,0,37.04938368,37.04938368,0,0.06,Not LRTRUCK,2. Daylight,LOCATED,-76.32168896,-76.32168896,MAINLINE,MAIN,0,0,0,0,0,Undivided Roadway,"22,20",Not MOTORCYCLE,253501,253501. 11407049      11407049      11407053      11407053,16676,16307,16407,15822,16143,4,1,0.491,SEC_URBAN,13,Female,B,2,3. Unavailable/Not Applicable,3. Totally Ejected,Yes,9. Not Applicable,0,0,44,0,2,,0,0,,,,,,,,,Not PED,,2,0,Hampton,114,5,NOT-RD,9. Within Intersection,0,1.75,1.91,1. Straight - Level,1. No Defects,"1. Two-Way, Not Divided",1. Dry,"2. Blacktop, Asphalt, Bituminous",SEWARD DR,URB,UR,R-VA114UR07049NB,"Urbanized (Population 200,000 and over)",3. No,"0,0",8689,8496,8356,8058,8222,Not SENIOR,Left and Right sides,2,"25,0",Not SPEED,"25,0",253506,0,"1. Yes,2. No",0,"0,0",12PM TO 3PM,1,1,4. Stop Sign,1. Yes - Working,Not a Parkway - Trucks and Commercial Vehicles Allowed,"1,2","1. Passenger car,9. Bicycle",PLYMOUTH,"2. Making Right Turn,1. Going Straight Ahead","BREEZE,BICYCLE",1998,5,5.Hampton Roads,1. No Adverse Condition (Clear/Cloudy),Not Provided,2. No,Not Provided,Not YOUNG
No Access Control,Not ALCIHOL,Urban,0,0,Bituminous Concrete (Black Base),33RD ST(B)/,Not UNBELTED,53,Male,B,2,BIKE,1.13,1,1,,2. Angle,"Not Provided,Not Provided","Not Provided,Not Provided",13408719,1.13,3,6/15/2013,6/15/2013,20. Motor Vehicle In Transport,918,B.Visiible Injury,2013,Left and Right sides,0,1,Virginia Beach,Urban,20. Motor Vehicle In Transport,MAIN,9AM TO 12PM,134.Virginia Beach,739,Intersection,Reset Filters,VDOT_OTHER,Saturday,Not DEER,"West,South",,5,1,131695010,"34,53","0,Male","C,B","1,2","11. Did Not Have Right-of-Way,1. No Improper Action","2. Not Deployed,3. Unavailable/Not Applicable","Not Applicable,Not Applicable","1. No Defects,1. No Defects","14. No Driver Distraction,14. No Driver Distraction","1. Had Not Been Drinking,1. Had Not Been Drinking","2. No,2. No","1. Not Ejected,3. Totally Ejected","No,No","No,No","3. Lap and Shoulder Belt,5. Helmet","1. Not Obscured,1. Not Obscured",,,1,541973,34TH ST(B)/,0,0,"0.Two-way, non-divided","22,20",1. On Roadway,"0,0",I,I.Urban Collector,Other City or Town Streets (not state maintained),Not GUARDRAIL,Not HIT_RUN,"2,12",1,3. Three Approaches,131695010,C,0,0,36.861272,36.861272,0,0.07,Not LRTRUCK,2. Daylight,LOCATED,-75.978764,-75.978764,MAINLINE,MAIN,0,0,0,0,0,Undivided Roadway,"22,20",Not MOTORCYCLE,541303,541303. 13408578      13408719      13408719,9608,8441,8519,8210,7819,2,1,0.14,SEC_URBAN,,,,,,,,,0,0,40,0,2,,0,0,,,,,,,,,Not PED,,2,0,Virginia Beach,134,5,NOT-RD,9. Within Intersection,0,1.00,1.13,1. Straight - Level,1. No Defects,"1. Two-Way, Not Divided",1. Dry,"2. Blacktop, Asphalt, Bituminous",3302 ATLANTIC AVE.,URB,UR,R-VA134UR08719NB,"Urbanized (Population 200,000 and over)",3. No,"0,0",5190,4425,4466,4304,5068,Not SENIOR,Left and Right sides,"10,20","25,25",Not SPEED,"25,25",541972,0,"1. Yes,2. No",0,"0,0",9AM TO 12PM,1,1,6. Traffic Lanes Marked,6. No Traffic Control Device Present,Not a Parkway - Trucks and Commercial Vehicles Allowed,"1,2","1. Passenger car,9. Bicycle","HYUNDAI,FELT Z90","3. Making Left Turn,1. Going Straight Ahead","ELANTRA,BICYCLE",20012010,5,5.Hampton Roads,1. No Adverse Condition (Clear/Cloudy),Not Provided,2. No,Not Provided,Not YOUNG
,Not ALCIHOL,Urban,0,0,,,Not UNBELTED,,Female,B,2,BIKE,,1,1,,2. Angle,"Not Provided,Not Provided","Not Provided,Not Provided",,,,6/15/2013,6/15/2013,22. Bicycle,1049,B.Visiible Injury,2013,,0,0,Newport News,Urban,22. Bicycle,MAIN,9AM TO 12PM,121.Newport News,,Not Intersection,Reset Filters,VDOT_OTHER,Saturday,Not DEER,"East,North",DISTRACTED,5,1,132880100,66,"0,Female","PDO,B","1,2","1. No Improper Action,9. Other Improper Passing","2. Not Deployed,2. Not Deployed","4. No Test,4. No Test","1. No Defects,1. No Defects","3. Looking at Scenery,11. Other","1. Had Not Been Drinking,1. Had Not Been Drinking","2. No,Not Applicable","1. Not Ejected,3. Totally Ejected","No,No","No,No","3. Lap and Shoulder Belt,8. No Restraint Used","1. Not Obscured,1. Not Obscured",,,,,,,,,"22,20",1. On Roadway,"0,0",,,,Not GUARDRAIL,Not HIT_RUN,"1,1",1,1. Not at Intersection,,C,0,0,36.981184,36.981184,,,Not LRTRUCK,2. Daylight,UNLOCATED,-76.409483,-76.409483,MAINLINE,,,,,,,,"22,20",Not MOTORCYCLE,,.,,,,,,,1,,SEC_URBAN,,,,,,,,,,,,0,1,,0,0,,,,,,,,,Not PED,,1,0,Newport News,121,5,NOT-RD,8. Non-Intersection,,,,1. Straight - Level,1. No Defects,"1. Two-Way, Not Divided",1. Dry,"2. Blacktop, Asphalt, Bituminous",938 20th st,UNKWN,SC,U-VA121SC99999UK,,3. No,"0,0",,,,,,SENIOR,,"20,0","25,0",Not SPEED,"25,0",,,"2. No,2. No",,"0,0",9AM TO 12PM,1,1,1. No Traffic Control,1. Yes - Working,,"1,2","22. Truck - Sport Utility Vehicle (SUV),9. Bicycle",HYUNDAI,"1. Going Straight Ahead,Not Applicable",TUCSON,2005,5,5.Hampton Roads,1. No Adverse Condition (Clear/Cloudy),Not Provided,2. No,Not Provided,Not YOUNG
,Not ALCIHOL,Urban,0,0,,,Not UNBELTED,5,0,B,1,BIKE,,1,1,,2. Angle,"Not Provided,Not Provided","Not Provided,Not Provided",,,,6/16/2013,6/16/2013,20. Motor Vehicle In Transport,1601,B.Visiible Injury,2013,,0,0,Hampton,Urban,20. Motor Vehicle In Transport,MAIN,3PM TO 6PM,114.Hampton,,Not Intersection,Reset Filters,VDOT_OTHER,Sunday,Not DEER,"South,West",,5,1,132890067,"5,45","0,Male","B,PDO","1,2","22. Disregarded Stop or Yield Sign,1. No Improper Action","3. Unavailable/Not Applicable,2. Not Deployed","Not Applicable,Not Applicable","1. No Defects,1. No Defects","Not Applicable,Not Applicable","1. Had Not Been Drinking,1. Had Not Been Drinking","2. No,2. No","3. Totally Ejected,1. Not Ejected","No,No","No,No","9. Not Applicable,3. Lap and Shoulder Belt","1. Not Obscured,1. Not Obscured",,,,,,,,,"20,22",1. On Roadway,"0,0",,,,Not GUARDRAIL,Not HIT_RUN,"12,4",1,3. Three Approaches,,C,0,0,37.015788,37.015788,,,Not LRTRUCK,2. Daylight,UNLOCATED,-76.325424,-76.325424,MAINLINE,,,,,,,,"20,22",Not MOTORCYCLE,,.,,,,,,,1,,SEC_URBAN,,,,,,,,,,,,0,1,,0,0,,,,,,,,,Not PED,,1,0,Hampton,114,5,NOT-RD,9. Within Intersection,,,,1. Straight - Level,1. No Defects,"1. Two-Way, Not Divided",1. Dry,"2. Blacktop, Asphalt, Bituminous",SEGAR ST,UNKWN,SC,U-VA114SC99999UK,,3. No,"0,0",,,,,,Not SENIOR,,"5,20","25,25",Not SPEED,"25,25",,,"2. No,2. No",,"0,0",3PM TO 6PM,1,1,4. Stop Sign,1. Yes - Working,,"1,2","9. Bicycle,2. Truck - Pick-up/Passenger Truck",FORD,"1. Going Straight Ahead,1. Going Straight Ahead","BICYCLE,F150",2005,5,5.Hampton Roads,1. No Adverse Condition (Clear/Cloudy),Not Provided,2. No,Not Provided,Not YOUNG
No Access Control,Not ALCIHOL,Urban,1,1,Bituminous Concrete (Black Base),TOMCAT BLVD.(L)/,Not UNBELTED,47,Male,A,2,BIKE,0.97,0,0,,1. Rear End,"Not Provided,Not Provided","Not Provided,Not Provided",13408729,1.548,3,2/2/2016,2/2/2016,22. Bicycle,650,A.Ambulatory Injury,2016,None,0,0,Virginia Beach,Urban,22. Bicycle,MAIN,6AM TO 9AM,134.Virginia Beach,"2,967",Intersection,Reset Filters,VDOT_OTHER,Tuesday,Not DEER,"South,South",DISTRACTED,5,1,160405220,"20,47","Male,Male","PDO,A","1,2","9. Other Improper Passing,1. No Improper Action","2. Not Deployed,3. Unavailable/Not Applicable","Not Applicable,Not Applicable","1. No Defects,1. No Defects","9. Eating/Drinking,14. No Driver Distraction","1. Had Not Been Drinking,1. Had Not Been Drinking","2. No,2. No","1. Not Ejected,Not Provided","No,Yes","No,No","1. Lap Belt Only,6. Other","1. Not Obscured,1. Not Obscured",,,2,734808,TOMCAT BLVD.(L)/,1.26,1,"1.Divided, no control of access","22,20",2. Shoulder,"0,0",E,E.Urban Other Principle Arterials; Connecting Links of Other Rural Principal Arterial,Other City or Town Streets (not state maintained),Not GUARDRAIL,Not HIT_RUN,"1,6",1,1. Not at Intersection,160405220,C,0,0,36.81206,36.81206,6,1.13,Not LRTRUCK,1. Dawn,LOCATED,-76.00527,-76.00527,MAINLINE,MAIN,3,3,Grass/Unprotected,28,16,Divided Roadway,"22,20",Not MOTORCYCLE,541769,541769. 13408706      13408729      13408729,35072,33447,33852,33414,34700,4,1,0.562,SEC_URBAN,,,,,,,,,2.8,0,54,0,1,,0,0,,,,,,,,,Not PED,,1,0,Virginia Beach,134,5,NOT-RD,8. Non-Intersection,6,1.50,1.55,1. Straight - Level,1. No Defects,"2. Two-Way, Divided, Unprotected Median",1. Dry,"2. Blacktop, Asphalt, Bituminous",805 OCEANA BL,URB,UR,R-VA134UR08729SB,"Urbanized (Population 200,000 and over)",3. No,"0,0",33066,31256,31641,31283,32117,Not SENIOR,None,"55,10","55,55",Not SPEED,"55,55",734808,0.13,"1. Yes,2. No",0,"0,0",6AM TO 9AM,1,1,6. Traffic Lanes Marked,1. Yes - Working,Not a Parkway - Trucks and Commercial Vehicles Allowed,"1,2","1. Passenger car,9. Bicycle","FORD,BICYCLE","1. Going Straight Ahead,1. Going Straight Ahead",FUSION,2010,5,5.Hampton Roads,1. No Adverse Condition (Clear/Cloudy),Not Provided,2. No,Not Provided,YOUNG
,Not ALCIHOL,Urban,1,1,,,Not UNBELTED,21,Male,A,1,BIKE,,0,0,,2. Angle,"Not Provided,Not Provided","Not Provided,Not Provided",,,,10/23/2014,10/23/2014,20. Motor Vehicle In Transport,1435,A.Ambulatory Injury,2014,,0,0,Norfolk,Urban,20. Motor Vehicle In Transport,MAIN,12PM TO 3PM,122.Norfolk,,Not Intersection,Reset Filters,VDOT_OTHER,Thursday,Not DEER,"North,West",,5,1,143240027,"21,35","Male,Male","A,PDO","1,2","22. Disregarded Stop or Yield Sign,1. No Improper Action","3. Unavailable/Not Applicable,2. Not Deployed","Not Applicable,Not Applicable","1. No Defects,1. No Defects","Not Applicable,Not Applicable","1. Had Not Been Drinking,1. Had Not Been Drinking","2. No,2. No","1. Not Ejected,1. Not Ejected","Yes,No","No,No","9. Not Applicable,3. Lap and Shoulder Belt","1. Not Obscured,10. Parked Vehicle(s)",,,,,,,,,"20,0",1. On Roadway,"0,0",,,,Not GUARDRAIL,Not HIT_RUN,"12,12",1,2. Two Approaches,,C,0,0,36.94524,36.94524,,,Not LRTRUCK,2. Daylight,UNLOCATED,-76.26113,-76.26113,MAINLINE,,,,,,,,"20,0",Not MOTORCYCLE,,.,,,,,,,1,,SEC_URBAN,,,,,,,,,,,,0,1,,0,0,,,,,,,,,Not PED,,1,0,Norfolk,122,5,NOT-RD,9. Within Intersection,,,,1. Straight - Level,1. No Defects,"1. Two-Way, Not Divided",1. Dry,"2. Blacktop, Asphalt, Bituminous",100 W GILPIN,UNKWN,SC,U-VA122SC99999UK,,3. No,"0,0",,,,,,Not SENIOR,,"5,20","25,25",Not SPEED,"25,25",,,"1. Yes,2. No",,"0,0",12PM TO 3PM,1,1,4. Stop Sign,1. Yes - Working,,"1,2","9. Bicycle,22. Truck - Sport Utility Vehicle (SUV)","BICYCLE,ford","1. Going Straight Ahead,1. Going Straight Ahead",expedition,2004,5,5.Hampton Roads,1. No Adverse Condition (Clear/Cloudy),Not Provided,2. No,Not Provided,Not YOUNG
No Access Control,Not ALCIHOL,Urban,0,0,"N/A, Unknown, or Unstabilized",131-08597(R)/BEECH ST(L)/CHESAPEAKE DR,Not UNBELTED,11,Male,B,2,BIKE,395.14,1,1,,2. Angle,"Not Provided,Not Provided","Not Provided,Not Provided",US00460,395.14,3,6/17/2013,6/17/2013,22. Bicycle,1811,B.Visiible Injury,2013,Left and Right sides,0,0,Chesapeake,Urban,22. Bicycle,MAIN,6PM TO 9PM,131.Chesapeake,0,Intersection,Reset Filters,VDOT_OTHER,Monday,Not DEER,"East,North",,5,1,131685265,"36,11","0,Male","PDO,B","1,2","11. Did Not Have Right-of-Way,1. No Improper Action","2. Not Deployed,3. Unavailable/Not Applicable","Not Applicable,Not Applicable","1. No Defects,1. No Defects","Not Applicable,Not Applicable","1. Had Not Been Drinking,1. Had Not Been Drinking","Not Applicable,Not Applicable","1. Not Ejected,1. Not Ejected","No,Yes","No,No","3. Lap and Shoulder Belt,8. No Restraint Used","1. Not Obscured,1. Not Obscured",,,395,483780,131-08597(R)/BEECH ST(L)/CHESAPEAKE DR,0.1,0,"0.Two-way, non-divided","22,22",1. On Roadway,"0,0",H,H.Urban Minor Arterial,Urban Extensions - Primary Routes,Not GUARDRAIL,Not HIT_RUN,"1,11",1,4. Four Approaches,131685265,C,0,0,36.804362,36.804362,0,0.1,Not LRTRUCK,2. Daylight,LOCATED,-76.276191,-76.276191,MAINLINE,MAIN,0,0,0,0,0,Undivided Roadway,"22,22",Not MOTORCYCLE,483780,483780.  US00460       US00460      13108597,10121,9908,9934,10714,10927,3,1,0,PRI_URBAN,,,,,,,,,0,260,40,0,1,,0,0,,,,,,,,,Not PED,,1,0,Chesapeake,131,5,NOT-RD,10. Intersection Related - Within 150 Feet,0,395.00,395.14,1. Straight - Level,1. No Defects,"1. Two-Way, Not Divided",2. Wet,"2. Blacktop, Asphalt, Bituminous",BEECH ST,USPRI,US,R-VA   US00460WB,"Urbanized (Population 200,000 and over)",3. No,"0,0",8356,8193,8180,8666,8838,Not SENIOR,None,"1,1","25,25",Not SPEED,"25,25",483780,0,"1. Yes,2. No",0,"0,0",6PM TO 9PM,1,1,4. Stop Sign,1. Yes - Working,Not a Parkway - Trucks and Commercial Vehicles Allowed,"1,2","2. Truck - Pick-up/Passenger Truck,9. Bicycle","Ford,MONGOOSE","5. Slowing or Stopping,3. Making Left Turn","Ranger,BICYCLE",19992008,5,5.Hampton Roads,1. No Adverse Condition (Clear/Cloudy),Not Provided,2. No,Not Provided,Not YOUNG
No Access Control,Not ALCIHOL,Urban,0,0,"N/A, Unknown, or Unstabilized",LEE HIGHLANDS BLVD(L)/,Not UNBELTED,20,Male,B,2,BIKE,0.93,1,1,,2. Angle,"Not Provided,Not Provided","Not Provided,Not Provided",13408726,0.975,3,6/17/2013,6/17/2013,20. Motor Vehicle In Transport,1715,B.Visiible Injury,2013,Left and Right sides,0,0,Virginia Beach,Urban,20. Motor Vehicle In Transport,MAIN,3PM TO 6PM,134.Virginia Beach,"1,452",Intersection,Reset Filters,VDOT_OTHER,Monday,Not DEER,"North,North",DISTRACTED,5,1,131695040,"56,20","0,Male","PDO,B","1,2","37. Other,1. No Improper Action","2. Not Deployed,3. Unavailable/Not Applicable","Not Applicable,Not Applicable","1. No Defects,1. No Defects","11. Other,Not Applicable","1. Had Not Been Drinking,1. Had Not Been Drinking","2. No,2. No","1. Not Ejected,3. Totally Ejected","NotProvided,No","No,No","3. Lap and Shoulder Belt,5. Helmet","1. Not Obscured,1. Not Obscured",,,1,542060,LEE HIGHLANDS BLVD(L)/,0.09,0,"0.Two-way, non-divided","22,20",9. Outside Right-of-Way,"0,0",I,I.Urban Collector,Other City or Town Streets (not state maintained),Not GUARDRAIL,Not HIT_RUN,"11,5",1,1. Not at Intersection,131695040,C,0,0,36.82368,36.82368,0,0.09,Not LRTRUCK,2. Daylight,LOCATED,-76.078555,-76.078555,MAINLINE,MAIN,0,0,0,0,0,Undivided Roadway,"22,20",Not MOTORCYCLE,542061,542061. 13408726      13408726      13408750,21344,20136,20322,19584,19190,4,1,0.275,SEC_URBAN,,,,,,,,,0,0,0,0,1,,0,0,,,,,,,,,Not PED,,1,0,Virginia Beach,134,5,NOT-RD,10. Intersection Related - Within 150 Feet,0,0.75,0.93,2. Curve - Level,1. No Defects,"1. Two-Way, Not Divided",1. Dry,"2. Blacktop, Asphalt, Bituminous",477 S LYNNHAVEN ROAD,URB,UR,R-VA134UR08726SB,"Urbanized (Population 200,000 and over)",3. No,"0,0",17373,16446,16598,15995,15699,Not SENIOR,Right side,"5,15","35,35",Not SPEED,"35,35",542060,0,"2. No,2. No",0,"0,0",3PM TO 6PM,1,1,1. No Traffic Control,6. No Traffic Control Device Present,Not a Parkway - Trucks and Commercial Vehicles Allowed,"1,2","2. Truck - Pick-up/Passenger Truck,9. Bicycle","FORD,BICYCLE","3. Making Left Turn,1. Going Straight Ahead",RANGER,1993,5,5.Hampton Roads,1. No Adverse Condition (Clear/Cloudy),Not Provided,2. No,Not Provided,YOUNG
No Access Control,Not ALCIHOL,Urban,0,0,"N/A, Unknown, or Unstabilized",133-08511(R)/FACTORY ST,Not UNBELTED,55,0,B,1,BIKE,1.43,1,1,,2. Angle,"Not Provided,Not Provided","Not Provided,Not Provided",SR00337,1.449,3,6/19/2013,6/19/2013,22. Bicycle,1844,B.Visiible Injury,2013,Left and Right sides,0,0,Suffolk,Urban,22. Bicycle,MAIN,6PM TO 9PM,133.Suffolk,100,Intersection,Reset Filters,VDOT_OTHER,Wednesday,Not DEER,"Not Provided,Not Provided",,5,1,131775105,"55,21","0,Male","B,PDO","1,2","10. Wrong Side Of Road - Not Overtaking,1. No Improper Action","3. Unavailable/Not Applicable,2. Not Deployed","4. No Test,4. No Test","1. No Defects,1. No Defects","14. No Driver Distraction,Not Applicable","1. Had Not Been Drinking,1. Had Not Been Drinking","3. Unknown,3. Unknown","3. Totally Ejected,1. Not Ejected","No,No","No,No","6. Other,3. Lap and Shoulder Belt","1. Not Obscured,1. Not Obscured",,,2,469437,JB-133/ECL SUFFOLK (OLD)/,0,0,"0.Two-way, non-divided","20,22",7. In Parking Lane or Zone,"0,0",H,H.Urban Minor Arterial,Urban Extensions - Primary Routes,Not GUARDRAIL,Not HIT_RUN,"0,0",1,1. Not at Intersection,131775105,C,0,0,36.72551137,36.72551137,0,0.19,Not LRTRUCK,2. Daylight,LOCATED,-76.57454713,-76.57454713,MAINLINE,MAIN,0,0,0,0,0,Undivided Roadway,"20,22",Not MOTORCYCLE,469438,469438.  SR00337       SR00337      13308511,14005,13695,13772,12370,12615,2,1,0.019,PRI_URBAN,,,,,,,,,0,186,33,0,1,,0,0,,,,,,,,,Not PED,,1,0,Suffolk,133,5,NOT-RD,"13. Driveway, Alley-Access - Related",0,1.25,1.45,7. Dip - Straight,1. No Defects,"1. Two-Way, Not Divided",1. Dry,1. Concrete,506 E WASHINGTON ST,STPRI,SR,R-VA   SR00337EB,"Urbanized (Population 200,000 and over)",3. No,"0,0",12389,12115,12183,10839,11054,Not SENIOR,Left and Right sides,"2,3","25,25",Not SPEED,"25,25",469438,0,"1. Yes,2. No",0,"0,0",6PM TO 9PM,1,1,3. Traffic Signal,1. Yes - Working,Not a Parkway - Trucks and Commercial Vehicles Allowed,"1,2","9. Bicycle,1. Passenger car",ACUR,"1. Going Straight Ahead,Not Applicable",4DOOR,2008,5,5.Hampton Roads,1. No Adverse Condition (Clear/Cloudy),Not Provided,2. No,Not Provided,Not YOUNG
No Access Control,Not ALCIHOL,Urban,0,0,"N/A, Unknown, or Unstabilized",BLUESTONE AVE(R)/,Not UNBELTED,18,Female,B,2,BIKE,0.38,1,1,,2. Angle,"Not Provided,Not Provided","Not Provided,Not Provided",12208562,0.381,4,6/19/2013,6/19/2013,20. Motor Vehicle In Transport,904,B.Visiible Injury,2013,Left side,0,0,Norfolk,Urban,20. Motor Vehicle In Transport,MAIN,9AM TO 12PM,122.Norfolk,998,Intersection,Reset Filters,VDOT_OTHER,Wednesday,Not DEER,"North,West",,5,1,132900174,"26,18","0,Female","PDO,B","1,2","1. No Improper Action,31. Avoiding Other Vehicle","2. Not Deployed,3. Unavailable/Not Applicable","Not Applicable,Not Applicable","1. No Defects,1. No Defects","Not Applicable,Not Applicable","1. Had Not Been Drinking,1. Had Not Been Drinking","Not Applicable,Not Applicable","1. Not Ejected,2. Partially Ejected","No,No","No,No","3. Lap and Shoulder Belt,9. Not Applicable","1. Not Obscured,1. Not Obscured",,,0,485064,BOWDEN'S FERRY ROAD(R)/,0,0,"0.Two-way, non-divided","20,27",1. On Roadway,"0,0",I,I.Urban Collector,Other City or Town Streets (not state maintained),Not GUARDRAIL,Not HIT_RUN,"5,0",1,3. Three Approaches,132900174,C,0,0,36.883368,36.883368,0,0.04,Not LRTRUCK,2. Daylight,LOCATED,-76.305693,-76.305693,MAINLINE,MAIN,0,0,0,0,0,Undivided Roadway,"22,20",Not MOTORCYCLE,483654,483654.  SR00337       SR00337      12208562      12208562,44966,46931,46163,43701,37353,2,1,0.189,SEC_URBAN,,,,,,,,,0,0,26,0,1,,0,0,,,,,,,,,Not PED,,1,0,Norfolk,122,5,NOT-RD,9. Within Intersection,5,0.25,0.38,2. Curve - Level,1. No Defects,"1. Two-Way, Not Divided",1. Dry,"2. Blacktop, Asphalt, Bituminous",1200 block w 43rd st,URB,UR,R-VA122UR08562WB,"Urbanized (Population 200,000 and over)",3. No,"22,20",10987,11166,11269,10860,10960,Not SENIOR,Left side,15,"25,0",Not SPEED,"25,0",485063,0,"2. No,2. No",0,"0,0",9AM TO 12PM,1,1,4. Stop Sign,6. No Traffic Control Device Present,Not a Parkway - Trucks and Commercial Vehicles Allowed,"1,2","1. Passenger car,9. Bicycle","toyo,bicycle","1. Going Straight Ahead,1. Going Straight Ahead",4runner,1997,5,5.Hampton Roads,1. No Adverse Condition (Clear/Cloudy),Not Provided,2. No,Not Provided,YOUNG