Access Control,Alcohol Notalcohol,Area Type1,A Crash,A People,Basetypedesc,Begin Node Dsc,Belted Unbelted,Bikeage,Bikegen,Bikeinjurytype,Bikevehiclenumber,Bike Nonbike,BMP,B Crash,B People,Carspeedlimit,Collision Type,Comm Cargo Body Type Cd,Comm Vehicle Body Type Cd,Cotedrouteid,Coted Mp,Count App,CRASH_DT (copy),Crash Dt,Crash Event Type Dsc,Crash Military Tm,Crash Severity,Crash Year,Curbgutterdesc,C Crash,C People,Juris Name Used,Area Type Used,First Harmful Event of Entire Crash,MAINLINE,Time Slicing Used,Phy_Juris_Nm,Offset-Ft,Intersection Analysis,Clear,Calculation_9640323132123359,Day Of Week,Deer Nodeer,Direction Of Travel Cd,Distracted Notdistracted,VSP,TOTAL CRASH,Document Nbr,Driverage,Drivergen,Driverinjurytype,Drivervehiclenumber,Driver Action Type Cd,Driver Airbag Deployment,Driver Alcohol Test Type Cd,Driver Condition Type Cd,Driver Distraction Type Cd,Driver Drinking Type Cd,Driver Drug Use Cd,Driver Ejected From Vehicle,Driver Ems Transport Ind,Driver Fled Scene Ind,Driver Safety Equip Used,Driver Vis Obscured Type Cd,Drowsy Notdrowsy,Drug Nodrug,EMP,End Node,End Node Dsc,End Offset,Facility,FAC,First Crash Event Cd,First Harmful Event,Fourth Crash Event Cd,Functionalclass,FUN,Govcondesc,Gr Nogr,Hitrun Not Hitrun,Initial Veh Impact Area Cd,Injury Crashes,Intersection Type,Int Doc,Jurtype,K_CRASH,K People,LAT (copy),LAT,Leftshoulderwidth,Length,Lgtruck Nonlgtruck,Light Condition,Located Unlocated,LON (copy),LON,MAINLINE (group),Mainline Yn,Medianleftshoulderwidth,Medianrightshoulderwidth,Mediantypedesc,Medianwidthmax,Medianwidthmin,Median Type,Most Harmful Crash Event Cd,Motor Nonmotor,Node,Node Info,Node Totaadt2011,Node Totaadt2012,Node Totaadt2013,Node Totaadt2014,Node Totaadt2015,Numberoflane,Number of Records,Offset,Ownership,Passage,Passgen,Passinjurytype,Passvehiclenumber,Pass Airbag Deployment,Pass Ejected From Vehicle,Pass Ems Transport Ind,Pass Safety Equip Used,Pavementconditionvalue,Pavementroughnessvalue,Pavementwidth,Pdo Crash,Total People Killed & Injured,Pedage,Pedestrians Injured,Pedestrians Killed,Pedgen,Pedinjurytype,Pednumber,Ped Action,Ped Al Test,Ped Cond,Ped Drink,Ped Drug,Ped Nonped,Ped Rflct,Persons Injured,Persons Killed,Physical Juris Nm,PJR,VSP_Used,Rd Type,Relation To Roadway,Rightshoulderwidth,RNS_MP (0.25 mi bin),Rns Mp,Roadway Alignment,Roadway Defect,Roadway Description,Roadway Surface Cond,Roadway Surface Type,Route Or Street Nm,Rte Category Cd,Rte Cat,Rte Nm,Ruralurbandesc,School Zone,Second Crash Event Cd,Segtotaadt2011,Segtotaadt2012,Segtotaadt2013,Segtotaadt2014,Segtotaadt2015,Senior Notsenior,Sidewalkdesc,Speed Before,Speed Max Safe,Speed Notspeed,Speed Posted,Start Node,Start Offset,Summons Issued Cd,Surfacedesc,Third Crash Event Cd,Time Slicing,Total Crashes including Property Damage Only,Total Crash,Traffic Control Type,Trfc Ctrl Status Type,Truckcommr,Vehiclenumber,Vehicle Body Type Cd,Vehicle Make Nm,Vehicle Maneuver Type Cd,Vehicle Model Nm,Vehicle Year Nbr,District,District_Used ,Weather Condition,Work Zone Location,Work Zone Related,Work Zone Type,Young Notyoung
No Access Control,Not ALCIHOL,Rural,0,0,"Stabilized with Selected Material (Soil,Gravel,Stone,etc.)",65-01302(R)/,Not UNBELTED,11,Male,B,2,BIKE,1.19,1,1,45,2. Angle,"Not Provided,Not Provided","Not Provided,Not Provided",6500684,1.5,2,6/28/2013,6/28/2013,20. Motor Vehicle In Transport,1452,B.Visiible Injury,2013,None,0,0,Northampton,Rural,20. Motor Vehicle In Transport,MAIN,12PM TO 3PM,65.Northampton,"1,637",Intersection,Reset Filters,VDOT_OTHER,Friday,Not DEER,"South,East",,5,1,131825348,"36,11","0,Male","PDO,B","1,2","1. No Improper Action,11. Did Not Have Right-of-Way","2. Not Deployed,3. Unavailable/Not Applicable","Not Applicable,Not Applicable","1. No Defects,1. No Defects","14. No Driver Distraction,14. No Driver Distraction","1. Had Not Been Drinking,1. Had Not Been Drinking","2. No,2. No","1. Not Ejected,3. Totally Ejected","No,Yes","No,No","3. Lap and Shoulder Belt,9. Not Applicable","5. Trees, Crops, etc.,5. Trees, Crops, etc.",,,2,488196,65-00641(R)/,0,0,"0.Two-way, non-divided","22,20",1. On Roadway,"0,0",4,4.Rural Major Collector,State Secondary,Not GUARDRAIL,Not HIT_RUN,"2,12",1,1. Not at Intersection,131825348,N,0,0,37.273035,37.273035,3,0.8,Not LRTRUCK,2. Daylight,LOCATED,-75.966863,-75.966863,MAINLINE,MAIN,0,0,0,0,0,Undivided Roadway,"22,20",Not MOTORCYCLE,488282,488282.  6500684       6500684,919,928,757,764,771,2,1,0.31,VDOT_SEC,,,,,,,,,0,0,0,0,1,,0,0,,,,,,,,,Not PED,,1,0,Northampton,65,5,NOT-RD,"13. Driveway, Alley-Access - Related",3,1.25,1.49,1. Straight - Level,1. No Defects,"1. Two-Way, Not Divided",1. Dry,"2. Blacktop, Asphalt, Bituminous",SR 684,SEC,SC,R-VA065SC00684NB,Rural,3. No,"0,0",919,928,757,764,771,Not SENIOR,None,"30,5","35,0",SPEED,"55,0",488282,0,"2. No,2. No",Paved (unofficial definition),"0,0",12PM TO 3PM,1,1,1. No Traffic Control,6. No Traffic Control Device Present,Not a Parkway - Trucks and Commercial Vehicles Allowed,"1,2","1. Passenger car,9. Bicycle","MITSUBISHI,ORLEY","1. Going Straight Ahead,15. Other","DIAMANTE,BICYCLE",20022008,5,5.Hampton Roads,1. No Adverse Condition (Clear/Cloudy),Not Provided,2. No,Not Provided,Not YOUNG
,Not ALCIHOL,Urban,0,0,,,Not UNBELTED,22,Female,B,2,BIKE,,1,1,,2. Angle,"Not Provided,Not Provided","Not Provided,Not Provided",,,,6/29/2013,6/29/2013,22. Bicycle,606,B.Visiible Injury,2013,,0,0,Virginia Beach,Urban,22. Bicycle,MAIN,6AM TO 9AM,134.Virginia Beach,,Not Intersection,Reset Filters,VDOT_OTHER,Saturday,Not DEER,"North,East",,5,1,131845349,"49,22","0,Female","PDO,B","1,2","11. Did Not Have Right-of-Way,1. No Improper Action","2. Not Deployed,3. Unavailable/Not Applicable","Not Applicable,Not Applicable","1. No Defects,1. No Defects","14. No Driver Distraction,14. No Driver Distraction","1. Had Not Been Drinking,1. Had Not Been Drinking","2. No,2. No","1. Not Ejected,3. Totally Ejected","No,Yes","No,No","3. Lap and Shoulder Belt,9. Not Applicable","1. Not Obscured,1. Not Obscured",,,,,,,,,"22,20",1. On Roadway,"0,0",,,,Not GUARDRAIL,Not HIT_RUN,"12,3",1,1. Not at Intersection,,C,0,0,36.842029,36.842029,,,Not LRTRUCK,1. Dawn,UNLOCATED,-76.097718,-76.097718,MAINLINE,,,,,,,,"22,20",Not MOTORCYCLE,,.,,,,,,,1,,SEC_URBAN,,,,,,,,,,,,0,1,,0,0,,,,,,,,,Not PED,,1,0,Virginia Beach,134,5,NOT-RD,8. Non-Intersection,,,,1. Straight - Level,1. No Defects,"1. Two-Way, Not Divided",1. Dry,"2. Blacktop, Asphalt, Bituminous",3600 MALIBU PALMS DR,UNKWN,SC,U-VA134SC99999UK,,3. No,"0,0",,,,,,Not SENIOR,,"5,5","0,5",Not SPEED,"25,25",,,"1. Yes,2. No",,"0,0",6AM TO 9AM,1,1,1. No Traffic Control,6. No Traffic Control Device Present,,"1,2","1. Passenger car,9. Bicycle",TOYOTA,"16. Entering Street From Parking Lot,1. Going Straight Ahead","CAMRY,BICYCLE",2009,5,5.Hampton Roads,1. No Adverse Condition (Clear/Cloudy),Not Provided,2. No,Not Provided,Not YOUNG
,Not ALCIHOL,Urban,0,0,,,Not UNBELTED,6,Female,B,2,BIKE,,1,1,,2. Angle,"Not Provided,Not Provided","Not Provided,Not Provided",,,,6/30/2013,6/30/2013,22. Bicycle,1547,B.Visiible Injury,2013,,0,0,Norfolk,Urban,22. Bicycle,MAIN,3PM TO 6PM,122.Norfolk,,Not Intersection,Reset Filters,VDOT_OTHER,Sunday,Not DEER,"East,South",,5,1,132820040,"16,6","Female,Female","PDO,B","1,2","1. No Improper Action,24. Fail to Stop at Through Highway - No Sign","2. Not Deployed,3. Unavailable/Not Applicable","4. No Test,4. No Test","1. No Defects,1. No Defects","Not Applicable,Not Applicable","1. Had Not Been Drinking,1. Had Not Been Drinking","Not Applicable,Not Applicable","1. Not Ejected,1. Not Ejected","No,Yes","No,No","3. Lap and Shoulder Belt,9. Not Applicable","10. Parked Vehicle(s),10. Parked Vehicle(s)",,,,,,,,,"22,20",1. On Roadway,"0,0",,,,Not GUARDRAIL,Not HIT_RUN,"12,2",1,1. Not at Intersection,,C,0,0,36.908292,36.908292,,,Not LRTRUCK,2. Daylight,UNLOCATED,-76.239298,-76.239298,MAINLINE,,,,,,,,"22,20",Not MOTORCYCLE,,.,,,,,,,1,,SEC_URBAN,,,,,,,,,,,,0,1,,0,0,,,,,,,,,Not PED,,1,0,Norfolk,122,5,NOT-RD,8. Non-Intersection,,,,1. Straight - Level,1. No Defects,"1. Two-Way, Not Divided",1. Dry,"2. Blacktop, Asphalt, Bituminous",1255 ROSEMONT CT,UNKWN,SC,U-VA122SC99999UK,,3. No,"0,0",,,,,,Not SENIOR,,10,"25,0",Not SPEED,"25,0",,,"2. No,2. No",,"0,0",3PM TO 6PM,1,1,1. No Traffic Control,5. Yes - Missing,,"1,2","1. Passenger car,9. Bicycle",OLDSMOBILE,"1. Going Straight Ahead,1. Going Straight Ahead","ALERO,Bicycle",2002,5,5.Hampton Roads,1. No Adverse Condition (Clear/Cloudy),Not Provided,2. No,Not Provided,YOUNG
No Access Control,Not ALCIHOL,Urban,1,1,Bituminous Concrete (Black Base),US-00258(B)/,Not UNBELTED,68,Male,A,2,BIKE,78.55,0,0,45,1. Rear End,"Not Provided,Not Provided","Not Provided,Not Provided",SR00010,79.448,4,10/28/2014,10/28/2014,28. Ran Off Road,1059,A.Ambulatory Injury,2014,None,0,0,Isle of Wight,Urban,28. Ran Off Road,MAIN,9AM TO 12PM,46.Isle of Wight,116,Intersection,Reset Filters,VDOT_OTHER,Tuesday,Not DEER,"West,West",DISTRACTED,5,1,143015221,"18,68","Female,Male","PDO,A","1,2","40. Fail to Maintain Proper Control,1. No Improper Action","2. Not Deployed,3. Unavailable/Not Applicable","4. No Test,4. No Test","1. No Defects,1. No Defects","7. Eyes Not on Road,14. No Driver Distraction","1. Had Not Been Drinking,1. Had Not Been Drinking","2. No,2. No","1. Not Ejected,3. Totally Ejected","No,Yes","No,No","3. Lap and Shoulder Belt,8. No Restraint Used","1. Not Obscured,1. Not Obscured",,,79,393089,46-00620(B)/MUDDY CROSS DR/TAN RD,0,1,"1.Divided, no control of access","28,20",1. On Roadway,"0,0",E,E.Urban Other Principle Arterials; Connecting Links of Other Rural Principal Arterial,State Primary and Interstate,Not GUARDRAIL,Not HIT_RUN,"1,6",1,1. Not at Intersection,143015221,N,0,0,36.92154,36.92154,6,0.92,Not LRTRUCK,2. Daylight,LOCATED,-76.58058,-76.58058,MAINLINE,MAIN,3,3,Grass/Unprotected,40,40,Divided Roadway,"22,20",Not MOTORCYCLE,393089,393089.  4600620       4600620       SR00010       SR00010,11683,11428,11492,10851,11063,4,1,0.022,VDOT_PRI,,,,,,,,,0,72,48,0,1,,0,0,,,,,,,,,Not PED,,1,0,Isle of Wight,46,5,NOT-RD,1. Main-Line Roadway,6,79.25,79.47,1. Straight - Level,1. No Defects,"2. Two-Way, Divided, Unprotected Median",1. Dry,"2. Blacktop, Asphalt, Bituminous",ROUTE 10,STPRI,SR,R-VA   SR00010WB,"Urbanized (Population 200,000 and over)",3. No,"20,0",11503,11248,11312,10677,10889,SENIOR,None,"60,15","55,55",SPEED,"55,55",859035,0.27,"1. Yes,2. No",0,"22,0",9AM TO 12PM,1,1,6. Traffic Lanes Marked,1. Yes - Working,Designated Truck Route - D1,"1,2","1. Passenger car,9. Bicycle","KIA,SPECIALIZED","9. Ran Off Road - Right,1. Going Straight Ahead","RIO,BICYCLE",20092014,5,5.Hampton Roads,1. No Adverse Condition (Clear/Cloudy),Not Provided,2. No,Not Provided,YOUNG
No Access Control,Not ALCIHOL,Urban,0,0,Bituminous Concrete (Black Base),GRANT AVE(L)/,Not UNBELTED,17,Not Provided,B,2,BIKE,1.65,1,1,,2. Angle,"Not Provided,Not Provided","Not Provided,Not Provided",13400012,1.691,4,10/29/2014,10/29/2014,22. Bicycle,500,B.Visiible Injury,2014,Left and Right sides,0,0,Virginia Beach,Urban,22. Bicycle,MAIN,3AM TO 6AM,134.Virginia Beach,470,Intersection,Reset Filters,VDOT_OTHER,Wednesday,Not DEER,"Not Provided,East",,5,1,143035052,17,"Not Provided,Not Provided","PDO,B","1,2","34. Hit and Run,37. Other","Not Provided,3. Unavailable/Not Applicable","4. No Test,4. No Test","9. Unknown,1. No Defects","14. No Driver Distraction,14. No Driver Distraction","6. Unknown,1. Had Not Been Drinking","3. Unknown,2. No","Not Provided,3. Totally Ejected","NotProvided,No","Yes,No","Not Provided,8. No Restraint Used","1. Not Obscured,1. Not Obscured",,,2,541272,134-00013(L)/134-08739(R)/Gap Terminus/ROSEMO,0,1,"1.Divided, no control of access","22,20",1. On Roadway,"0,0",H,H.Urban Minor Arterial,Other City or Town Streets (not state maintained),Not GUARDRAIL,HIT_RUN,"12,12",1,2. Two Approaches,143035052,C,0,0,36.8135,36.8135,0,0.13,Not LRTRUCK,4. Darkness - Road Lighted,LOCATED,-76.09863,-76.09863,MAINLINE,MAIN,0,0,Curbed Grass,16,4,Divided Roadway,"22,20",Not MOTORCYCLE,541272,541272. 13400012      13400012      13400013      13408739,55636,55716,56230,54190,54562,4,1,0.089,SEC_URBAN,,,,,,,,,0,0,52,0,1,,0,0,,,,,,,,,Not PED,,1,0,Virginia Beach,134,5,NOT-RD,10. Intersection Related - Within 150 Feet,0,1.50,1.69,1. Straight - Level,1. No Defects,"2. Two-Way, Divided, Unprotected Median",1. Dry,"2. Blacktop, Asphalt, Bituminous",3600 HOLLAND ROAD,URB,UR,R-VA134UR00012WB,"Urbanized (Population 200,000 and over)",3. No,"0,0",32876,33512,33821,32594,33183,Not SENIOR,Left and Right sides,2,"45,45",Not SPEED,"45,45",734994,0,"3. Pending,2. No",0,"0,0",3AM TO 6AM,1,1,3. Traffic Signal,1. Yes - Working,Not a Parkway - Trucks and Commercial Vehicles Allowed,"1,2","1. Passenger car,9. Bicycle","UNK,UNK","15. Other,1. Going Straight Ahead","UNK,BICYCLE",,5,5.Hampton Roads,1. No Adverse Condition (Clear/Cloudy),Not Provided,2. No,Not Provided,YOUNG
No Access Control,Not ALCIHOL,Urban,1,1,Bituminous Concrete (Black Base),CITY HALL AVE.(R)/,Not UNBELTED,45,Male,A,2,BIKE,5.88,0,0,,2. Angle,"Not Provided,Not Provided","Not Provided,Not Provided",SR00171,5.92,4,10/30/2014,10/30/2014,20. Motor Vehicle In Transport,1119,A.Ambulatory Injury,2014,Right side,0,1,Poquoson,Urban,20. Motor Vehicle In Transport,MAIN,9AM TO 12PM,147.Poquoson,792,Intersection,Reset Filters,VDOT_OTHER,Thursday,Not DEER,"South,West",DISTRACTED,5,1,143035244,"69,45","Male,Male","C,A","1,2","11. Did Not Have Right-of-Way,1. No Improper Action","2. Not Deployed,3. Unavailable/Not Applicable","4. No Test,4. No Test","1. No Defects,1. No Defects","7. Eyes Not on Road,14. No Driver Distraction","1. Had Not Been Drinking,1. Had Not Been Drinking","2. No,2. No","1. Not Ejected,3. Totally Ejected","No,Yes","No,No","3. Lap and Shoulder Belt,8. No Restraint Used","1. Not Obscured,1. Not Obscured",,,6,746454,CITY HALL AVE.(R)/,0.11,0,"0.Two-way, non-divided","22,20",1. On Roadway,"0,0",H,H.Urban Minor Arterial,Urban Extensions - Primary Routes,Not GUARDRAIL,Not HIT_RUN,"12,2",1,1. Not at Intersection,143035244,C,0,0,37.12405,37.12405,8,0.06,Not LRTRUCK,2. Daylight,LOCATED,-76.3934,-76.3934,MAINLINE,MAIN,0,0,0,0,0,Undivided Roadway,"22,20",Not MOTORCYCLE,672314,672314.  SR00171       SR00171       SR00172       SR00172,24472,23930,23957,23103,23572,2,1,0.15,PRI_URBAN,,,,,,,,,0,0,38,0,2,,0,0,,,,,,,,,Not PED,,2,0,Poquoson,147,5,NOT-RD,1. Main-Line Roadway,0,5.75,5.92,1. Straight - Level,1. No Defects,"1. Two-Way, Not Divided",1. Dry,"2. Blacktop, Asphalt, Bituminous",8 VICTORY BLVD,STPRI,SR,R-VA   SR00171WB,"Urbanized (Population 200,000 and over)",3. No,"0,0",12539,12262,12092,11661,11898,SENIOR,None,"10,5","5,55",SPEED,"5,55",746454,0.05,"3. Pending,2. No",0,"0,0",9AM TO 12PM,1,1,1. No Traffic Control,6. No Traffic Control Device Present,Not a Parkway - Trucks and Commercial Vehicles Allowed,"1,2","22. Truck - Sport Utility Vehicle (SUV),9. Bicycle","MERC,MOUNTAIN","1. Going Straight Ahead,1. Going Straight Ahead","MOUNTAINEER,BICYCLE",2011,5,5.Hampton Roads,1. No Adverse Condition (Clear/Cloudy),Not Provided,2. No,Not Provided,Not YOUNG
No Access Control,Not ALCIHOL,Urban,0,0,Bituminous Concrete (Black Base),CHANTRY DRIVE(L)/,Not UNBELTED,68,Male,B,2,BIKE,1.95,1,1,,2. Angle,"Not Provided,Not Provided","Not Provided,Not Provided",13400012,2.127,4,7/2/2013,7/2/2013,20. Motor Vehicle In Transport,1841,B.Visiible Injury,2013,Left and Right sides,0,0,Virginia Beach,Urban,20. Motor Vehicle In Transport,MAIN,6PM TO 9PM,134.Virginia Beach,"1,832",Intersection,Reset Filters,VDOT_OTHER,Tuesday,Not DEER,"West,North",,5,1,131855013,"68,68","0,Male","PDO,B","1,2","1. No Improper Action,37. Other","2. Not Deployed,3. Unavailable/Not Applicable","4. No Test,4. No Test","1. No Defects,1. No Defects","14. No Driver Distraction,14. No Driver Distraction","1. Had Not Been Drinking,1. Had Not Been Drinking","2. No,2. No","1. Not Ejected,1. Not Ejected","No,Yes","No,No","3. Lap and Shoulder Belt,5. Helmet","1. Not Obscured,1. Not Obscured",,,2,734977,NORTHWOOD DR(R)/DIANA LEE DR(L)/,0,1,"1.Divided, no control of access","22,20",1. On Roadway,"0,0",H,H.Urban Minor Arterial,Other City or Town Streets (not state maintained),Not GUARDRAIL,Not HIT_RUN,"7,12",1,4. Four Approaches,131855013,C,0,0,36.809614,36.809614,0,0.18,Not LRTRUCK,2. Daylight,LOCATED,-76.093006,-76.093006,MAINLINE,MAIN,0,0,Curbed Grass,16,4,Divided Roadway,"22,20",Not MOTORCYCLE,541272,541272. 13400012      13400012      13400013      13408739,55636,55716,56230,54190,54562,4,1,0.347,SEC_URBAN,,,,,,,,,0,0,52,0,1,,0,0,,,,,,,,,Not PED,,1,0,Virginia Beach,134,5,NOT-RD,1. Main-Line Roadway,0,2.00,2.13,1. Straight - Level,1. No Defects,"1. Two-Way, Not Divided",2. Wet,"2. Blacktop, Asphalt, Bituminous",3400 DIANA LEE DRIVE,URB,UR,R-VA134UR00012WB,"Urbanized (Population 200,000 and over)",3. No,"0,0",28098,29924,30200,29104,29116,SENIOR,Left and Right sides,"0,10","25,0",SPEED,"25,0",734983,0,"2. No,1. Yes",0,"0,0",6PM TO 9PM,1,1,3. Traffic Signal,1. Yes - Working,Not a Parkway - Trucks and Commercial Vehicles Allowed,"1,2","22. Truck - Sport Utility Vehicle (SUV),9. Bicycle","BUICK,NONE","8. Stopped in Traffic Lane,15. Other","ENCLAVE,BICYCLE",20082013,5,5.Hampton Roads,1. No Adverse Condition (Clear/Cloudy),Not Provided,2. No,Not Provided,Not YOUNG
No Access Control,ALCOHOL,Urban,0,0,Portland Cement Concrete,121-07015(B)/MARSHALL AV,Not UNBELTED,44,Female,B,2,BIKE,0.64,1,1,,2. Angle,"Not Provided,Not Provided","Not Provided,Not Provided",SR00351,0.64,4,7/2/2013,7/2/2013,20. Motor Vehicle In Transport,1037,B.Visiible Injury,2013,Left and Right sides,0,0,Newport News,Urban,20. Motor Vehicle In Transport,MAIN,9AM TO 12PM,121.Newport News,0,Intersection,Reset Filters,VDOT_OTHER,Tuesday,Not DEER,"East,North",,5,1,133040020,"25,44","0,Female","PDO,B","1,2","1. No Improper Action,21. Disregarded Traffic Signal","2. Not Deployed,3. Unavailable/Not Applicable","4. No Test,4. No Test","1. No Defects,8. Other","Not Applicable,Not Applicable","1. Had Not Been Drinking,3. Drinking - Ability Impaired","2. No,1. Yes","1. Not Ejected,3. Totally Ejected","No,Yes","No,No","3. Lap and Shoulder Belt,8. No Restraint Used","1. Not Obscured,1. Not Obscured",,DRUG_USE,1,646171,ORCUTT AVE(R)/,0,0,"0.Two-way, non-divided","22,20",1. On Roadway,"0,0",H,H.Urban Minor Arterial,Urban Extensions - Primary Routes,Not GUARDRAIL,Not HIT_RUN,"12,9",1,4. Four Approaches,133040020,C,0,0,36.99250192,36.99250192,0,0.3,Not LRTRUCK,2. Daylight,LOCATED,-76.42130063,-76.42130063,MAINLINE,MAIN,0,0,0,0,0,Undivided Roadway,"22,20",Not MOTORCYCLE,646172,646172.  SR00351       SR00351      12107015      12107015,11815,10349,11321,10918,11139,4,1,0,PRI_URBAN,,,,,,,,,0,200,52,0,1,,0,0,,,,,,,,,Not PED,,1,0,Newport News,121,5,NOT-RD,9. Within Intersection,0,0.50,0.64,1. Straight - Level,1. No Defects,"1. Two-Way, Not Divided",1. Dry,"2. Blacktop, Asphalt, Bituminous",MARSHALL AVE,STPRI,SR,R-VA   SR00351EB,"Urbanized (Population 200,000 and over)",3. No,"0,0",6783,6633,7544,7275,7423,Not SENIOR,None,"28,0","35,35",Not SPEED,"35,35",646172,0,"2. No,3. Pending",0,"0,0",9AM TO 12PM,1,1,3. Traffic Signal,1. Yes - Working,Truck Access System,"1,2","1. Passenger car,9. Bicycle",HONDA,"1. Going Straight Ahead,1. Going Straight Ahead",CIVIC,2008,5,5.Hampton Roads,1. No Adverse Condition (Clear/Cloudy),Not Provided,2. No,Not Provided,Not YOUNG
No Access Control,Not ALCIHOL,Urban,0,0,Portland Cement Concrete,ARTIC AVE(B)/,Not UNBELTED,26,0,B,1,BIKE,3.87,1,1,,2. Angle,"Not Provided,Not Provided","Not Provided,Not Provided",C7US00058,3.874,4,7/3/2013,7/3/2013,22. Bicycle,1620,B.Visiible Injury,2013,Left and Right sides,0,0,Virginia Beach,Urban,22. Bicycle,MAIN,3PM TO 6PM,134.Virginia Beach,507,Intersection,Reset Filters,VDOT_OTHER,Wednesday,Not DEER,"North,West",,5,1,131855122,"26,58","0,Male","B,PDO","1,2","11. Did Not Have Right-of-Way,1. No Improper Action","3. Unavailable/Not Applicable,2. Not Deployed","4. No Test,4. No Test","1. No Defects,1. No Defects","14. No Driver Distraction,14. No Driver Distraction","1. Had Not Been Drinking,1. Had Not Been Drinking","2. No,2. No","3. Totally Ejected,1. Not Ejected","Yes,No","No,No","8. No Restraint Used,3. Lap and Shoulder Belt","1. Not Obscured,1. Not Obscured",,,4,541089,US-00060(L)/134-08669(R)/Gap Terminus/PACIFIC,0,0,"0.Two-way, non-divided","22,22",1. On Roadway,"0,0",H,H.Urban Minor Arterial,Urban Extensions - Primary Routes,Not GUARDRAIL,Not HIT_RUN,"2,12",1,4. Four Approaches,131855122,C,0,0,36.844861,36.844861,0,0.1,Not LRTRUCK,2. Daylight,LOCATED,-75.977325,-75.977325,MAINLINE,MAIN,0,0,0,0,0,Undivided Roadway,"22,22",Not MOTORCYCLE,541089,541089.  US00060       US00060      13408669     C7US00058,28916,25846,25964,25266,24156,4,1,0.096,PRI_URBAN,,,,,,,,,0,0,58,0,1,,0,0,,,,,,,,,Not PED,,1,0,Virginia Beach,134,5,NOT-RD,9. Within Intersection,0,3.75,3.87,1. Straight - Level,1. No Defects,"2. Two-Way, Divided, Unprotected Median",1. Dry,"2. Blacktop, Asphalt, Bituminous",400 BLOCK VIRGINA BEACH BL,USPRI,US,R-VA   US00058WBBUS007,"Urbanized (Population 200,000 and over)",3. No,"0,0",12948,11505,11611,11190,10783,Not SENIOR,Left and Right sides,"5,15","25,25",Not SPEED,"25,25",541090,0,"3. Pending,2. No",0,"0,0",3PM TO 6PM,1,1,3. Traffic Signal,1. Yes - Working,Not a Parkway - Trucks and Commercial Vehicles Allowed,"1,2","9. Bicycle,1. Passenger car","ROADMASTER,NISSAN","1. Going Straight Ahead,1. Going Straight Ahead","BEACH CRUISER,ALTIMA",20002013,5,5.Hampton Roads,1. No Adverse Condition (Clear/Cloudy),Not Provided,2. No,Not Provided,Not YOUNG
No Access Control,Not ALCIHOL,Urban,0,0,Bituminous Concrete (Black Base),134-08729(L)/PROSPERITY RD(R)/,Not UNBELTED,18,Male,B,3,BIKE,19.18,1,1,,5. Sideswipe - Opposite Direction,"Not Provided,Not Provided,Not Provided","Not Provided,Not Provided,Not Provided",13408669,19.185,3,7/3/2013,7/3/2013,22. Bicycle,1630,B.Visiible Injury,2013,None,0,0,Virginia Beach,Urban,22. Bicycle,MAIN,3PM TO 6PM,134.Virginia Beach,26,Intersection,Reset Filters,VDOT_OTHER,Wednesday,Not DEER,"North,North,South",,5,1,131865123,"30,39,18","0,0,Male","PDO,PDO,B","1,2,3","1. No Improper Action,1. No Improper Action,10. Wrong Side Of Road - Not Overtaking","2. Not Deployed,2. Not Deployed,3. Unavailable/Not Applicable","4. No Test,4. No Test,4. No Test","1. No Defects,1. No Defects,1. No Defects","14. No Driver Distraction,14. No Driver Distraction,14. No Driver Distraction","1. Had Not Been Drinking,1. Had Not Been Drinking,1. Had Not Been Drinking","2. No,2. No,2. No","1. Not Ejected,1. Not Ejected,1. Not Ejected","No,No,No","No,No,No","3. Lap and Shoulder Belt,3. Lap and Shoulder Belt,9. Not Applicable","1. Not Obscured,1. Not Obscured,1. Not Obscured",,,19,541480,BERKNOR DR(L)/,0,1,"1.Divided, no control of access","20,20,20",1. On Roadway,"0,0,0",H,H.Urban Minor Arterial,Other City or Town Streets (not state maintained),Not GUARDRAIL,Not HIT_RUN,"3,3,11",1,4. Four Approaches,131865123,C,0,0,36.793821,36.793821,8,0.22,Not LRTRUCK,2. Daylight,LOCATED,-75.995295,-75.995295,MAINLINE,MAIN,6,6,Grass/Unprotected,36,24,Divided Roadway,"22,2,20",Not MOTORCYCLE,541479,541479. 13408669      13408669      13408729,59226,51259,51781,50296,51804,4,1,0.005,SEC_URBAN,,,,,,,,,0,0,48,0,1,,0,0,,,,,,,,,Not PED,,1,0,Virginia Beach,134,5,NOT-RD,9. Within Intersection,8,19.00,19.18,1. Straight - Level,9. Other,"2. Two-Way, Divided, Unprotected Median",1. Dry,"2. Blacktop, Asphalt, Bituminous",GENERAL BOOTH BOULEVARD,URB,UR,R-VA134UR08669SB,"Urbanized (Population 200,000 and over)",3. No,"22,2,0",28876,26998,27247,26258,26135,Not SENIOR,None,"45,45,2","45,45,45",Not SPEED,"45,45,45",541479,0,"2. No,2. No,2. No",0,"42,0,0",3PM TO 6PM,1,1,3. Traffic Signal,1. Yes - Working,Not a Parkway - Trucks and Commercial Vehicles Allowed,"1,2,3","22. Truck - Sport Utility Vehicle (SUV),22. Truck - Sport Utility Vehicle (SUV),9. Bicycle","DODGE,CHEVY,OTHER","1. Going Straight Ahead,1. Going Straight Ahead,15. Other","JOURNEY,TAHOE,BICYCLE",201120132012,5,5.Hampton Roads,1. No Adverse Condition (Clear/Cloudy),Not Provided,2. No,Not Provided,YOUNG