Access Control,Alcohol Notalcohol,Area Type1,A Crash,A People,Basetypedesc,Begin Node Dsc,Belted Unbelted,Bikeage,Bikegen,Bikeinjurytype,Bikevehiclenumber,Bike Nonbike,BMP,B Crash,B People,Carspeedlimit,Collision Type,Comm Cargo Body Type Cd,Comm Vehicle Body Type Cd,Cotedrouteid,Coted Mp,Count App,CRASH_DT (copy),Crash Dt,Crash Event Type Dsc,Crash Military Tm,Crash Severity,Crash Year,Curbgutterdesc,C Crash,C People,Juris Name Used,Area Type Used,First Harmful Event of Entire Crash,MAINLINE,Time Slicing Used,Phy_Juris_Nm,Offset-Ft,Intersection Analysis,Clear,Calculation_9640323132123359,Day Of Week,Deer Nodeer,Direction Of Travel Cd,Distracted Notdistracted,VSP,TOTAL CRASH,Document Nbr,Driverage,Drivergen,Driverinjurytype,Drivervehiclenumber,Driver Action Type Cd,Driver Airbag Deployment,Driver Alcohol Test Type Cd,Driver Condition Type Cd,Driver Distraction Type Cd,Driver Drinking Type Cd,Driver Drug Use Cd,Driver Ejected From Vehicle,Driver Ems Transport Ind,Driver Fled Scene Ind,Driver Safety Equip Used,Driver Vis Obscured Type Cd,Drowsy Notdrowsy,Drug Nodrug,EMP,End Node,End Node Dsc,End Offset,Facility,FAC,First Crash Event Cd,First Harmful Event,Fourth Crash Event Cd,Functionalclass,FUN,Govcondesc,Gr Nogr,Hitrun Not Hitrun,Initial Veh Impact Area Cd,Injury Crashes,Intersection Type,Int Doc,Jurtype,K_CRASH,K People,LAT (copy),LAT,Leftshoulderwidth,Length,Lgtruck Nonlgtruck,Light Condition,Located Unlocated,LON (copy),LON,MAINLINE (group),Mainline Yn,Medianleftshoulderwidth,Medianrightshoulderwidth,Mediantypedesc,Medianwidthmax,Medianwidthmin,Median Type,Most Harmful Crash Event Cd,Motor Nonmotor,Node,Node Info,Node Totaadt2011,Node Totaadt2012,Node Totaadt2013,Node Totaadt2014,Node Totaadt2015,Numberoflane,Number of Records,Offset,Ownership,Passage,Passgen,Passinjurytype,Passvehiclenumber,Pass Airbag Deployment,Pass Ejected From Vehicle,Pass Ems Transport Ind,Pass Safety Equip Used,Pavementconditionvalue,Pavementroughnessvalue,Pavementwidth,Pdo Crash,Total People Killed & Injured,Pedage,Pedestrians Injured,Pedestrians Killed,Pedgen,Pedinjurytype,Pednumber,Ped Action,Ped Al Test,Ped Cond,Ped Drink,Ped Drug,Ped Nonped,Ped Rflct,Persons Injured,Persons Killed,Physical Juris Nm,PJR,VSP_Used,Rd Type,Relation To Roadway,Rightshoulderwidth,RNS_MP (0.25 mi bin),Rns Mp,Roadway Alignment,Roadway Defect,Roadway Description,Roadway Surface Cond,Roadway Surface Type,Route Or Street Nm,Rte Category Cd,Rte Cat,Rte Nm,Ruralurbandesc,School Zone,Second Crash Event Cd,Segtotaadt2011,Segtotaadt2012,Segtotaadt2013,Segtotaadt2014,Segtotaadt2015,Senior Notsenior,Sidewalkdesc,Speed Before,Speed Max Safe,Speed Notspeed,Speed Posted,Start Node,Start Offset,Summons Issued Cd,Surfacedesc,Third Crash Event Cd,Time Slicing,Total Crashes including Property Damage Only,Total Crash,Traffic Control Type,Trfc Ctrl Status Type,Truckcommr,Vehiclenumber,Vehicle Body Type Cd,Vehicle Make Nm,Vehicle Maneuver Type Cd,Vehicle Model Nm,Vehicle Year Nbr,District,District_Used ,Weather Condition,Work Zone Location,Work Zone Related,Work Zone Type,Young Notyoung
No Access Control,Not ALCIHOL,Urban,0,0,Dual Type,BEGIN STATE MAINTENANCE,Not UNBELTED,61,0,B,1,BIKE,24.54,1,1,,2. Angle,"Not Provided,Not Provided","Not Provided,Not Provided",SR00031,24.557,4,7/4/2013,7/4/2013,22. Bicycle,933,B.Visiible Injury,2013,Left and Right sides,0,0,Williamsburg,Urban,22. Bicycle,MAIN,9AM TO 12PM,137.Williamsburg,16,Intersection,Reset Filters,VDOT_OTHER,Thursday,Not DEER,"South,East",,5,1,133110003,"61,77","0,Male","B,PDO","1,2","11. Did Not Have Right-of-Way,1. No Improper Action","3. Unavailable/Not Applicable,2. Not Deployed","Not Applicable,Not Applicable","1. No Defects,1. No Defects","Not Applicable,Not Applicable","1. Had Not Been Drinking,1. Had Not Been Drinking","Not Applicable,Not Applicable","3. Totally Ejected,1. Not Ejected","No,No","No,No","8. No Restraint Used,3. Lap and Shoulder Belt","11. Moving Vehicle(s),11. Moving Vehicle(s)",,,25,398722,SR-00005(U)/SR-00199(B)/,0,0,"0.Two-way, non-divided","20,22",1. On Roadway,"0,0",H,H.Urban Minor Arterial,State Primary and Interstate,Not GUARDRAIL,Not HIT_RUN,"5,12",1,4. Four Approaches,133110003,N,0,0,37.254102,37.254102,0,0.02,Not LRTRUCK,2. Daylight,LOCATED,-76.731508,-76.731508,MAINLINE,MAIN,0,0,0,0,0,Undivided Roadway,"22,22",Not MOTORCYCLE,398722,398722.  SR00005       SR00031       SR00199       SR00199,49068,48292,46988,45643,46186,2,1,0.003,VDOT_PRI,,,,,,,,,0,1,52,0,1,,0,0,,,,,,,,,Not PED,,1,0,Williamsburg,137,5,NOT-RD,9. Within Intersection,0,24.50,24.56,1. Straight - Level,1. No Defects,"3. Two-Way, Divided, Positive Median Barrier",1. Dry,"2. Blacktop, Asphalt, Bituminous",RT 199,STPRI,SR,R-VA   SR00031SB,"Urbanized (Population 200,000 and over)",3. No,"0,0",15975,15622,15810,15247,15556,SENIOR,Right side,"5,35","45,45",Not SPEED,"45,45",700890,0,"1. Yes,2. No",0,"0,0",9AM TO 12PM,1,1,3. Traffic Signal,1. Yes - Working,Not a Parkway - Trucks and Commercial Vehicles Allowed,"1,2","9. Bicycle,1. Passenger car","BICYCLE,CHRYSLER","1. Going Straight Ahead,1. Going Straight Ahead",SEBRING,2006,5,5.Hampton Roads,1. No Adverse Condition (Clear/Cloudy),Not Provided,2. No,Not Provided,Not YOUNG
,Not ALCIHOL,Urban,0,0,,,Not UNBELTED,13,Not Provided,B,2,BIKE,,1,1,,1. Rear End,"Not Provided,Not Provided","Not Provided,Not Provided",,,,7/4/2013,7/4/2013,20. Motor Vehicle In Transport,2000,B.Visiible Injury,2013,,0,0,Virginia Beach,Urban,20. Motor Vehicle In Transport,MAIN,6PM TO 9PM,134.Virginia Beach,,Not Intersection,Reset Filters,VDOT_OTHER,Thursday,Not DEER,"South,South",DISTRACTED,5,1,131865137,13,"0,Not Provided","PDO,B","1,2","34. Hit and Run,1. No Improper Action","Not Provided,3. Unavailable/Not Applicable","Not Applicable,4. No Test","9. Unknown,1. No Defects","11. Other,14. No Driver Distraction","6. Unknown,1. Had Not Been Drinking","3. Unknown,2. No","Not Provided,2. Partially Ejected","NotProvided,No","Yes,No","Not Provided,8. No Restraint Used","13. Other,1. Not Obscured",,,,,,,,,"22,20",1. On Roadway,"0,0",,,,Not GUARDRAIL,HIT_RUN,"1,6",1,3. Three Approaches,,C,0,0,36.773737,36.773737,,,Not LRTRUCK,2. Daylight,UNLOCATED,-76.07211,-76.07211,MAINLINE,,,,,,,,"22,20",Not MOTORCYCLE,,.,,,,,,,1,,SEC_URBAN,,,,,,,,,,,,0,1,,0,0,,,,,,,,,Not PED,,1,0,Virginia Beach,134,5,NOT-RD,9. Within Intersection,,,,1. Straight - Level,1. No Defects,"1. Two-Way, Not Divided",1. Dry,"2. Blacktop, Asphalt, Bituminous",3036 WINTERBERRY LN,UNKWN,SC,U-VA134SC99999UK,,3. No,"0,0",,,,,,Not SENIOR,,3,"25,25",Not SPEED,"25,25",,,"3. Pending,2. No",,"0,0",6PM TO 9PM,1,1,13. Other,1. Yes - Working,,"1,2","1. Passenger car,9. Bicycle","FORD,THRUSTER","1. Going Straight Ahead,1. Going Straight Ahead",BMX BIKE,2010,5,5.Hampton Roads,1. No Adverse Condition (Clear/Cloudy),Not Provided,2. No,Not Provided,Not YOUNG
No Access Control,Not ALCIHOL,Urban,0,0,Bituminous Concrete (Black Base),131-08798(L)/BELLS MILL RD,Not UNBELTED,57,Male,K,1,BIKE,5.39,0,0,,16. Other,"Not Provided,15. Other Cargo Body (Not Listed Above)","Not Provided,9. Tractor/Semi-trailer (One Trailer)",SR00165,5.812,3,10/31/2014,10/31/2014,22. Bicycle,551,K.Fatal Injury,2014,Left side,0,1,Chesapeake,Urban,22. Bicycle,MAIN,3AM TO 6AM,131.Chesapeake,42,Intersection,Reset Filters,VDOT_OTHER,Friday,Not DEER,"East,East",,5,1,143045146,"57,60","Male,Male","K,C","1,2","16. Improper Turn From Wrong Lane,1. No Improper Action","3. Unavailable/Not Applicable,2. Not Deployed","Not Applicable,Not Applicable","9. Unknown,9. Unknown","Not Applicable,Not Applicable","6. Unknown,6. Unknown","3. Unknown,3. Unknown","3. Totally Ejected,1. Not Ejected","Yes,No","No,No","5. Helmet,3. Lap and Shoulder Belt","Not Applicable,Not Applicable",,,6,483343,131-08648(L)/ALBEMARLE DR,0,0,"0.Two-way, non-divided","20,22",1. On Roadway,"0,0",H,H.Urban Minor Arterial,Urban Extensions - Primary Routes,Not GUARDRAIL,Not HIT_RUN,"13,4",0,4. Four Approaches,143045146,C,1,1,36.71338,36.71338,0,0.43,LRTRUCK,2. Daylight,LOCATED,-76.25415,-76.25415,MAINLINE,MAIN,0,0,0,0,0,Undivided Roadway,"20,22",Not MOTORCYCLE,483343,483343.  SR00165       SR00165      13108648,24889,24338,24476,28470,29036,2,1,0.008,PRI_URBAN,,,,,,,,,0,130,35,0,2,,0,0,,,,,,,,,Not PED,,1,1,Chesapeake,131,5,NOT-RD,10. Intersection Related - Within 150 Feet,4,5.75,5.82,1. Straight - Level,1. No Defects,"3. Two-Way, Divided, Positive Median Barrier",1. Dry,1. Concrete,CEDAR RD,STPRI,SR,R-VA   SR00165NB,"Urbanized (Population 200,000 and over)",3. No,"0,0",22763,22259,22385,26058,26576,Not SENIOR,Left side,35,"35,35",Not SPEED,"35,35",483344,0.4,"2. No,Not Provided",0,"0,0",3AM TO 6AM,1,1,3. Traffic Signal,1. Yes - Working,Not a Parkway - Trucks and Commercial Vehicles Allowed,"1,2","9. Bicycle,23. Truck - Single Unit Truck (3 Axles or More)","RANS,FREIGHTLINER","3. Making Left Turn,1. Going Straight Ahead","VAREX BICYCLE,TRACTOR",20142012,5,5.Hampton Roads,1. No Adverse Condition (Clear/Cloudy),Not Provided,2. No,Not Provided,Not YOUNG
No Access Control,ALCOHOL,Urban,0,0,"N/A, Unknown, or Unstabilized",47-00662(R)/,Not UNBELTED,62,Male,C,2,BIKE,33.17,0,0,45,2. Angle,"Not Provided,Not Provided","Not Provided,Not Provided",SR00143,33.231,4,7/4/2013,7/4/2013,36. Cross Centerline,1825,C.Non-Visible Injury,2013,None,1,1,James City,Urban,36. Cross Centerline,MAIN,6PM TO 9PM,47.James City,153,Intersection,Reset Filters,VDOT_OTHER,Thursday,Not DEER,"East,East",,5,1,131855176,"21,62","0,Male","PDO,C","1,2","1. No Improper Action,11. Did Not Have Right-of-Way","2. Not Deployed,3. Unavailable/Not Applicable","Not Applicable,4. No Test","1. No Defects,1. No Defects","14. No Driver Distraction,14. No Driver Distraction","1. Had Not Been Drinking,2. Drinking - Obviously Drunk","2. No,2. No","1. Not Ejected,3. Totally Ejected","No,Yes","No,No","3. Lap and Shoulder Belt,9. Not Applicable","1. Not Obscured,1. Not Obscured",,,33,50634,JB-99-47/JAMES CITY - YORK CL/,0,0,"0.Two-way, non-divided","22,36",1. On Roadway,"0,0",H,H.Urban Minor Arterial,State Primary and Interstate,Not GUARDRAIL,Not HIT_RUN,"12,8",1,1. Not at Intersection,131855176,N,0,0,37.265454,37.265454,0,0.08,Not LRTRUCK,2. Daylight,LOCATED,-76.674952,-76.674952,MAINLINE,MAIN,0,0,0,0,0,Undivided Roadway,"22,20",Not MOTORCYCLE,671197,671197.  9900641       9900641       SR00143       SR00143,11406,11153,11674,11258,11486,4,1,0.029,VDOT_PRI,,,,,,,,,0,107,60,0,1,,0,0,,,,,,,,,Not PED,,1,0,James City,47,5,NOT-RD,8. Non-Intersection,0,33.00,33.23,1. Straight - Level,1. No Defects,"1. Two-Way, Not Divided",1. Dry,1. Concrete,RT. 143 (EB) / MERRIMAC TRAIL,STPRI,SR,R-VA   SR00143SB,"Urbanized (Population 200,000 and over)",3. No,"0,20",15206,14870,14905,14374,14665,Not SENIOR,None,"45,5","45,5",Not SPEED,"45,45",398165,0,"2. No,1. Yes",0,"0,0",6PM TO 9PM,1,1,6. Traffic Lanes Marked,1. Yes - Working,Not a Parkway - Trucks and Commercial Vehicles Allowed,"1,2","1. Passenger car,9. Bicycle","Honda,HUFFY","1. Going Straight Ahead,3. Making Left Turn","Accord Sdn,IRONMAN",2003,5,5.Hampton Roads,1. No Adverse Condition (Clear/Cloudy),Not Provided,2. No,Not Provided,Not YOUNG
No Access Control,Not ALCIHOL,Urban,0,0,"N/A, Unknown, or Unstabilized",134-08818(R)/19TH ST,Not UNBELTED,58,Male,B,2,BIKE,302.86,1,1,,2. Angle,"Not Provided,Not Provided","Not Provided,Not Provided",US00060,302.86,3,7/5/2013,7/5/2013,22. Bicycle,750,B.Visiible Injury,2013,Left and Right sides,0,0,Virginia Beach,Urban,22. Bicycle,MAIN,6AM TO 9AM,134.Virginia Beach,0,Intersection,Reset Filters,VDOT_OTHER,Friday,Not DEER,"North,West",DISTRACTED,5,1,131875043,"18,58","0,Male","PDO,B","1,2","21. Disregarded Traffic Signal,1. No Improper Action","2. Not Deployed,3. Unavailable/Not Applicable","4. No Test,4. No Test","1. No Defects,1. No Defects","8. Daydreaming,14. No Driver Distraction","1. Had Not Been Drinking,1. Had Not Been Drinking","2. No,2. No","1. Not Ejected,1. Not Ejected","No,Yes","No,No","3. Lap and Shoulder Belt,8. No Restraint Used","1. Not Obscured,1. Not Obscured",,,303,541089,134-08669(R)/C7US-00058(R)/Gap Terminus/PACIF,0,1,"1.Divided, no control of access","22,20",1. On Roadway,"0,0",H,H.Urban Minor Arterial,Urban Extensions - Primary Routes,Not GUARDRAIL,Not HIT_RUN,"1,8",1,4. Four Approaches,131875043,C,0,0,36.84709257,36.84709257,0,0.16,Not LRTRUCK,2. Daylight,LOCATED,-75.97604167,-75.97604167,MAINLINE,MAIN,0,0,Curbed (solid raised),2,2,Divided Roadway,"22,20",Not MOTORCYCLE,541106,541106.  US00060       US00060      13408818,20361,17737,17658,17505,16729,4,1,0,PRI_URBAN,,,,,,,,,0,235,44,0,1,,0,0,,,,,,,,,Not PED,,1,0,Virginia Beach,134,5,NOT-RD,9. Within Intersection,0,302.75,302.86,1. Straight - Level,1. No Defects,"2. Two-Way, Divided, Unprotected Median",1. Dry,"2. Blacktop, Asphalt, Bituminous",1898 PACIFIC AV,USPRI,US,R-VA   US00060EB,"Urbanized (Population 200,000 and over)",3. No,"0,0",17719,16034,15940,15849,14722,Not SENIOR,Left and Right sides,"38,5","35,35",SPEED,"35,35",541106,0,"1. Yes,2. No",0,"0,0",6AM TO 9AM,1,1,3. Traffic Signal,1. Yes - Working,Not a Parkway - Trucks and Commercial Vehicles Allowed,"1,2","1. Passenger car,9. Bicycle","TOYOTA,DIAMONDBACK","1. Going Straight Ahead,1. Going Straight Ahead","CAMRY,BICYCLE CRUISER",1999,5,5.Hampton Roads,1. No Adverse Condition (Clear/Cloudy),Not Provided,2. No,Not Provided,YOUNG
Partial Access Control,Not ALCIHOL,Urban,0,0,Dual Type,134-08713(L)/REGENCY DR,Not UNBELTED,17,Male,C,2,BIKE,506.38,0,0,,2. Angle,"Not Provided,Not Provided","Not Provided,Not Provided",US00058,506.528,4,7/5/2013,7/5/2013,22. Bicycle,1605,C.Non-Visible Injury,2013,None,1,1,Virginia Beach,Urban,22. Bicycle,MAIN,3PM TO 6PM,134.Virginia Beach,"1,595",Intersection,Reset Filters,VDOT_OTHER,Friday,Not DEER,"South,West",DISTRACTED,5,1,131965226,"87,17","0,Male","PDO,C","1,2","1. No Improper Action,37. Other","2. Not Deployed,3. Unavailable/Not Applicable","4. No Test,4. No Test","1. No Defects,1. No Defects","Not Applicable,11. Other","1. Had Not Been Drinking,1. Had Not Been Drinking","2. No,3. Unknown","1. Not Ejected,Not Provided","NotProvided,No","No,No","3. Lap and Shoulder Belt,9. Not Applicable","Not Applicable,11. Moving Vehicle(s)",,,507,541067,134-08713(L)/REGENCY DR,0.61,2,"2.Divided, partial control of access","22,22",1. On Roadway,"0,0",E,E.Urban Other Principle Arterials; Connecting Links of Other Rural Principal Arterial,Urban Extensions - Primary Routes,Not GUARDRAIL,Not HIT_RUN,"12,3",1,4. Four Approaches,131965226,C,0,0,36.85004,36.85004,3,0.38,Not LRTRUCK,2. Daylight,LOCATED,-76.027272,-76.027272,MAINLINE,MAIN,0,0,Grass/Unprotected,34,14,Divided Roadway,"22,22",Not MOTORCYCLE,541066,541066.  US00058       US00058      13400009      13400009,63023,61504,62556,60804,62575,4,1,0.302,PRI_URBAN,,,,,,,,,0,199,44,0,1,,0,0,,,,,,,,,Not PED,,1,0,Virginia Beach,134,5,NOT-RD,9. Within Intersection,3,506.50,506.52,1. Straight - Level,1. No Defects,"2. Two-Way, Divided, Unprotected Median",1. Dry,"2. Blacktop, Asphalt, Bituminous",1700 Laskin Road,USPRI,US,R-VA   US00058WB,"Urbanized (Population 200,000 and over)",3. No,"0,0",29331,29198,29955,29391,29183,SENIOR,None,"5,5","35,35",Not SPEED,"35,35",541067,0.23,"2. No,1. Yes",0,"0,0",3PM TO 6PM,1,1,3. Traffic Signal,1. Yes - Working,Not a Parkway - Trucks and Commercial Vehicles Allowed,"1,2","22. Truck - Sport Utility Vehicle (SUV),9. Bicycle",Jeep,"1. Going Straight Ahead,15. Other",Grand Cherokee,1999,5,5.Hampton Roads,1. No Adverse Condition (Clear/Cloudy),Not Provided,2. No,Not Provided,YOUNG
No Access Control,Not ALCIHOL,Urban,0,0,Bituminous Concrete (Black Base),ROSEMONT ROAD(B)/,Not UNBELTED,22,0,B,1,BIKE,2.75,1,1,,2. Angle,"Not Provided,Not Provided","Not Provided,Not Provided",13408779,2.756,4,7/6/2013,7/6/2013,22. Bicycle,1630,B.Visiible Injury,2013,Left and Right sides,0,0,Virginia Beach,Urban,22. Bicycle,MAIN,3PM TO 6PM,134.Virginia Beach,"2,196",Intersection,Reset Filters,VDOT_OTHER,Saturday,Not DEER,"East,North",,5,1,131885094,"22,44","0,Male","B,PDO","1,2","10. Wrong Side Of Road - Not Overtaking,1. No Improper Action","3. Unavailable/Not Applicable,2. Not Deployed","Not Applicable,Not Applicable","1. No Defects,1. No Defects","Not Applicable,Not Applicable","1. Had Not Been Drinking,1. Had Not Been Drinking","2. No,2. No","1. Not Ejected,1. Not Ejected","Yes,No","No,No","9. Not Applicable,3. Lap and Shoulder Belt","1. Not Obscured,1. Not Obscured",,,3,542404,MONET DR(R)/,0,1,"1.Divided, no control of access","20,22",1. On Roadway,"0,0",H,H.Urban Minor Arterial,Other City or Town Streets (not state maintained),Not GUARDRAIL,Not HIT_RUN,"0,8",1,3. Three Approaches,131885094,C,0,0,36.779053,36.779053,0,0.17,Not LRTRUCK,2. Daylight,LOCATED,-76.085421,-76.085421,MAINLINE,MAIN,0,0,Curbed Grass,28,4,Divided Roadway,"20,22",Not MOTORCYCLE,541156,541156.  SR00165       SR00165      13408779      13408779,55220,54860,54974,53802,56348,4,1,0.416,SEC_URBAN,,,,,,,,,0,0,52,0,1,,0,0,,,,,,,,,Not PED,,1,0,Virginia Beach,134,5,NOT-RD,9. Within Intersection,0,2.75,2.76,1. Straight - Level,1. No Defects,"3. Two-Way, Divided, Positive Median Barrier",1. Dry,"2. Blacktop, Asphalt, Bituminous",1700 S. ROSEMONT RD,URB,UR,R-VA134UR08779NB,"Urbanized (Population 200,000 and over)",3. No,"0,0",38478,40299,40671,39195,33563,Not SENIOR,Left and Right sides,"2,10","35,35",Not SPEED,"35,35",735195,0,"2. No,2. No",0,"0,0",3PM TO 6PM,1,1,3. Traffic Signal,1. Yes - Working,Not a Parkway - Trucks and Commercial Vehicles Allowed,"1,2","9. Bicycle,22. Truck - Sport Utility Vehicle (SUV)","BICYCLE,Chevrolet","1. Going Straight Ahead,3. Making Left Turn","N/A,TrailBlazer",20002003,5,5.Hampton Roads,1. No Adverse Condition (Clear/Cloudy),Not Provided,2. No,Not Provided,Not YOUNG
No Access Control,Not ALCIHOL,Urban,0,0,"N/A, Unknown, or Unstabilized",SR-00168(B)/,Not UNBELTED,51,Male,C,2,BIKE,2.41,0,0,,2. Angle,"Not Provided,Not Provided","Not Provided,Not Provided",SR00247,2.942,3,7/7/2013,7/7/2013,20. Motor Vehicle In Transport,1820,C.Non-Visible Injury,2013,Left and Right sides,1,1,Norfolk,Urban,20. Motor Vehicle In Transport,MAIN,6PM TO 9PM,122.Norfolk,676,Intersection,Reset Filters,VDOT_OTHER,Sunday,Not DEER,"South,East",,5,1,133170055,"41,51","0,Male","PDO,C","1,2","11. Did Not Have Right-of-Way,1. No Improper Action","2. Not Deployed,3. Unavailable/Not Applicable","4. No Test,4. No Test","1. No Defects,1. No Defects","Not Applicable,Not Applicable","1. Had Not Been Drinking,1. Had Not Been Drinking","2. No,2. No","1. Not Ejected,1. Not Ejected","No,Yes","No,No","3. Lap and Shoulder Belt,9. Not Applicable","1. Not Obscured,1. Not Obscured",,,3,483419,SR-00168(B)/,0.61,0,"0.Two-way, non-divided","22,20",1. On Roadway,"0,0",H,H.Urban Minor Arterial,Urban Extensions - Primary Routes,Not GUARDRAIL,Not HIT_RUN,"1,12",1,4. Four Approaches,133170055,C,0,0,36.875558,36.875558,0,0.61,Not LRTRUCK,2. Daylight,LOCATED,-76.25499,-76.25499,MAINLINE,MAIN,0,0,0,0,0,Undivided Roadway,"2,20",Not MOTORCYCLE,483548,483548.  SR00247       SR00247      12208613,19506,17466,17627,16987,17461,4,1,0.128,PRI_URBAN,,,,,,,,,0,226,54,0,1,,0,0,,,,,,,,,Not PED,,1,0,Norfolk,122,5,NOT-RD,9. Within Intersection,0,2.75,2.94,1. Straight - Level,1. No Defects,"1. Two-Way, Not Divided",1. Dry,"2. Blacktop, Asphalt, Bituminous",2900 LAFAYETTE BLVD,STPRI,SR,R-VA   SR00247WB,"Urbanized (Population 200,000 and over)",3. No,"0,0",19642,16665,16819,16208,16536,Not SENIOR,Left and Right sides,"15,20","25,25",Not SPEED,"25,25",483419,0,"1. Yes,2. No",0,"0,0",6PM TO 9PM,1,1,6. Traffic Lanes Marked,1. Yes - Working,Not a Parkway - Trucks and Commercial Vehicles Allowed,"1,2","22. Truck - Sport Utility Vehicle (SUV),9. Bicycle","MERCURY,TREK","3. Making Left Turn,1. Going Straight Ahead","MOUNTAINEER,26"" BIKE",2000,5,5.Hampton Roads,1. No Adverse Condition (Clear/Cloudy),Not Provided,2. No,Not Provided,Not YOUNG
No Access Control,Not ALCIHOL,Urban,0,0,"N/A, Unknown, or Unstabilized",19TH ST(L)/,Not UNBELTED,27,0,B,1,BIKE,0.14,1,1,,2. Angle,"Not Provided,Not Provided","Not Provided,Not Provided",13408719,0.144,3,7/10/2013,7/10/2013,20. Motor Vehicle In Transport,2039,B.Visiible Injury,2013,Left and Right sides,0,1,Virginia Beach,Urban,20. Motor Vehicle In Transport,MAIN,6PM TO 9PM,134.Virginia Beach,718,Intersection,Reset Filters,VDOT_OTHER,Wednesday,Not DEER,"North,South",,5,1,131985431,"27,46","0,Male","B,C","1,2","11. Did Not Have Right-of-Way,1. No Improper Action","3. Unavailable/Not Applicable,2. Not Deployed","Not Applicable,Not Applicable","1. No Defects,1. No Defects","Not Applicable,Not Applicable","1. Had Not Been Drinking,1. Had Not Been Drinking","Not Applicable,Not Applicable","1. Not Ejected,1. Not Ejected","No,NotProvided","No,No","9. Not Applicable,3. Lap and Shoulder Belt","1. Not Obscured,1. Not Obscured",,,0,541962,20TH ST(L)/,0,0,"0.Two-way, non-divided","20,22",1. On Roadway,"0,0",I,I.Urban Collector,Other City or Town Streets (not state maintained),Not GUARDRAIL,Not HIT_RUN,"6,12",1,1. Not at Intersection,131985431,C,0,0,36.847627,36.847627,0,0.07,Not LRTRUCK,4. Darkness - Road Lighted,LOCATED,-75.974838,-75.974838,MAINLINE,MAIN,0,0,0,0,0,Undivided Roadway,"20,22",Not MOTORCYCLE,541659,541659. 13408684      13408719      13408719,11035,8682,8762,8444,8560,2,1,0.136,SEC_URBAN,,,,,,,,,0,0,50,0,2,,0,0,,,,,,,,,Not PED,,2,0,Virginia Beach,134,5,NOT-RD,8. Non-Intersection,0,0.00,0.16,1. Straight - Level,1. No Defects,"1. Two-Way, Not Divided",1. Dry,"2. Blacktop, Asphalt, Bituminous",1905 ATLANTIC AVE,URB,UR,R-VA134UR08719NB,"Urbanized (Population 200,000 and over)",3. No,"0,0",9020,6158,6215,5989,6539,Not SENIOR,Left and Right sides,"8,10","25,25",Not SPEED,"25,25",541961,0,"2. No,2. No",0,"0,0",6PM TO 9PM,1,1,6. Traffic Lanes Marked,1. Yes - Working,Not a Parkway - Trucks and Commercial Vehicles Allowed,"1,2","9. Bicycle,2. Truck - Pick-up/Passenger Truck","UNK,DODGE","14. Changing Lanes,1. Going Straight Ahead","BEACH CRUISER,RAM",20082008,5,5.Hampton Roads,1. No Adverse Condition (Clear/Cloudy),Not Provided,2. No,Not Provided,Not YOUNG
,Not ALCIHOL,Urban,0,0,,,Not UNBELTED,45,Male,B,2,BIKE,,1,1,,2. Angle,"Not Provided,Not Provided","Not Provided,Not Provided",,,,7/12/2013,7/12/2013,20. Motor Vehicle In Transport,745,B.Visiible Injury,2013,,0,0,Newport News,Urban,20. Motor Vehicle In Transport,MAIN,6AM TO 9AM,121.Newport News,,Not Intersection,Reset Filters,VDOT_OTHER,Friday,Not DEER,"South,South",,5,1,133190078,"57,45","0,Male","PDO,B","1,2","1. No Improper Action,29. Improper Parking Location","2. Not Deployed,3. Unavailable/Not Applicable","4. No Test,4. No Test","1. No Defects,1. No Defects","Not Applicable,Not Applicable","1. Had Not Been Drinking,1. Had Not Been Drinking","2. No,2. No","1. Not Ejected,3. Totally Ejected","No,Yes","No,No","3. Lap and Shoulder Belt,5. Helmet","1. Not Obscured,1. Not Obscured",,,,,,,,,"22,20",1. On Roadway,"0,0",,,,Not GUARDRAIL,Not HIT_RUN,"12,3",1,1. Not at Intersection,,C,0,0,37.086179,37.086179,,,Not LRTRUCK,2. Daylight,UNLOCATED,-76.475445,-76.475445,MAINLINE,,,,,,,,"22,20",Not MOTORCYCLE,,.,,,,,,,1,,SEC_URBAN,,,,,,,,,,,,0,1,,0,0,,,,,,,,,Not PED,,1,0,Newport News,121,5,NOT-RD,1. Main-Line Roadway,,,,1. Straight - Level,1. No Defects,"1. Two-Way, Not Divided",2. Wet,"2. Blacktop, Asphalt, Bituminous",701 TOWN CENTER DR,UNKWN,SC,U-VA121SC99999UK,,3. No,"0,0",,,,,,Not SENIOR,,"5,0","15,0",Not SPEED,"15,0",,,"2. No,2. No",,"0,0",6AM TO 9AM,1,1,1. No Traffic Control,6. No Traffic Control Device Present,,"1,2","3. Van,9. Bicycle","FORD,BICYCLE","1. Going Straight Ahead,1. Going Straight Ahead",WINDSTAR,2001,5,5.Hampton Roads,5. Rain,Not Provided,2. No,Not Provided,Not YOUNG