Access Control,Alcohol Notalcohol,Area Type1,A Crash,A People,Basetypedesc,Begin Node Dsc,Belted Unbelted,Bikeage,Bikegen,Bikeinjurytype,Bikevehiclenumber,Bike Nonbike,BMP,B Crash,B People,Carspeedlimit,Collision Type,Comm Cargo Body Type Cd,Comm Vehicle Body Type Cd,Cotedrouteid,Coted Mp,Count App,CRASH_DT (copy),Crash Dt,Crash Event Type Dsc,Crash Military Tm,Crash Severity,Crash Year,Curbgutterdesc,C Crash,C People,Juris Name Used,Area Type Used,First Harmful Event of Entire Crash,MAINLINE,Time Slicing Used,Phy_Juris_Nm,Offset-Ft,Intersection Analysis,Clear,Calculation_9640323132123359,Day Of Week,Deer Nodeer,Direction Of Travel Cd,Distracted Notdistracted,VSP,TOTAL CRASH,Document Nbr,Driverage,Drivergen,Driverinjurytype,Drivervehiclenumber,Driver Action Type Cd,Driver Airbag Deployment,Driver Alcohol Test Type Cd,Driver Condition Type Cd,Driver Distraction Type Cd,Driver Drinking Type Cd,Driver Drug Use Cd,Driver Ejected From Vehicle,Driver Ems Transport Ind,Driver Fled Scene Ind,Driver Safety Equip Used,Driver Vis Obscured Type Cd,Drowsy Notdrowsy,Drug Nodrug,EMP,End Node,End Node Dsc,End Offset,Facility,FAC,First Crash Event Cd,First Harmful Event,Fourth Crash Event Cd,Functionalclass,FUN,Govcondesc,Gr Nogr,Hitrun Not Hitrun,Initial Veh Impact Area Cd,Injury Crashes,Intersection Type,Int Doc,Jurtype,K_CRASH,K People,LAT (copy),LAT,Leftshoulderwidth,Length,Lgtruck Nonlgtruck,Light Condition,Located Unlocated,LON (copy),LON,MAINLINE (group),Mainline Yn,Medianleftshoulderwidth,Medianrightshoulderwidth,Mediantypedesc,Medianwidthmax,Medianwidthmin,Median Type,Most Harmful Crash Event Cd,Motor Nonmotor,Node,Node Info,Node Totaadt2011,Node Totaadt2012,Node Totaadt2013,Node Totaadt2014,Node Totaadt2015,Numberoflane,Number of Records,Offset,Ownership,Passage,Passgen,Passinjurytype,Passvehiclenumber,Pass Airbag Deployment,Pass Ejected From Vehicle,Pass Ems Transport Ind,Pass Safety Equip Used,Pavementconditionvalue,Pavementroughnessvalue,Pavementwidth,Pdo Crash,Total People Killed & Injured,Pedage,Pedestrians Injured,Pedestrians Killed,Pedgen,Pedinjurytype,Pednumber,Ped Action,Ped Al Test,Ped Cond,Ped Drink,Ped Drug,Ped Nonped,Ped Rflct,Persons Injured,Persons Killed,Physical Juris Nm,PJR,VSP_Used,Rd Type,Relation To Roadway,Rightshoulderwidth,RNS_MP (0.25 mi bin),Rns Mp,Roadway Alignment,Roadway Defect,Roadway Description,Roadway Surface Cond,Roadway Surface Type,Route Or Street Nm,Rte Category Cd,Rte Cat,Rte Nm,Ruralurbandesc,School Zone,Second Crash Event Cd,Segtotaadt2011,Segtotaadt2012,Segtotaadt2013,Segtotaadt2014,Segtotaadt2015,Senior Notsenior,Sidewalkdesc,Speed Before,Speed Max Safe,Speed Notspeed,Speed Posted,Start Node,Start Offset,Summons Issued Cd,Surfacedesc,Third Crash Event Cd,Time Slicing,Total Crashes including Property Damage Only,Total Crash,Traffic Control Type,Trfc Ctrl Status Type,Truckcommr,Vehiclenumber,Vehicle Body Type Cd,Vehicle Make Nm,Vehicle Maneuver Type Cd,Vehicle Model Nm,Vehicle Year Nbr,District,District_Used ,Weather Condition,Work Zone Location,Work Zone Related,Work Zone Type,Young Notyoung
,Not ALCIHOL,Urban,0,0,,,Not UNBELTED,35,Female,C,2,BIKE,,0,0,,2. Angle,"Not Provided,Not Provided","Not Provided,Not Provided",,,,7/14/2013,7/14/2013,22. Bicycle,825,C.Non-Visible Injury,2013,,1,1,Newport News,Urban,22. Bicycle,MAIN,6AM TO 9AM,121.Newport News,,Not Intersection,Reset Filters,VDOT_OTHER,Sunday,Not DEER,"East,North",DISTRACTED,5,1,133240208,35,"0,Female","PDO,C","1,2","11. Did Not Have Right-of-Way,1. No Improper Action","2. Not Deployed,3. Unavailable/Not Applicable","4. No Test,4. No Test","1. No Defects,1. No Defects","3. Looking at Scenery,Not Applicable","1. Had Not Been Drinking,1. Had Not Been Drinking","2. No,2. No","1. Not Ejected,1. Not Ejected","No,No","No,No","3. Lap and Shoulder Belt,9. Not Applicable","1. Not Obscured,1. Not Obscured",,,,,,,,,"22,20",1. On Roadway,"0,0",,,,Not GUARDRAIL,Not HIT_RUN,"12,8",1,4. Four Approaches,,C,0,0,37.156222,37.156222,,,Not LRTRUCK,2. Daylight,UNLOCATED,-76.556216,-76.556216,MAINLINE,,,,,,,,"22,20",Not MOTORCYCLE,,.,,,,,,,1,,SEC_URBAN,,,,,,,,,,,,0,1,,0,0,,,,,,,,,Not PED,,1,0,Newport News,121,5,NOT-RD,1. Main-Line Roadway,,,,1. Straight - Level,1. No Defects,"1. Two-Way, Not Divided",1. Dry,"2. Blacktop, Asphalt, Bituminous",HICKORY POINT BLVD,UNKWN,SC,U-VA121SC99999UK,,3. No,"0,0",,,,,,Not SENIOR,,"5,2","25,45",Not SPEED,"25,45",,,"2. No,2. No",,"0,0",6AM TO 9AM,1,1,3. Traffic Signal,1. Yes - Working,,"1,2","22. Truck - Sport Utility Vehicle (SUV),9. Bicycle",CHEVROLE,"2. Making Right Turn,1. Going Straight Ahead",EQUINOX,2007,5,5.Hampton Roads,1. No Adverse Condition (Clear/Cloudy),Not Provided,2. No,Not Provided,Not YOUNG
,Not ALCIHOL,Urban,0,0,,,Not UNBELTED,49,Male,B,2,BIKE,,1,1,,2. Angle,"Not Provided,Not Provided","Not Provided,Not Provided",,,,11/8/2014,11/8/2014,22. Bicycle,1609,B.Visiible Injury,2014,,0,0,Virginia Beach,Urban,22. Bicycle,MAIN,3PM TO 6PM,134.Virginia Beach,,Not Intersection,Reset Filters,VDOT_OTHER,Saturday,Not DEER,"West,East",,5,1,143135158,"17,49","Female,Male","PDO,B","1,2","11. Did Not Have Right-of-Way,1. No Improper Action","2. Not Deployed,3. Unavailable/Not Applicable","Not Applicable,Not Applicable","1. No Defects,1. No Defects","14. No Driver Distraction,14. No Driver Distraction","1. Had Not Been Drinking,1. Had Not Been Drinking","2. No,2. No","1. Not Ejected,1. Not Ejected","No,Yes","No,No","3. Lap and Shoulder Belt,5. Helmet","1. Not Obscured,1. Not Obscured",,,,,,,,,"22,20",1. On Roadway,"0,0",,,,Not GUARDRAIL,Not HIT_RUN,"12,9",1,4. Four Approaches,,C,0,0,36.763,36.763,,,Not LRTRUCK,3. Dusk,UNLOCATED,-76.0286,-76.0286,MAINLINE,,,,,,,,"22,20",Not MOTORCYCLE,,.,,,,,,,1,,SEC_URBAN,,,,,,,,,,,,0,1,,0,0,,,,,,,,,Not PED,,1,0,Virginia Beach,134,5,NOT-RD,9. Within Intersection,,,,1. Straight - Level,1. No Defects,"2. Two-Way, Divided, Unprotected Median",1. Dry,"2. Blacktop, Asphalt, Bituminous",2245 ROCKING CHAIR LANE,UNKWN,SC,U-VA134SC99999UK,,3. No,"0,0",,,,,,Not SENIOR,,"5,2","45,45",Not SPEED,"45,45",,,"1. Yes,2. No",,"0,0",3PM TO 6PM,1,1,14. Ped Crosswalk,1. Yes - Working,,"1,2","1. Passenger car,9. Bicycle","Toyota,MONGOOSE","2. Making Right Turn,1. Going Straight Ahead","RAV4,BICYCLE",2007,5,5.Hampton Roads,1. No Adverse Condition (Clear/Cloudy),Not Provided,2. No,Not Provided,YOUNG
No Access Control,Not ALCIHOL,Urban,0,0,Bituminous Concrete (Black Base),SR-00134(B)/LASALLE AV,Not UNBELTED,50,Male,C,2,BIKE,4.19,0,0,,2. Angle,"Not Provided,Not Provided","Not Provided,Not Provided",11407035,4.203,4,11/9/2014,11/9/2014,22. Bicycle,1044,C.Non-Visible Injury,2014,None,1,1,Hampton,Urban,22. Bicycle,MAIN,9AM TO 12PM,114.Hampton,69,Intersection,Reset Filters,VDOT_OTHER,Sunday,Not DEER,"South,South",,5,1,143175110,"49,50","Female,Male","PDO,C","1,2","40. Fail to Maintain Proper Control,1. No Improper Action","2. Not Deployed,3. Unavailable/Not Applicable","4. No Test,4. No Test","1. No Defects,1. No Defects","Not Applicable,Not Applicable","1. Had Not Been Drinking,1. Had Not Been Drinking","2. No,2. No","1. Not Ejected,1. Not Ejected","No,No","No,No","3. Lap and Shoulder Belt,9. Not Applicable","1. Not Obscured,1. Not Obscured",,,5,253028,SR-00134(B)/LASALLE AV,0.48,1,"1.Divided, no control of access","22,22",1. On Roadway,"0,0",H,H.Urban Minor Arterial,Other City or Town Streets (not state maintained),Not GUARDRAIL,Not HIT_RUN,"1,7",1,4. Four Approaches,143175110,C,0,0,37.03478,37.03478,8,0.48,Not LRTRUCK,2. Daylight,LOCATED,-76.36283,-76.36283,MAINLINE,MAIN,4,4,Grass/Unprotected,20,20,Divided Roadway,"22,22",Not MOTORCYCLE,253028,253028.  SR00134       SR00134      11407035      11407035,38697,37841,32887,31715,32358,4,1,0.013,SEC_URBAN,,,,,,,,,3,0,44,0,1,,0,0,,,,,,,,,Not PED,,1,0,Hampton,114,5,NOT-RD,9. Within Intersection,8,4.00,4.20,1. Straight - Level,1. No Defects,"2. Two-Way, Divided, Unprotected Median",1. Dry,"2. Blacktop, Asphalt, Bituminous",LASALLE AVE,URB,UR,R-VA114UR07035EB,"Urbanized (Population 200,000 and over)",3. No,"0,0",14304,13988,11312,10909,11130,Not SENIOR,None,"5,5","35,35",Not SPEED,"35,35",253028,0,"1. Yes,2. No",0,"0,0",9AM TO 12PM,1,1,6. Traffic Lanes Marked,1. Yes - Working,Truck Access System,"1,2","1. Passenger car,9. Bicycle",HOND,"1. Going Straight Ahead,3. Making Left Turn",ACCORD,2013,5,5.Hampton Roads,1. No Adverse Condition (Clear/Cloudy),Not Provided,2. No,Not Provided,Not YOUNG
No Access Control,Not ALCIHOL,Urban,0,0,Bituminous Concrete (Black Base),UPTON DRIVE(R)/,Not UNBELTED,24,Female,B,2,BIKE,15.62,1,1,,16. Other,"Not Provided,Not Provided","Not Provided,Not Provided",13408669,15.941,3,7/15/2013,7/15/2013,22. Bicycle,1654,B.Visiible Injury,2013,None,0,0,Virginia Beach,Urban,22. Bicycle,MAIN,3PM TO 6PM,134.Virginia Beach,"1,748",Intersection,Reset Filters,VDOT_OTHER,Monday,Not DEER,"South,East",,5,1,131985281,"58,24","0,Female","PDO,B","1,2","17. Other Improper Turn,1. No Improper Action","2. Not Deployed,3. Unavailable/Not Applicable","4. No Test,4. No Test","1. No Defects,1. No Defects","Not Applicable,Not Applicable","1. Had Not Been Drinking,1. Had Not Been Drinking","2. No,2. No","1. Not Ejected,3. Totally Ejected","NotProvided,Yes","No,No","3. Lap and Shoulder Belt,6. Other","1. Not Obscured,1. Not Obscured",,,16,736635,ELSON GREEN AVE(B)/,0,0,"0.Two-way, non-divided","22,20",1. On Roadway,"0,0",H,H.Urban Minor Arterial,Other City or Town Streets (not state maintained),Not GUARDRAIL,Not HIT_RUN,"12,10",1,4. Four Approaches,131985281,C,0,0,36.756264,36.756264,3,0.33,Not LRTRUCK,2. Daylight,LOCATED,-76.011675,-76.011675,MAINLINE,MAIN,0,0,0,0,0,Undivided Roadway,"22,20",Not MOTORCYCLE,541473,541473. 13408669      13408669      13408783,21478,21294,21490,20710,19644,2,1,0.331,SEC_URBAN,,,,,,,,,0,0,36,0,1,,0,0,,,,,,,,,Not PED,,1,0,Virginia Beach,134,5,NOT-RD,9. Within Intersection,3,15.75,15.94,1. Straight - Level,1. No Defects,"1. Two-Way, Not Divided",1. Dry,"2. Blacktop, Asphalt, Bituminous",2139 PRINCESS ANNE ROAD,URB,UR,R-VA134UR08669SB,"Urbanized (Population 200,000 and over)",1. Yes,"0,0",18169,16610,16763,16155,15400,Not SENIOR,None,"15,5","45,45",Not SPEED,"45,45",741945,0,"1. Yes,2. No",0,"0,0",3PM TO 6PM,1,1,3. Traffic Signal,1. Yes - Working,Not a Parkway - Trucks and Commercial Vehicles Allowed,"1,2","22. Truck - Sport Utility Vehicle (SUV),9. Bicycle","Nissan,BEACH CRUISER","3. Making Left Turn,1. Going Straight Ahead",Murano,2007,5,5.Hampton Roads,1. No Adverse Condition (Clear/Cloudy),Not Provided,2. No,Not Provided,Not YOUNG
No Access Control,Not ALCIHOL,Urban,0,0,Bituminous Concrete (Black Base),114-07022(L)/PINE CHAPEL RD,Not UNBELTED,15,0,PDO,1,BIKE,1.04,0,0,,2. Angle,"Not Provided,Not Provided","Not Provided,Not Provided",SR00415,1.043,4,7/15/2013,7/15/2013,20. Motor Vehicle In Transport,2215,C.Non-Visible Injury,2013,Left and Right sides,1,1,Hampton,Urban,20. Motor Vehicle In Transport,MAIN,9PM TO 12AM,114.Hampton,776,Intersection,Reset Filters,VDOT_OTHER,Monday,Not DEER,"North,North",,5,1,133240194,"15,30","0,Male","PDO,C","1,2","11. Did Not Have Right-of-Way,1. No Improper Action","2. Not Deployed,2. Not Deployed","Not Applicable,Not Applicable","1. No Defects,1. No Defects","Not Applicable,Not Applicable","1. Had Not Been Drinking,1. Had Not Been Drinking","2. No,2. No","1. Not Ejected,1. Not Ejected","No,No","No,No","8. No Restraint Used,5. Helmet","1. Not Obscured,1. Not Obscured",,,1,253180,114-07022(L)/PINE CHAPEL RD,0.4,1,"1.Divided, no control of access","20,20",1. On Roadway,"0,0",H,H.Urban Minor Arterial,Urban Extensions - Primary Routes,Not GUARDRAIL,Not HIT_RUN,"2,12",1,1. Not at Intersection,133240194,C,0,0,37.027704,37.027704,0,0.08,Not LRTRUCK,4. Darkness - Road Lighted,LOCATED,-76.390552,-76.390552,MAINLINE,MAIN,0,0,0,16,3,Divided Roadway,"20,20",Not MOTORCYCLE,253181,253181.  SR00415       SR00415      11407012      11407059,27985,27379,26434,25492,26009,4,1,0.147,PRI_URBAN,,,,,,,,,0,0,76,0,1,,0,0,,,,,,,,,Not PED,,1,0,Hampton,114,5,NOT-RD,1. Main-Line Roadway,0,1.00,1.04,1. Straight - Level,1. No Defects,"1. Two-Way, Not Divided",1. Dry,"2. Blacktop, Asphalt, Bituminous",POWER PLANT PKWY,STPRI,SR,R-VA   SR00415WB,"Urbanized (Population 200,000 and over)",3. No,"0,0",19789,19351,20404,19677,20076,Not SENIOR,Right side,"10,35","0,35",Not SPEED,"35,35",253180,0.32,"2. No,2. No",0,"0,0",9PM TO 12AM,1,1,6. Traffic Lanes Marked,1. Yes - Working,Not a Parkway - Trucks and Commercial Vehicles Allowed,"1,2","9. Bicycle,10. Moped","MAGNA,CHUANL","15. Other,1. Going Straight Ahead","EXCITOR,10D",2008,5,5.Hampton Roads,1. No Adverse Condition (Clear/Cloudy),Not Provided,2. No,Not Provided,YOUNG
No Access Control,Not ALCIHOL,Urban,0,0,"N/A, Unknown, or Unstabilized",US-00460(B)/,Not UNBELTED,65,Male,C,2,BIKE,1.13,0,0,,13. Bicyclist,"Not Provided,Not Provided","Not Provided,Not Provided",1SR00247P,1.314,4,7/15/2013,7/15/2013,20. Motor Vehicle In Transport,1110,C.Non-Visible Injury,2013,Left and Right sides,1,1,Norfolk,Urban,20. Motor Vehicle In Transport,MAIN,9AM TO 12PM,122.Norfolk,137,Intersection,Reset Filters,VDOT_OTHER,Monday,Not DEER,"West,North",,5,1,133240175,"52,65","Male,Male","PDO,C","1,2","1. No Improper Action,11. Did Not Have Right-of-Way","2. Not Deployed,3. Unavailable/Not Applicable","Not Applicable,Not Applicable","1. No Defects,1. No Defects","Not Applicable,Not Applicable","1. Had Not Been Drinking,1. Had Not Been Drinking","2. No,2. No","1. Not Ejected,1. Not Ejected","No,Yes","No,No","3. Lap and Shoulder Belt,8. No Restraint Used","1. Not Obscured,1. Not Obscured",,,1,483564,122-08575(B)/CHURCH ST,0,4,"4.One-way, part of a one-way system","22,20",1. On Roadway,"0,0",H,H.Urban Minor Arterial,Urban Extensions - Primary Routes,Not GUARDRAIL,Not HIT_RUN,"12,1",1,4. Four Approaches,133240175,C,0,0,36.870905,36.870905,0,0.21,Not LRTRUCK,2. Daylight,LOCATED,-76.280564,-76.280564,MAINLINE,MAIN,0,0,0,0,0,Divided Roadway,"22,20",Not MOTORCYCLE,483564,483564. 12208575      12208575      1SR00247P     1SR00247P,21767,20934,21128,20361,22417,3,1,0.026,PRI_URBAN,,,,,,,,,3,96,33,0,1,,0,0,,,,,,,,,Not PED,,1,0,Norfolk,122,5,NOT-RD,9. Within Intersection,0,1.25,1.31,1. Straight - Level,1. No Defects,"3. Two-Way, Divided, Positive Median Barrier",1. Dry,"2. Blacktop, Asphalt, Bituminous",2700 church st,STPRI,SR,R-VA   SR00247PA001,"Urbanized (Population 200,000 and over)",3. No,"0,0",9278,9190,9275,8938,9657,SENIOR,Left and Right sides,"15,10","30,30",Not SPEED,"30,30",483565,0,"2. No,2. No",0,"0,0",9AM TO 12PM,1,1,3. Traffic Signal,1. Yes - Working,Not a Parkway - Trucks and Commercial Vehicles Allowed,"1,2","3. Van,9. Bicycle","dodge,magna","3. Making Left Turn,1. Going Straight Ahead","caravan,glaciart point",2002,5,5.Hampton Roads,1. No Adverse Condition (Clear/Cloudy),Not Provided,2. No,Not Provided,Not YOUNG
No Access Control,Not ALCIHOL,Urban,0,0,Bituminous Concrete (Black Base),BRACEY STREET(L)/,Not UNBELTED,24,Female,B,1,BIKE,0.56,1,1,,8. Non-Collision,Not Provided,Not Provided,C2US00258,0.56,3,7/16/2013,7/16/2013,10. Other,1105,B.Visiible Injury,2013,Left and Right sides,0,0,Franklin,Urban,Other,MAIN,9AM TO 12PM,145.Franklin,106,Intersection,Reset Filters,VDOT_OTHER,Tuesday,Not DEER,North,,5,1,132045030,24,Female,B,1,38. Avoiding Object in Roadway,3. Unavailable/Not Applicable,4. No Test,1. No Defects,Not Applicable,1. Had Not Been Drinking,Not Applicable,3. Totally Ejected,Yes,No,5. Helmet,1. Not Obscured,,,1,746663,BRITT STREET(R)/,0,0,"0.Two-way, non-divided",15,1. On Roadway,0,H,H.Urban Minor Arterial,Urban Extensions - Primary Routes,Not GUARDRAIL,Not HIT_RUN,2,1,2. Two Approaches,132045030,C,0,0,36.666887,36.666887,0,0.03,Not LRTRUCK,2. Daylight,LOCATED,-76.933867,-76.933867,MAINLINE,MAIN,0,0,0,0,0,Undivided Roadway,15,Not MOTORCYCLE,611793,611793. 14503914     C2US00258     C2US00258,9524,9448,9535,9189,7499,2,1,0.02,PRI_URBAN,,,,,,,,,0,200,40,0,1,,0,0,,,,,,,,,Not PED,,1,0,Franklin,145,5,NOT-RD,1. Main-Line Roadway,0,0.50,0.56,1. Straight - Level,5. Loose Material,"1. Two-Way, Not Divided",1. Dry,"2. Blacktop, Asphalt, Bituminous",South Street,USPRI,US,R-VA   US00258WBBUS002,"Small Urban (Population 5,000 - 49,999)",3. No,0,8195,8144,8219,7921,6135,Not SENIOR,Left and Right sides,5,25,Not SPEED,25,746666,0,2. No,0,0,9AM TO 12PM,1,1,4. Stop Sign,6. No Traffic Control Device Present,Not a Parkway - Trucks and Commercial Vehicles Allowed,1,9. Bicycle,Aurora,2. Making Right Turn,50,2012,5,5.Hampton Roads,1. No Adverse Condition (Clear/Cloudy),Not Provided,2. No,Not Provided,Not YOUNG
No Access Control,Not ALCIHOL,Urban,0,0,Portland Cement Concrete,PARKS AVE(L)/,Not UNBELTED,26,Male,B,2,BIKE,3.44,1,1,,2. Angle,"Not Provided,Not Provided","Not Provided,Not Provided",C7US00058,3.441,3,7/16/2013,7/16/2013,22. Bicycle,1821,B.Visiible Injury,2013,Left and Right sides,0,0,Virginia Beach,Urban,22. Bicycle,MAIN,6PM TO 9PM,134.Virginia Beach,"1,632",Intersection,Reset Filters,VDOT_OTHER,Tuesday,Not DEER,"North,North",,5,1,132015102,"54,26","0,Male","PDO,B","1,2","37. Other,37. Other","2. Not Deployed,3. Unavailable/Not Applicable","4. No Test,4. No Test","1. No Defects,1. No Defects","14. No Driver Distraction,14. No Driver Distraction","6. Unknown,6. Unknown","3. Unknown,3. Unknown","1. Not Ejected,3. Totally Ejected","No,Yes","No,No","3. Lap and Shoulder Belt,9. Not Applicable","1. Not Obscured,1. Not Obscured",,,4,541091,134-08721(L)/BALTIC AV,0,0,"0.Two-way, non-divided","22,20",1. On Roadway,"0,0",H,H.Urban Minor Arterial,Urban Extensions - Primary Routes,Not GUARDRAIL,Not HIT_RUN,"2,10",1,4. Four Approaches,132015102,C,0,0,36.84351132,36.84351132,0,0.31,Not LRTRUCK,2. Daylight,LOCATED,-75.98481265,-75.98481265,MAINLINE,MAIN,0,0,0,0,0,Undivided Roadway,"22,20",Not MOTORCYCLE,541091,541091. 13408721     C7US00058     C7US00058,16876,14747,14883,14343,11893,4,1,0.309,PRI_URBAN,,,,,,,,,0,0,40,0,1,,0,0,,,,,,,,,Not PED,,1,0,Virginia Beach,134,5,NOT-RD,10. Intersection Related - Within 150 Feet,0,3.25,3.44,1. Straight - Level,1. No Defects,"1. Two-Way, Not Divided",1. Dry,"2. Blacktop, Asphalt, Bituminous",799 VIRGINIA BEACH BLVD,USPRI,US,R-VA   US00058EBBUS007,"Urbanized (Population 200,000 and over)",3. No,"0,0",12948,11505,11611,11190,10783,Not SENIOR,Left and Right sides,"2,1","25,25",Not SPEED,"25,25",541092,0,"2. No,Not Provided",0,"0,0",6PM TO 9PM,1,1,1. No Traffic Control,6. No Traffic Control Device Present,Not a Parkway - Trucks and Commercial Vehicles Allowed,"1,2","1. Passenger car,9. Bicycle","MERC,OTHER","2. Making Right Turn,15. Other","GRAND MARQUIS,BICYCLE",20062012,5,5.Hampton Roads,1. No Adverse Condition (Clear/Cloudy),Not Provided,2. No,Not Provided,Not YOUNG
No Access Control,Not ALCIHOL,Urban,0,0,Bituminous Concrete (Black Base),JB-137/NCL WILLIAMSBURG/,Not UNBELTED,20,0,B,1,BIKE,237.34,1,1,,2. Angle,"Not Provided,Not Provided","Not Provided,Not Provided",US00060,237.659,3,7/16/2013,7/16/2013,20. Motor Vehicle In Transport,1352,B.Visiible Injury,2013,Left and Right sides,0,0,Williamsburg,Urban,20. Motor Vehicle In Transport,MAIN,12PM TO 3PM,137.Williamsburg,"2,276",Intersection,Reset Filters,VDOT_OTHER,Tuesday,Not DEER,"West,North",,5,1,133250002,"20,55","0,Female","B,PDO","1,2","11. Did Not Have Right-of-Way,1. No Improper Action","3. Unavailable/Not Applicable,2. Not Deployed","4. No Test,4. No Test","1. No Defects,1. No Defects","Not Applicable,Not Applicable","1. Had Not Been Drinking,1. Had Not Been Drinking","2. No,2. No","2. Partially Ejected,1. Not Ejected","No,No","No,No","9. Not Applicable,3. Lap and Shoulder Belt","1. Not Obscured,1. Not Obscured",,,238,398769,JB-137/NCL WILLIAMSBURG/,1,0,"0.Two-way, non-divided","20,22",1. On Roadway,"0,0",E,E.Urban Other Principle Arterials; Connecting Links of Other Rural Principal Arterial,Urban Extensions - Primary Routes,Not GUARDRAIL,Not HIT_RUN,"12,2",1,3. Three Approaches,133250002,C,0,0,37.297288,37.297288,0,0.38,Not LRTRUCK,2. Daylight,LOCATED,-76.726611,-76.726611,MAINLINE,MAIN,0,0,0,0,0,Undivided Roadway,"20,22",Not MOTORCYCLE,398768,398768.  US00060       US00060      13707081,30194,29526,29871,28807,29391,4,1,0.431,PRI_URBAN,,,,,,,,,0,126,64,0,1,,0,0,,,,,,,,,Not PED,,1,0,Williamsburg,137,5,NOT-RD,9. Within Intersection,0,237.50,237.66,1. Straight - Level,1. No Defects,"2. Two-Way, Divided, Unprotected Median",1. Dry,"2. Blacktop, Asphalt, Bituminous",governor berkeley rd,USPRI,US,R-VA   US00060EB,"Urbanized (Population 200,000 and over)",3. No,"0,0",22422,21926,20109,19393,19786,Not SENIOR,Right side,"5,5","0,25",SPEED,"0,25",398769,0.62,"2. No,2. No",0,"0,0",12PM TO 3PM,1,1,14. Ped Crosswalk,1. Yes - Working,Not a Parkway - Trucks and Commercial Vehicles Allowed,"1,2","9. Bicycle,3. Van","HUFFY,chrysler","1. Going Straight Ahead,1. Going Straight Ahead",BICYCLE,2000,5,5.Hampton Roads,1. No Adverse Condition (Clear/Cloudy),Not Provided,2. No,Not Provided,YOUNG
No Access Control,Not ALCIHOL,Urban,0,0,Bituminous Concrete (Black Base),134-08714(R)/WOLFSNARE ROAD(L)/WOLFSNARE RD,Not UNBELTED,24,Not Provided,B,2,BIKE,0.82,1,1,,16. Other,"Not Provided,Not Provided","Not Provided,Not Provided",SR00279,0.82,3,7/16/2013,7/16/2013,22. Bicycle,1711,B.Visiible Injury,2013,Left and Right sides,0,0,Virginia Beach,Urban,22. Bicycle,MAIN,3PM TO 6PM,134.Virginia Beach,0,Intersection,Reset Filters,VDOT_OTHER,Tuesday,Not DEER,"Not Provided,North",,5,1,132015104,24,"0,Not Provided","PDO,B","1,2","34. Hit and Run,1. No Improper Action","Not Provided,3. Unavailable/Not Applicable","4. No Test,4. No Test","9. Unknown,1. No Defects","Not Applicable,14. No Driver Distraction","6. Unknown,1. Had Not Been Drinking","3. Unknown,3. Unknown","Not Provided,1. Not Ejected","NotProvided,No","Yes,No","Not Provided,5. Helmet","Not Applicable,Not Applicable",,,1,541225,134-08712(L)/N PLANTATION DRIVE(R)/S PLANTATI,0,1,"1.Divided, no control of access","22,20",1. On Roadway,"0,0",H,H.Urban Minor Arterial,Urban Extensions - Primary Routes,Not GUARDRAIL,HIT_RUN,"1,11",1,4. Four Approaches,132015104,C,0,0,36.853651,36.853651,0,0.21,Not LRTRUCK,2. Daylight,LOCATED,-76.048429,-76.048429,MAINLINE,MAIN,4,4,Grass/Unprotected,40,40,Divided Roadway,"22,20",Not MOTORCYCLE,541224,541224.  SR00279       SR00279      13408714,44857,41082,41461,39956,31035,4,1,0,PRI_URBAN,,,,,,,,,0,0,52,0,1,,0,0,,,,,,,,,Not PED,,1,0,Virginia Beach,134,5,NOT-RD,1. Main-Line Roadway,0,0.75,0.82,1. Straight - Level,1. No Defects,"2. Two-Way, Divided, Unprotected Median",1. Dry,"2. Blacktop, Asphalt, Bituminous",700 GREAT NECK RD,STPRI,SR,R-VA   SR00279NB,"Urbanized (Population 200,000 and over)",3. No,"0,0",42549,38938,39297,37871,29030,Not SENIOR,Left and Right sides,1,"25,25",Not SPEED,"25,25",541224,0,"3. Pending,2. No",0,"0,0",3PM TO 6PM,1,1,3. Traffic Signal,1. Yes - Working,Not a Parkway - Trucks and Commercial Vehicles Allowed,"1,2","2. Truck - Pick-up/Passenger Truck,9. Bicycle","FORD,OTH","2. Making Right Turn,15. Other","F150,BICYCLE",20122012,5,5.Hampton Roads,1. No Adverse Condition (Clear/Cloudy),Not Provided,2. No,Not Provided,Not YOUNG
No Access Control,Not ALCIHOL,Urban,0,0,"N/A, Unknown, or Unstabilized",SUNSET ROAD(R)/,Not UNBELTED,9,Male,B,2,BIKE,272.72,1,1,,5. Sideswipe - Opposite Direction,"Not Provided,Not Provided","Not Provided,Not Provided",US00060,272.839,3,7/17/2013,7/17/2013,22. Bicycle,1848,B.Visiible Injury,2013,Left and Right sides,0,0,Hampton,Urban,22. Bicycle,MAIN,6PM TO 9PM,114.Hampton,639,Intersection,Reset Filters,VDOT_OTHER,Wednesday,Not DEER,"West,South",,5,1,133250073,"38,9","0,Male","PDO,B","1,2","1. No Improper Action,1. No Improper Action","2. Not Deployed,3. Unavailable/Not Applicable","Not Applicable,Not Applicable","1. No Defects,1. No Defects","Not Applicable,Not Applicable","1. Had Not Been Drinking,1. Had Not Been Drinking","2. No,2. No","1. Not Ejected,1. Not Ejected","No,Yes","No,No","3. Lap and Shoulder Belt,8. No Restraint Used","5. Trees, Crops, etc.,5. Trees, Crops, etc.",,,273,253010,SR-00143(L)/,0,0,"0.Two-way, non-divided","22,20","8. Off Roadway, Location Unknown","0,0",H,H.Urban Minor Arterial,Urban Extensions - Primary Routes,Not GUARDRAIL,Not HIT_RUN,"1,12",1,1. Not at Intersection,133250073,C,0,0,37.018171,37.018171,0,0.24,Not LRTRUCK,2. Daylight,LOCATED,-76.352802,-76.352802,MAINLINE,MAIN,0,0,0,0,0,Undivided Roadway,"22,20",Not MOTORCYCLE,253010,253010.  SR00143       US00060       US00060,10909,10667,10329,9960,10161,4,1,0.121,PRI_URBAN,,,,,,,,,0,200,44,0,1,,0,0,,,,,,,,,Not PED,,1,0,Hampton,114,5,NOT-RD,8. Non-Intersection,0,272.75,272.84,1. Straight - Level,1. No Defects,"1. Two-Way, Not Divided",1. Dry,1. Concrete,4330 KECOUGHTAN RD,USPRI,US,R-VA   US00060WB,"Urbanized (Population 200,000 and over)",3. No,"0,0",8069,7890,7787,7510,7662,Not SENIOR,Left and Right sides,5,"35,0",Not SPEED,"35,0",253011,0,"2. No,2. No",0,"0,0",6PM TO 9PM,1,1,1. No Traffic Control,6. No Traffic Control Device Present,Not a Parkway - Trucks and Commercial Vehicles Allowed,"1,2","1. Passenger car,9. Bicycle","ACURA,MONGOOSE","2. Making Right Turn,1. Going Straight Ahead","2 door,20""",2001,5,5.Hampton Roads,1. No Adverse Condition (Clear/Cloudy),Not Provided,2. No,Not Provided,Not YOUNG