Access Control,Alcohol Notalcohol,Area Type1,A Crash,A People,Basetypedesc,Begin Node Dsc,Belted Unbelted,Bikeage,Bikegen,Bikeinjurytype,Bikevehiclenumber,Bike Nonbike,BMP,B Crash,B People,Carspeedlimit,Collision Type,Comm Cargo Body Type Cd,Comm Vehicle Body Type Cd,Cotedrouteid,Coted Mp,Count App,CRASH_DT (copy),Crash Dt,Crash Event Type Dsc,Crash Military Tm,Crash Severity,Crash Year,Curbgutterdesc,C Crash,C People,Juris Name Used,Area Type Used,First Harmful Event of Entire Crash,MAINLINE,Time Slicing Used,Phy_Juris_Nm,Offset-Ft,Intersection Analysis,Clear,Calculation_9640323132123359,Day Of Week,Deer Nodeer,Direction Of Travel Cd,Distracted Notdistracted,VSP,TOTAL CRASH,Document Nbr,Driverage,Drivergen,Driverinjurytype,Drivervehiclenumber,Driver Action Type Cd,Driver Airbag Deployment,Driver Alcohol Test Type Cd,Driver Condition Type Cd,Driver Distraction Type Cd,Driver Drinking Type Cd,Driver Drug Use Cd,Driver Ejected From Vehicle,Driver Ems Transport Ind,Driver Fled Scene Ind,Driver Safety Equip Used,Driver Vis Obscured Type Cd,Drowsy Notdrowsy,Drug Nodrug,EMP,End Node,End Node Dsc,End Offset,Facility,FAC,First Crash Event Cd,First Harmful Event,Fourth Crash Event Cd,Functionalclass,FUN,Govcondesc,Gr Nogr,Hitrun Not Hitrun,Initial Veh Impact Area Cd,Injury Crashes,Intersection Type,Int Doc,Jurtype,K_CRASH,K People,LAT (copy),LAT,Leftshoulderwidth,Length,Lgtruck Nonlgtruck,Light Condition,Located Unlocated,LON (copy),LON,MAINLINE (group),Mainline Yn,Medianleftshoulderwidth,Medianrightshoulderwidth,Mediantypedesc,Medianwidthmax,Medianwidthmin,Median Type,Most Harmful Crash Event Cd,Motor Nonmotor,Node,Node Info,Node Totaadt2011,Node Totaadt2012,Node Totaadt2013,Node Totaadt2014,Node Totaadt2015,Numberoflane,Number of Records,Offset,Ownership,Passage,Passgen,Passinjurytype,Passvehiclenumber,Pass Airbag Deployment,Pass Ejected From Vehicle,Pass Ems Transport Ind,Pass Safety Equip Used,Pavementconditionvalue,Pavementroughnessvalue,Pavementwidth,Pdo Crash,Total People Killed & Injured,Pedage,Pedestrians Injured,Pedestrians Killed,Pedgen,Pedinjurytype,Pednumber,Ped Action,Ped Al Test,Ped Cond,Ped Drink,Ped Drug,Ped Nonped,Ped Rflct,Persons Injured,Persons Killed,Physical Juris Nm,PJR,VSP_Used,Rd Type,Relation To Roadway,Rightshoulderwidth,RNS_MP (0.25 mi bin),Rns Mp,Roadway Alignment,Roadway Defect,Roadway Description,Roadway Surface Cond,Roadway Surface Type,Route Or Street Nm,Rte Category Cd,Rte Cat,Rte Nm,Ruralurbandesc,School Zone,Second Crash Event Cd,Segtotaadt2011,Segtotaadt2012,Segtotaadt2013,Segtotaadt2014,Segtotaadt2015,Senior Notsenior,Sidewalkdesc,Speed Before,Speed Max Safe,Speed Notspeed,Speed Posted,Start Node,Start Offset,Summons Issued Cd,Surfacedesc,Third Crash Event Cd,Time Slicing,Total Crashes including Property Damage Only,Total Crash,Traffic Control Type,Trfc Ctrl Status Type,Truckcommr,Vehiclenumber,Vehicle Body Type Cd,Vehicle Make Nm,Vehicle Maneuver Type Cd,Vehicle Model Nm,Vehicle Year Nbr,District,District_Used ,Weather Condition,Work Zone Location,Work Zone Related,Work Zone Type,Young Notyoung
No Access Control,Not ALCIHOL,Urban,0,0,"N/A, Unknown, or Unstabilized",SR-00168(R)/122-08593(R)/SPRINGFIELD AV,Not UNBELTED,48,Male,C,2,BIKE,397.8,0,0,,4. Sideswipe - Same Direction,"Not Provided,Not Provided","Not Provided,Not Provided",US00460,398.205,3,11/29/2014,11/29/2014,22. Bicycle,309,C.Non-Visible Injury,2014,Left and Right sides,1,1,Norfolk,Urban,22. Bicycle,MAIN,3AM TO 6AM,122.Norfolk,396,Intersection,Reset Filters,VDOT_OTHER,Saturday,Not DEER,"South,South",,5,1,143530098,48,"Male,Male","PDO,C","1,2","34. Hit and Run,1. No Improper Action","Not Provided,3. Unavailable/Not Applicable","Not Applicable,4. No Test","9. Unknown,1. No Defects","Not Applicable,Not Applicable","6. Unknown,1. Had Not Been Drinking","3. Unknown,2. No","Not Provided,1. Not Ejected","NotProvided,No","Yes,No","Not Provided,9. Not Applicable","Not Applicable,1. Not Obscured",,,398,483414,SR-00168(R)/122-08593(R)/SPRINGFIELD AV,0.72,1,"1.Divided, no control of access","22,20",1. On Roadway,"0,0",E,E.Urban Other Principle Arterials; Connecting Links of Other Rural Principal Arterial,Urban Extensions - Primary Routes,Not GUARDRAIL,HIT_RUN,"2,9",1,1. Not at Intersection,143530098,C,0,0,36.84256,36.84256,0,0.47,Not LRTRUCK,4. Darkness - Road Lighted,LOCATED,-76.26592,-76.26592,MAINLINE,MAIN,0,0,Curbed (solid raised),4,4,Divided Roadway,"22,20",Not MOTORCYCLE,483771,483771.  US00460       US00460      12208639,39817,40370,40742,39264,48285,6,1,0.075,PRI_URBAN,,,,,,,,,0,180,84,0,1,,0,0,,,,,,,,,Not PED,,1,0,Norfolk,122,5,NOT-RD,1. Main-Line Roadway,0,398.25,398.28,5. Hillcrest - Straight,1. No Defects,"3. Two-Way, Divided, Positive Median Barrier",1. Dry,1. Concrete,200 CAMPOSTELLA,USPRI,US,R-VA   US00460EB,"Urbanized (Population 200,000 and over)",3. No,"0,0",31534,34515,34834,33569,48830,Not SENIOR,None,"20,5","35,35",Not SPEED,"35,35",483414,0.25,"Not Provided,2. No",0,"0,0",3AM TO 6AM,1,1,1. No Traffic Control,6. No Traffic Control Device Present,Not a Parkway - Trucks and Commercial Vehicles Allowed,"1,2","1. Passenger car,9. Bicycle",BICYCLE,"1. Going Straight Ahead,1. Going Straight Ahead",,,5,5.Hampton Roads,1. No Adverse Condition (Clear/Cloudy),Not Provided,2. No,Not Provided,Not YOUNG
,Not ALCIHOL,Urban,1,1,,,Not UNBELTED,31,Female,A,2,BIKE,,0,0,,3. Head On,"Not Provided,Not Provided","Not Provided,Not Provided",,,,2/26/2016,2/26/2016,22. Bicycle,1725,A.Ambulatory Injury,2016,,0,0,Norfolk,Urban,22. Bicycle,MAIN,3PM TO 6PM,122.Norfolk,,Not Intersection,Reset Filters,VDOT_OTHER,Friday,Not DEER,"Not Provided,Not Provided",,5,1,160890127,"31,31","Male,Female","PDO,A","1,2","1. No Improper Action,11. Did Not Have Right-of-Way","2. Not Deployed,3. Unavailable/Not Applicable","4. No Test,4. No Test","1. No Defects,1. No Defects","Not Applicable,Not Applicable","1. Had Not Been Drinking,1. Had Not Been Drinking","2. No,2. No","1. Not Ejected,1. Not Ejected","NotProvided,No","No,No","3. Lap and Shoulder Belt,5. Helmet","1. Not Obscured,1. Not Obscured",,,,,,,,,"22,20",1. On Roadway,"0,0",,,,Not GUARDRAIL,Not HIT_RUN,"1,12",1,3. Three Approaches,,C,0,0,36.87534,36.87534,,,Not LRTRUCK,3. Dusk,UNLOCATED,-76.29833,-76.29833,MAINLINE,,,,,,,,"22,20",Not MOTORCYCLE,,.,,,,,,,1,,SEC_URBAN,,,,,,,,,,,,0,1,,0,0,,,,,,,,,Not PED,,1,0,Norfolk,122,5,NOT-RD,9. Within Intersection,,,,1. Straight - Level,1. No Defects,"1. Two-Way, Not Divided",1. Dry,"2. Blacktop, Asphalt, Bituminous",900 WEST 26TH STREET,UNKWN,SC,U-VA122SC99999UK,,3. No,"0,0",,,,,,Not SENIOR,,"5,5","25,25",Not SPEED,"25,25",,,"2. No,2. No",,"0,0",3PM TO 6PM,1,1,4. Stop Sign,1. Yes - Working,,"1,2","2. Truck - Pick-up/Passenger Truck,9. Bicycle","FORD,GIANT","1. Going Straight Ahead,3. Making Left Turn","FREESTYLE,TOUR",20052014,5,5.Hampton Roads,1. No Adverse Condition (Clear/Cloudy),Not Provided,2. No,Not Provided,Not YOUNG
,Not ALCIHOL,Urban,0,0,,,Not UNBELTED,21,Female,B,2,BIKE,,1,1,,2. Angle,"Not Provided,Not Provided","Not Provided,Not Provided",,,,8/7/2013,8/7/2013,20. Motor Vehicle In Transport,1632,B.Visiible Injury,2013,,0,1,Virginia Beach,Urban,20. Motor Vehicle In Transport,MAIN,3PM TO 6PM,134.Virginia Beach,,Not Intersection,Reset Filters,VDOT_OTHER,Wednesday,Not DEER,"East,West",,5,1,132205144,"34,21","0,Female","C,B","1,2","1. No Improper Action,11. Did Not Have Right-of-Way","2. Not Deployed,3. Unavailable/Not Applicable","4. No Test,4. No Test","1. No Defects,1. No Defects","14. No Driver Distraction,14. No Driver Distraction","1. Had Not Been Drinking,1. Had Not Been Drinking","2. No,2. No","1. Not Ejected,3. Totally Ejected","No,Yes","No,No","3. Lap and Shoulder Belt,9. Not Applicable","1. Not Obscured,1. Not Obscured",,,,,,,,,"22,20",1. On Roadway,"0,0",,,,Not GUARDRAIL,Not HIT_RUN,"1,12",1,2. Two Approaches,,C,0,0,36.820344,36.820344,,,Not LRTRUCK,2. Daylight,UNLOCATED,-76.107581,-76.107581,MAINLINE,,,,,,,,"22,20",Not MOTORCYCLE,,.,,,,,,,1,,SEC_URBAN,,,,,,,,,,,,0,2,,0,0,,,,,,,,,Not PED,,2,0,Virginia Beach,134,5,NOT-RD,9. Within Intersection,,,,1. Straight - Level,1. No Defects,"1. Two-Way, Not Divided",1. Dry,"2. Blacktop, Asphalt, Bituminous",3800 BLK FOREST GLEN RD,UNKWN,SC,U-VA134SC99999UK,,3. No,"0,0",,,,,,Not SENIOR,,"27,5","25,25",SPEED,"25,25",,,"2. No,1. Yes",,"0,0",3PM TO 6PM,1,1,1. No Traffic Control,6. No Traffic Control Device Present,,"1,2","1. Passenger car,9. Bicycle","Buick,BICYCLE","1. Going Straight Ahead,2. Making Right Turn","Lucerne,BICYCLE",20062013,5,5.Hampton Roads,1. No Adverse Condition (Clear/Cloudy),Not Provided,2. No,Not Provided,Not YOUNG
No Access Control,Not ALCIHOL,Urban,0,0,Bituminous Concrete (Black Base),RUDEE POINT ROAD(R)/HARBOR POINT(L)/,Not UNBELTED,20,Male,B,2,BIKE,22.18,1,1,,2. Angle,"Not Provided,Not Provided","Not Provided,Not Provided",13408669,22.257,4,8/8/2013,8/8/2013,22. Bicycle,1824,B.Visiible Injury,2013,Left and Right sides,0,0,Virginia Beach,Urban,22. Bicycle,MAIN,6PM TO 9PM,134.Virginia Beach,"1,441",Intersection,Reset Filters,VDOT_OTHER,Thursday,Not DEER,"East,North",,5,1,132435094,"28,20","0,Male","PDO,B","1,2","1. No Improper Action,1. No Improper Action","2. Not Deployed,3. Unavailable/Not Applicable","4. No Test,4. No Test","1. No Defects,1. No Defects","14. No Driver Distraction,14. No Driver Distraction","1. Had Not Been Drinking,1. Had Not Been Drinking","2. No,2. No","1. Not Ejected,3. Totally Ejected","NotProvided,Yes","No,No","3. Lap and Shoulder Belt,8. No Restraint Used","5. Trees, Crops, etc.,5. Trees, Crops, etc.",,,22,541489,5TH ST(R)/WINSTON SALEM AVE(L)/,0,1,"1.Divided, no control of access","22,20",1. On Roadway,"0,0",H,H.Urban Minor Arterial,Other City or Town Streets (not state maintained),Not GUARDRAIL,Not HIT_RUN,"2,12",1,4. Four Approaches,132435094,C,0,0,36.833478,36.833478,0,0.08,Not LRTRUCK,2. Daylight,LOCATED,-75.972424,-75.972424,MAINLINE,MAIN,0,0,Positive Barrier *_(PF1 FOR NOTE),2,2,Divided Roadway,"22,20",Not MOTORCYCLE,541493,541493. 13408669      13408669      13408724      13408724,26452,23305,23520,22666,22386,4,1,0.273,SEC_URBAN,,,,,,,,,0,0,56,0,1,,0,0,,,,,,,,,Not PED,,1,0,Virginia Beach,134,5,NOT-RD,9. Within Intersection,0,22.25,22.26,1. Straight - Level,1. No Defects,"3. Two-Way, Divided, Positive Median Barrier",1. Dry,"2. Blacktop, Asphalt, Bituminous",498 PACIFIC AVE,URB,UR,R-VA134UR08669SB,"Urbanized (Population 200,000 and over)",3. No,"0,0",15328,16751,17349,16731,11352,Not SENIOR,Left and Right sides,"5,10","25,25",Not SPEED,"25,25",742546,0.27,"2. No,2. No",0,"0,0",6PM TO 9PM,1,1,3. Traffic Signal,1. Yes - Working,Not a Parkway - Trucks and Commercial Vehicles Allowed,"1,2","2. Truck - Pick-up/Passenger Truck,9. Bicycle","CHEVROLET,OTH","2. Making Right Turn,1. Going Straight Ahead","SILVERADO 1500,BICYCLE",2002,5,5.Hampton Roads,1. No Adverse Condition (Clear/Cloudy),Not Provided,2. No,Not Provided,YOUNG
,Not ALCIHOL,Urban,1,1,,,Not UNBELTED,21,Male,A,2,BIKE,,0,0,,2. Angle,"Not Provided,Not Provided","Not Provided,Not Provided",,,,3/2/2016,3/2/2016,20. Motor Vehicle In Transport,1249,A.Ambulatory Injury,2016,,0,0,Hampton,Urban,20. Motor Vehicle In Transport,MAIN,12PM TO 3PM,114.Hampton,,Not Intersection,Reset Filters,VDOT_OTHER,Wednesday,Not DEER,"North,South",,5,1,160725472,21,"Not Provided,Male","PDO,A","1,2","34. Hit and Run,1. No Improper Action","Not Provided,3. Unavailable/Not Applicable","4. No Test,4. No Test","9. Unknown,1. No Defects","Not Applicable,Not Applicable","6. Unknown,1. Had Not Been Drinking","3. Unknown,2. No","Not Provided,1. Not Ejected","No,Yes","Yes,No","Not Provided,8. No Restraint Used","Not Applicable,1. Not Obscured",,,,,,,,,"20,20",4. Roadside,"0,0",,,,Not GUARDRAIL,HIT_RUN,"4,12",1,1. Not at Intersection,,C,0,0,37.03833,37.03833,,,Not LRTRUCK,2. Daylight,UNLOCATED,-76.31427,-76.31427,MAINLINE,,,,,,,,"20,20",Not MOTORCYCLE,,.,,,,,,,1,,SEC_URBAN,,,,,,,,,,,,0,1,,0,0,,,,,,,,,Not PED,,1,0,Hampton,114,5,NOT-RD,8. Non-Intersection,,,,1. Straight - Level,1. No Defects,"2. Two-Way, Divided, Unprotected Median",1. Dry,"2. Blacktop, Asphalt, Bituminous",E PEMBROKE AVE,UNKWN,SC,U-VA114SC99999UK,,3. No,"0,0",,,,,,Not SENIOR,,"5,3","25,25",Not SPEED,"25,25",,,"Not Provided,2. No",,"0,0",12PM TO 3PM,1,1,1. No Traffic Control,6. No Traffic Control Device Present,,"1,2","3. Van,9. Bicycle","UNK,UNK","2. Making Right Turn,1. Going Straight Ahead","UNKNOWN,UNKNOWN",0,5,5.Hampton Roads,1. No Adverse Condition (Clear/Cloudy),Not Provided,2. No,Not Provided,Not YOUNG
No Access Control,Not ALCIHOL,Urban,1,1,Bituminous Concrete (Black Base),STREET(R)/SHOREHAVEN DRIVE(L)/,Not UNBELTED,15,Male,A,2,BIKE,3.34,0,0,,2. Angle,"Not Provided,Not Provided","Not Provided,Not Provided",SR00279,3.582,3,3/8/2016,3/8/2016,22. Bicycle,710,A.Ambulatory Injury,2016,Left and Right sides,0,0,Virginia Beach,Urban,22. Bicycle,MAIN,6AM TO 9AM,134.Virginia Beach,"4,763",Intersection,Reset Filters,VDOT_OTHER,Tuesday,Not DEER,"East,West",,5,1,160705047,"62,15","Male,Male","PDO,A","1,2","11. Did Not Have Right-of-Way,1. No Improper Action","2. Not Deployed,3. Unavailable/Not Applicable","Not Applicable,Not Applicable","1. No Defects,1. No Defects","14. No Driver Distraction,14. No Driver Distraction","1. Had Not Been Drinking,1. Had Not Been Drinking","2. No,2. No","1. Not Ejected,1. Not Ejected","No,Yes","No,No","3. Lap and Shoulder Belt,5. Helmet","1. Not Obscured,1. Not Obscured",,,4,541233,UPPER CHESLA REA(R)RIVER RD(L)(B)/,0,1,"1.Divided, no control of access","22,20",1. On Roadway,"0,0",H,H.Urban Minor Arterial,Urban Extensions - Primary Routes,Not GUARDRAIL,Not HIT_RUN,"12,9",1,4. Four Approaches,160705047,C,0,0,36.88887,36.88887,0,0.54,Not LRTRUCK,2. Daylight,LOCATED,-76.05122,-76.05122,MAINLINE,MAIN,0,0,Curbed Grass,40,4,Divided Roadway,"22,20",Not MOTORCYCLE,541230,541230.  SR00279       SR00279      13408715,47094,37375,37720,36350,36829,4,1,0.902,PRI_URBAN,,,,,,,,,0,0,52,0,1,,0,0,,,,,,,,,Not PED,,1,0,Virginia Beach,134,5,NOT-RD,1. Main-Line Roadway,0,3.50,3.58,1. Straight - Level,1. No Defects,"3. Two-Way, Divided, Positive Median Barrier",1. Dry,"2. Blacktop, Asphalt, Bituminous",1600 N GREAT NECK RD,STPRI,SR,R-VA   SR00279NB,"Urbanized (Population 200,000 and over)",2. Yes - With School Activity,"0,0",37780,34644,34964,33695,30384,Not SENIOR,Left and Right sides,"5,5","25,25",Not SPEED,"25,25",541232,0,"1. Yes,2. No",0,"0,0",6AM TO 9AM,1,1,4. Stop Sign,1. Yes - Working,Not a Parkway - Trucks and Commercial Vehicles Allowed,"1,2","2. Truck - Pick-up/Passenger Truck,9. Bicycle","FORD,BICYCLE","3. Making Left Turn,1. Going Straight Ahead","F150,NA",2015,5,5.Hampton Roads,1. No Adverse Condition (Clear/Cloudy),Not Provided,2. No,Not Provided,YOUNG
No Access Control,Not ALCIHOL,Urban,1,1,Portland Cement Concrete,JB-131-122/NCL CHESAPEAKE/SCL NORFOLK,Not UNBELTED,23,Male,A,1,BIKE,396.9,0,0,,2. Angle,"Not Provided,Not Provided","Not Provided,Not Provided",US00460,396.911,4,3/9/2016,3/9/2016,20. Motor Vehicle In Transport,2156,A.Ambulatory Injury,2016,Left and Right sides,0,0,Chesapeake,Urban,20. Motor Vehicle In Transport,MAIN,9PM TO 12AM,131.Chesapeake,48,Intersection,Reset Filters,VDOT_OTHER,Wednesday,Not DEER,"East,South",,5,1,160980039,"23,59","Male,Female","A,PDO","1,2","11. Did Not Have Right-of-Way,1. No Improper Action","Not Provided,2. Not Deployed","4. No Test,4. No Test","1. No Defects,1. No Defects","Not Applicable,Not Applicable","1. Had Not Been Drinking,1. Had Not Been Drinking","2. No,2. No","Not Provided,1. Not Ejected","Yes,No","No,No","5. Helmet,3. Lap and Shoulder Belt","1. Not Obscured,1. Not Obscured",,,397,483773,122-08592(B)/BERKLEY AVE(B)/WILSON ROAD(R)/,0,0,"0.Two-way, non-divided","22,20",1. On Roadway,"0,0",H,H.Urban Minor Arterial,Urban Extensions - Primary Routes,Not GUARDRAIL,Not HIT_RUN,"9,12",1,4. Four Approaches,160980039,C,0,0,36.82537,36.82537,0,0.02,Not LRTRUCK,4. Darkness - Road Lighted,LOCATED,-76.26844,-76.26844,MAINLINE,MAIN,0,0,0,0,0,Undivided Roadway,"20,22",Not MOTORCYCLE,483773,483773.  US00460       US00460      12208592      12208592,11707,11508,11614,11193,12247,2,1,0.009,PRI_URBAN,,,,,,,,,0,275,36,0,1,,0,0,,,,,,,,,Not PED,,1,0,Chesapeake,131,5,NOT-RD,10. Intersection Related - Within 150 Feet,0,396.75,396.91,1. Straight - Level,"2. Holes, Ruts, Bumps","1. Two-Way, Not Divided",1. Dry,"2. Blacktop, Asphalt, Bituminous",WILSON RD,USPRI,US,R-VA   US00460WB,"Urbanized (Population 200,000 and over)",3. No,"20,22",7936,8007,8081,7788,8705,Not SENIOR,None,15,"0,35",Not SPEED,"0,35",483774,0,"2. No,2. No",0,"0,0",9PM TO 12AM,1,1,3. Traffic Signal,1. Yes - Working,Not a Parkway - Trucks and Commercial Vehicles Allowed,"1,2","9. Bicycle,1. Passenger car","BICYCLE,DODGE","16. Entering Street From Parking Lot,1. Going Straight Ahead",CARAVAN,2000,5,5.Hampton Roads,1. No Adverse Condition (Clear/Cloudy),Not Provided,2. No,Not Provided,Not YOUNG
No Access Control,Not ALCIHOL,Urban,0,0,"N/A, Unknown, or Unstabilized",HARRINGTON AVE(L)20TH ST(R)/,Not UNBELTED,34,Male,B,2,BIKE,0.94,1,1,,2. Angle,"Not Provided,Not Provided","Not Provided,Not Provided",12208563,0.978,4,3/10/2016,3/10/2016,22. Bicycle,1910,B.Visiible Injury,2016,Left and Right sides,0,0,Norfolk,Urban,22. Bicycle,MAIN,6PM TO 9PM,122.Norfolk,11,Intersection,Reset Filters,VDOT_OTHER,Thursday,Not DEER,"South,North",,5,1,160980041,"32,34","Female,Male","PDO,B","1,2","11. Did Not Have Right-of-Way,1. No Improper Action","2. Not Deployed,3. Unavailable/Not Applicable","Not Applicable,Not Applicable","1. No Defects,1. No Defects","Not Applicable,Not Applicable","1. Had Not Been Drinking,1. Had Not Been Drinking","Not Applicable,Not Applicable","1. Not Ejected,Not Provided","NotProvided,Yes","No,No","3. Lap and Shoulder Belt,5. Helmet","1. Not Obscured,1. Not Obscured",,,1,485086,122-08572(B)/COLLEY AVE,0,0,"0.Two-way, non-divided","20,22",1. On Roadway,"0,0",H,H.Urban Minor Arterial,Other City or Town Streets (not state maintained),Not GUARDRAIL,Not HIT_RUN,"12,8",1,4. Four Approaches,160980041,C,0,0,36.87091,36.87091,0,0.04,Not LRTRUCK,4. Darkness - Road Lighted,LOCATED,-76.29615,-76.29615,MAINLINE,MAIN,0,0,0,0,0,Undivided Roadway,"0,22",Not MOTORCYCLE,485086,485086. 12208563      12208563      12208572      12208572,26250,26219,26461,25501,22565,6,1,0.002,SEC_URBAN,,,,,,,,,0,0,68,0,1,,0,0,,,,,,,,,Not PED,,1,0,Norfolk,122,5,NOT-RD,9. Within Intersection,0,0.75,0.98,1. Straight - Level,1. No Defects,"2. Two-Way, Divided, Unprotected Median",1. Dry,"2. Blacktop, Asphalt, Bituminous",2100 BLK COLLEY AVE,URB,UR,R-VA122UR08563NB,"Urbanized (Population 200,000 and over)",3. No,"22,0",14868,14836,14973,14430,12692,Not SENIOR,Left and Right sides,"10,15","25,25",Not SPEED,"25,25",485085,0,"1. Yes,Not Provided",0,"0,0",6PM TO 9PM,1,1,3. Traffic Signal,1. Yes - Working,Not a Parkway - Trucks and Commercial Vehicles Allowed,"1,2","1. Passenger car,9. Bicycle","TOYOTA,ALL CITY","3. Making Left Turn,1. Going Straight Ahead","CAMRY,NATURE BOY",20042015,5,5.Hampton Roads,1. No Adverse Condition (Clear/Cloudy),Not Provided,2. No,Not Provided,Not YOUNG
,Not ALCIHOL,Urban,1,1,,,Not UNBELTED,50,Male,A,1,BIKE,,0,0,,2. Angle,"Not Provided,Not Provided","Not Provided,Not Provided",,,,3/10/2016,3/10/2016,20. Motor Vehicle In Transport,1830,A.Ambulatory Injury,2016,,0,0,Norfolk,Urban,20. Motor Vehicle In Transport,MAIN,6PM TO 9PM,122.Norfolk,,Not Intersection,Reset Filters,VDOT_OTHER,Thursday,Not DEER,"West,North",,5,1,160980042,"50,19","Male,Female","A,PDO","1,2","21. Disregarded Traffic Signal,1. No Improper Action","3. Unavailable/Not Applicable,2. Not Deployed","Not Applicable,Not Applicable","1. No Defects,1. No Defects","Not Applicable,Not Applicable","1. Had Not Been Drinking,1. Had Not Been Drinking","2. No,2. No","Not Provided,1. Not Ejected","Yes,No","No,No","8. No Restraint Used,3. Lap and Shoulder Belt","1. Not Obscured,1. Not Obscured",,,,,,,,,"20,20",1. On Roadway,"0,0",,,,Not GUARDRAIL,Not HIT_RUN,"10,1",1,4. Four Approaches,,C,0,0,36.90959,36.90959,,,Not LRTRUCK,4. Darkness - Road Lighted,UNLOCATED,-76.25614,-76.25614,MAINLINE,,,,,,,,"20,20",Not MOTORCYCLE,,.,,,,,,,1,,SEC_URBAN,,,,,,,,,,,,0,1,,0,0,,,,,,,,,Not PED,,1,0,Norfolk,122,5,NOT-RD,9. Within Intersection,,,,1. Straight - Level,1. No Defects,"2. Two-Way, Divided, Unprotected Median",1. Dry,"2. Blacktop, Asphalt, Bituminous",7400 BLK TIDEWATER DR,UNKWN,SC,U-VA122SC99999UK,,3. No,"22,22",,,,,,Not SENIOR,,"5,30","30,30",Not SPEED,"30,30",,,"2. No,2. No",,"0,0",6PM TO 9PM,1,1,3. Traffic Signal,1. Yes - Working,,"1,2","9. Bicycle,1. Passenger car","MONGOOSE,TOYOTA","1. Going Straight Ahead,1. Going Straight Ahead","GENESIS,COROLLA",2016,5,5.Hampton Roads,1. No Adverse Condition (Clear/Cloudy),Not Provided,2. No,Not Provided,YOUNG
No Access Control,Not ALCIHOL,Urban,0,0,"Stabilized with Selected Material (Soil,Gravel,Stone,etc.)",47-01551(L)/,Not UNBELTED,17,Male,B,1,BIKE,0.59,1,1,,1. Rear End,"Not Provided,Not Provided","Not Provided,Not Provided",4701517,0.59,3,3/10/2016,3/10/2016,20. Motor Vehicle In Transport,1416,B.Visiible Injury,2016,None,0,0,James City,Urban,20. Motor Vehicle In Transport,MAIN,12PM TO 3PM,47.James City,0,Intersection,Reset Filters,VDOT_OTHER,Thursday,Not DEER,"West,West",,5,1,160775249,"17,73","Male,Female","B,PDO","1,2","11. Did Not Have Right-of-Way,1. No Improper Action","3. Unavailable/Not Applicable,2. Not Deployed","4. No Test,4. No Test","1. No Defects,1. No Defects","Not Applicable,Not Applicable","1. Had Not Been Drinking,1. Had Not Been Drinking","2. No,2. No","1. Not Ejected,1. Not Ejected","No,No","No,No","8. No Restraint Used,3. Lap and Shoulder Belt","1. Not Obscured,1. Not Obscured",,,1,398509,47-01550(B)/,0,0,"0.Two-way, non-divided","20,20",1. On Roadway,"0,0",J,J.Urban Local,State Secondary,Not GUARDRAIL,Not HIT_RUN,"6,12",1,3. Three Approaches,160775249,N,0,0,37.30575,37.30575,6,0.08,Not LRTRUCK,2. Daylight,LOCATED,-76.75589,-76.75589,MAINLINE,MAIN,0,0,0,0,0,Undivided Roadway,"20,20",Not MOTORCYCLE,398508,398508.  4701517       4701517       4701551,1325,1325,1357,1357,1357,2,1,0,VDOT_SEC,,,,,,,,,0,0,0,0,1,,0,0,,,,,,,,,Not PED,,1,0,James City,47,5,NOT-RD,9. Within Intersection,6,0.50,0.59,9. Other,1. No Defects,"1. Two-Way, Not Divided",1. Dry,"2. Blacktop, Asphalt, Bituminous",174 DEVON RD,SEC,SC,R-VA047SC01517WB,"Urbanized (Population 200,000 and over)",3. No,"0,0",1211,1211,1236,1236,1236,SENIOR,None,"15,25","25,25",Not SPEED,"25,25",398508,0,"2. No,2. No",Paved (unofficial definition),"0,0",12PM TO 3PM,1,1,1. No Traffic Control,6. No Traffic Control Device Present,Not a Parkway - Trucks and Commercial Vehicles Allowed,"1,2","9. Bicycle,1. Passenger car",MERZ,"3. Making Left Turn,1. Going Straight Ahead",C320,,5,5.Hampton Roads,1. No Adverse Condition (Clear/Cloudy),Not Provided,2. No,Not Provided,YOUNG