Access Control,Alcohol Notalcohol,Area Type1,A Crash,A People,Basetypedesc,Begin Node Dsc,Belted Unbelted,Bikeage,Bikegen,Bikeinjurytype,Bikevehiclenumber,Bike Nonbike,BMP,B Crash,B People,Carspeedlimit,Collision Type,Comm Cargo Body Type Cd,Comm Vehicle Body Type Cd,Cotedrouteid,Coted Mp,Count App,CRASH_DT (copy),Crash Dt,Crash Event Type Dsc,Crash Military Tm,Crash Severity,Crash Year,Curbgutterdesc,C Crash,C People,Juris Name Used,Area Type Used,First Harmful Event of Entire Crash,MAINLINE,Time Slicing Used,Phy_Juris_Nm,Offset-Ft,Intersection Analysis,Clear,Calculation_9640323132123359,Day Of Week,Deer Nodeer,Direction Of Travel Cd,Distracted Notdistracted,VSP,TOTAL CRASH,Document Nbr,Driverage,Drivergen,Driverinjurytype,Drivervehiclenumber,Driver Action Type Cd,Driver Airbag Deployment,Driver Alcohol Test Type Cd,Driver Condition Type Cd,Driver Distraction Type Cd,Driver Drinking Type Cd,Driver Drug Use Cd,Driver Ejected From Vehicle,Driver Ems Transport Ind,Driver Fled Scene Ind,Driver Safety Equip Used,Driver Vis Obscured Type Cd,Drowsy Notdrowsy,Drug Nodrug,EMP,End Node,End Node Dsc,End Offset,Facility,FAC,First Crash Event Cd,First Harmful Event,Fourth Crash Event Cd,Functionalclass,FUN,Govcondesc,Gr Nogr,Hitrun Not Hitrun,Initial Veh Impact Area Cd,Injury Crashes,Intersection Type,Int Doc,Jurtype,K_CRASH,K People,LAT (copy),LAT,Leftshoulderwidth,Length,Lgtruck Nonlgtruck,Light Condition,Located Unlocated,LON (copy),LON,MAINLINE (group),Mainline Yn,Medianleftshoulderwidth,Medianrightshoulderwidth,Mediantypedesc,Medianwidthmax,Medianwidthmin,Median Type,Most Harmful Crash Event Cd,Motor Nonmotor,Node,Node Info,Node Totaadt2011,Node Totaadt2012,Node Totaadt2013,Node Totaadt2014,Node Totaadt2015,Numberoflane,Number of Records,Offset,Ownership,Passage,Passgen,Passinjurytype,Passvehiclenumber,Pass Airbag Deployment,Pass Ejected From Vehicle,Pass Ems Transport Ind,Pass Safety Equip Used,Pavementconditionvalue,Pavementroughnessvalue,Pavementwidth,Pdo Crash,Total People Killed & Injured,Pedage,Pedestrians Injured,Pedestrians Killed,Pedgen,Pedinjurytype,Pednumber,Ped Action,Ped Al Test,Ped Cond,Ped Drink,Ped Drug,Ped Nonped,Ped Rflct,Persons Injured,Persons Killed,Physical Juris Nm,PJR,VSP_Used,Rd Type,Relation To Roadway,Rightshoulderwidth,RNS_MP (0.25 mi bin),Rns Mp,Roadway Alignment,Roadway Defect,Roadway Description,Roadway Surface Cond,Roadway Surface Type,Route Or Street Nm,Rte Category Cd,Rte Cat,Rte Nm,Ruralurbandesc,School Zone,Second Crash Event Cd,Segtotaadt2011,Segtotaadt2012,Segtotaadt2013,Segtotaadt2014,Segtotaadt2015,Senior Notsenior,Sidewalkdesc,Speed Before,Speed Max Safe,Speed Notspeed,Speed Posted,Start Node,Start Offset,Summons Issued Cd,Surfacedesc,Third Crash Event Cd,Time Slicing,Total Crashes including Property Damage Only,Total Crash,Traffic Control Type,Trfc Ctrl Status Type,Truckcommr,Vehiclenumber,Vehicle Body Type Cd,Vehicle Make Nm,Vehicle Maneuver Type Cd,Vehicle Model Nm,Vehicle Year Nbr,District,District_Used ,Weather Condition,Work Zone Location,Work Zone Related,Work Zone Type,Young Notyoung
,ALCOHOL,Urban,0,0,,,Not UNBELTED,55,Male,B,1,BIKE,,1,1,,2. Angle,"Not Provided,Not Provided","Not Provided,Not Provided",,,,3/10/2016,3/10/2016,20. Motor Vehicle In Transport,1208,B.Visiible Injury,2016,,0,0,Virginia Beach,Urban,20. Motor Vehicle In Transport,MAIN,12PM TO 3PM,134.Virginia Beach,,Not Intersection,Reset Filters,VDOT_OTHER,Thursday,Not DEER,"South,West",,5,1,160715088,"55,28","Male,Male","B,PDO","1,2","11. Did Not Have Right-of-Way,1. No Improper Action","3. Unavailable/Not Applicable,2. Not Deployed","2. Breath,Not Applicable","1. No Defects,1. No Defects","14. No Driver Distraction,14. No Driver Distraction","5. Drinking - Not Known Whether Impaired,1. Had Not Been Drinking","2. No,2. No","1. Not Ejected,1. Not Ejected","Yes,No","No,No","8. No Restraint Used,3. Lap and Shoulder Belt","1. Not Obscured,1. Not Obscured",,,,,,,,,"20,20",1. On Roadway,"0,0",,,,Not GUARDRAIL,Not HIT_RUN,"12,3",1,4. Four Approaches,,C,0,0,36.82238,36.82238,,,Not LRTRUCK,2. Daylight,UNLOCATED,-76.12454,-76.12454,MAINLINE,,,,,,,,"20,20",Not MOTORCYCLE,,.,,,,,,,1,,SEC_URBAN,,,,,,,,,,,,0,1,,0,0,,,,,,,,,Not PED,,1,0,Virginia Beach,134,5,NOT-RD,1. Main-Line Roadway,,,,1. Straight - Level,1. No Defects,"3. Two-Way, Divided, Positive Median Barrier",1. Dry,1. Concrete,4363 HOLLAND RD,UNKWN,SC,U-VA134SC99999UK,,3. No,"0,0",,,,,,Not SENIOR,,"5,2","45,45",Not SPEED,"45,45",,,"1. Yes,2. No",,"0,0",12PM TO 3PM,1,1,4. Stop Sign,1. Yes - Working,,"1,2","9. Bicycle,22. Truck - Sport Utility Vehicle (SUV)","N/A,MERCEDES BENZ","1. Going Straight Ahead,2. Making Right Turn","ROADMASTER,ML350",20132013,5,5.Hampton Roads,1. No Adverse Condition (Clear/Cloudy),Not Provided,2. No,Not Provided,Not YOUNG
,Not ALCIHOL,Urban,1,1,,,Not UNBELTED,9,Male,A,2,BIKE,,0,0,,2. Angle,"Not Provided,Not Provided","Not Provided,Not Provided",,,,8/10/2013,8/10/2013,22. Bicycle,1451,A.Ambulatory Injury,2013,,0,0,Norfolk,Urban,22. Bicycle,MAIN,12PM TO 3PM,122.Norfolk,,Not Intersection,Reset Filters,VDOT_OTHER,Saturday,Not DEER,"Not Provided,Not Provided",,5,1,133460057,"60,9","Male,Male","PDO,A","1,2","34. Hit and Run,1. No Improper Action","2. Not Deployed,Not Provided","Not Applicable,Not Applicable","Not Applicable,Not Applicable","Not Applicable,Not Applicable","6. Unknown,Not Applicable","3. Unknown,Not Applicable","1. Not Ejected,Not Provided","No,No","Yes,No","3. Lap and Shoulder Belt,Not Provided","1. Not Obscured,1. Not Obscured",,,,,,,,,"22,22",1. On Roadway,"0,0",,,,Not GUARDRAIL,HIT_RUN,"1,9",1,4. Four Approaches,,C,0,0,36.872862,36.872862,,,Not LRTRUCK,2. Daylight,UNLOCATED,-76.263404,-76.263404,MAINLINE,,,,,,,,"22,22",Not MOTORCYCLE,,.,,,,,,,1,,SEC_URBAN,,,,,,,,,,,,0,1,,0,0,,,,,,,,,Not PED,,1,0,Norfolk,122,5,NOT-RD,8. Non-Intersection,,,,1. Straight - Level,1. No Defects,"1. Two-Way, Not Divided",1. Dry,"2. Blacktop, Asphalt, Bituminous",2800 pope ave,UNKWN,SC,U-VA122SC99999UK,,3. No,"0,0",,,,,,Not SENIOR,,15,"25,0",Not SPEED,"25,0",,,"Not Provided,2. No",,"0,0",12PM TO 3PM,1,1,4. Stop Sign,6. No Traffic Control Device Present,,"1,2","1. Passenger car,9. Bicycle","chev,bicycle","1. Going Straight Ahead,1. Going Straight Ahead","el camino,20 wheels",1979,5,5.Hampton Roads,1. No Adverse Condition (Clear/Cloudy),Not Provided,2. No,Not Provided,Not YOUNG
No Access Control,Not ALCIHOL,Urban,1,1,Bituminous Concrete (Black Base),134-08711(B)/N LYNNHAVEN RD,Not UNBELTED,27,Female,A,2,BIKE,503.88,0,0,55,3. Head On,"Not Provided,Not Provided","Not Provided,Not Provided",US00058,504.117,4,8/11/2013,8/11/2013,20. Motor Vehicle In Transport,1151,A.Ambulatory Injury,2013,Left and Right sides,0,1,Virginia Beach,Urban,20. Motor Vehicle In Transport,MAIN,9AM TO 12PM,134.Virginia Beach,"1,251",Intersection,Reset Filters,VDOT_OTHER,Sunday,Not DEER,"South,East",,5,1,132245044,"33,27","0,Female","C,A","1,2","1. No Improper Action,10. Wrong Side Of Road - Not Overtaking","2. Not Deployed,3. Unavailable/Not Applicable","4. No Test,4. No Test","1. No Defects,1. No Defects","14. No Driver Distraction,14. No Driver Distraction","1. Had Not Been Drinking,1. Had Not Been Drinking","2. No,2. No","1. Not Ejected,2. Partially Ejected","No,Yes","No,No","3. Lap and Shoulder Belt,9. Not Applicable","1. Not Obscured,1. Not Obscured",,,504,541074,FOUNDRY LANE(R)/,0,1,"1.Divided, no control of access","22,20",1. On Roadway,"0,0",E,E.Urban Other Principle Arterials; Connecting Links of Other Rural Principal Arterial,Urban Extensions - Primary Routes,Not GUARDRAIL,Not HIT_RUN,"12,12",1,3. Three Approaches,132245044,C,0,0,36.843486,36.843486,0,0.28,Not LRTRUCK,2. Daylight,LOCATED,-76.067607,-76.067607,MAINLINE,MAIN,0,0,Curbed Grass,28,4,Divided Roadway,"22,20",Not MOTORCYCLE,541075,541075.  US00058       US00058      13408711      13408711,46263,49675,50134,48314,49154,8,1,0.237,PRI_URBAN,,,,,,,,,0,151,99,0,2,,0,0,,,,,,,,,Not PED,,2,0,Virginia Beach,134,5,NOT-RD,9. Within Intersection,0,504.00,504.13,1. Straight - Level,1. No Defects,"2. Two-Way, Divided, Unprotected Median",1. Dry,"2. Blacktop, Asphalt, Bituminous",2819 VIRGINIA BEACH BLVD,USPRI,US,R-VA   US00058WB,"Urbanized (Population 200,000 and over)",3. No,"0,0",35920,40181,40552,39080,39870,Not SENIOR,Left and Right sides,"5,10","25,25",Not SPEED,"25,25",541075,0,"2. No,1. Yes",0,"0,0",9AM TO 12PM,1,1,4. Stop Sign,1. Yes - Working,Not a Parkway - Trucks and Commercial Vehicles Allowed,"1,2","1. Passenger car,9. Bicycle","LANDROVER,NIRVE","2. Making Right Turn,1. Going Straight Ahead","LR3,MTN BIKE",2006,5,5.Hampton Roads,1. No Adverse Condition (Clear/Cloudy),Not Provided,2. No,Not Provided,Not YOUNG
No Access Control,Not ALCIHOL,Urban,0,0,Bituminous Concrete (Black Base),TOMCAT BLVD.(L)/,Not UNBELTED,28,0,B,1,BIKE,0.84,1,1,,5. Sideswipe - Opposite Direction,"Not Provided,Not Provided","Not Provided,Not Provided",13408729,0.868,3,8/11/2013,8/11/2013,20. Motor Vehicle In Transport,1130,B.Visiible Injury,2013,Left and Right sides,0,0,Virginia Beach,Urban,20. Motor Vehicle In Transport,MAIN,9AM TO 12PM,134.Virginia Beach,465,Intersection,Reset Filters,VDOT_OTHER,Sunday,Not DEER,"North,South",,5,1,132455054,"28,27","0,Male","B,PDO","1,2","37. Other,1. No Improper Action","2. Not Deployed,2. Not Deployed","4. No Test,4. No Test","3. Hearing Defective,1. No Defects","14. No Driver Distraction,14. No Driver Distraction","1. Had Not Been Drinking,1. Had Not Been Drinking","2. No,2. No","1. Not Ejected,1. Not Ejected","Yes,No","No,No","5. Helmet,3. Lap and Shoulder Belt","1. Not Obscured,1. Not Obscured",,,1,734808,TOMCAT BLVD.(L)/,0.13,1,"1.Divided, no control of access","20,22",1. On Roadway,"0,0",E,E.Urban Other Principle Arterials; Connecting Links of Other Rural Principal Arterial,Other City or Town Streets (not state maintained),Not GUARDRAIL,Not HIT_RUN,"1,1",1,1. Not at Intersection,132455054,C,0,0,36.802971,36.802971,0,0.13,Not LRTRUCK,2. Daylight,LOCATED,-76.004861,-76.004861,MAINLINE,MAIN,2,2,Grass/Unprotected,28,16,Divided Roadway,"20,22",Not MOTORCYCLE,541708,541708. 13408690      13408729      13408729,36479,34571,34987,34507,35682,4,1,0.088,SEC_URBAN,,,,,,,,,2.8,0,52,0,1,,0,0,,,,,,,,,Not PED,,1,0,Virginia Beach,134,5,RD-UNKNOWN,1. Main-Line Roadway,0,0.75,0.87,1. Straight - Level,1. No Defects,"1. Two-Way, Not Divided",1. Dry,"2. Blacktop, Asphalt, Bituminous",1000 OCEANA BL,URB,UR,R-VA134UR08729NB,"Urbanized (Population 200,000 and over)",3. No,"0,0",33066,31256,31641,31283,32117,Not SENIOR,Left side,"5,55","55,55",Not SPEED,"55,55",734808,0,"2. No,2. No",0,"0,0",9AM TO 12PM,1,1,6. Traffic Lanes Marked,1. Yes - Working,Not a Parkway - Trucks and Commercial Vehicles Allowed,"1,2","9. Bicycle,2. Truck - Pick-up/Passenger Truck","MONGOOSE,GMC","4. Making U-Turn,1. Going Straight Ahead","MT BIKE,SONOMA",20052001,5,5.Hampton Roads,1. No Adverse Condition (Clear/Cloudy),Not Provided,2. No,Not Provided,Not YOUNG
,Not ALCIHOL,Urban,0,0,,,Not UNBELTED,17,Male,B,2,BIKE,,1,1,,2. Angle,"Not Provided,Not Provided","Not Provided,Not Provided",,,3,8/15/2013,8/15/2013,20. Motor Vehicle In Transport,1930,B.Visiible Injury,2013,,0,1,Chesapeake,Urban,20. Motor Vehicle In Transport,MAIN,6PM TO 9PM,131.Chesapeake,0,Intersection,Reset Filters,VDOT_OTHER,Thursday,Not DEER,"East,North",,5,1,132315262,"43,17","0,Male","C,B","1,2","40. Fail to Maintain Proper Control,1. No Improper Action","2. Not Deployed,3. Unavailable/Not Applicable","Not Applicable,Not Applicable","1. No Defects,1. No Defects","Not Applicable,Not Applicable","1. Had Not Been Drinking,1. Had Not Been Drinking","2. No,2. No","1. Not Ejected,2. Partially Ejected","No,No","No,No","3. Lap and Shoulder Belt,9. Not Applicable","1. Not Obscured,1. Not Obscured",,,,,,,0,,"22,20",1. On Roadway,"0,0",I,,,Not GUARDRAIL,Not HIT_RUN,"12,9",1,4. Four Approaches,132315262,C,0,0,36.813999,36.813999,,,Not LRTRUCK,2. Daylight,UNLOCATED,-76.226912,-76.226912,MAINLINE,,,,,,,,"22,20",Not MOTORCYCLE,484723,484723. 13108645      13108645      13108650,9392,9184,9236,8857,9036,,1,0,SEC_URBAN,,,,,,,,,,,,0,2,,0,0,,,,,,,,,Not PED,,2,0,Chesapeake,131,5,NOT-RD,9. Within Intersection,,0.50,0.74,1. Straight - Level,1. No Defects,"1. Two-Way, Not Divided",1. Dry,"2. Blacktop, Asphalt, Bituminous",CORNICK AVE,URB,UR,R-VA131UR08650WB,,3. No,"0,0",,,,,,Not SENIOR,,"5,5","25,35",Not SPEED,"25,35",,,"2. No,2. No",,"0,0",6PM TO 9PM,1,1,4. Stop Sign,1. Yes - Working,,"1,2","3. Van,9. Bicycle","Chrysler,BICYCLE","2. Making Right Turn,1. Going Straight Ahead","Town & Country,MOUNTAIN BIKE",20002013,5,5.Hampton Roads,1. No Adverse Condition (Clear/Cloudy),Not Provided,2. No,Not Provided,YOUNG
No Access Control,ALCOHOL,Urban,0,0,"N/A, Unknown, or Unstabilized",30TH ST,Not UNBELTED,21,0,B,1,BIKE,302.12,1,1,,2. Angle,"Not Provided,Not Provided","Not Provided,Not Provided",US00060,302.253,4,8/15/2013,8/15/2013,22. Bicycle,2339,B.Visiible Injury,2013,Left and Right sides,0,0,Virginia Beach,Urban,22. Bicycle,MAIN,9PM TO 12AM,134.Virginia Beach,"1,177",Intersection,Reset Filters,VDOT_OTHER,Thursday,Not DEER,"West,South",,5,1,132375001,"21,18","0,Male","B,PDO","1,2","11. Did Not Have Right-of-Way,1. No Improper Action","3. Unavailable/Not Applicable,2. Not Deployed","4. No Test,4. No Test","1. No Defects,1. No Defects","14. No Driver Distraction,14. No Driver Distraction","2. Drinking - Obviously Drunk,1. Had Not Been Drinking","2. No,2. No","Not Provided,1. Not Ejected","Yes,No","No,No","9. Not Applicable,3. Lap and Shoulder Belt","1. Not Obscured,1. Not Obscured",,,302,541110,30TH ST,0.27,1,"1.Divided, no control of access","22,20",1. On Roadway,"0,0",E,E.Urban Other Principle Arterials; Connecting Links of Other Rural Principal Arterial,Urban Extensions - Primary Routes,Not GUARDRAIL,Not HIT_RUN,"5,11",1,4. Four Approaches,132375001,C,0,0,36.856237,36.856237,0,0.25,Not LRTRUCK,4. Darkness - Road Lighted,LOCATED,-75.978551,-75.978551,MAINLINE,MAIN,0,0,Curbed (solid raised),2,2,Divided Roadway,"22,20",Not MOTORCYCLE,541057,541057.  US00058       US00060       US00060      13408578,35003,33265,33529,33082,32581,4,1,0.223,PRI_URBAN,,,,,,,,,0,212,60,0,1,,0,0,,,,,,,,,Not PED,,1,0,Virginia Beach,134,5,NOT-RD,9. Within Intersection,0,302.25,302.25,1. Straight - Level,1. No Defects,"2. Two-Way, Divided, Unprotected Median",1. Dry,"2. Blacktop, Asphalt, Bituminous",2800 PACIFIC AV,USPRI,US,R-VA   US00060WB,"Urbanized (Population 200,000 and over)",3. No,"0,0",16522,15296,15206,15119,15239,Not SENIOR,Left and Right sides,"2,35","0,35",Not SPEED,"25,35",541110,0.02,"1. Yes,2. No",0,"0,0",9PM TO 12AM,1,1,4. Stop Sign,1. Yes - Working,Not a Parkway - Trucks and Commercial Vehicles Allowed,"1,2","9. Bicycle,22. Truck - Sport Utility Vehicle (SUV)",Dodge,"1. Going Straight Ahead,1. Going Straight Ahead","BICYCLE,Durango",2003,5,5.Hampton Roads,1. No Adverse Condition (Clear/Cloudy),Not Provided,2. No,Not Provided,YOUNG
,Not ALCIHOL,Urban,1,1,,,Not UNBELTED,48,Female,A,2,BIKE,,0,0,,2. Angle,"Not Provided,Not Provided","Not Provided,Not Provided",,,,8/16/2013,8/16/2013,22. Bicycle,2215,A.Ambulatory Injury,2013,,0,0,Newport News,Urban,22. Bicycle,MAIN,9PM TO 12AM,121.Newport News,,Not Intersection,Reset Filters,VDOT_OTHER,Friday,Not DEER,"West,South",,5,1,133530051,"56,48","0,Female","PDO,A","1,2","Not Applicable,Not Applicable","2. Not Deployed,3. Unavailable/Not Applicable","4. No Test,4. No Test","1. No Defects,1. No Defects","Not Applicable,Not Applicable","1. Had Not Been Drinking,1. Had Not Been Drinking","2. No,2. No","1. Not Ejected,2. Partially Ejected","No,Yes","No,No","3. Lap and Shoulder Belt,9. Not Applicable","1. Not Obscured,1. Not Obscured",,,,,,,,,"22,20",1. On Roadway,"0,0",,,,Not GUARDRAIL,Not HIT_RUN,"11,12",1,4. Four Approaches,,C,0,0,37.158465,37.158465,,,Not LRTRUCK,4. Darkness - Road Lighted,UNLOCATED,-76.556584,-76.556584,MAINLINE,,,,,,,,"22,20",Not MOTORCYCLE,,.,,,,,,,1,,SEC_URBAN,,,,,,,,,,,,0,1,,0,0,,,,,,,,,Not PED,,1,0,Newport News,121,5,NOT-RD,1. Main-Line Roadway,,,,1. Straight - Level,1. No Defects,"3. Two-Way, Divided, Positive Median Barrier",1. Dry,"2. Blacktop, Asphalt, Bituminous",ASHTON GREEN BLVD,UNKWN,SC,U-VA121SC99999UK,,3. No,"0,0",,,,,,Not SENIOR,,"5,5","0,0",Not SPEED,"35,45",,,"2. No,2. No",,"0,0",9PM TO 12AM,1,1,3. Traffic Signal,1. Yes - Working,,"1,2","1. Passenger car,9. Bicycle","FORD,BICYCLE","2. Making Right Turn,1. Going Straight Ahead","ESCAPE,State A",2002,5,5.Hampton Roads,1. No Adverse Condition (Clear/Cloudy),Not Provided,2. No,Not Provided,Not YOUNG
,Not ALCIHOL,Urban,0,0,,,Not UNBELTED,13,Male,B,2,BIKE,,1,1,,13. Bicyclist,"Not Provided,Not Provided","Not Provided,Not Provided",,,,12/9/2014,12/9/2014,22. Bicycle,1800,B.Visiible Injury,2014,,0,0,Norfolk,Urban,22. Bicycle,MAIN,3PM TO 6PM,122.Norfolk,,Not Intersection,Reset Filters,VDOT_OTHER,Tuesday,Not DEER,"South,North",,5,1,150090061,13,"Not Provided,Male","PDO,B","1,2","34. Hit and Run,10. Wrong Side Of Road - Not Overtaking","Not Provided,3. Unavailable/Not Applicable","Not Applicable,Not Applicable","9. Unknown,1. No Defects","Not Applicable,Not Applicable","6. Unknown,1. Had Not Been Drinking","3. Unknown,2. No","Not Provided,3. Totally Ejected","NotProvided,No","Yes,No","Not Provided,9. Not Applicable","1. Not Obscured,1. Not Obscured",,,,,,,,,"22,20",1. On Roadway,"0,0",,,,Not GUARDRAIL,HIT_RUN,"1,5",1,4. Four Approaches,,C,0,0,36.88721,36.88721,,,Not LRTRUCK,4. Darkness - Road Lighted,UNLOCATED,-76.23188,-76.23188,MAINLINE,,,,,,,,"22,6",Not MOTORCYCLE,,.,,,,,,,1,,SEC_URBAN,,,,,,,,,,,,0,1,,0,0,,,,,,,,,Not PED,,1,0,Norfolk,122,5,NOT-RD,9. Within Intersection,,,,1. Straight - Level,1. No Defects,"1. Two-Way, Not Divided",1. Dry,"2. Blacktop, Asphalt, Bituminous",3400 BLK HERBERT ST,UNKWN,SC,U-VA122SC99999UK,,3. No,"0,6",,,,,,Not SENIOR,,2,"0,25",Not SPEED,"0,25",,,"Not Provided,2. No",,"0,0",3PM TO 6PM,1,1,4. Stop Sign,1. Yes - Working,,"1,2","1. Passenger car,9. Bicycle",BICYCLE,"1. Going Straight Ahead,3. Making Left Turn",BICYCLE,,5,5.Hampton Roads,1. No Adverse Condition (Clear/Cloudy),Not Provided,2. No,Not Provided,Not YOUNG
,Not ALCIHOL,Urban,1,1,,,Not UNBELTED,58,Male,A,2,BIKE,,0,0,,4. Sideswipe - Same Direction,"Not Provided,Not Provided","Not Provided,Not Provided",,,,12/10/2014,12/10/2014,20. Motor Vehicle In Transport,804,A.Ambulatory Injury,2014,,0,0,Newport News,Urban,20. Motor Vehicle In Transport,MAIN,6AM TO 9AM,121.Newport News,,Not Intersection,Reset Filters,VDOT_OTHER,Wednesday,Not DEER,"East,East",DISTRACTED,5,1,150330186,"46,58","Male,Male","PDO,A","1,2","34. Hit and Run,1. No Improper Action","5. Unknown,3. Unavailable/Not Applicable","4. No Test,4. No Test","9. Unknown,1. No Defects","11. Other,11. Other","6. Unknown,1. Had Not Been Drinking","3. Unknown,Not Applicable","1. Not Ejected,3. Totally Ejected","No,Yes","Yes,No","6. Other,9. Not Applicable","13. Other,1. Not Obscured",,,,,,,,,"22,20",1. On Roadway,"0,0",,,,Not GUARDRAIL,HIT_RUN,"3,3",1,1. Not at Intersection,,C,0,0,37.11965,37.11965,,,Not LRTRUCK,2. Daylight,UNLOCATED,-76.50218,-76.50218,MAINLINE,,,,,,,,"22,20",Not MOTORCYCLE,,.,,,,,,,1,,SEC_URBAN,,,,,,,,,,,,0,1,,0,0,,,,,,,,,Not PED,,1,0,Newport News,121,5,NOT-RD,1. Main-Line Roadway,,,,2. Curve - Level,1. No Defects,"3. Two-Way, Divided, Positive Median Barrier",1. Dry,"2. Blacktop, Asphalt, Bituminous",BRICK KILN BLVD,UNKWN,SC,U-VA121SC99999UK,,3. No,"0,0",,,,,,Not SENIOR,,0,"0,0",Not SPEED,"0,0",,,"1. Yes,2. No",,"0,0",6AM TO 9AM,1,1,1. No Traffic Control,6. No Traffic Control Device Present,,"1,2","1. Passenger car,9. Bicycle",PONTIAC,"1. Going Straight Ahead,1. Going Straight Ahead",SUNFIRE,2001,5,5.Hampton Roads,1. No Adverse Condition (Clear/Cloudy),Not Provided,2. No,Not Provided,Not YOUNG
No Access Control,Not ALCIHOL,Urban,0,0,"Stabilized with Selected Material (Soil,Gravel,Stone,etc.)",C1SR-00010(L)/MAIN STREET(L)/,Not UNBELTED,44,Male,B,2,BIKE,0.64,1,1,30,2. Angle,"Not Provided,Not Provided","Not Provided,Not Provided",C1US00258,0.648,3,12/11/2014,12/11/2014,22. Bicycle,600,B.Visiible Injury,2014,Left and Right sides,0,0,Smithfield,Urban,22. Bicycle,MAIN,3AM TO 6AM,300.Smithfield,42,Intersection,Reset Filters,VDOT_OTHER,Thursday,Not DEER,"East,East",,5,1,143475221,"30,44","Male,Male","PDO,B","1,2","1. No Improper Action,21. Disregarded Traffic Signal","2. Not Deployed,3. Unavailable/Not Applicable","Not Applicable,Not Applicable","1. No Defects,9. Unknown","14. No Driver Distraction,14. No Driver Distraction","Not Applicable,Not Applicable","Not Applicable,Not Applicable","1. Not Ejected,Not Provided","No,Yes","No,No","3. Lap and Shoulder Belt,8. No Restraint Used","1. Not Obscured,1. Not Obscured",,,1,393563,CEDAR ST(R)/,0,0,"0.Two-way, non-divided","22,20",1. On Roadway,"0,0",H,H.Urban Minor Arterial,State Primary and Interstate,Not GUARDRAIL,Not HIT_RUN,"10,12",1,4. Four Approaches,143475221,N,0,0,36.98221,36.98221,0,0.06,Not LRTRUCK,1. Dawn,LOCATED,-76.63078,-76.63078,MAINLINE,MAIN,0,0,0,0,0,Undivided Roadway,"22,20",Not MOTORCYCLE,393523,393523.C1SR00010     C1US00258     C1US00258,11890,11643,11663,10798,11012,2,1,0.008,VDOT_PRI,,,,,,,,,0,1,36,0,1,,0,0,,,,,,,,,Not PED,,1,0,Smithfield,300,5,NOT-RD,10. Intersection Related - Within 150 Feet,0,0.50,0.65,1. Straight - Level,1. No Defects,"2. Two-Way, Divided, Unprotected Median",1. Dry,"2. Blacktop, Asphalt, Bituminous",ROUTE 10 BUSINESS,USPRI,US,R-VA   US00258EBBUS001,"Urbanized (Population 200,000 and over)",3. No,"0,0",13108,12852,12831,11702,11934,Not SENIOR,Left and Right sides,"35,10","45,45",Not SPEED,"45,45",393523,0,"2. No,2. No",0,"0,0",3AM TO 6AM,1,1,3. Traffic Signal,1. Yes - Working,Not a Parkway - Trucks and Commercial Vehicles Allowed,"1,2","1. Passenger car,9. Bicycle",HONDA,"1. Going Straight Ahead,3. Making Left Turn",CRV,1998,5,5.Hampton Roads,1. No Adverse Condition (Clear/Cloudy),Not Provided,2. No,Not Provided,Not YOUNG
,Not ALCIHOL,Urban,0,0,,,Not UNBELTED,11,Female,B,2,BIKE,,1,1,,15. Backed Into,"Not Provided,Not Provided","Not Provided,Not Provided",,,,8/18/2013,8/18/2013,22. Bicycle,1641,B.Visiible Injury,2013,,0,0,Hampton,Urban,22. Bicycle,MAIN,3PM TO 6PM,114.Hampton,,Not Intersection,Reset Filters,VDOT_OTHER,Sunday,Not DEER,"North,Not Provided",DISTRACTED,5,1,133610067,"34,11","0,Female","PDO,B","1,2","18. Improper Backing,37. Other","2. Not Deployed,3. Unavailable/Not Applicable","Not Applicable,Not Applicable","1. No Defects,Not Applicable","Not Applicable,7. Eyes Not on Road","1. Had Not Been Drinking,Not Applicable","Not Applicable,Not Applicable","1. Not Ejected,1. Not Ejected","No,Yes","No,No","3. Lap and Shoulder Belt,9. Not Applicable","1. Not Obscured,Not Applicable",,,,,,,,,"22,20",1. On Roadway,"0,0",,,,Not GUARDRAIL,Not HIT_RUN,"6,0",1,4. Four Approaches,,C,0,0,37.088044,37.088044,,,Not LRTRUCK,2. Daylight,UNLOCATED,-76.438731,-76.438731,MAINLINE,,,,,,,,"22,20",Not MOTORCYCLE,,.,,,,,,,1,,SEC_URBAN,,,,,,,,,,,,0,1,,0,0,,,,,,,,,Not PED,,1,0,Hampton,114,5,NOT-RD,9. Within Intersection,,,,1. Straight - Level,1. No Defects,"1. Two-Way, Not Divided",1. Dry,"2. Blacktop, Asphalt, Bituminous",WESTVIEW LANE,UNKWN,SC,U-VA114SC99999UK,,3. No,"0,0",,,,,,Not SENIOR,,15,"25,0",Not SPEED,"25,0",,,"1. Yes,2. No",,"0,0",3PM TO 6PM,1,1,8. Yield Sign,6. No Traffic Control Device Present,,"1,2","1. Passenger car,9. Bicycle",TOYOTA,"12. Backing,15. Other",CAMRY,2004,5,5.Hampton Roads,1. No Adverse Condition (Clear/Cloudy),Not Provided,2. No,Not Provided,Not YOUNG