Access Control,Alcohol Notalcohol,Area Type1,A Crash,A People,Basetypedesc,Begin Node Dsc,Belted Unbelted,Bikeage,Bikegen,Bikeinjurytype,Bikevehiclenumber,Bike Nonbike,BMP,B Crash,B People,Carspeedlimit,Collision Type,Comm Cargo Body Type Cd,Comm Vehicle Body Type Cd,Cotedrouteid,Coted Mp,Count App,CRASH_DT (copy),Crash Dt,Crash Event Type Dsc,Crash Military Tm,Crash Severity,Crash Year,Curbgutterdesc,C Crash,C People,Juris Name Used,Area Type Used,First Harmful Event of Entire Crash,MAINLINE,Time Slicing Used,Phy_Juris_Nm,Offset-Ft,Intersection Analysis,Clear,Calculation_9640323132123359,Day Of Week,Deer Nodeer,Direction Of Travel Cd,Distracted Notdistracted,VSP,TOTAL CRASH,Document Nbr,Driverage,Drivergen,Driverinjurytype,Drivervehiclenumber,Driver Action Type Cd,Driver Airbag Deployment,Driver Alcohol Test Type Cd,Driver Condition Type Cd,Driver Distraction Type Cd,Driver Drinking Type Cd,Driver Drug Use Cd,Driver Ejected From Vehicle,Driver Ems Transport Ind,Driver Fled Scene Ind,Driver Safety Equip Used,Driver Vis Obscured Type Cd,Drowsy Notdrowsy,Drug Nodrug,EMP,End Node,End Node Dsc,End Offset,Facility,FAC,First Crash Event Cd,First Harmful Event,Fourth Crash Event Cd,Functionalclass,FUN,Govcondesc,Gr Nogr,Hitrun Not Hitrun,Initial Veh Impact Area Cd,Injury Crashes,Intersection Type,Int Doc,Jurtype,K_CRASH,K People,LAT (copy),LAT,Leftshoulderwidth,Length,Lgtruck Nonlgtruck,Light Condition,Located Unlocated,LON (copy),LON,MAINLINE (group),Mainline Yn,Medianleftshoulderwidth,Medianrightshoulderwidth,Mediantypedesc,Medianwidthmax,Medianwidthmin,Median Type,Most Harmful Crash Event Cd,Motor Nonmotor,Node,Node Info,Node Totaadt2011,Node Totaadt2012,Node Totaadt2013,Node Totaadt2014,Node Totaadt2015,Numberoflane,Number of Records,Offset,Ownership,Passage,Passgen,Passinjurytype,Passvehiclenumber,Pass Airbag Deployment,Pass Ejected From Vehicle,Pass Ems Transport Ind,Pass Safety Equip Used,Pavementconditionvalue,Pavementroughnessvalue,Pavementwidth,Pdo Crash,Total People Killed & Injured,Pedage,Pedestrians Injured,Pedestrians Killed,Pedgen,Pedinjurytype,Pednumber,Ped Action,Ped Al Test,Ped Cond,Ped Drink,Ped Drug,Ped Nonped,Ped Rflct,Persons Injured,Persons Killed,Physical Juris Nm,PJR,VSP_Used,Rd Type,Relation To Roadway,Rightshoulderwidth,RNS_MP (0.25 mi bin),Rns Mp,Roadway Alignment,Roadway Defect,Roadway Description,Roadway Surface Cond,Roadway Surface Type,Route Or Street Nm,Rte Category Cd,Rte Cat,Rte Nm,Ruralurbandesc,School Zone,Second Crash Event Cd,Segtotaadt2011,Segtotaadt2012,Segtotaadt2013,Segtotaadt2014,Segtotaadt2015,Senior Notsenior,Sidewalkdesc,Speed Before,Speed Max Safe,Speed Notspeed,Speed Posted,Start Node,Start Offset,Summons Issued Cd,Surfacedesc,Third Crash Event Cd,Time Slicing,Total Crashes including Property Damage Only,Total Crash,Traffic Control Type,Trfc Ctrl Status Type,Truckcommr,Vehiclenumber,Vehicle Body Type Cd,Vehicle Make Nm,Vehicle Maneuver Type Cd,Vehicle Model Nm,Vehicle Year Nbr,District,District_Used ,Weather Condition,Work Zone Location,Work Zone Related,Work Zone Type,Young Notyoung
No Access Control,Not ALCIHOL,Urban,0,0,"N/A, Unknown, or Unstabilized",COLORADO AVE(L)/,Not UNBELTED,54,0,C,1,BIKE,0.69,0,0,,2. Angle,"Not Provided,Not Provided","Not Provided,Not Provided",12408544,0.764,4,8/20/2013,8/20/2013,22. Bicycle,939,C.Non-Visible Injury,2013,Left and Right sides,1,1,Portsmouth,Urban,22. Bicycle,MAIN,9AM TO 12PM,124.Portsmouth,32,Intersection,Reset Filters,VDOT_OTHER,Tuesday,Not DEER,"Not Provided,West",,5,1,133640014,"54,30","0,Male","C,PDO","1,2","1. No Improper Action,1. No Improper Action","Not Provided,2. Not Deployed","Not Applicable,Not Applicable","1. No Defects,1. No Defects","Not Applicable,Not Applicable","6. Unknown,1. Had Not Been Drinking","2. No,2. No","Not Provided,1. Not Ejected","Yes,No","No,No","9. Not Applicable,3. Lap and Shoulder Belt","1. Not Obscured,1. Not Obscured",,,1,483148,US-00058(B)/CAROLINE AV,0,0,"0.Two-way, non-divided","0,22",1. On Roadway,"0,0",I,I.Urban Collector,Other City or Town Streets (not state maintained),Not GUARDRAIL,Not HIT_RUN,"0,1",1,4. Four Approaches,133640014,C,0,0,36.822778,36.822778,0,0.08,Not LRTRUCK,2. Daylight,LOCATED,-76.350673,-76.350673,MAINLINE,MAIN,0,0,0,0,0,Undivided Roadway,"0,22",Not MOTORCYCLE,483148,483148.  US00058       US00058      12408544      12408544,16296,15935,14606,14086,14371,2,1,0.006,SEC_URBAN,,,,,,,,,0,0,30,0,1,,0,0,,,,,,,,,Not PED,,1,0,Portsmouth,124,5,NOT-RD,9. Within Intersection,0,0.75,0.76,1. Straight - Level,1. No Defects,"1. Two-Way, Not Divided",1. Dry,"2. Blacktop, Asphalt, Bituminous",CAROLINE AVE/AIRLINE BLVD,URB,UR,R-VA124UR08544NB,"Urbanized (Population 200,000 and over)",3. No,"0,0",323,316,386,372,380,Not SENIOR,None,5,"0,25",Not SPEED,"0,25",484186,0,"2. No,2. No",0,"0,0",9AM TO 12PM,1,1,4. Stop Sign,1. Yes - Working,Not a Parkway - Trucks and Commercial Vehicles Allowed,"1,2","9. Bicycle,22. Truck - Sport Utility Vehicle (SUV)",FORD,"1. Going Straight Ahead,1. Going Straight Ahead",EXPEDITION,2003,5,5.Hampton Roads,1. No Adverse Condition (Clear/Cloudy),Not Provided,2. No,Not Provided,Not YOUNG
No Access Control,Not ALCIHOL,Urban,0,0,Dual Type,US-00058(B)/,Not UNBELTED,48,0,B,1,BIKE,0.8,1,1,,2. Angle,"Not Provided,Not Provided","Not Provided,Not Provided",SR00225,0.817,4,8/20/2013,8/20/2013,20. Motor Vehicle In Transport,1143,B.Visiible Injury,2013,Left and Right sides,0,1,Virginia Beach,Urban,20. Motor Vehicle In Transport,MAIN,9AM TO 12PM,134.Virginia Beach,90,Intersection,Reset Filters,VDOT_OTHER,Tuesday,Not DEER,"West,North",,5,1,132345022,"48,77","0,Male","B,C","1,2","21. Disregarded Traffic Signal,1. No Improper Action","2. Not Deployed,2. Not Deployed","4. No Test,4. No Test","1. No Defects,1. No Defects","14. No Driver Distraction,14. No Driver Distraction","1. Had Not Been Drinking,1. Had Not Been Drinking","3. Unknown,3. Unknown","3. Totally Ejected,1. Not Ejected","Yes,No","No,No","6. Other,3. Lap and Shoulder Belt","Not Applicable,11. Moving Vehicle(s)",,,1,541203,134-08708(B)/,0,1,"1.Divided, no control of access","20,22",1. On Roadway,"0,0",E,E.Urban Other Principle Arterials; Connecting Links of Other Rural Principal Arterial,Urban Extensions - Primary Routes,Not GUARDRAIL,Not HIT_RUN,"11,12",1,4. Four Approaches,132345022,C,0,0,36.843825,36.843825,0,0.34,Not LRTRUCK,2. Daylight,LOCATED,-76.136663,-76.136663,MAINLINE,MAIN,0,0,Curbed Grass,16,4,Divided Roadway,"20,22",Not MOTORCYCLE,541083,541083.  SR00225       SR00225       US00058       US00058,108365,104810,101014,97685,97889,6,1,0.017,PRI_URBAN,,,,,,,,,0,115,102,0,2,,0,0,,,,,,,,,Not PED,,2,0,Virginia Beach,134,5,NOT-RD,9. Within Intersection,0,0.75,0.83,1. Straight - Level,1. No Defects,"3. Two-Way, Divided, Positive Median Barrier",1. Dry,"2. Blacktop, Asphalt, Bituminous",300 BLOCK INDEPENDENCE BLVD.,STPRI,SR,R-VA   SR00225NB,"Urbanized (Population 200,000 and over)",3. No,"0,0",50298,49624,49906,48747,49030,SENIOR,Left and Right sides,15,"45,45",Not SPEED,"45,45",541083,0,"1. Yes,2. No",0,"0,0",9AM TO 12PM,1,1,3. Traffic Signal,1. Yes - Working,Not a Parkway - Trucks and Commercial Vehicles Allowed,"1,2","9. Bicycle,22. Truck - Sport Utility Vehicle (SUV)","MURRAY,Toyota","1. Going Straight Ahead,3. Making Left Turn","BICYCLE,Highlander",20132005,5,5.Hampton Roads,1. No Adverse Condition (Clear/Cloudy),Not Provided,2. No,Not Provided,Not YOUNG
No Access Control,Not ALCIHOL,Urban,0,0,Bituminous Concrete (Black Base),134-08749(B)/KELLAM RD,Not UNBELTED,59,Female,B,2,BIKE,500.05,1,1,55,2. Angle,"Not Provided,Not Provided","Not Provided,Not Provided",US00058,500.168,4,8/21/2013,8/21/2013,22. Bicycle,1352,B.Visiible Injury,2013,Left and Right sides,0,0,Virginia Beach,Urban,22. Bicycle,MAIN,12PM TO 3PM,134.Virginia Beach,169,Intersection,Reset Filters,VDOT_OTHER,Wednesday,Not DEER,"South,East",,5,1,132345027,"62,59","0,Female","PDO,B","1,2","1. No Improper Action,37. Other","2. Not Deployed,3. Unavailable/Not Applicable","4. No Test,4. No Test","1. No Defects,1. No Defects","14. No Driver Distraction,14. No Driver Distraction","1. Had Not Been Drinking,1. Had Not Been Drinking","Not Applicable,Not Applicable","1. Not Ejected,1. Not Ejected","NotProvided,Yes","No,No","3. Lap and Shoulder Belt,8. No Restraint Used","1. Not Obscured,1. Not Obscured",,,500,541083,SR-00225(B)/,0,1,"1.Divided, no control of access","22,20",4. Roadside,"0,0",E,E.Urban Other Principle Arterials; Connecting Links of Other Rural Principal Arterial,Urban Extensions - Primary Routes,Not GUARDRAIL,Not HIT_RUN,"2,11",1,1. Not at Intersection,132345027,C,0,0,36.843682,36.843682,0,0.15,Not LRTRUCK,2. Daylight,LOCATED,-76.137803,-76.137803,MAINLINE,MAIN,0,0,Curbed Grass,28,4,Divided Roadway,"22,20",Not MOTORCYCLE,541083,541083.  SR00225       SR00225       US00058       US00058,108365,104810,101014,97685,97889,8,1,0.032,PRI_URBAN,,,,,,,,,0,151,99,0,1,,0,0,,,,,,,,,Not PED,,1,0,Virginia Beach,134,5,NOT-RD,10. Intersection Related - Within 150 Feet,0,500.00,500.19,1. Straight - Level,1. No Defects,"3. Two-Way, Divided, Positive Median Barrier",1. Dry,1. Concrete,4600 VIRGINIA BEACH BLVD,USPRI,US,R-VA   US00058WB,"Urbanized (Population 200,000 and over)",3. No,"0,0",42552,41611,32644,31481,32119,Not SENIOR,Left and Right sides,"5,2","45,45",Not SPEED,"45,45",541084,0,"2. No,1. Yes",0,"0,0",12PM TO 3PM,1,1,1. No Traffic Control,6. No Traffic Control Device Present,Not a Parkway - Trucks and Commercial Vehicles Allowed,"1,2","1. Passenger car,9. Bicycle","TOYOTA,BICYCLE","2. Making Right Turn,1. Going Straight Ahead","CAMRY SOLARA,BICYCLE",2004,5,5.Hampton Roads,1. No Adverse Condition (Clear/Cloudy),Not Provided,2. No,Not Provided,Not YOUNG
No Access Control,Not ALCIHOL,Urban,1,1,"N/A, Unknown, or Unstabilized",114-07049(B)/WOODLAND RD,Not UNBELTED,60,0,A,1,BIKE,7.04,0,0,,2. Angle,"Not Provided,Not Provided","Not Provided,Not Provided",SR00351,7.18,4,8/21/2013,8/21/2013,22. Bicycle,1458,A.Ambulatory Injury,2013,Left and Right sides,0,0,Hampton,Urban,22. Bicycle,MAIN,12PM TO 3PM,114.Hampton,739,Intersection,Reset Filters,VDOT_OTHER,Wednesday,Not DEER,"West,Not Provided",,5,1,133640086,"60,68","0,Male","A,PDO","1,2","16. Improper Turn From Wrong Lane,1. No Improper Action","Not Provided,2. Not Deployed","4. No Test,4. No Test","1. No Defects,1. No Defects","Not Applicable,Not Applicable","1. Had Not Been Drinking,1. Had Not Been Drinking","1. Yes,2. No","3. Totally Ejected,1. Not Ejected","Yes,No","No,No","9. Not Applicable,3. Lap and Shoulder Belt","1. Not Obscured,1. Not Obscured",,DRUG_USE,8,253169,SHELTON RD(L) GRIMES RD(R)/,0,0,"0.Two-way, non-divided","22,20",1. On Roadway,"0,0",H,H.Urban Minor Arterial,Urban Extensions - Primary Routes,Not GUARDRAIL,Not HIT_RUN,"8,12",1,1. Not at Intersection,133640086,C,0,0,37.03498436,37.03498436,0,0.52,Not LRTRUCK,2. Daylight,LOCATED,-76.31922722,-76.31922722,MAINLINE,MAIN,0,0,0,0,0,Undivided Roadway,"22,20",Not MOTORCYCLE,253170,253170.  SR00351       SR00351      11407049      11407049,22262,21770,22446,21647,22085,4,1,0.14,PRI_URBAN,,,,,,,,,0,96,48,0,1,,0,0,,,,,,,,,Not PED,,1,0,Hampton,114,5,NOT-RD,8. Non-Intersection,0,7.00,7.18,1. Straight - Level,1. No Defects,"2. Two-Way, Divided, Unprotected Median",1. Dry,"2. Blacktop, Asphalt, Bituminous",1455 E PEMBROKE,STPRI,SR,R-VA   SR00351EB,"Urbanized (Population 200,000 and over)",3. No,"0,0",11437,11184,12305,11867,12107,SENIOR,Left and Right sides,"2,35","45,45",Not SPEED,"45,45",253170,0,"1. Yes,2. No",0,"0,0",12PM TO 3PM,1,1,6. Traffic Lanes Marked,1. Yes - Working,Not a Parkway - Trucks and Commercial Vehicles Allowed,"1,2","9. Bicycle,22. Truck - Sport Utility Vehicle (SUV)","BICYCLE,CHEV","3. Making Left Turn,1. Going Straight Ahead",CTA,2006,5,5.Hampton Roads,1. No Adverse Condition (Clear/Cloudy),Not Provided,2. No,Not Provided,Not YOUNG
No Access Control,Not ALCIHOL,Urban,0,0,"N/A, Unknown, or Unstabilized",SR-00143(B)/,Not UNBELTED,58,Male,C,1,BIKE,0,0,0,,2. Angle,"Not Provided,Not Provided","Not Provided,Not Provided",12107012,0.008,3,12/12/2014,12/12/2014,22. Bicycle,1620,C.Non-Visible Injury,2014,Right side,1,1,Newport News,Urban,22. Bicycle,MAIN,3PM TO 6PM,121.Newport News,42,Intersection,Reset Filters,VDOT_OTHER,Friday,Not DEER,"South,East",,5,1,150210001,"58,57","Male,Male","C,PDO","1,2","37. Other,1. No Improper Action","3. Unavailable/Not Applicable,2. Not Deployed","4. No Test,4. No Test","1. No Defects,1. No Defects","Not Applicable,Not Applicable","1. Had Not Been Drinking,1. Had Not Been Drinking","2. No,2. No","1. Not Ejected,1. Not Ejected","Yes,No","No,No","9. Not Applicable,3. Lap and Shoulder Belt","1. Not Obscured,1. Not Obscured",,,0,646112,SR-00143(B)/,0.05,0,"0.Two-way, non-divided","20,22",1. On Roadway,"0,0",H,H.Urban Minor Arterial,Other City or Town Streets (not state maintained),Not GUARDRAIL,Not HIT_RUN,"9,2",1,4. Four Approaches,150210001,C,0,0,37.00587,37.00587,0,0.05,Not LRTRUCK,2. Daylight,LOCATED,-76.43594,-76.43594,MAINLINE,MAIN,0,0,0,0,0,Undivided Roadway,"20,22",Not MOTORCYCLE,646112,646112.  SR00143       SR00143      12107012,33222,34215,25911,25762,26716,2,1,0.008,SEC_URBAN,,,,,,,,,0,0,38,0,1,,0,0,,,,,,,,,Not PED,,1,0,Newport News,121,5,NOT-RD,1. Main-Line Roadway,0,0.00,0.00,1. Straight - Level,1. No Defects,"1. Two-Way, Not Divided",1. Dry,"2. Blacktop, Asphalt, Bituminous",BRIARFIELD RD,URB,UR,R-VA121UR07012WB,"Urbanized (Population 200,000 and over)",3. No,"0,0",7483,7318,6952,6704,6840,Not SENIOR,Right side,"2,5","2,5",Not SPEED,"45,45",646112,0,"1. Yes,2. No",0,"0,0",3PM TO 6PM,1,1,3. Traffic Signal,1. Yes - Working,Not a Parkway - Trucks and Commercial Vehicles Allowed,"1,2","9. Bicycle,3. Van",FORD,"1. Going Straight Ahead,2. Making Right Turn",CUSTOM,2010,5,5.Hampton Roads,1. No Adverse Condition (Clear/Cloudy),Not Provided,2. No,Not Provided,Not YOUNG
No Access Control,Not ALCIHOL,Urban,0,0,Bituminous Concrete (Black Base),134-08711(B)/N LYNNHAVEN RD,Not UNBELTED,23,Female,B,2,BIKE,503.88,1,1,55,16. Other,"Not Provided,Not Provided","Not Provided,Not Provided",US00058,504.121,4,12/13/2014,12/13/2014,22. Bicycle,1600,B.Visiible Injury,2014,Left and Right sides,0,0,Virginia Beach,Urban,22. Bicycle,MAIN,3PM TO 6PM,134.Virginia Beach,"1,272",Intersection,Reset Filters,VDOT_OTHER,Saturday,Not DEER,"South,West",DISTRACTED,5,1,143495452,"34,23","Female,Female","PDO,B","1,2","17. Other Improper Turn,1. No Improper Action","2. Not Deployed,3. Unavailable/Not Applicable","4. No Test,4. No Test","1. No Defects,1. No Defects","11. Other,14. No Driver Distraction","1. Had Not Been Drinking,1. Had Not Been Drinking","3. Unknown,3. Unknown","1. Not Ejected,Not Provided","No,No","No,No","3. Lap and Shoulder Belt,5. Helmet","1. Not Obscured,1. Not Obscured",,,504,541074,FOUNDRY LANE(R)/,0,1,"1.Divided, no control of access","22,20",1. On Roadway,"0,0",E,E.Urban Other Principle Arterials; Connecting Links of Other Rural Principal Arterial,Urban Extensions - Primary Routes,Not GUARDRAIL,Not HIT_RUN,"12,8",1,2. Two Approaches,143495452,C,0,0,36.84356,36.84356,0,0.28,Not LRTRUCK,2. Daylight,LOCATED,-76.06748,-76.06748,MAINLINE,MAIN,0,0,Curbed Grass,28,4,Divided Roadway,"22,20",Not MOTORCYCLE,541075,541075.  US00058       US00058      13408711      13408711,46263,49675,50134,48314,49154,8,1,0.241,PRI_URBAN,,,,,,,,,0,151,99,0,1,,0,0,,,,,,,,,Not PED,,1,0,Virginia Beach,134,5,NOT-RD,11. Intersection Related - Outside 150 Feet,0,504.00,504.13,1. Straight - Level,1. No Defects,"3. Two-Way, Divided, Positive Median Barrier",1. Dry,"2. Blacktop, Asphalt, Bituminous",200 CHESOPEIAN TRAIL,USPRI,US,R-VA   US00058WB,"Urbanized (Population 200,000 and over)",3. No,"0,0",35920,40181,40552,39080,39870,Not SENIOR,Left and Right sides,"5,1","35,35",Not SPEED,"35,35",541075,0,"1. Yes,2. No",0,"0,0",3PM TO 6PM,1,1,4. Stop Sign,1. Yes - Working,Not a Parkway - Trucks and Commercial Vehicles Allowed,"1,2","1. Passenger car,9. Bicycle",HYUNDAI,"2. Making Right Turn,15. Other","SONATA,BICYCLE",2011,5,5.Hampton Roads,1. No Adverse Condition (Clear/Cloudy),Not Provided,2. No,Not Provided,Not YOUNG
No Access Control,Not ALCIHOL,Urban,1,1,"N/A, Unknown, or Unstabilized",SR-00173(B)/,Not UNBELTED,39,Male,A,2,BIKE,20.49,0,0,,13. Bicyclist,"Not Provided,Not Provided","Not Provided,Not Provided",SR00143,20.496,4,12/14/2014,12/14/2014,22. Bicycle,1829,A.Ambulatory Injury,2014,Left and Right sides,0,0,Newport News,Urban,22. Bicycle,MAIN,6PM TO 9PM,121.Newport News,32,Intersection,Reset Filters,VDOT_OTHER,Sunday,Not DEER,"West,West",,5,1,150220200,"32,39","Female,Male","PDO,A","1,2","11. Did Not Have Right-of-Way,1. No Improper Action","2. Not Deployed,3. Unavailable/Not Applicable","Not Applicable,Not Applicable","1. No Defects,1. No Defects","Not Applicable,Not Applicable","1. Had Not Been Drinking,1. Had Not Been Drinking","3. Unknown,3. Unknown","1. Not Ejected,2. Partially Ejected","No,No","No,No","3. Lap and Shoulder Belt,8. No Restraint Used","1. Not Obscured,1. Not Obscured",,,21,646116,SR-00173(B)/,0.38,1,"1.Divided, no control of access","22,20",1. On Roadway,"0,0",E,E.Urban Other Principle Arterials; Connecting Links of Other Rural Principal Arterial,Urban Extensions - Primary Routes,Not GUARDRAIL,Not HIT_RUN,"12,8",1,4. Four Approaches,150220200,C,0,0,37.13845,37.13845,0,0.38,Not LRTRUCK,2. Daylight,LOCATED,-76.5202,-76.5202,MAINLINE,MAIN,0,0,Curbed Grass,16,4,Divided Roadway,"22,20",Not MOTORCYCLE,646116,646116.  SR00143       SR00143       SR00173       SR00173,72824,73406,71626,71586,73929,6,1,0.006,PRI_URBAN,,,,,,,,,0,141,78,0,1,,0,0,,,,,,,,,Not PED,,1,0,Newport News,121,5,NOT-RD,10. Intersection Related - Within 150 Feet,0,20.25,20.50,1. Straight - Level,1. No Defects,"3. Two-Way, Divided, Positive Median Barrier",1. Dry,"2. Blacktop, Asphalt, Bituminous",DENBIGH BLVD,STPRI,SR,R-VA   SR00143SB,"Urbanized (Population 200,000 and over)",3. No,"0,0",32035,32538,32641,32606,33893,Not SENIOR,Left and Right sides,"15,5","35,45",Not SPEED,"35,45",646116,0,"3. Pending,2. No",0,"0,0",6PM TO 9PM,1,1,3. Traffic Signal,1. Yes - Working,Not a Parkway - Trucks and Commercial Vehicles Allowed,"1,2","1. Passenger car,9. Bicycle",NISSAN,"3. Making Left Turn,1. Going Straight Ahead",SENTRA,2001,5,5.Hampton Roads,1. No Adverse Condition (Clear/Cloudy),Not Provided,2. No,Not Provided,Not YOUNG
No Access Control,Not ALCIHOL,Urban,0,0,"N/A, Unknown, or Unstabilized",RUDEE AVE(R)/,Not UNBELTED,24,0,B,1,BIKE,0.74,1,1,,3. Head On,"Not Provided,Not Provided","Not Provided,Not Provided",13408724,0.773,4,8/24/2013,8/24/2013,22. Bicycle,2330,B.Visiible Injury,2013,Right side,0,0,Virginia Beach,Urban,22. Bicycle,MAIN,9PM TO 12AM,134.Virginia Beach,"3,311",Intersection,Reset Filters,VDOT_OTHER,Saturday,Not DEER,"West,East",,5,1,132385186,"24,26","0,Female","B,PDO","1,2","10. Wrong Side Of Road - Not Overtaking,1. No Improper Action","3. Unavailable/Not Applicable,2. Not Deployed","4. No Test,4. No Test","1. No Defects,1. No Defects","Not Applicable,Not Applicable","1. Had Not Been Drinking,1. Had Not Been Drinking","2. No,2. No","1. Not Ejected,1. Not Ejected","Yes,No","No,No","8. No Restraint Used,3. Lap and Shoulder Belt","1. Not Obscured,1. Not Obscured",,,1,542042,CARRIBBEAN AVE(R)/,0,0,"0.Two-way, non-divided","22,20",1. On Roadway,"0,0",I,I.Urban Collector,Other City or Town Streets (not state maintained),Not GUARDRAIL,Not HIT_RUN,"1,12",1,1. Not at Intersection,132385186,C,0,0,36.837704,36.837704,3,0.11,Not LRTRUCK,4. Darkness - Road Lighted,LOCATED,-75.98466,-75.98466,MAINLINE,MAIN,0,0,0,0,0,Undivided Roadway,"22,20",Not MOTORCYCLE,541493,541493. 13408669      13408669      13408724      13408724,26452,23305,23520,22666,22386,2,1,0.627,SEC_URBAN,,,,,,,,,0,0,46,0,1,,0,0,,,,,,,,,Not PED,,1,0,Virginia Beach,134,5,RD-UNKNOWN,8. Non-Intersection,0,0.75,0.77,1. Straight - Level,1. No Defects,"2. Two-Way, Divided, Unprotected Median",1. Dry,"2. Blacktop, Asphalt, Bituminous",800 NORFOLK AVE,URB,UR,R-VA134UR08724WB,"Urbanized (Population 200,000 and over)",3. No,"0,0",7712,7145,7211,6949,7124,Not SENIOR,Right side,"10,30","35,35",Not SPEED,"35,35",542041,0,"Not Provided,2. No",0,"0,0",9PM TO 12AM,1,1,6. Traffic Lanes Marked,6. No Traffic Control Device Present,Not a Parkway - Trucks and Commercial Vehicles Allowed,"1,2","9. Bicycle,1. Passenger car","N/A,Ford","1. Going Straight Ahead,1. Going Straight Ahead","BICYCLE,Contour",20001999,5,5.Hampton Roads,1. No Adverse Condition (Clear/Cloudy),Not Provided,2. No,Not Provided,Not YOUNG
No Access Control,Not ALCIHOL,Urban,0,0,"Stabilized with Selected Material (Soil,Gravel,Stone,etc.)",99-00634(L)/MID,Not UNBELTED,65,0,K,1,BIKE,0.75,0,0,45,2. Angle,"Not Provided,Not Provided","Not Provided,Not Provided",9900704,0.857,3,8/24/2013,8/24/2013,20. Motor Vehicle In Transport,1058,K.Fatal Injury,2013,None,0,0,York,Urban,20. Motor Vehicle In Transport,MAIN,9AM TO 12PM,99.York,565,Intersection,Reset Filters,VDOT_OTHER,Saturday,Not DEER,"South,West",,5,1,132375111,"65,28","0,Male","K,PDO","1,2","11. Did Not Have Right-of-Way,1. No Improper Action","3. Unavailable/Not Applicable,2. Not Deployed","Not Applicable,Not Applicable","1. No Defects,1. No Defects","14. No Driver Distraction,14. No Driver Distraction","1. Had Not Been Drinking,1. Had Not Been Drinking","2. No,2. No","3. Totally Ejected,1. Not Ejected","Yes,No","No,No","5. Helmet,3. Lap and Shoulder Belt","1. Not Obscured,1. Not Obscured",,,2,671179,99-00634(L)/MID,1.09,0,"0.Two-way, non-divided","20,20",1. On Roadway,"0,0",I,I.Urban Collector,State Secondary,Not GUARDRAIL,Not HIT_RUN,"12,12",0,1. Not at Intersection,132375111,N,1,1,37.208654,37.208654,6,1.09,Not LRTRUCK,2. Daylight,LOCATED,-76.498989,-76.498989,MAINLINE,MAIN,0,0,0,0,0,Undivided Roadway,"20,20",Not MOTORCYCLE,671179,671179.  9900634       9900704       9900704,6021,5892,6117,5907,6022,2,1,0.107,VDOT_SEC,,,,,,,,,0,0,0,0,1,,0,0,,,,,,,,,Not PED,,0,1,York,99,5,NOT-RD,"13. Driveway, Alley-Access - Related",6,0.75,0.86,3. Grade - Straight,1. No Defects,"1. Two-Way, Not Divided",1. Dry,"2. Blacktop, Asphalt, Bituminous",RTE 704 COOK RD,SEC,SC,R-VA099SC00704NB,"Urbanized (Population 200,000 and over)",3. No,"0,0",5816,5687,5895,5685,5800,SENIOR,None,45,"0,45",Not SPEED,"45,45",671179,0,"2. No,2. No",Paved (unofficial definition),"0,0",9AM TO 12PM,1,1,6. Traffic Lanes Marked,1. Yes - Working,Not a Parkway - Trucks and Commercial Vehicles Allowed,"1,2","9. Bicycle,1. Passenger car","ALPHA,MINI","1. Going Straight Ahead,1. Going Straight Ahead","TREK 7200,COOPER",20092009,5,5.Hampton Roads,1. No Adverse Condition (Clear/Cloudy),Not Provided,2. No,Not Provided,Not YOUNG
No Access Control,Not ALCIHOL,Rural,0,0,"N/A, Unknown, or Unstabilized",SR-00175(B)/,Not UNBELTED,54,Male,K,2,BIKE,15.42,0,0,,1. Rear End,"Not Provided,Not Provided","Not Provided,Not Provided",100679,15.67,4,8/25/2013,8/25/2013,22. Bicycle,2020,K.Fatal Injury,2013,None,0,0,Accomack,Rural,22. Bicycle,MAIN,6PM TO 9PM,1.Accomack,"1,320",Intersection,Reset Filters,VDOT_OTHER,Sunday,Not DEER,"North,North",,5,1,132535235,"52,54","0,Male","PDO,K","1,2","1. No Improper Action,28. Driving Without Lights","2. Not Deployed,3. Unavailable/Not Applicable","4. No Test,4. No Test","1. No Defects,3. Hearing Defective","14. No Driver Distraction,14. No Driver Distraction","1. Had Not Been Drinking,6. Unknown","2. No,3. Unknown","1. Not Ejected,3. Totally Ejected","No,No","No,No","3. Lap and Shoulder Belt,9. Not Applicable","12. Sun or Headlight Glare,1. Not Obscured",,,19,105361,SR-00175(B)/,3.49,0,"0.Two-way, non-divided","22,20",1. On Roadway,"0,0",4,4.Rural Major Collector,State Secondary,Not GUARDRAIL,Not HIT_RUN,"1,7",0,1. Not at Intersection,132535235,N,1,1,37.938031,37.938031,5,3.49,Not LRTRUCK,5. Darkness - Road Not Lighted,LOCATED,-75.498079,-75.498079,MAINLINE,MAIN,0,0,0,0,0,Undivided Roadway,"22,20",Not MOTORCYCLE,105361,105361.  0100679       0100679       SR00175       SR00175,9527,9476,9319,10627,10782,2,1,0.25,VDOT_SEC,,,,,,,,,0,0,0,0,1,,0,0,,,,,,,,,Not PED,,0,1,Accomack,1,5,NOT-RD,8. Non-Intersection,5,15.50,15.67,1. Straight - Level,1. No Defects,"1. Two-Way, Not Divided",1. Dry,"2. Blacktop, Asphalt, Bituminous",RT679,SEC,SC,R-VA001SC00679NB,Rural,3. No,"0,0",3198,3227,3256,3444,3476,Not SENIOR,None,"50,10","55,55",Not SPEED,"55,55",105361,0,"2. No,2. No",Paved (unofficial definition),"0,0",6PM TO 9PM,1,1,6. Traffic Lanes Marked,1. Yes - Working,Not a Parkway - Trucks and Commercial Vehicles Allowed,"1,2","2. Truck - Pick-up/Passenger Truck,9. Bicycle","DODGE,NEXT","1. Going Straight Ahead,1. Going Straight Ahead","RAM,AVALON CS",20122000,5,5.Hampton Roads,1. No Adverse Condition (Clear/Cloudy),Not Provided,2. No,Not Provided,Not YOUNG