Access Control,Alcohol Notalcohol,Area Type1,A Crash,A People,Basetypedesc,Begin Node Dsc,Belted Unbelted,Bikeage,Bikegen,Bikeinjurytype,Bikevehiclenumber,Bike Nonbike,BMP,B Crash,B People,Carspeedlimit,Collision Type,Comm Cargo Body Type Cd,Comm Vehicle Body Type Cd,Cotedrouteid,Coted Mp,Count App,CRASH_DT (copy),Crash Dt,Crash Event Type Dsc,Crash Military Tm,Crash Severity,Crash Year,Curbgutterdesc,C Crash,C People,Juris Name Used,Area Type Used,First Harmful Event of Entire Crash,MAINLINE,Time Slicing Used,Phy_Juris_Nm,Offset-Ft,Intersection Analysis,Clear,Calculation_9640323132123359,Day Of Week,Deer Nodeer,Direction Of Travel Cd,Distracted Notdistracted,VSP,TOTAL CRASH,Document Nbr,Driverage,Drivergen,Driverinjurytype,Drivervehiclenumber,Driver Action Type Cd,Driver Airbag Deployment,Driver Alcohol Test Type Cd,Driver Condition Type Cd,Driver Distraction Type Cd,Driver Drinking Type Cd,Driver Drug Use Cd,Driver Ejected From Vehicle,Driver Ems Transport Ind,Driver Fled Scene Ind,Driver Safety Equip Used,Driver Vis Obscured Type Cd,Drowsy Notdrowsy,Drug Nodrug,EMP,End Node,End Node Dsc,End Offset,Facility,FAC,First Crash Event Cd,First Harmful Event,Fourth Crash Event Cd,Functionalclass,FUN,Govcondesc,Gr Nogr,Hitrun Not Hitrun,Initial Veh Impact Area Cd,Injury Crashes,Intersection Type,Int Doc,Jurtype,K_CRASH,K People,LAT (copy),LAT,Leftshoulderwidth,Length,Lgtruck Nonlgtruck,Light Condition,Located Unlocated,LON (copy),LON,MAINLINE (group),Mainline Yn,Medianleftshoulderwidth,Medianrightshoulderwidth,Mediantypedesc,Medianwidthmax,Medianwidthmin,Median Type,Most Harmful Crash Event Cd,Motor Nonmotor,Node,Node Info,Node Totaadt2011,Node Totaadt2012,Node Totaadt2013,Node Totaadt2014,Node Totaadt2015,Numberoflane,Number of Records,Offset,Ownership,Passage,Passgen,Passinjurytype,Passvehiclenumber,Pass Airbag Deployment,Pass Ejected From Vehicle,Pass Ems Transport Ind,Pass Safety Equip Used,Pavementconditionvalue,Pavementroughnessvalue,Pavementwidth,Pdo Crash,Total People Killed & Injured,Pedage,Pedestrians Injured,Pedestrians Killed,Pedgen,Pedinjurytype,Pednumber,Ped Action,Ped Al Test,Ped Cond,Ped Drink,Ped Drug,Ped Nonped,Ped Rflct,Persons Injured,Persons Killed,Physical Juris Nm,PJR,VSP_Used,Rd Type,Relation To Roadway,Rightshoulderwidth,RNS_MP (0.25 mi bin),Rns Mp,Roadway Alignment,Roadway Defect,Roadway Description,Roadway Surface Cond,Roadway Surface Type,Route Or Street Nm,Rte Category Cd,Rte Cat,Rte Nm,Ruralurbandesc,School Zone,Second Crash Event Cd,Segtotaadt2011,Segtotaadt2012,Segtotaadt2013,Segtotaadt2014,Segtotaadt2015,Senior Notsenior,Sidewalkdesc,Speed Before,Speed Max Safe,Speed Notspeed,Speed Posted,Start Node,Start Offset,Summons Issued Cd,Surfacedesc,Third Crash Event Cd,Time Slicing,Total Crashes including Property Damage Only,Total Crash,Traffic Control Type,Trfc Ctrl Status Type,Truckcommr,Vehiclenumber,Vehicle Body Type Cd,Vehicle Make Nm,Vehicle Maneuver Type Cd,Vehicle Model Nm,Vehicle Year Nbr,District,District_Used ,Weather Condition,Work Zone Location,Work Zone Related,Work Zone Type,Young Notyoung
,Not ALCIHOL,Urban,0,0,,,Not UNBELTED,22,0,B,1,BIKE,,1,1,,2. Angle,"Not Provided,Not Provided","Not Provided,Not Provided",,,,8/25/2013,8/25/2013,20. Motor Vehicle In Transport,1711,B.Visiible Injury,2013,,0,0,Virginia Beach,Urban,20. Motor Vehicle In Transport,MAIN,3PM TO 6PM,134.Virginia Beach,,Not Intersection,Reset Filters,VDOT_OTHER,Sunday,Not DEER,"West,North",,5,1,132385192,"22,27","0,Female","B,PDO","1,2","11. Did Not Have Right-of-Way,1. No Improper Action","3. Unavailable/Not Applicable,2. Not Deployed","Not Applicable,Not Applicable","8. Other,1. No Defects","14. No Driver Distraction,14. No Driver Distraction","1. Had Not Been Drinking,1. Had Not Been Drinking","2. No,2. No","3. Totally Ejected,1. Not Ejected","Yes,No","No,No","9. Not Applicable,3. Lap and Shoulder Belt","1. Not Obscured,1. Not Obscured",,,,,,,,,"20,22",1. On Roadway,"0,0",,,,Not GUARDRAIL,Not HIT_RUN,"12,1",1,4. Four Approaches,,C,0,0,36.849452,36.849452,,,Not LRTRUCK,2. Daylight,UNLOCATED,-76.053328,-76.053328,MAINLINE,,,,,,,,"20,22",Not MOTORCYCLE,,.,,,,,,,1,,SEC_URBAN,,,,,,,,,,,,0,1,,0,0,,,,,,,,,Not PED,,1,0,Virginia Beach,134,5,NOT-RD,9. Within Intersection,,,,1. Straight - Level,1. No Defects,"1. Two-Way, Not Divided",1. Dry,"2. Blacktop, Asphalt, Bituminous",2300 BUTTERNUT DR,UNKWN,SC,U-VA134SC99999UK,,3. No,"0,0",,,,,,Not SENIOR,,"5,20","25,25",Not SPEED,"25,25",,,"2. No,2. No",,"0,0",3PM TO 6PM,1,1,4. Stop Sign,1. Yes - Working,,"1,2","9. Bicycle,1. Passenger car","TRIAX,TOYOTA","15. Other,1. Going Straight Ahead","10 SPEED,COROLLA",20102013,5,5.Hampton Roads,1. No Adverse Condition (Clear/Cloudy),Not Provided,2. No,Not Provided,Not YOUNG
,Not ALCIHOL,Urban,0,0,,,Not UNBELTED,6,Male,C,2,BIKE,,0,0,,2. Angle,"Not Provided,Not Provided","Not Provided,Not Provided",,,,3/21/2016,3/21/2016,22. Bicycle,1856,C.Non-Visible Injury,2016,,1,1,Norfolk,Urban,22. Bicycle,MAIN,6PM TO 9PM,122.Norfolk,,Not Intersection,Reset Filters,VDOT_OTHER,Monday,Not DEER,"West,South",DISTRACTED,5,1,160960064,"26,6","Male,Male","PDO,C","1,2","1. No Improper Action,11. Did Not Have Right-of-Way","2. Not Deployed,3. Unavailable/Not Applicable","Not Applicable,Not Applicable","1. No Defects,1. No Defects","Not Applicable,11. Other","1. Had Not Been Drinking,1. Had Not Been Drinking","Not Applicable,Not Applicable","1. Not Ejected,1. Not Ejected","No,No","No,No","3. Lap and Shoulder Belt,9. Not Applicable","1. Not Obscured,10. Parked Vehicle(s)",,,,,,,,,"22,20",1. On Roadway,"0,0",,,,Not GUARDRAIL,Not HIT_RUN,"12,9",1,1. Not at Intersection,,C,0,0,36.8613,36.8613,,,Not LRTRUCK,1. Dawn,UNLOCATED,-76.27017,-76.27017,MAINLINE,,,,,,,,"22,20",Not MOTORCYCLE,,.,,,,,,,1,,SEC_URBAN,,,,,,,,,,,,0,1,,0,0,,,,,,,,,Not PED,,1,0,Norfolk,122,5,NOT-RD,8. Non-Intersection,,,,1. Straight - Level,1. No Defects,"1. Two-Way, Not Divided",1. Dry,1. Concrete,1000 ST JULIAN AVE,UNKWN,SC,U-VA122SC99999UK,,3. No,"0,0",,,,,,Not SENIOR,,"5,0","25,25",Not SPEED,"25,25",,,"2. No,2. No",,"0,0",6PM TO 9PM,1,1,1. No Traffic Control,5. Yes - Missing,,"1,2","1. Passenger car,9. Bicycle","HONDA,BICYCLE","1. Going Straight Ahead,1. Going Straight Ahead",ACCORD,2006,5,5.Hampton Roads,1. No Adverse Condition (Clear/Cloudy),Not Provided,2. No,Not Provided,Not YOUNG
No Access Control,Not ALCIHOL,Urban,1,1,"Stabilized with Selected Material (Soil,Gravel,Stone,etc.)",133-00602(L)/,Not UNBELTED,47,Male,A,2,BIKE,0.97,0,0,,16. Other,"Not Provided,Not Provided","Not Provided,Not Provided",13300603,0.991,3,3/22/2016,3/22/2016,22. Bicycle,1515,A.Ambulatory Injury,2016,None,0,0,Suffolk,Urban,22. Bicycle,MAIN,3PM TO 6PM,133.Suffolk,111,Intersection,Reset Filters,VDOT_OTHER,Tuesday,Not DEER,"South,South",,5,1,160835010,"23,47","Male,Male","PDO,A","1,2","37. Other,1. No Improper Action","2. Not Deployed,5. Unknown","4. No Test,4. No Test","1. No Defects,1. No Defects","14. No Driver Distraction,14. No Driver Distraction","1. Had Not Been Drinking,1. Had Not Been Drinking","2. No,2. No","1. Not Ejected,1. Not Ejected","No,Yes","No,No","3. Lap and Shoulder Belt,5. Helmet","1. Not Obscured,1. Not Obscured",,,1,468006,133-00602(L)/,0.44,0,"0.Two-way, non-divided","22,22",1. On Roadway,"0,0",H,H.Urban Minor Arterial,Other City or Town Streets (not state maintained),Not GUARDRAIL,Not HIT_RUN,"3,9",1,1. Not at Intersection,160835010,C,0,0,36.8387,36.8387,6,0.44,Not LRTRUCK,2. Daylight,LOCATED,-76.62518,-76.62518,MAINLINE,MAIN,0,0,0,0,0,Undivided Roadway,"22,22",Not MOTORCYCLE,468006,468006. 13300602      13300603      13300603,1852,1869,1886,2054,2095,2,1,0.021,SEC_URBAN,,,,,,,,,0,0,0,0,1,,0,0,,,,,,,,,Not PED,,1,0,Suffolk,133,5,NOT-RD,1. Main-Line Roadway,6,0.75,0.99,1. Straight - Level,1. No Defects,"1. Two-Way, Not Divided",1. Dry,"2. Blacktop, Asphalt, Bituminous",EVERETS RD,URB,UR,R-VA133UR00603EB,"Urbanized (Population 200,000 and over)",3. No,"0,0",1641,1656,1671,1860,1897,Not SENIOR,None,"45,15","45,45",Not SPEED,"45,45",468006,0,"1. Yes,2. No",0,"0,0",3PM TO 6PM,1,1,6. Traffic Lanes Marked,1. Yes - Working,Not a Parkway - Trucks and Commercial Vehicles Allowed,"1,2","2. Truck - Pick-up/Passenger Truck,9. Bicycle",NISS,"1. Going Straight Ahead,1. Going Straight Ahead",FRONTIER,2004,5,5.Hampton Roads,1. No Adverse Condition (Clear/Cloudy),Not Provided,2. No,Not Provided,Not YOUNG
No Access Control,Not ALCIHOL,Urban,0,0,Bituminous Concrete (Black Base),134-08724(B)/GEN BOOTH BLVD,Not UNBELTED,19,Female,B,1,BIKE,22.53,1,1,,16. Other,"Not Provided,Not Provided","Not Provided,Not Provided",13408669,22.537,4,3/23/2016,3/23/2016,22. Bicycle,906,B.Visiible Injury,2016,Left and Right sides,0,0,Virginia Beach,Urban,22. Bicycle,MAIN,9AM TO 12PM,134.Virginia Beach,37,Intersection,Reset Filters,VDOT_OTHER,Wednesday,Not DEER,"East,North",DISTRACTED,5,1,160845013,"19,26","Female,Male","B,PDO","1,2","11. Did Not Have Right-of-Way,1. No Improper Action","3. Unavailable/Not Applicable,2. Not Deployed","Not Applicable,Not Applicable","1. No Defects,1. No Defects","5. Radio/CD, etc.,14. No Driver Distraction","1. Had Not Been Drinking,1. Had Not Been Drinking","2. No,2. No","1. Not Ejected,1. Not Ejected","Yes,No","No,No","8. No Restraint Used,3. Lap and Shoulder Belt","1. Not Obscured,1. Not Obscured",,,23,541494,10TH ST(R)/,0,0,"0.Two-way, non-divided","22,22",1. On Roadway,"0,0",H,H.Urban Minor Arterial,Other City or Town Streets (not state maintained),Not GUARDRAIL,Not HIT_RUN,"1,11",1,4. Four Approaches,160845013,C,0,0,36.83755,36.83755,0,0.07,Not LRTRUCK,2. Daylight,LOCATED,-75.97342,-75.97342,MAINLINE,MAIN,0,0,0,0,0,Undivided Roadway,"22,22",Not MOTORCYCLE,541493,541493. 13408669      13408669      13408724      13408724,26452,23305,23520,22666,22386,4,1,0.007,SEC_URBAN,,,,,,,,,0,0,59,0,1,,0,0,,,,,,,,,Not PED,,1,0,Virginia Beach,134,5,NOT-RD,1. Main-Line Roadway,0,22.50,22.54,1. Straight - Level,1. No Defects,"1. Two-Way, Not Divided",1. Dry,"2. Blacktop, Asphalt, Bituminous",PACIFIC AVE,URB,UR,R-VA134UR08669NB,"Urbanized (Population 200,000 and over)",3. No,"0,0",19418,17275,17434,16802,16426,Not SENIOR,Left and Right sides,"5,25","35,35",Not SPEED,"35,35",541493,0,"2. No,2. No",0,"0,0",9AM TO 12PM,1,1,3. Traffic Signal,1. Yes - Working,Not a Parkway - Trucks and Commercial Vehicles Allowed,"1,2","9. Bicycle,2. Truck - Pick-up/Passenger Truck","ROYCE UNION,FORD","1. Going Straight Ahead,1. Going Straight Ahead","BICYCLE,RANGER",2003,5,5.Hampton Roads,1. No Adverse Condition (Clear/Cloudy),Not Provided,2. No,Not Provided,YOUNG
No Access Control,Not ALCIHOL,Urban,1,1,"N/A, Unknown, or Unstabilized",ALEXANDER STREET(L)/,UNBELTED,58,Male,A,2,BIKE,4.58,0,0,,13. Bicyclist,"Not Provided,Not Provided","Not Provided,Not Provided",SR00247,4.581,3,12/17/2014,12/17/2014,22. Bicycle,1620,A.Ambulatory Injury,2014,Left and Right sides,0,0,Norfolk,Urban,22. Bicycle,MAIN,3PM TO 6PM,122.Norfolk,628,Intersection,Reset Filters,VDOT_OTHER,Wednesday,Not DEER,"South,North",,5,1,150220132,"30,58","Male,Male","PDO,A","1,2","1. No Improper Action,1. No Improper Action","2. Not Deployed,Not Provided","Not Applicable,Not Applicable","1. No Defects,1. No Defects","Not Applicable,Not Applicable","1. Had Not Been Drinking,6. Unknown","2. No,3. Unknown","1. Not Ejected,Not Provided","NotProvided,Yes","No,No","8. No Restraint Used,8. No Restraint Used","1. Not Obscured,1. Not Obscured",,,5,483558,SR-00247-E004A(R)/TO RT 64 EAST,0,1,"1.Divided, no control of access","22,0",1. On Roadway,"0,0",H,H.Urban Minor Arterial,Urban Extensions - Primary Routes,Not GUARDRAIL,Not HIT_RUN,"11,0",1,3. Three Approaches,150220132,C,0,0,36.89062,36.89062,0,0.12,Not LRTRUCK,2. Daylight,LOCATED,-76.23556,-76.23556,MAINLINE,MAIN,0,0,Curbed (solid raised),4,4,Divided Roadway,"22,0",Not MOTORCYCLE,483558,483558.  SR00247       SR00247       SR00247E004A,25943,27755,27958,27152,26643,4,1,0.119,PRI_URBAN,,,,,,,,,0,162,48,0,1,,0,0,,,,,,,,,Not PED,,1,0,Norfolk,122,5,NOT-RD,9. Within Intersection,0,4.50,4.58,1. Straight - Level,1. No Defects,"3. Two-Way, Divided, Positive Median Barrier",1. Dry,"2. Blacktop, Asphalt, Bituminous",1200 NORVIEW AVE,STPRI,SR,R-VA   SR00247WB,"Urbanized (Population 200,000 and over)",3. No,"0,0",21066,20298,20485,19742,19412,Not SENIOR,Left and Right sides,10,"35,0",Not SPEED,"35,0",483557,0,"2. No,2. No",0,"0,0",3PM TO 6PM,1,1,6. Traffic Lanes Marked,6. No Traffic Control Device Present,Not a Parkway - Trucks and Commercial Vehicles Allowed,"1,2","22. Truck - Sport Utility Vehicle (SUV),9. Bicycle",GMC,"3. Making Left Turn,8. Stopped in Traffic Lane",YUKON,2005,5,5.Hampton Roads,1. No Adverse Condition (Clear/Cloudy),Not Provided,2. No,Not Provided,Not YOUNG
No Access Control,Not ALCIHOL,Urban,0,0,Bituminous Concrete (Black Base),WALKER ROAD(B)/,Not UNBELTED,50,Male,C,2,BIKE,2.61,0,0,,16. Other,"Not Provided,Not Provided","Not Provided,Not Provided",11407025,2.806,4,3/24/2016,3/24/2016,22. Bicycle,1450,C.Non-Visible Injury,2016,Left and Right sides,1,1,Hampton,Urban,22. Bicycle,MAIN,12PM TO 3PM,114.Hampton,74,Intersection,Reset Filters,VDOT_OTHER,Thursday,Not DEER,"North,East",DISTRACTED,5,1,160855095,"35,50","Male,Male","PDO,C","1,2","1. No Improper Action,1. No Improper Action","2. Not Deployed,3. Unavailable/Not Applicable","4. No Test,Not Applicable","1. No Defects,Not Applicable","Not Applicable,11. Other","1. Had Not Been Drinking,1. Had Not Been Drinking","2. No,2. No","1. Not Ejected,1. Not Ejected","No,No","No,No","3. Lap and Shoulder Belt,8. No Restraint Used","1. Not Obscured,1. Not Obscured",,,3,253135,US-00258(B)/ABERDEEN RD,0,0,"0.Two-way, non-divided","22,20",1. On Roadway,"0,0",H,H.Urban Minor Arterial,Other City or Town Streets (not state maintained),Not GUARDRAIL,Not HIT_RUN,"10,12",1,4. Four Approaches,160855095,C,0,0,37.03683,37.03683,0,0.21,Not LRTRUCK,2. Daylight,LOCATED,-76.4089,-76.4089,MAINLINE,MAIN,0,0,0,0,0,Undivided Roadway,"22,20",Not MOTORCYCLE,253135,253135.  US00258       US00258      11407025      11407025,69743,65278,62501,62639,64191,4,1,0.014,SEC_URBAN,,,,,,,,,0,0,66,0,1,,0,0,,,,,,,,,Not PED,,1,0,Hampton,114,5,NOT-RD,10. Intersection Related - Within 150 Feet,0,2.75,2.81,1. Straight - Level,1. No Defects,"2. Two-Way, Divided, Unprotected Median",1. Dry,"2. Blacktop, Asphalt, Bituminous",W MERCURY BLVD,URB,UR,R-VA114UR07025NB,"Urbanized (Population 200,000 and over)",3. No,"0,0",15054,14721,13745,13255,13524,Not SENIOR,Left and Right sides,"0,4","45,45",Not SPEED,"45,45",253381,0,"1. Yes,2. No",0,"0,0",12PM TO 3PM,1,1,3. Traffic Signal,1. Yes - Working,Not a Parkway - Trucks and Commercial Vehicles Allowed,"1,2","3. Van,9. Bicycle","MERZ,OTH","2. Making Right Turn,1. Going Straight Ahead",SPR,,5,5.Hampton Roads,1. No Adverse Condition (Clear/Cloudy),Not Provided,2. No,Not Provided,Not YOUNG
No Access Control,ALCOHOL,Urban,1,1,"N/A, Unknown, or Unstabilized",PARKS AVE(L)/,Not UNBELTED,34,Female,A,1,BIKE,0.59,0,0,,2. Angle,"Not Provided,Not Provided","Not Provided,Not Provided",13408818,0.687,4,3/24/2016,3/24/2016,20. Motor Vehicle In Transport,2136,A.Ambulatory Injury,2016,Left and Right sides,0,0,Virginia Beach,Urban,20. Motor Vehicle In Transport,MAIN,9PM TO 12AM,134.Virginia Beach,"1,125",Intersection,Reset Filters,VDOT_OTHER,Thursday,Not DEER,"North,West",,5,1,160905114,"34,32","Female,Male","A,PDO","1,2","11. Did Not Have Right-of-Way,1. No Improper Action","3. Unavailable/Not Applicable,2. Not Deployed","4. No Test,4. No Test","1. No Defects,1. No Defects","14. No Driver Distraction,14. No Driver Distraction","5. Drinking - Not Known Whether Impaired,4. Drinking - Ability Not Impaired","3. Unknown,2. No","1. Not Ejected,1. Not Ejected","Yes,No","No,No","8. No Restraint Used,3. Lap and Shoulder Belt","1. Not Obscured,1. Not Obscured",,,1,542474,CYPRESS AVE(B)/,0,0,"0.Two-way, non-divided","20,22",1. On Roadway,"0,0",I,I.Urban Collector,Other City or Town Streets (not state maintained),Not GUARDRAIL,Not HIT_RUN,"3,11",1,4. Four Approaches,160905114,C,0,0,36.8458,36.8458,0,0.1,Not LRTRUCK,4. Darkness - Road Lighted,LOCATED,-75.98359,-75.98359,MAINLINE,MAIN,0,0,0,0,0,Undivided Roadway,"20,22",Not MOTORCYCLE,541982,541982. 13408721      13408721      13408818      13408818,13139,9889,9980,9618,6234,4,1,0.213,SEC_URBAN,,,,,,,,,0,0,52,0,1,,0,0,,,,,,,,,Not PED,,1,0,Virginia Beach,134,5,NOT-RD,9. Within Intersection,0,0.50,0.69,1. Straight - Level,1. No Defects,"1. Two-Way, Not Divided",1. Dry,"2. Blacktop, Asphalt, Bituminous",600 BLOCK 19TH STREET,URB,UR,R-VA134UR08818WB,"Urbanized (Population 200,000 and over)",3. No,"0,0",5284,3405,3436,3312,4014,Not SENIOR,Left and Right sides,"10,35","25,25",SPEED,"25,25",542473,0,"3. Pending,2. No",0,"0,0",9PM TO 12AM,1,1,4. Stop Sign,1. Yes - Working,Not a Parkway - Trucks and Commercial Vehicles Allowed,"1,2","9. Bicycle,2. Truck - Pick-up/Passenger Truck","TREK,GMC","1. Going Straight Ahead,1. Going Straight Ahead","BICYCLE,CANYON",2008,5,5.Hampton Roads,1. No Adverse Condition (Clear/Cloudy),Not Provided,2. No,Not Provided,Not YOUNG
No Access Control,ALCOHOL,Urban,1,1,Bituminous Concrete (Black Base),OAK GROVE RD(R)/,Not UNBELTED,55,Male,A,2,BIKE,11.9,0,1,,4. Sideswipe - Same Direction,"Not Provided,Not Provided","Not Provided,Not Provided",C1SR00168,11.951,2,8/26/2013,8/26/2013,22. Bicycle,2015,A.Ambulatory Injury,2013,Left and Right sides,0,0,Chesapeake,Urban,22. Bicycle,MAIN,6PM TO 9PM,131.Chesapeake,322,Intersection,Reset Filters,VDOT_OTHER,Monday,Not DEER,"South,South",,5,1,132395004,"33,55","0,Male","B,A","1,2","34. Hit and Run,37. Other","2. Not Deployed,3. Unavailable/Not Applicable","1. Blood,Not Applicable","1. No Defects,1. No Defects","14. No Driver Distraction,14. No Driver Distraction","2. Drinking - Obviously Drunk,1. Had Not Been Drinking","2. No,2. No","1. Not Ejected,1. Not Ejected","Yes,Yes","Yes,No","3. Lap and Shoulder Belt,9. Not Applicable","1. Not Obscured,1. Not Obscured",,,12,726475,GAINSBOROUGH CIRCLE(R)/,0,1,"1.Divided, no control of access","22,20",1. On Roadway,"0,0",E,E.Urban Other Principle Arterials; Connecting Links of Other Rural Principal Arterial,Urban Extensions - Primary Routes,Not GUARDRAIL,HIT_RUN,"10,6",1,1. Not at Intersection,132395004,C,0,0,36.739767,36.739767,0,0.1,Not LRTRUCK,4. Darkness - Road Lighted,LOCATED,-76.242461,-76.242461,MAINLINE,MAIN,0,0,Curbed Grass,16,4,Divided Roadway,"22,20",Not MOTORCYCLE,726477,726477.C1SR00168     C1SR00168,41571,40650,40880,38359,39121,6,1,0.061,PRI_URBAN,,,,,,,,,0,100,76,0,2,,0,0,,,,,,,,,Not PED,,2,0,Chesapeake,131,5,NOT-RD,8. Non-Intersection,0,12.00,12.00,1. Straight - Level,1. No Defects,"3. Two-Way, Divided, Positive Median Barrier",1. Dry,"2. Blacktop, Asphalt, Bituminous",RT 168 N,STPRI,SR,R-VA   SR00168SBBUS001,"Urbanized (Population 200,000 and over)",3. No,"0,0",41571,40650,40880,38359,39121,Not SENIOR,Left and Right sides,"45,10","45,45",Not SPEED,"45,45",483390,0,"1. Yes,2. No",0,"0,0",6PM TO 9PM,1,1,6. Traffic Lanes Marked,1. Yes - Working,Not a Parkway - Trucks and Commercial Vehicles Allowed,"1,2","2. Truck - Pick-up/Passenger Truck,9. Bicycle","Toyota,FUJI","1. Going Straight Ahead,1. Going Straight Ahead","Tundra 2WD Truck,BICYCLE",2008,5,5.Hampton Roads,1. No Adverse Condition (Clear/Cloudy),Not Provided,2. No,Not Provided,Not YOUNG
No Access Control,ALCOHOL,Urban,0,0,Bituminous Concrete (Black Base),HAZEL AVE.(R)/HAZEL CT.(L)/,Not UNBELTED,51,Male,B,2,BIKE,1.86,1,1,,4. Sideswipe - Same Direction,"Not Provided,Not Provided","Not Provided,Not Provided",SR00407,1.898,4,8/26/2013,8/26/2013,20. Motor Vehicle In Transport,236,B.Visiible Injury,2013,Left and Right sides,0,0,Chesapeake,Urban,20. Motor Vehicle In Transport,MAIN,0AM TO 3AM,131.Chesapeake,"1,225",Intersection,Reset Filters,VDOT_OTHER,Monday,Not DEER,"East,East",DISTRACTED,5,1,132525023,51,"0,Male","PDO,B","1,2","34. Hit and Run,1. No Improper Action","Not Provided,3. Unavailable/Not Applicable","4. No Test,4. No Test","9. Unknown,8. Other","11. Other,Not Applicable","6. Unknown,2. Drinking - Obviously Drunk","3. Unknown,2. No","Not Provided,2. Partially Ejected","NotProvided,Yes","Yes,No","Not Provided,8. No Restraint Used","13. Other,1. Not Obscured",,,2,726872,ELDER AVE(R)/,0,1,"1.Divided, no control of access","22,20",1. On Roadway,"0,0",H,H.Urban Minor Arterial,Urban Extensions - Primary Routes,Not GUARDRAIL,HIT_RUN,"3,9",1,1. Not at Intersection,132525023,C,0,0,36.822113,36.822113,0,0.07,Not LRTRUCK,4. Darkness - Road Lighted,LOCATED,-76.231024,-76.231024,MAINLINE,MAIN,0,0,Curbed Grass,16,4,Divided Roadway,"22,20",Not MOTORCYCLE,483826,483826.  SR00407       SR00407      13108645      13108645,32271,31556,31735,31206,31827,6,1,0.232,PRI_URBAN,,,,,,,,,3.3,0,78,0,1,,0,0,,,,,,,,,Not PED,,1,0,Chesapeake,131,5,NOT-RD,8. Non-Intersection,0,1.75,1.90,1. Straight - Level,1. No Defects,"3. Two-Way, Divided, Positive Median Barrier",1. Dry,"2. Blacktop, Asphalt, Bituminous",INDIAN RIVER RD,STPRI,SR,R-VA   SR00407EB,"Urbanized (Population 200,000 and over)",3. No,"0,28",26192,25612,25757,25378,25882,Not SENIOR,Left and Right sides,10,"45,45",Not SPEED,"45,45",726886,0,"3. Pending,2. No",0,"0,0",0AM TO 3AM,1,1,6. Traffic Lanes Marked,1. Yes - Working,Truck Access System,"1,2","1. Passenger car,9. Bicycle","NISSAN,BICYCLE","15. Other,1. Going Straight Ahead","U,BEACH CRUISER",2000,5,5.Hampton Roads,1. No Adverse Condition (Clear/Cloudy),Not Provided,2. No,Not Provided,Not YOUNG
No Access Control,Not ALCIHOL,Urban,1,1,Dual Type,JB-137/NCL WILLIAMSBURG/,Not UNBELTED,24,Male,A,2,BIKE,236.75,0,0,,2. Angle,"Not Provided,Not Provided","Not Provided,Not Provided",US00060,236.778,3,8/27/2013,8/27/2013,20. Motor Vehicle In Transport,1712,A.Ambulatory Injury,2013,Right side,0,0,Williamsburg,Urban,20. Motor Vehicle In Transport,MAIN,3PM TO 6PM,137.Williamsburg,"1,309",Intersection,Reset Filters,VDOT_OTHER,Tuesday,Not DEER,"North,West",,5,1,140070032,"17,24","0,Male","PDO,A","1,2","11. Did Not Have Right-of-Way,1. No Improper Action","2. Not Deployed,3. Unavailable/Not Applicable","Not Applicable,Not Applicable","1. No Defects,1. No Defects","Not Applicable,Not Applicable","Not Applicable,Not Applicable","Not Applicable,Not Applicable","1. Not Ejected,1. Not Ejected","No,Yes","No,No","3. Lap and Shoulder Belt,8. No Restraint Used","1. Not Obscured,1. Not Obscured",,,237,398769,JB-137/NCL WILLIAMSBURG/,0.44,1,"1.Divided, no control of access","20,0",2. Shoulder,"0,0",E,E.Urban Other Principle Arterials; Connecting Links of Other Rural Principal Arterial,Urban Extensions - Primary Routes,Not GUARDRAIL,Not HIT_RUN,"12,9",1,2. Two Approaches,140070032,C,0,0,37.309207,37.309207,6,0.41,Not LRTRUCK,2. Daylight,LOCATED,-76.730935,-76.730935,MAINLINE,MAIN,3,3,Grass/Unprotected,120,42,Divided Roadway,"20,0",Not MOTORCYCLE,398129,398129.  4700645       US00060       US00060,24206,23710,21917,21201,21594,4,1,0.248,PRI_URBAN,,,,,,,,,0,82,56,0,1,,0,0,,,,,,,,,Not PED,,1,0,Williamsburg,137,5,NOT-RD,1. Main-Line Roadway,0,236.75,236.78,1. Straight - Level,1. No Defects,"1. Two-Way, Not Divided",1. Dry,"2. Blacktop, Asphalt, Bituminous",RICHMOND RD,USPRI,US,R-VA   US00060EB,"Urbanized (Population 200,000 and over)",3. No,"0,0",22422,21926,20109,19393,19786,Not SENIOR,Right side,1,"25,0",Not SPEED,"25,0",398769,0.03,"3. Pending,3. Pending",0,"0,0",3PM TO 6PM,1,1,4. Stop Sign,1. Yes - Working,Not a Parkway - Trucks and Commercial Vehicles Allowed,"1,2","1. Passenger car,9. Bicycle","CHEVROLET,AVALON","2. Making Right Turn,1. Going Straight Ahead","MALIBU,NEXT BIKE",1998,5,5.Hampton Roads,1. No Adverse Condition (Clear/Cloudy),Not Provided,2. No,Not Provided,YOUNG