Access Control,Alcohol Notalcohol,Area Type1,A Crash,A People,Basetypedesc,Begin Node Dsc,Belted Unbelted,Bikeage,Bikegen,Bikeinjurytype,Bikevehiclenumber,Bike Nonbike,BMP,B Crash,B People,Carspeedlimit,Collision Type,Comm Cargo Body Type Cd,Comm Vehicle Body Type Cd,Cotedrouteid,Coted Mp,Count App,CRASH_DT (copy),Crash Dt,Crash Event Type Dsc,Crash Military Tm,Crash Severity,Crash Year,Curbgutterdesc,C Crash,C People,Juris Name Used,Area Type Used,First Harmful Event of Entire Crash,MAINLINE,Time Slicing Used,Phy_Juris_Nm,Offset-Ft,Intersection Analysis,Clear,Calculation_9640323132123359,Day Of Week,Deer Nodeer,Direction Of Travel Cd,Distracted Notdistracted,VSP,TOTAL CRASH,Document Nbr,Driverage,Drivergen,Driverinjurytype,Drivervehiclenumber,Driver Action Type Cd,Driver Airbag Deployment,Driver Alcohol Test Type Cd,Driver Condition Type Cd,Driver Distraction Type Cd,Driver Drinking Type Cd,Driver Drug Use Cd,Driver Ejected From Vehicle,Driver Ems Transport Ind,Driver Fled Scene Ind,Driver Safety Equip Used,Driver Vis Obscured Type Cd,Drowsy Notdrowsy,Drug Nodrug,EMP,End Node,End Node Dsc,End Offset,Facility,FAC,First Crash Event Cd,First Harmful Event,Fourth Crash Event Cd,Functionalclass,FUN,Govcondesc,Gr Nogr,Hitrun Not Hitrun,Initial Veh Impact Area Cd,Injury Crashes,Intersection Type,Int Doc,Jurtype,K_CRASH,K People,LAT (copy),LAT,Leftshoulderwidth,Length,Lgtruck Nonlgtruck,Light Condition,Located Unlocated,LON (copy),LON,MAINLINE (group),Mainline Yn,Medianleftshoulderwidth,Medianrightshoulderwidth,Mediantypedesc,Medianwidthmax,Medianwidthmin,Median Type,Most Harmful Crash Event Cd,Motor Nonmotor,Node,Node Info,Node Totaadt2011,Node Totaadt2012,Node Totaadt2013,Node Totaadt2014,Node Totaadt2015,Numberoflane,Number of Records,Offset,Ownership,Passage,Passgen,Passinjurytype,Passvehiclenumber,Pass Airbag Deployment,Pass Ejected From Vehicle,Pass Ems Transport Ind,Pass Safety Equip Used,Pavementconditionvalue,Pavementroughnessvalue,Pavementwidth,Pdo Crash,Total People Killed & Injured,Pedage,Pedestrians Injured,Pedestrians Killed,Pedgen,Pedinjurytype,Pednumber,Ped Action,Ped Al Test,Ped Cond,Ped Drink,Ped Drug,Ped Nonped,Ped Rflct,Persons Injured,Persons Killed,Physical Juris Nm,PJR,VSP_Used,Rd Type,Relation To Roadway,Rightshoulderwidth,RNS_MP (0.25 mi bin),Rns Mp,Roadway Alignment,Roadway Defect,Roadway Description,Roadway Surface Cond,Roadway Surface Type,Route Or Street Nm,Rte Category Cd,Rte Cat,Rte Nm,Ruralurbandesc,School Zone,Second Crash Event Cd,Segtotaadt2011,Segtotaadt2012,Segtotaadt2013,Segtotaadt2014,Segtotaadt2015,Senior Notsenior,Sidewalkdesc,Speed Before,Speed Max Safe,Speed Notspeed,Speed Posted,Start Node,Start Offset,Summons Issued Cd,Surfacedesc,Third Crash Event Cd,Time Slicing,Total Crashes including Property Damage Only,Total Crash,Traffic Control Type,Trfc Ctrl Status Type,Truckcommr,Vehiclenumber,Vehicle Body Type Cd,Vehicle Make Nm,Vehicle Maneuver Type Cd,Vehicle Model Nm,Vehicle Year Nbr,District,District_Used ,Weather Condition,Work Zone Location,Work Zone Related,Work Zone Type,Young Notyoung
No Access Control,Not ALCIHOL,Urban,0,0,Bituminous Concrete (Black Base),131-08798(L)/BELLS MILL RD,Not UNBELTED,17,Female,B,2,BIKE,5.39,1,1,,2. Angle,"Not Provided,Not Provided","Not Provided,Not Provided",SR00165,5.815,3,8/27/2013,8/27/2013,22. Bicycle,1150,B.Visiible Injury,2013,Left side,0,0,Chesapeake,Urban,22. Bicycle,MAIN,9AM TO 12PM,131.Chesapeake,26,Intersection,Reset Filters,VDOT_OTHER,Tuesday,Not DEER,"South,East",,5,1,132395241,"42,17","0,Female","PDO,B","1,2","1. No Improper Action,1. No Improper Action","2. Not Deployed,3. Unavailable/Not Applicable","Not Applicable,Not Applicable","1. No Defects,1. No Defects","Not Applicable,Not Applicable","1. Had Not Been Drinking,1. Had Not Been Drinking","Not Applicable,Not Applicable","1. Not Ejected,1. Not Ejected","NotProvided,NotProvided","No,No","3. Lap and Shoulder Belt,9. Not Applicable","14. Blind Spot,1. Not Obscured",,,6,483343,131-08648(L)/ALBEMARLE DR,0,0,"0.Two-way, non-divided","22,20",1. On Roadway,"0,0",H,H.Urban Minor Arterial,Urban Extensions - Primary Routes,Not GUARDRAIL,Not HIT_RUN,"12,12",1,4. Four Approaches,132395241,C,0,0,36.713553,36.713553,0,0.43,Not LRTRUCK,2. Daylight,LOCATED,-76.254206,-76.254206,MAINLINE,MAIN,0,0,0,0,0,Undivided Roadway,"22,20",Not MOTORCYCLE,483343,483343.  SR00165       SR00165      13108648,24889,24338,24476,28470,29036,2,1,0.005,PRI_URBAN,,,,,,,,,0,130,35,0,1,,0,0,,,,,,,,,Not PED,,1,0,Chesapeake,131,5,NOT-RD,9. Within Intersection,4,5.75,5.82,1. Straight - Level,1. No Defects,"2. Two-Way, Divided, Unprotected Median",1. Dry,"2. Blacktop, Asphalt, Bituminous",ALBEMARLE DR,STPRI,SR,R-VA   SR00165SB,"Urbanized (Population 200,000 and over)",3. No,"0,0",22763,22259,22385,26058,26576,Not SENIOR,Left side,"5,10","0,10",Not SPEED,"35,35",483344,0.4,"2. No,2. No",0,"0,0",9AM TO 12PM,1,1,3. Traffic Signal,1. Yes - Working,Not a Parkway - Trucks and Commercial Vehicles Allowed,"1,2","22. Truck - Sport Utility Vehicle (SUV),9. Bicycle","Jeep,DIAMONDBACK","2. Making Right Turn,1. Going Straight Ahead","Wrangler,MTN BIKE",20082011,5,5.Hampton Roads,1. No Adverse Condition (Clear/Cloudy),Not Provided,2. No,Not Provided,YOUNG
No Access Control,Not ALCIHOL,Urban,0,0,Bituminous Concrete (Black Base),134-08627(B)/,Not UNBELTED,17,Male,B,2,BIKE,0.66,1,1,,2. Angle,"Not Provided,Not Provided","Not Provided,Not Provided",13408829,0.66,4,8/28/2013,8/28/2013,20. Motor Vehicle In Transport,2025,B.Visiible Injury,2013,Left and Right sides,0,0,Virginia Beach,Urban,20. Motor Vehicle In Transport,MAIN,6PM TO 9PM,134.Virginia Beach,0,Intersection,Reset Filters,VDOT_OTHER,Wednesday,Not DEER,"West,South",,5,1,132425210,"21,17","0,Male","PDO,B","1,2","1. No Improper Action,1. No Improper Action","2. Not Deployed,3. Unavailable/Not Applicable","Not Applicable,Not Applicable","1. No Defects,1. No Defects","Not Applicable,Not Applicable","1. Had Not Been Drinking,1. Had Not Been Drinking","2. No,2. No","1. Not Ejected,3. Totally Ejected","NotProvided,No","No,No","3. Lap and Shoulder Belt,9. Not Applicable","1. Not Obscured,1. Not Obscured",,,1,542584,ORANGEWOOD DR(R)/,0,0,"0.Two-way, non-divided","22,20",1. On Roadway,"0,0",I,I.Urban Collector,Other City or Town Streets (not state maintained),Not GUARDRAIL,Not HIT_RUN,"1,10",1,4. Four Approaches,132425210,C,0,0,36.80207055,36.80207055,0,0.16,Not LRTRUCK,4. Darkness - Road Lighted,LOCATED,-76.1122006,-76.1122006,MAINLINE,MAIN,0,0,0,0,0,Undivided Roadway,"22,20",Not MOTORCYCLE,541352,541352. 13408627      13408627      13408829      13408829,31219,30975,31261,30126,30346,2,1,0,SEC_URBAN,,,,,,,,,0,0,36,0,1,,0,0,,,,,,,,,Not PED,,1,0,Virginia Beach,134,5,NOT-RD,9. Within Intersection,0,0.50,0.66,1. Straight - Level,1. No Defects,"1. Two-Way, Not Divided",1. Dry,"2. Blacktop, Asphalt, Bituminous",1700 DAHLIA DR,URB,UR,R-VA134UR08829EB,"Urbanized (Population 200,000 and over)",1. Yes,"0,0",6999,6567,6628,6387,5745,Not SENIOR,Left and Right sides,"5,5","25,25",Not SPEED,"25,25",541352,0,"2. No,2. No",0,"0,0",6PM TO 9PM,1,1,3. Traffic Signal,1. Yes - Working,Not a Parkway - Trucks and Commercial Vehicles Allowed,"1,2","22. Truck - Sport Utility Vehicle (SUV),9. Bicycle","JEEP,MAGNA","2. Making Right Turn,1. Going Straight Ahead","PATRIOT,GREAT DIVIDE BICYCLE",2008,5,5.Hampton Roads,1. No Adverse Condition (Clear/Cloudy),Not Provided,2. No,Not Provided,YOUNG
No Access Control,Not ALCIHOL,Urban,0,0,Bituminous Concrete (Black Base),HAMPSHIRE WAY(R)/,Not UNBELTED,15,Male,B,2,BIKE,2.09,1,1,,2. Angle,"Not Provided,Not Provided","Not Provided,Not Provided",13408678,2.167,3,3/28/2016,3/28/2016,22. Bicycle,1750,B.Visiible Injury,2016,Left and Right sides,0,0,Virginia Beach,Urban,22. Bicycle,MAIN,3PM TO 6PM,134.Virginia Beach,"1,093",Intersection,Reset Filters,VDOT_OTHER,Monday,Not DEER,"North,West",,5,1,160915250,"34,15","Female,Male","PDO,B","1,2","1. No Improper Action,1. No Improper Action","2. Not Deployed,3. Unavailable/Not Applicable","4. No Test,4. No Test","1. No Defects,1. No Defects","14. No Driver Distraction,14. No Driver Distraction","1. Had Not Been Drinking,1. Had Not Been Drinking","Not Applicable,Not Applicable","1. Not Ejected,Not Provided","No,Yes","No,No","3. Lap and Shoulder Belt,8. No Restraint Used","1. Not Obscured,1. Not Obscured",,,2,541577,DANIEL SMITH RD(L)/,0,1,"1.Divided, no control of access","22,20",1. On Roadway,"0,0",H,H.Urban Minor Arterial,Other City or Town Streets (not state maintained),Not GUARDRAIL,Not HIT_RUN,"1,0",1,4. Four Approaches,160915250,C,0,0,36.86233,36.86233,0,0.08,Not LRTRUCK,2. Daylight,LOCATED,-76.1724,-76.1724,MAINLINE,MAIN,0,0,Curbed Grass,16,4,Divided Roadway,"22,20",Not MOTORCYCLE,724415,724415. 13400008      13408678      13408678,25431,26060,26301,25346,26883,4,1,0.207,SEC_URBAN,,,,,,,,,0,0,54,0,1,,0,0,,,,,,,,,Not PED,,1,0,Virginia Beach,134,5,NOT-RD,9. Within Intersection,0,2.00,2.17,1. Straight - Level,1. No Defects,"1. Two-Way, Not Divided",1. Dry,"2. Blacktop, Asphalt, Bituminous",698 Newtown Road,URB,UR,R-VA134UR08678EB,"Urbanized (Population 200,000 and over)",3. No,"0,0",24330,25770,26008,25064,25952,Not SENIOR,Left and Right sides,"30,5","35,35",Not SPEED,"35,35",541578,0,"2. No,2. No",0,"0,0",3PM TO 6PM,1,1,1. No Traffic Control,6. No Traffic Control Device Present,Not a Parkway - Trucks and Commercial Vehicles Allowed,"1,2","1. Passenger car,9. Bicycle","LEXUS,NA","1. Going Straight Ahead,1. Going Straight Ahead","ES 300,BICYCLE",20022015,5,5.Hampton Roads,1. No Adverse Condition (Clear/Cloudy),Not Provided,2. No,Not Provided,YOUNG
No Access Control,ALCOHOL,Urban,0,0,Bituminous Concrete (Black Base),134-08733(B)/LITTLE NECK RD,Not UNBELTED,58,Male,B,2,BIKE,502.79,1,1,55,2. Angle,"Not Provided,Not Provided","Not Provided,Not Provided",US00058,503.467,4,3/31/2016,3/31/2016,20. Motor Vehicle In Transport,1300,B.Visiible Injury,2016,Left and Right sides,0,0,Virginia Beach,Urban,20. Motor Vehicle In Transport,MAIN,12PM TO 3PM,134.Virginia Beach,"2,181",Intersection,Reset Filters,VDOT_OTHER,Thursday,Not DEER,"North,Not Provided",DISTRACTED,5,1,161115207,"67,58","Male,Male","PDO,B","1,2","37. Other,37. Other","2. Not Deployed,3. Unavailable/Not Applicable","Not Applicable,4. No Test","1. No Defects,1. No Defects","11. Other,Not Applicable","1. Had Not Been Drinking,5. Drinking - Not Known Whether Impaired","2. No,2. No","1. Not Ejected,1. Not Ejected","No,No","No,No","3. Lap and Shoulder Belt,8. No Restraint Used","1. Not Obscured,1. Not Obscured",,,503,541076,KING'S GRANT RD,0,1,"1.Divided, no control of access","20,22",1. On Roadway,"0,0",E,E.Urban Other Principle Arterials; Connecting Links of Other Rural Principal Arterial,Urban Extensions - Primary Routes,Not GUARDRAIL,Not HIT_RUN,"12,0",1,4. Four Approaches,161115207,C,0,0,36.8431,36.8431,0,0.69,Not LRTRUCK,2. Daylight,LOCATED,-76.07807,-76.07807,MAINLINE,MAIN,0,0,Curbed Grass,28,4,Divided Roadway,"20,22",Not MOTORCYCLE,541075,541075.  US00058       US00058      13408711      13408711,46263,49675,50134,48314,49154,8,1,0.413,PRI_URBAN,,,,,,,,,0,151,99,0,1,,0,0,,,,,,,,,Not PED,,1,0,Virginia Beach,134,5,NOT-RD,9. Within Intersection,0,503.25,503.47,1. Straight - Level,1. No Defects,"2. Two-Way, Divided, Unprotected Median",1. Dry,"2. Blacktop, Asphalt, Bituminous",3000 VIRGINIA BEACH BLVD,USPRI,US,R-VA   US00058EB,"Urbanized (Population 200,000 and over)",3. No,"0,0",35920,40181,40552,39080,39870,SENIOR,Left and Right sides,"2,3","25,25",Not SPEED,"25,25",541077,0,"2. No,2. No",0,"0,0",12PM TO 3PM,1,1,3. Traffic Signal,1. Yes - Working,Not a Parkway - Trucks and Commercial Vehicles Allowed,"1,2","22. Truck - Sport Utility Vehicle (SUV),9. Bicycle","FORD,BICYCLE","2. Making Right Turn,15. Other","EXLORER,NA",20152010,5,5.Hampton Roads,1. No Adverse Condition (Clear/Cloudy),Not Provided,2. No,Not Provided,Not YOUNG
,Not ALCIHOL,Urban,0,0,,,Not UNBELTED,22,Female,B,1,BIKE,,1,1,,2. Angle,"Not Provided,Not Provided","Not Provided,Not Provided",,,,8/29/2013,8/29/2013,20. Motor Vehicle In Transport,1529,B.Visiible Injury,2013,,0,0,Norfolk,Urban,20. Motor Vehicle In Transport,MAIN,3PM TO 6PM,122.Norfolk,,Not Intersection,Reset Filters,VDOT_OTHER,Thursday,Not DEER,"South,West",,5,1,140080050,"22,23","Female,Female","B,PDO","1,2","40. Fail to Maintain Proper Control,1. No Improper Action","3. Unavailable/Not Applicable,2. Not Deployed","Not Applicable,Not Applicable","1. No Defects,1. No Defects","Not Applicable,Not Applicable","1. Had Not Been Drinking,1. Had Not Been Drinking","2. No,2. No","3. Totally Ejected,1. Not Ejected","No,No","No,No","8. No Restraint Used,3. Lap and Shoulder Belt","1. Not Obscured,1. Not Obscured",,,,,,,,,"20,22",1. On Roadway,"0,0",,,,Not GUARDRAIL,Not HIT_RUN,"12,5",1,4. Four Approaches,,C,0,0,36.869819,36.869819,,,Not LRTRUCK,2. Daylight,UNLOCATED,-76.291561,-76.291561,MAINLINE,,,,,,,,"20,22",Not MOTORCYCLE,,.,,,,,,,1,,SEC_URBAN,,,,,,,,,,,,0,1,,0,0,,,,,,,,,Not PED,,1,0,Norfolk,122,5,NOT-RD,9. Within Intersection,,,,1. Straight - Level,1. No Defects,"1. Two-Way, Not Divided",1. Dry,"2. Blacktop, Asphalt, Bituminous",500 W 22ND ST,UNKWN,SC,U-VA122SC99999UK,,3. No,"0,0",,,,,,Not SENIOR,,"5,10","25,25",Not SPEED,"25,25",,,"2. No,2. No",,"0,0",3PM TO 6PM,1,1,6. Traffic Lanes Marked,6. No Traffic Control Device Present,,"1,2","9. Bicycle,1. Passenger car","UNIVEGA,CHEVY","1. Going Straight Ahead,1. Going Straight Ahead","NUEVO SPORT,CAVALIER",2001,5,5.Hampton Roads,1. No Adverse Condition (Clear/Cloudy),Not Provided,2. No,Not Provided,Not YOUNG
No Access Control,Not ALCIHOL,Urban,0,0,Bituminous Concrete (Black Base),SR-00199-W006B(R)/RAMP FROM SR 199,Not UNBELTED,63,0,B,1,BIKE,0.14,1,1,45,4. Sideswipe - Same Direction,"Not Provided,Not Provided","Not Provided,Not Provided",SR00321,0.14,3,8/31/2013,8/31/2013,20. Motor Vehicle In Transport,830,B.Visiible Injury,2013,Left and Right sides,0,0,James City,Urban,20. Motor Vehicle In Transport,MAIN,6AM TO 9AM,47.James City,0,Intersection,Reset Filters,VDOT_OTHER,Saturday,Not DEER,"East,East",,5,1,132465061,"63,48","0,Male","B,PDO","1,2","37. Other,1. No Improper Action","3. Unavailable/Not Applicable,2. Not Deployed","4. No Test,4. No Test","1. No Defects,1. No Defects","Not Applicable,Not Applicable","1. Had Not Been Drinking,1. Had Not Been Drinking","2. No,2. No","1. Not Ejected,1. Not Ejected","Yes,No","No,No","5. Helmet,3. Lap and Shoulder Belt","12. Sun or Headlight Glare,1. Not Obscured",,,0,741159,SR-00321-W000B(L)/RAMP TO RT 199,0,1,"1.Divided, no control of access","20,19",1. On Roadway,"0,0",H,H.Urban Minor Arterial,State Primary and Interstate,Not GUARDRAIL,Not HIT_RUN,"3,9",1,"5. Five-Point, or More",132465061,N,0,0,37.273924,37.273924,0,0.01,Not LRTRUCK,2. Daylight,LOCATED,-76.75092,-76.75092,MAINLINE,MAIN,0,0,Curbed Grass,16,4,Divided Roadway,"20,19",Not MOTORCYCLE,741163,741163.  SR00199W006B  SR00321       SR00321,23780,23254,23326,22495,22951,4,1,0,VDOT_PRI,,,,,,,,,0,154,64,0,1,,0,0,,,,,,,,,Not PED,,1,0,James City,47,5,NOT-RD,2. Acceleration/Deceleration Lanes,0,0.00,0.14,1. Straight - Level,1. No Defects,"2. Two-Way, Divided, Unprotected Median",1. Dry,"2. Blacktop, Asphalt, Bituminous",5200 MONTICELLO,INST,SR,R-VA   SR00321EB,"Urbanized (Population 200,000 and over)",3. No,"0,0",23780,23254,23326,22495,22951,Not SENIOR,Left side,"15,25","15,45",Not SPEED,"45,45",741163,0,"2. No,2. No",0,"0,0",6AM TO 9AM,1,1,6. Traffic Lanes Marked,1. Yes - Working,Not a Parkway - Trucks and Commercial Vehicles Allowed,"1,2","9. Bicycle,22. Truck - Sport Utility Vehicle (SUV)",LEXS,"14. Changing Lanes,1. Going Straight Ahead",RX350,,5,5.Hampton Roads,1. No Adverse Condition (Clear/Cloudy),Not Provided,2. No,Not Provided,Not YOUNG
No Access Control,Not ALCIHOL,Urban,0,0,"N/A, Unknown, or Unstabilized",134-00014(B)/KINGS ARM DR,Not UNBELTED,29,Female,B,2,BIKE,0,1,1,,2. Angle,"Not Provided,Not Provided","Not Provided,Not Provided",13408725,0.018,3,8/31/2013,8/31/2013,22. Bicycle,1547,B.Visiible Injury,2013,Left and Right sides,0,0,Virginia Beach,Urban,22. Bicycle,MAIN,3PM TO 6PM,134.Virginia Beach,95,Intersection,Reset Filters,VDOT_OTHER,Saturday,Not DEER,"East,North",DISTRACTED,5,1,132445080,"19,29","0,Female","PDO,B","1,2","11. Did Not Have Right-of-Way,1. No Improper Action","2. Not Deployed,3. Unavailable/Not Applicable","4. No Test,4. No Test","1. No Defects,1. No Defects","4. Passenger(s),14. No Driver Distraction","1. Had Not Been Drinking,1. Had Not Been Drinking","2. No,2. No","1. Not Ejected,1. Not Ejected","No,No","No,No","3. Lap and Shoulder Belt,9. Not Applicable","1. Not Obscured,1. Not Obscured",,,0,542048,CARRIAGE HILL RD(R)/,0,0,"0.Two-way, non-divided","22,20",1. On Roadway,"0,0",I,I.Urban Collector,Other City or Town Streets (not state maintained),Not GUARDRAIL,Not HIT_RUN,"12,9",1,3. Three Approaches,132445080,C,0,0,36.808032,36.808032,0,0.05,Not LRTRUCK,2. Daylight,LOCATED,-76.076831,-76.076831,MAINLINE,MAIN,0,0,0,0,0,Undivided Roadway,"22,20",Not MOTORCYCLE,541300,541300. 13400014      13400014      13408725,36197,32324,32622,31438,33754,2,1,0.018,SEC_URBAN,,,,,,,,,4.5,0,0,0,1,,0,0,,,,,,,,,Not PED,,1,0,Virginia Beach,134,5,NOT-RD,9. Within Intersection,0,0.00,0.02,1. Straight - Level,1. No Defects,"1. Two-Way, Not Divided",1. Dry,"2. Blacktop, Asphalt, Bituminous",933 KINGS ARMS DR,URB,UR,R-VA134UR08725SB,"Urbanized (Population 200,000 and over)",3. No,"0,0",640,709,716,690,837,Not SENIOR,None,"5,3","25,25",Not SPEED,"25,25",541300,0,"1. Yes,2. No",0,"0,0",3PM TO 6PM,1,1,4. Stop Sign,1. Yes - Working,Not a Parkway - Trucks and Commercial Vehicles Allowed,"1,2","1. Passenger car,9. Bicycle","CHEVY,BLUE","2. Making Right Turn,1. Going Straight Ahead","CAMARO,BICYCLE",1995,5,5.Hampton Roads,1. No Adverse Condition (Clear/Cloudy),Not Provided,2. No,Not Provided,YOUNG
,Not ALCIHOL,Urban,0,0,,,Not UNBELTED,20,Male,C,2,BIKE,,0,0,,3. Head On,"Not Provided,Not Provided","Not Provided,Not Provided",,,,8/31/2013,8/31/2013,22. Bicycle,100,C.Non-Visible Injury,2013,,1,1,Virginia Beach,Urban,22. Bicycle,MAIN,0AM TO 3AM,134.Virginia Beach,,Not Intersection,Reset Filters,VDOT_OTHER,Saturday,Not DEER,"Not Provided,West",DISTRACTED,5,1,132515068,20,"0,Male","PDO,C","1,2","34. Hit and Run,1. No Improper Action","Not Provided,3. Unavailable/Not Applicable","4. No Test,4. No Test","9. Unknown,1. No Defects","11. Other,14. No Driver Distraction","6. Unknown,1. Had Not Been Drinking","3. Unknown,2. No","Not Provided,3. Totally Ejected","NotProvided,No","Yes,No","Not Provided,9. Not Applicable","13. Other,1. Not Obscured",,,,,,,,,"22,20",1. On Roadway,"0,0",,,,Not GUARDRAIL,HIT_RUN,"12,12",1,4. Four Approaches,,C,0,0,36.907485,36.907485,,,Not LRTRUCK,4. Darkness - Road Lighted,UNLOCATED,-76.070417,-76.070417,MAINLINE,,,,,,,,"22,20",Not MOTORCYCLE,,.,,,,,,,1,,SEC_URBAN,,,,,,,,,,,,0,1,,0,0,,,,,,,,,Not PED,,1,0,Virginia Beach,134,5,NOT-RD,9. Within Intersection,,,,1. Straight - Level,1. No Defects,"1. Two-Way, Not Divided",1. Dry,"2. Blacktop, Asphalt, Bituminous",2100 GREAT NECK RD W,UNKWN,SC,U-VA134SC99999UK,,3. No,"0,0",,,,,,Not SENIOR,,"15,10","35,35",Not SPEED,"35,35",,,"Not Provided,2. No",,"0,0",0AM TO 3AM,1,1,4. Stop Sign,1. Yes - Working,,"1,2","22. Truck - Sport Utility Vehicle (SUV),9. Bicycle",SCHWINN,"2. Making Right Turn,3. Making Left Turn",CR26,,5,5.Hampton Roads,1. No Adverse Condition (Clear/Cloudy),Not Provided,2. No,Not Provided,YOUNG
No Access Control,Not ALCIHOL,Urban,0,0,"N/A, Unknown, or Unstabilized",US-00258(B)/,Not UNBELTED,16,Female,C,2,BIKE,0.18,0,0,,2. Angle,"Not Provided,Not Provided","Not Provided,Not Provided",11407011,0.206,4,4/2/2016,4/2/2016,22. Bicycle,2042,C.Non-Visible Injury,2016,Left and Right sides,1,1,Hampton,Urban,22. Bicycle,MAIN,6PM TO 9PM,114.Hampton,137,Intersection,Reset Filters,VDOT_OTHER,Saturday,Not DEER,"South,West",DISTRACTED,5,1,160945095,16,"Not Provided,Female","PDO,C","1,2","34. Hit and Run,1. No Improper Action","Not Provided,3. Unavailable/Not Applicable","4. No Test,Not Applicable","9. Unknown,1. No Defects","11. Other,Not Applicable","6. Unknown,1. Had Not Been Drinking","3. Unknown,Not Applicable","Not Provided,3. Totally Ejected","No,No","Yes,No","Not Provided,5. Helmet","13. Other,1. Not Obscured",,,0,253274,THREECHOP ROAD(B)/,0,1,"1.Divided, no control of access","22,22",1. On Roadway,"0,0",I,I.Urban Collector,Other City or Town Streets (not state maintained),Not GUARDRAIL,HIT_RUN,"12,11",1,4. Four Approaches,160945095,C,0,0,37.02402,37.02402,0,0.21,Not LRTRUCK,4. Darkness - Road Lighted,LOCATED,-76.43575,-76.43575,MAINLINE,MAIN,0,0,Curbed Grass,16,4,Divided Roadway,"22,22",Not MOTORCYCLE,253130,253130.  US00258       US00258      11407011      11407011,55626,51873,49406,49651,50898,4,1,0.026,SEC_URBAN,,,,,,,,,0,0,54,0,1,,0,0,,,,,,,,,Not PED,,1,0,Hampton,114,5,NOT-RD,10. Intersection Related - Within 150 Feet,0,0.00,0.21,1. Straight - Level,1. No Defects,"3. Two-Way, Divided, Positive Median Barrier",1. Dry,"2. Blacktop, Asphalt, Bituminous",W MERCURY BLVD,URB,UR,R-VA114UR07011SB,"Urbanized (Population 200,000 and over)",3. No,"0,0",10649,10413,10528,10153,10359,Not SENIOR,Left and Right sides,"15,5","35,35",Not SPEED,"35,35",253130,0,"Not Provided,2. No",0,"0,0",6PM TO 9PM,1,1,14. Ped Crosswalk,1. Yes - Working,Not a Parkway - Trucks and Commercial Vehicles Allowed,"1,2","3. Van,9. Bicycle","PLYM,CYCL","2. Making Right Turn,Not Applicable","MINIVAN,MOUNTAIN",19972012,5,5.Hampton Roads,1. No Adverse Condition (Clear/Cloudy),Not Provided,2. No,Not Provided,YOUNG
No Access Control,Not ALCIHOL,Urban,0,0,"N/A, Unknown, or Unstabilized",IS-00264-W005B(L)/TO ROUTE 17 SOUTH - FREDRIC,Not UNBELTED,45,Male,C,1,BIKE,0.17,0,0,,2. Angle,"Not Provided,Not Provided","Not Provided,Not Provided",IS00264W005A,0.241,3,4/3/2016,4/3/2016,22. Bicycle,1359,C.Non-Visible Injury,2016,None,1,1,Portsmouth,Urban,22. Bicycle,RAMP,12PM TO 3PM,124.Portsmouth,48,Intersection,Reset Filters,VDOT_OTHER,Sunday,Not DEER,"South,West",,5,1,160955374,"45,67","Male,Female","C,PDO","1,2","10. Wrong Side Of Road - Not Overtaking,1. No Improper Action","2. Not Deployed,2. Not Deployed","4. No Test,4. No Test","2. Eyesight Defective,1. No Defects","Not Applicable,Not Applicable","Not Applicable,1. Had Not Been Drinking","3. Unknown,2. No","1. Not Ejected,1. Not Ejected","Yes,No","No,No","8. No Restraint Used,3. Lap and Shoulder Belt","1. Not Obscured,1. Not Obscured",,,0,483075,US-00017(B)/FROM ROUTE 264 WEST,0,4,"4.One-way, part of a one-way system","20,22",1. On Roadway,"0,0",A,A.Urban Interstate,State Primary and Interstate,Not GUARDRAIL,Not HIT_RUN,"11,11",1,2. Two Approaches,160955374,X,0,0,36.82289,36.82289,3,0.08,Not LRTRUCK,2. Daylight,LOCATED,-76.33605,-76.33605,RAMP,NOT_MAIN,0,0,0,0,0,Divided Roadway,"20,22",Not MOTORCYCLE,483075,483075.  IS00264W005A  US00017       US00017,41176,41397,42139,42444,42078,1,1,0.009,VDOT_IS,,,,,,,,,0,0,20,0,1,,0,0,,,,,,,,,Not PED,,1,0,Portsmouth,124,5,NOT-RD,5. On Entrance/Exit Ramp,6,0.00,0.24,10. On/Off Ramp,1. No Defects,"4. One-Way, Not Divided",1. Dry,"2. Blacktop, Asphalt, Bituminous",2100 FREDERICK BLVD,ISRMP,IS,R-VA   IS00264WB      RMP005.00A,"Urbanized (Population 200,000 and over)",3. No,"0,0",,,10872,10872,10872,SENIOR,None,"5,5","30,25",Not SPEED,"30,25",737246,0,"1. Yes,2. No",0,"0,0",12PM TO 3PM,1,1,8. Yield Sign,1. Yes - Working,Not a Parkway - Trucks and Commercial Vehicles Allowed,"1,2","9. Bicycle,1. Passenger car","UNK,CHRY","15. Other,6. Merging Into Traffic Lane","BICYCLE,PT CRUISER",20142004,5,5.Hampton Roads,1. No Adverse Condition (Clear/Cloudy),Not Provided,2. No,Not Provided,Not YOUNG