Access Control,Alcohol Notalcohol,Area Type1,A Crash,A People,Basetypedesc,Begin Node Dsc,Belted Unbelted,Bikeage,Bikegen,Bikeinjurytype,Bikevehiclenumber,Bike Nonbike,BMP,B Crash,B People,Carspeedlimit,Collision Type,Comm Cargo Body Type Cd,Comm Vehicle Body Type Cd,Cotedrouteid,Coted Mp,Count App,CRASH_DT (copy),Crash Dt,Crash Event Type Dsc,Crash Military Tm,Crash Severity,Crash Year,Curbgutterdesc,C Crash,C People,Juris Name Used,Area Type Used,First Harmful Event of Entire Crash,MAINLINE,Time Slicing Used,Phy_Juris_Nm,Offset-Ft,Intersection Analysis,Clear,Calculation_9640323132123359,Day Of Week,Deer Nodeer,Direction Of Travel Cd,Distracted Notdistracted,VSP,TOTAL CRASH,Document Nbr,Driverage,Drivergen,Driverinjurytype,Drivervehiclenumber,Driver Action Type Cd,Driver Airbag Deployment,Driver Alcohol Test Type Cd,Driver Condition Type Cd,Driver Distraction Type Cd,Driver Drinking Type Cd,Driver Drug Use Cd,Driver Ejected From Vehicle,Driver Ems Transport Ind,Driver Fled Scene Ind,Driver Safety Equip Used,Driver Vis Obscured Type Cd,Drowsy Notdrowsy,Drug Nodrug,EMP,End Node,End Node Dsc,End Offset,Facility,FAC,First Crash Event Cd,First Harmful Event,Fourth Crash Event Cd,Functionalclass,FUN,Govcondesc,Gr Nogr,Hitrun Not Hitrun,Initial Veh Impact Area Cd,Injury Crashes,Intersection Type,Int Doc,Jurtype,K_CRASH,K People,LAT (copy),LAT,Leftshoulderwidth,Length,Lgtruck Nonlgtruck,Light Condition,Located Unlocated,LON (copy),LON,MAINLINE (group),Mainline Yn,Medianleftshoulderwidth,Medianrightshoulderwidth,Mediantypedesc,Medianwidthmax,Medianwidthmin,Median Type,Most Harmful Crash Event Cd,Motor Nonmotor,Node,Node Info,Node Totaadt2011,Node Totaadt2012,Node Totaadt2013,Node Totaadt2014,Node Totaadt2015,Numberoflane,Number of Records,Offset,Ownership,Passage,Passgen,Passinjurytype,Passvehiclenumber,Pass Airbag Deployment,Pass Ejected From Vehicle,Pass Ems Transport Ind,Pass Safety Equip Used,Pavementconditionvalue,Pavementroughnessvalue,Pavementwidth,Pdo Crash,Total People Killed & Injured,Pedage,Pedestrians Injured,Pedestrians Killed,Pedgen,Pedinjurytype,Pednumber,Ped Action,Ped Al Test,Ped Cond,Ped Drink,Ped Drug,Ped Nonped,Ped Rflct,Persons Injured,Persons Killed,Physical Juris Nm,PJR,VSP_Used,Rd Type,Relation To Roadway,Rightshoulderwidth,RNS_MP (0.25 mi bin),Rns Mp,Roadway Alignment,Roadway Defect,Roadway Description,Roadway Surface Cond,Roadway Surface Type,Route Or Street Nm,Rte Category Cd,Rte Cat,Rte Nm,Ruralurbandesc,School Zone,Second Crash Event Cd,Segtotaadt2011,Segtotaadt2012,Segtotaadt2013,Segtotaadt2014,Segtotaadt2015,Senior Notsenior,Sidewalkdesc,Speed Before,Speed Max Safe,Speed Notspeed,Speed Posted,Start Node,Start Offset,Summons Issued Cd,Surfacedesc,Third Crash Event Cd,Time Slicing,Total Crashes including Property Damage Only,Total Crash,Traffic Control Type,Trfc Ctrl Status Type,Truckcommr,Vehiclenumber,Vehicle Body Type Cd,Vehicle Make Nm,Vehicle Maneuver Type Cd,Vehicle Model Nm,Vehicle Year Nbr,District,District_Used ,Weather Condition,Work Zone Location,Work Zone Related,Work Zone Type,Young Notyoung
No Access Control,Not ALCIHOL,Urban,0,0,"N/A, Unknown, or Unstabilized",122-08621(R)/OLD OCEAN VIEW RD,Not UNBELTED,33,Female,C,2,BIKE,29.93,0,0,,2. Angle,"Not Provided,Not Provided","Not Provided,Not Provided",SR00168,30.018,3,4/4/2016,4/4/2016,20. Motor Vehicle In Transport,2014,C.Non-Visible Injury,2016,Left and Right sides,1,1,Norfolk,Urban,20. Motor Vehicle In Transport,MAIN,6PM TO 9PM,122.Norfolk,465,Intersection,Reset Filters,VDOT_OTHER,Monday,Not DEER,"West,South",,5,1,161130321,"50,33","Male,Female","PDO,C","1,2","1. No Improper Action,11. Did Not Have Right-of-Way","2. Not Deployed,3. Unavailable/Not Applicable","Not Applicable,Not Applicable","1. No Defects,1. No Defects","Not Applicable,Not Applicable","1. Had Not Been Drinking,1. Had Not Been Drinking","2. No,2. No","1. Not Ejected,1. Not Ejected","No,Yes","No,No","3. Lap and Shoulder Belt,5. Helmet","1. Not Obscured,1. Not Obscured",,,30,483437,122-08621(R)/OLD OCEAN VIEW RD,0.38,0,"0.Two-way, non-divided","22,20",1. On Roadway,"0,0",H,H.Urban Minor Arterial,Urban Extensions - Primary Routes,Not GUARDRAIL,Not HIT_RUN,"4,12",1,3. Three Approaches,161130321,C,0,0,36.94176,36.94176,0,0.38,Not LRTRUCK,4. Darkness - Road Lighted,LOCATED,-76.25586,-76.25586,MAINLINE,MAIN,0,0,0,0,0,Undivided Roadway,"22,20",Not MOTORCYCLE,483437,483437.  SR00168       SR00168      12208621,12495,12607,12723,12261,11616,4,1,0.088,PRI_URBAN,,,,,,,,,0,241,52,0,1,,0,0,,,,,,,,,Not PED,,1,0,Norfolk,122,5,NOT-RD,9. Within Intersection,0,30.00,30.02,2. Curve - Level,1. No Defects,"2. Two-Way, Divided, Unprotected Median",1. Dry,1. Concrete,TIDEWATER DR / 9000 BLK,STPRI,SR,R-VA   SR00168NB,"Urbanized (Population 200,000 and over)",3. No,"0,0",12034,12149,12261,11816,11223,Not SENIOR,None,"0,5","25,0",Not SPEED,"25,25",483437,0,"2. No,2. No",0,"0,0",6PM TO 9PM,1,1,4. Stop Sign,1. Yes - Working,Not a Parkway - Trucks and Commercial Vehicles Allowed,"1,2","22. Truck - Sport Utility Vehicle (SUV),9. Bicycle","BMW,GENESIS","2. Making Right Turn,1. Going Straight Ahead","X5,BICYCLE",2005,5,5.Hampton Roads,1. No Adverse Condition (Clear/Cloudy),Not Provided,2. No,Not Provided,Not YOUNG
No Access Control,Not ALCIHOL,Urban,0,0,"N/A, Unknown, or Unstabilized",US-00058(B)/ARAGONA BLVD,Not UNBELTED,78,0,B,1,BIKE,0,1,1,,2. Angle,"Not Provided,Not Provided","Not Provided,Not Provided",13408679,0.02,3,9/2/2013,9/2/2013,22. Bicycle,1105,B.Visiible Injury,2013,Left and Right sides,0,1,Virginia Beach,Urban,22. Bicycle,MAIN,9AM TO 12PM,134.Virginia Beach,106,Intersection,Reset Filters,VDOT_OTHER,Monday,Not DEER,"West,South",,5,1,132475122,"78,56","0,Female","B,C","1,2","21. Disregarded Traffic Signal,1. No Improper Action","3. Unavailable/Not Applicable,2. Not Deployed","Not Applicable,Not Applicable","1. No Defects,1. No Defects","14. No Driver Distraction,14. No Driver Distraction","1. Had Not Been Drinking,1. Had Not Been Drinking","2. No,2. No","3. Totally Ejected,1. Not Ejected","No,No","No,No","9. Not Applicable,3. Lap and Shoulder Belt","1. Not Obscured,11. Moving Vehicle(s)",,,0,541086,US-00058(B)/ARAGONA BLVD,0.08,1,"1.Divided, no control of access","20,22",1. On Roadway,"0,0",I,I.Urban Collector,Other City or Town Streets (not state maintained),Not GUARDRAIL,Not HIT_RUN,"0,12",1,4. Four Approaches,132475122,C,0,0,36.843907,36.843907,0,0.08,Not LRTRUCK,2. Daylight,LOCATED,-76.145983,-76.145983,MAINLINE,MAIN,0,0,Curbed Grass,12,6,Divided Roadway,"22,22",Not MOTORCYCLE,541086,541086.  US00058       US00058      13408679,44384,43297,34345,33121,33650,2,1,0.02,SEC_URBAN,,,,,,,,,0,0,46,0,2,,0,0,,,,,,,,,Not PED,,2,0,Virginia Beach,134,5,NOT-RD,9. Within Intersection,0,0.00,0.02,1. Straight - Level,1. No Defects,"3. Two-Way, Divided, Positive Median Barrier",1. Dry,"2. Blacktop, Asphalt, Bituminous",300 ARAGONA BLVD,URB,UR,R-VA134UR08679SB,"Urbanized (Population 200,000 and over)",3. No,"0,0",3664,3371,3402,3279,3061,SENIOR,Left side,5,"45,25",Not SPEED,"45,25",541086,0,"1. Yes,2. No",0,"0,0",9AM TO 12PM,1,1,3. Traffic Signal,1. Yes - Working,Not a Parkway - Trucks and Commercial Vehicles Allowed,"1,2","9. Bicycle,1. Passenger car","NEXT,Honda","1. Going Straight Ahead,2. Making Right Turn","BICYCLE,Accord Sdn",20132005,5,5.Hampton Roads,1. No Adverse Condition (Clear/Cloudy),Not Provided,2. No,Not Provided,Not YOUNG
,Not ALCIHOL,Urban,0,0,,,Not UNBELTED,9,Female,C,2,BIKE,,0,0,,2. Angle,"Not Provided,Not Provided","Not Provided,Not Provided",,,,9/2/2013,9/2/2013,19. Ped,1824,C.Non-Visible Injury,2013,,1,1,Norfolk,Urban,19. Ped,MAIN,6PM TO 9PM,122.Norfolk,,Not Intersection,Reset Filters,VDOT_OTHER,Monday,Not DEER,"North,East",,5,1,140100037,9,"Not Provided,Female","PDO,C","1,2","34. Hit and Run,1. No Improper Action","Not Provided,3. Unavailable/Not Applicable","Not Applicable,Not Applicable","9. Unknown,1. No Defects","Not Applicable,Not Applicable","6. Unknown,1. Had Not Been Drinking","2. No,2. No","Not Provided,1. Not Ejected","NotProvided,Yes","Yes,No","Not Provided,9. Not Applicable","1. Not Obscured,1. Not Obscured",,,,,,,,,"19,0",1. On Roadway,"0,0",,,,Not GUARDRAIL,HIT_RUN,"12,3",1,1. Not at Intersection,,C,0,0,36.876078,36.876078,,,Not LRTRUCK,2. Daylight,UNLOCATED,-76.262247,-76.262247,MAINLINE,,,,,,,,"19,0",Not MOTORCYCLE,,.,,,,,,,1,,SEC_URBAN,,,,,,,,,,,,0,1,,0,0,,,,,,,,,Not PED,,1,0,Norfolk,122,5,NOT-RD,8. Non-Intersection,,,,1. Straight - Level,1. No Defects,"1. Two-Way, Not Divided",1. Dry,"2. Blacktop, Asphalt, Bituminous",3118 VIMY RIDGE AVE,UNKWN,SC,U-VA122SC99999UK,,3. No,"0,0",,,,,,Not SENIOR,,,"25,25",Not SPEED,"25,25",,,"Not Provided,2. No",,"0,0",6PM TO 9PM,1,1,1. No Traffic Control,6. No Traffic Control Device Present,,"1,2","1. Passenger car,9. Bicycle",,"1. Going Straight Ahead,1. Going Straight Ahead",MOUNTAIN BIKE,,5,5.Hampton Roads,1. No Adverse Condition (Clear/Cloudy),Not Provided,2. No,Not Provided,Not YOUNG
No Access Control,Not ALCIHOL,Urban,0,0,Bituminous Concrete (Black Base),131-08798(L)/BELLS MILL RD,Not UNBELTED,30,Male,B,2,BIKE,5.39,1,1,,16. Other,"Not Provided,Not Provided","Not Provided,Not Provided",SR00165,5.815,3,9/3/2013,9/3/2013,22. Bicycle,1236,B.Visiible Injury,2013,Left side,0,0,Chesapeake,Urban,22. Bicycle,MAIN,12PM TO 3PM,131.Chesapeake,26,Intersection,Reset Filters,VDOT_OTHER,Tuesday,Not DEER,"West,East",,5,1,132625098,"44,30","0,Male","PDO,B","1,2","1. No Improper Action,37. Other","2. Not Deployed,3. Unavailable/Not Applicable","4. No Test,4. No Test","1. No Defects,1. No Defects","Not Applicable,Not Applicable","1. Had Not Been Drinking,1. Had Not Been Drinking","2. No,2. No","1. Not Ejected,3. Totally Ejected","No,No","No,No","3. Lap and Shoulder Belt,5. Helmet","1. Not Obscured,1. Not Obscured",,,6,483343,131-08648(L)/ALBEMARLE DR,0,0,"0.Two-way, non-divided","22,20",1. On Roadway,"0,0",H,H.Urban Minor Arterial,Urban Extensions - Primary Routes,Not GUARDRAIL,Not HIT_RUN,"11,7",1,4. Four Approaches,132625098,C,0,0,36.713541,36.713541,0,0.43,Not LRTRUCK,2. Daylight,LOCATED,-76.254206,-76.254206,MAINLINE,MAIN,0,0,0,0,0,Undivided Roadway,"22,10",Not MOTORCYCLE,483343,483343.  SR00165       SR00165      13108648,24889,24338,24476,28470,29036,2,1,0.005,PRI_URBAN,,,,,,,,,0,130,35,0,1,,0,0,,,,,,,,,Not PED,,1,0,Chesapeake,131,5,NOT-RD,9. Within Intersection,4,5.75,5.82,1. Straight - Level,1. No Defects,"1. Two-Way, Not Divided",1. Dry,"2. Blacktop, Asphalt, Bituminous",ALBEMARLE DR,STPRI,SR,R-VA   SR00165SB,"Urbanized (Population 200,000 and over)",3. No,"0,0",22763,22259,22385,26058,26576,Not SENIOR,Left side,"3,5",35,Not SPEED,35,483344,0.4,"Not Provided,Not Provided",0,"0,0",12PM TO 3PM,1,1,3. Traffic Signal,1. Yes - Working,Not a Parkway - Trucks and Commercial Vehicles Allowed,"1,2","22. Truck - Sport Utility Vehicle (SUV),9. Bicycle","Toyota,ROADMASTER","2. Making Right Turn,1. Going Straight Ahead","Land Cruiser,TEN-SPEED",19972013,5,5.Hampton Roads,1. No Adverse Condition (Clear/Cloudy),Not Provided,2. No,Not Provided,Not YOUNG
,Not ALCIHOL,Urban,0,0,,,Not UNBELTED,60,0,B,1,BIKE,,1,1,,2. Angle,"Not Provided,Not Provided","Not Provided,Not Provided",,,,9/4/2013,9/4/2013,20. Motor Vehicle In Transport,1011,B.Visiible Injury,2013,,0,0,Virginia Beach,Urban,20. Motor Vehicle In Transport,MAIN,9AM TO 12PM,134.Virginia Beach,,Not Intersection,Reset Filters,VDOT_OTHER,Wednesday,Not DEER,"North,East",,5,1,132555236,"60,39","0,Female","B,PDO","1,2","37. Other,1. No Improper Action","3. Unavailable/Not Applicable,2. Not Deployed","4. No Test,4. No Test","1. No Defects,1. No Defects","Not Applicable,Not Applicable","1. Had Not Been Drinking,1. Had Not Been Drinking","2. No,2. No","3. Totally Ejected,1. Not Ejected","No,NotProvided","No,No","8. No Restraint Used,3. Lap and Shoulder Belt","1. Not Obscured,5. Trees, Crops, etc.",,,,,,,,,"20,22",1. On Roadway,"0,0",,,,Not GUARDRAIL,Not HIT_RUN,"10,12",1,4. Four Approaches,,C,0,0,36.827751,36.827751,,,Not LRTRUCK,2. Daylight,UNLOCATED,-76.095924,-76.095924,MAINLINE,,,,,,,,"20,22",Not MOTORCYCLE,,.,,,,,,,1,,SEC_URBAN,,,,,,,,,,,,0,1,,0,0,,,,,,,,,Not PED,,1,0,Virginia Beach,134,5,NOT-RD,9. Within Intersection,,,,1. Straight - Level,1. No Defects,"2. Two-Way, Divided, Unprotected Median",1. Dry,"2. Blacktop, Asphalt, Bituminous",SOUTH ROSEMONT,UNKWN,SC,U-VA134SC99999UK,,3. No,"0,0",,,,,,Not SENIOR,,10,"35,35",Not SPEED,"35,35",,,"2. No,2. No",,"0,0",9AM TO 12PM,1,1,3. Traffic Signal,1. Yes - Working,,"1,2","9. Bicycle,22. Truck - Sport Utility Vehicle (SUV)","BICYCLE,FORD","1. Going Straight Ahead,2. Making Right Turn","UNK,EDGE",2010,5,5.Hampton Roads,1. No Adverse Condition (Clear/Cloudy),Not Provided,2. No,Not Provided,Not YOUNG
,Not ALCIHOL,Urban,0,0,,,Not UNBELTED,41,Male,B,2,BIKE,,1,1,,2. Angle,"Not Provided,Not Provided","Not Provided,Not Provided",,,,9/4/2013,9/4/2013,39. Fell/Jumped From Vehicle,2028,B.Visiible Injury,2013,,0,0,Chesapeake,Urban,39. Fell/Jumped From Vehicle,MAIN,6PM TO 9PM,131.Chesapeake,,Not Intersection,Reset Filters,VDOT_OTHER,Wednesday,Not DEER,"South,West",,5,1,132485015,"52,41","0,Male","PDO,B","1,2","1. No Improper Action,1. No Improper Action","2. Not Deployed,2. Not Deployed","4. No Test,4. No Test","1. No Defects,1. No Defects","14. No Driver Distraction,14. No Driver Distraction","1. Had Not Been Drinking,1. Had Not Been Drinking","2. No,2. No","1. Not Ejected,3. Totally Ejected","NotProvided,NotProvided","No,No","3. Lap and Shoulder Belt,6. Other","13. Other,1. Not Obscured",,,,,,,,,"22,20",1. On Roadway,"0,0",,,,Not GUARDRAIL,Not HIT_RUN,"12,0",1,4. Four Approaches,,C,0,0,36.70935409,36.70935409,,,Not LRTRUCK,4. Darkness - Road Lighted,UNLOCATED,-76.29100733,-76.29100733,MAINLINE,,,,,,,,"22,39",Not MOTORCYCLE,,.,,,,,,,1,,SEC_URBAN,,,,,,,,,,,,0,1,,0,0,,,,,,,,,Not PED,,1,0,Chesapeake,131,5,NOT-RD,9. Within Intersection,,,,1. Straight - Level,1. No Defects,"1. Two-Way, Not Divided",1. Dry,"2. Blacktop, Asphalt, Bituminous",AGUILA DRIVE,UNKWN,SC,U-VA131SC99999UK,,3. No,"2,39",,,,,,Not SENIOR,,"5,5","25,25",Not SPEED,"25,25",,,"2. No,1. Yes",,"0,0",6PM TO 9PM,1,1,4. Stop Sign,1. Yes - Working,,"1,2","1. Passenger car,9. Bicycle","Chrysler,BTWIN","1. Going Straight Ahead,1. Going Straight Ahead","Sebring,BICYCLE",20082013,5,5.Hampton Roads,1. No Adverse Condition (Clear/Cloudy),Not Provided,2. No,Not Provided,Not YOUNG
,Not ALCIHOL,Urban,0,0,,,Not UNBELTED,37,Male,PDO,2,BIKE,,0,0,,2. Angle,"Not Provided,Not Provided","Not Provided,Not Provided",,,3,9/4/2013,9/4/2013,20. Motor Vehicle In Transport,950,PDO.Property Damage Only,2013,,0,0,Virginia Beach,Urban,20. Motor Vehicle In Transport,MAIN,9AM TO 12PM,134.Virginia Beach,0,Intersection,Reset Filters,VDOT_OTHER,Wednesday,Not DEER,"East,North",,5,1,132505100,"20,37","0,Male","PDO,PDO","1,2","1. No Improper Action,1. No Improper Action","2. Not Deployed,3. Unavailable/Not Applicable","4. No Test,4. No Test","1. No Defects,1. No Defects","14. No Driver Distraction,14. No Driver Distraction","1. Had Not Been Drinking,1. Had Not Been Drinking","2. No,2. No","1. Not Ejected,Not Provided","No,No","No,No","3. Lap and Shoulder Belt,9. Not Applicable","1. Not Obscured,1. Not Obscured",,,,,,,4,,"20,20",1. On Roadway,"0,0",E,,,Not GUARDRAIL,Not HIT_RUN,"12,11",0,3. Three Approaches,132505100,C,0,0,36.849282,36.849282,,,Not LRTRUCK,2. Daylight,UNLOCATED,-75.975277,-75.975277,MAINLINE,,,,,,,,"20,20",Not MOTORCYCLE,541659,541659. 13408684      13408719      13408719,11035,8682,8762,8444,8560,,1,0,SEC_URBAN,,,,,,,,,,,,1,0,,0,0,,,,,,,,,Not PED,,0,0,Virginia Beach,134,5,NOT-RD,9. Within Intersection,,0.50,0.60,1. Straight - Level,1. No Defects,"2. Two-Way, Divided, Unprotected Median",1. Dry,"2. Blacktop, Asphalt, Bituminous",2100 ATLANTIC AV,URB,UR,R-VA134UR08684WB,,3. No,"0,0",,,,,,Not SENIOR,,"10,10","25,25",Not SPEED,"25,25",,,"2. No,2. No",,"0,0",9AM TO 12PM,1,1,3. Traffic Signal,1. Yes - Working,,"1,2","22. Truck - Sport Utility Vehicle (SUV),9. Bicycle","Dodge,FUJI","1. Going Straight Ahead,1. Going Straight Ahead","Durango,ALTAMIRA",20042012,5,5.Hampton Roads,1. No Adverse Condition (Clear/Cloudy),Not Provided,2. No,Not Provided,YOUNG
Partial Access Control,Not ALCIHOL,Urban,0,0,"N/A, Unknown, or Unstabilized",PHILLIPS AVE(L)/,Not UNBELTED,21,Male,B,2,BIKE,0.6,1,1,,2. Angle,"Not Provided,Not Provided","Not Provided,Not Provided",C7US00058,0.73,3,4/6/2016,4/6/2016,22. Bicycle,1747,B.Visiible Injury,2016,Left and Right sides,0,0,Virginia Beach,Urban,22. Bicycle,MAIN,3PM TO 6PM,134.Virginia Beach,"1,267",Intersection,Reset Filters,VDOT_OTHER,Wednesday,Not DEER,"West,East",,5,1,160995137,"41,21","Female,Male","PDO,B","1,2","11. Did Not Have Right-of-Way,1. No Improper Action","2. Not Deployed,3. Unavailable/Not Applicable","Not Applicable,Not Applicable","1. No Defects,1. No Defects","14. No Driver Distraction,14. No Driver Distraction","1. Had Not Been Drinking,1. Had Not Been Drinking","Not Applicable,Not Applicable","1. Not Ejected,1. Not Ejected","NotProvided,Yes","No,No","3. Lap and Shoulder Belt,8. No Restraint Used","1. Not Obscured,1. Not Obscured",,,1,541096,PHILLIPS AVE(L)/,0.38,2,"2.Divided, partial control of access","22,20",1. On Roadway,"0,0",H,H.Urban Minor Arterial,Urban Extensions - Primary Routes,Not GUARDRAIL,Not HIT_RUN,"12,9",1,3. Three Approaches,160995137,C,0,0,36.84398,36.84398,0,0.38,Not LRTRUCK,2. Daylight,LOCATED,-76.03302,-76.03302,MAINLINE,MAIN,0,0,Curbed Grass,16,16,Divided Roadway,"22,20",Not MOTORCYCLE,541099,541099.  IS00264E020BC7US00058     C7US00058,32705,28512,28775,27731,29732,4,1,0.24,PRI_URBAN,,,,,,,,,0,192,54,0,1,,0,0,,,,,,,,,Not PED,,1,0,Virginia Beach,134,5,NOT-RD,9. Within Intersection,0,0.50,0.73,1. Straight - Level,1. No Defects,"2. Two-Way, Divided, Unprotected Median",1. Dry,"2. Blacktop, Asphalt, Bituminous",1899 VIRGINIA BEACH BLVD,USPRI,US,R-VA   US00058WBBUS007,"Urbanized (Population 200,000 and over)",3. No,"0,0",32705,28512,28775,27731,29732,Not SENIOR,None,"5,10","25,25",Not SPEED,"25,25",541096,0,"1. Yes,2. No",0,"0,0",3PM TO 6PM,1,1,4. Stop Sign,1. Yes - Working,Truck Access System,"1,2","1. Passenger car,9. Bicycle",MAZDA,"5. Slowing or Stopping,1. Going Straight Ahead","3,BICYCLE",2011,5,5.Hampton Roads,1. No Adverse Condition (Clear/Cloudy),Not Provided,2. No,Not Provided,Not YOUNG
No Access Control,Not ALCIHOL,Urban,0,0,"Stabilized with Selected Material (Soil,Gravel,Stone,etc.)",134-08707(L)/FERRY PLANTATION RD,Not UNBELTED,49,Female,B,2,BIKE,0.33,1,1,,4. Sideswipe - Same Direction,"Not Provided,Not Provided","Not Provided,Not Provided",13408683,0.41,4,4/6/2016,4/6/2016,22. Bicycle,2220,B.Visiible Injury,2016,Left and Right sides,0,0,Virginia Beach,Urban,22. Bicycle,MAIN,9PM TO 12AM,134.Virginia Beach,317,Intersection,Reset Filters,VDOT_OTHER,Wednesday,Not DEER,"Not Provided,West",,5,1,161045024,49,"Not Provided,Female","PDO,B","1,2","34. Hit and Run,1. No Improper Action","Not Provided,3. Unavailable/Not Applicable","4. No Test,4. No Test","9. Unknown,1. No Defects","14. No Driver Distraction,14. No Driver Distraction","6. Unknown,1. Had Not Been Drinking","3. Unknown,2. No","Not Provided,1. Not Ejected","NotProvided,Yes","Yes,No","Not Provided,5. Helmet","1. Not Obscured,1. Not Obscured",,,0,541194,SR-00225(B)/,0,0,"0.Two-way, non-divided","22,20",1. On Roadway,"0,0",I,I.Urban Collector,Other City or Town Streets (not state maintained),Not GUARDRAIL,HIT_RUN,"1,11",1,3. Three Approaches,161045024,C,0,0,36.86568,36.86568,0,0.14,Not LRTRUCK,4. Darkness - Road Lighted,LOCATED,-76.13327,-76.13327,MAINLINE,MAIN,0,0,0,0,0,Undivided Roadway,"22,20",Not MOTORCYCLE,541194,541194.  SR00225       SR00225      13408683      13408683,55194,50725,51026,49792,49740,4,1,0.06,SEC_URBAN,,,,,,,,,3.8,95,64,0,1,,0,0,,,,,,,,,Not PED,,1,0,Virginia Beach,134,5,NOT-RD,9. Within Intersection,0,0.25,0.41,1. Straight - Level,1. No Defects,"1. Two-Way, Not Divided",1. Dry,"2. Blacktop, Asphalt, Bituminous",4500 WITCHDUCK ROAD NORTH,URB,UR,R-VA134UR08683NB,"Urbanized (Population 200,000 and over)",3. No,"0,0",6234,5517,5568,5366,4692,Not SENIOR,Right side,1,1,Not SPEED,1,541193,0,"Not Provided,2. No",0,"0,0",9PM TO 12AM,1,1,6. Traffic Lanes Marked,1. Yes - Working,Not a Parkway - Trucks and Commercial Vehicles Allowed,"1,2","1. Passenger car,9. Bicycle",,"2. Making Right Turn,15. Other",BICYCLE,,5,5.Hampton Roads,1. No Adverse Condition (Clear/Cloudy),Not Provided,2. No,Not Provided,Not YOUNG
No Access Control,Not ALCIHOL,Urban,0,0,Bituminous Concrete (Black Base),LANCE ROAD(B)/,Not UNBELTED,58,Female,B,1,BIKE,0.61,1,1,,16. Other,"Not Provided,Not Provided","Not Provided,Not Provided",12208642,0.673,4,12/24/2014,12/24/2014,22. Bicycle,1645,B.Visiible Injury,2014,Left and Right sides,0,0,Norfolk,Urban,22. Bicycle,MAIN,3PM TO 6PM,122.Norfolk,143,Intersection,Reset Filters,VDOT_OTHER,Wednesday,Not DEER,"West,North",,5,1,150150104,"58,53","Female,Male","B,PDO","1,2","10. Wrong Side Of Road - Not Overtaking,1. No Improper Action","3. Unavailable/Not Applicable,2. Not Deployed","4. No Test,4. No Test","1. No Defects,1. No Defects","Not Applicable,Not Applicable","1. Had Not Been Drinking,1. Had Not Been Drinking","2. No,2. No","2. Partially Ejected,1. Not Ejected","Yes,No","No,No","9. Not Applicable,3. Lap and Shoulder Belt","1. Not Obscured,1. Not Obscured",,,1,483006,US-00013(B)/LOWERY RD,0,1,"1.Divided, no control of access","20,22",1. On Roadway,"0,0",I,I.Urban Collector,Other City or Town Streets (not state maintained),Not GUARDRAIL,Not HIT_RUN,"8,12",1,1. Not at Intersection,150150104,C,0,0,36.86286,36.86286,0,0.09,Not LRTRUCK,3. Dusk,LOCATED,-76.21068,-76.21068,MAINLINE,MAIN,0,0,Curbed (solid raised),3,3,Divided Roadway,"20,22",Not MOTORCYCLE,483006,483006.  US00013       US00013      12208642      12208642,51972,49900,50361,48534,49878,2,1,0.027,SEC_URBAN,,,,,,,,,0,0,52,0,1,,0,0,,,,,,,,,Not PED,,1,0,Norfolk,122,5,NOT-RD,8. Non-Intersection,0,0.50,0.67,1. Straight - Level,1. No Defects,"1. Two-Way, Not Divided",2. Wet,"2. Blacktop, Asphalt, Bituminous",5600 lowry rd,URB,UR,R-VA122UR08642EB,"Urbanized (Population 200,000 and over)",3. No,"0,0",8818,9026,9109,8779,9676,Not SENIOR,Right side,3,"0,25",Not SPEED,"0,25",485855,0.19,"2. No,2. No",0,"0,0",3PM TO 6PM,1,1,6. Traffic Lanes Marked,1. Yes - Working,Not a Parkway - Trucks and Commercial Vehicles Allowed,"1,2","9. Bicycle,22. Truck - Sport Utility Vehicle (SUV)",ford,"1. Going Straight Ahead,2. Making Right Turn","bike,edge",2009,5,5.Hampton Roads,5. Rain,Not Provided,2. No,Not Provided,Not YOUNG
,Not ALCIHOL,Urban,0,0,,,Not UNBELTED,11,Female,B,2,BIKE,,1,1,,16. Other,"Not Provided,Not Provided","Not Provided,Not Provided",,,,12/25/2014,12/25/2014,22. Bicycle,1509,B.Visiible Injury,2014,,0,0,Virginia Beach,Urban,22. Bicycle,MAIN,3PM TO 6PM,134.Virginia Beach,,Not Intersection,Reset Filters,VDOT_OTHER,Thursday,Not DEER,"Not Provided,West",DISTRACTED,5,1,143625099,11,"Male,Female","PDO,B","1,2","34. Hit and Run,37. Other","Not Provided,3. Unavailable/Not Applicable","4. No Test,4. No Test","9. Unknown,9. Unknown","11. Other,14. No Driver Distraction","6. Unknown,1. Had Not Been Drinking","3. Unknown,2. No","Not Provided,Not Provided","NotProvided,No","Yes,No","Not Provided,9. Not Applicable","13. Other,Not Applicable",,,,,,,,,"22,20",1. On Roadway,"0,0",,,,Not GUARDRAIL,HIT_RUN,"12,10",1,1. Not at Intersection,,C,0,0,36.7897,36.7897,,,Not LRTRUCK,2. Daylight,UNLOCATED,-76.16136,-76.16136,MAINLINE,,,,,,,,"22,20",Not MOTORCYCLE,,.,,,,,,,1,,SEC_URBAN,,,,,,,,,,,,0,1,,0,0,,,,,,,,,Not PED,,1,0,Virginia Beach,134,5,NOT-RD,8. Non-Intersection,,,,1. Straight - Level,1. No Defects,"1. Two-Way, Not Divided",1. Dry,1. Concrete,5211 SETTLERS PARK DRIVE,UNKWN,SC,U-VA134SC99999UK,,3. No,"0,0",,,,,,Not SENIOR,,"20,1","25,25",Not SPEED,"25,25",,,"Not Provided,Not Provided",,"0,0",3PM TO 6PM,1,1,1. No Traffic Control,6. No Traffic Control Device Present,,"1,2","1. Passenger car,9. Bicycle",,"1. Going Straight Ahead,15. Other",BICYCLE,,5,5.Hampton Roads,1. No Adverse Condition (Clear/Cloudy),Not Provided,2. No,Not Provided,Not YOUNG