Access Control,Alcohol Notalcohol,Area Type1,A Crash,A People,Basetypedesc,Begin Node Dsc,Belted Unbelted,Bikeage,Bikegen,Bikeinjurytype,Bikevehiclenumber,Bike Nonbike,BMP,B Crash,B People,Carspeedlimit,Collision Type,Comm Cargo Body Type Cd,Comm Vehicle Body Type Cd,Cotedrouteid,Coted Mp,Count App,CRASH_DT (copy),Crash Dt,Crash Event Type Dsc,Crash Military Tm,Crash Severity,Crash Year,Curbgutterdesc,C Crash,C People,Juris Name Used,Area Type Used,First Harmful Event of Entire Crash,MAINLINE,Time Slicing Used,Phy_Juris_Nm,Offset-Ft,Intersection Analysis,Clear,Calculation_9640323132123359,Day Of Week,Deer Nodeer,Direction Of Travel Cd,Distracted Notdistracted,VSP,TOTAL CRASH,Document Nbr,Driverage,Drivergen,Driverinjurytype,Drivervehiclenumber,Driver Action Type Cd,Driver Airbag Deployment,Driver Alcohol Test Type Cd,Driver Condition Type Cd,Driver Distraction Type Cd,Driver Drinking Type Cd,Driver Drug Use Cd,Driver Ejected From Vehicle,Driver Ems Transport Ind,Driver Fled Scene Ind,Driver Safety Equip Used,Driver Vis Obscured Type Cd,Drowsy Notdrowsy,Drug Nodrug,EMP,End Node,End Node Dsc,End Offset,Facility,FAC,First Crash Event Cd,First Harmful Event,Fourth Crash Event Cd,Functionalclass,FUN,Govcondesc,Gr Nogr,Hitrun Not Hitrun,Initial Veh Impact Area Cd,Injury Crashes,Intersection Type,Int Doc,Jurtype,K_CRASH,K People,LAT (copy),LAT,Leftshoulderwidth,Length,Lgtruck Nonlgtruck,Light Condition,Located Unlocated,LON (copy),LON,MAINLINE (group),Mainline Yn,Medianleftshoulderwidth,Medianrightshoulderwidth,Mediantypedesc,Medianwidthmax,Medianwidthmin,Median Type,Most Harmful Crash Event Cd,Motor Nonmotor,Node,Node Info,Node Totaadt2011,Node Totaadt2012,Node Totaadt2013,Node Totaadt2014,Node Totaadt2015,Numberoflane,Number of Records,Offset,Ownership,Passage,Passgen,Passinjurytype,Passvehiclenumber,Pass Airbag Deployment,Pass Ejected From Vehicle,Pass Ems Transport Ind,Pass Safety Equip Used,Pavementconditionvalue,Pavementroughnessvalue,Pavementwidth,Pdo Crash,Total People Killed & Injured,Pedage,Pedestrians Injured,Pedestrians Killed,Pedgen,Pedinjurytype,Pednumber,Ped Action,Ped Al Test,Ped Cond,Ped Drink,Ped Drug,Ped Nonped,Ped Rflct,Persons Injured,Persons Killed,Physical Juris Nm,PJR,VSP_Used,Rd Type,Relation To Roadway,Rightshoulderwidth,RNS_MP (0.25 mi bin),Rns Mp,Roadway Alignment,Roadway Defect,Roadway Description,Roadway Surface Cond,Roadway Surface Type,Route Or Street Nm,Rte Category Cd,Rte Cat,Rte Nm,Ruralurbandesc,School Zone,Second Crash Event Cd,Segtotaadt2011,Segtotaadt2012,Segtotaadt2013,Segtotaadt2014,Segtotaadt2015,Senior Notsenior,Sidewalkdesc,Speed Before,Speed Max Safe,Speed Notspeed,Speed Posted,Start Node,Start Offset,Summons Issued Cd,Surfacedesc,Third Crash Event Cd,Time Slicing,Total Crashes including Property Damage Only,Total Crash,Traffic Control Type,Trfc Ctrl Status Type,Truckcommr,Vehiclenumber,Vehicle Body Type Cd,Vehicle Make Nm,Vehicle Maneuver Type Cd,Vehicle Model Nm,Vehicle Year Nbr,District,District_Used ,Weather Condition,Work Zone Location,Work Zone Related,Work Zone Type,Young Notyoung
No Access Control,Not ALCIHOL,Urban,0,0,Bituminous Concrete (Black Base),US-00013(B)/134-00008(R)/,Not UNBELTED,14,Female,B,2,BIKE,14.15,1,1,,4. Sideswipe - Same Direction,"Not Provided,Not Provided","Not Provided,Not Provided",SR00166,14.169,4,9/9/2013,9/9/2013,20. Motor Vehicle In Transport,1830,B.Visiible Injury,2013,Left and Right sides,0,1,Virginia Beach,Urban,20. Motor Vehicle In Transport,MAIN,6PM TO 9PM,134.Virginia Beach,100,Intersection,Reset Filters,VDOT_OTHER,Monday,Not DEER,"South,East",,5,1,132745188,"22,14","0,Female","C,B","1,2","1. No Improper Action,11. Did Not Have Right-of-Way","2. Not Deployed,3. Unavailable/Not Applicable","Not Applicable,Not Applicable","1. No Defects,1. No Defects","14. No Driver Distraction,14. No Driver Distraction","Not Applicable,Not Applicable","Not Applicable,Not Applicable","1. Not Ejected,3. Totally Ejected","No,Yes","No,No","3. Lap and Shoulder Belt,6. Other","1. Not Obscured,1. Not Obscured",,,14,541014,US-00013(B)/134-00008(R)/,0.16,1,"1.Divided, no control of access","22,20",1. On Roadway,"0,0",H,H.Urban Minor Arterial,Urban Extensions - Primary Routes,Not GUARDRAIL,Not HIT_RUN,"3,12",1,1. Not at Intersection,132745188,C,0,0,36.887528,36.887528,0,0.16,Not LRTRUCK,2. Daylight,LOCATED,-76.179902,-76.179902,MAINLINE,MAIN,0,0,Curbed Grass,34,8,Divided Roadway,"22,20",Not MOTORCYCLE,541014,541014.  SR00166       US00013       US00013      13400008,73478,73114,73090,72209,68345,6,1,0.019,PRI_URBAN,,,,,,,,,0,148,78,0,2,,0,0,,,,,,,,,Not PED,,2,0,Virginia Beach,134,5,NOT-RD,1. Main-Line Roadway,0,14.00,14.17,1. Straight - Level,1. No Defects,"3. Two-Way, Divided, Positive Median Barrier",1. Dry,"2. Blacktop, Asphalt, Bituminous",1300 DIAMOND SPRINGS RD.,STPRI,SR,R-VA   SR00166WB,"Urbanized (Population 200,000 and over)",3. No,"0,0",27966,26976,27225,26237,27090,Not SENIOR,Left and Right sides,"35,1","45,45",Not SPEED,"45,45",541014,0,"2. No,2. No",0,"0,0",6PM TO 9PM,1,1,6. Traffic Lanes Marked,6. No Traffic Control Device Present,Truck Access System,"1,2","22. Truck - Sport Utility Vehicle (SUV),9. Bicycle","NISSIAN,BICYCLE","1. Going Straight Ahead,16. Entering Street From Parking Lot","Armada,BICYCLE",20052013,5,5.Hampton Roads,1. No Adverse Condition (Clear/Cloudy),Not Provided,2. No,Not Provided,Not YOUNG
No Access Control,Not ALCIHOL,Urban,0,0,"N/A, Unknown, or Unstabilized",MANTEO STREET(B)/,Not UNBELTED,14,Not Provided,C,2,BIKE,0.84,0,0,,2. Angle,"Not Provided,Not Provided","Not Provided,Not Provided",12208576,0.842,4,9/9/2013,9/9/2013,20. Motor Vehicle In Transport,800,C.Non-Visible Injury,2013,Left and Right sides,1,1,Norfolk,Urban,20. Motor Vehicle In Transport,MAIN,6AM TO 9AM,122.Norfolk,750,Intersection,Reset Filters,VDOT_OTHER,Monday,Not DEER,"East,North",,5,1,140240086,"38,14","Female,Not Provided","PDO,C","1,2","21. Disregarded Traffic Signal,21. Disregarded Traffic Signal","2. Not Deployed,3. Unavailable/Not Applicable","Not Applicable,Not Applicable","1. No Defects,1. No Defects","Not Applicable,Not Applicable","1. Had Not Been Drinking,1. Had Not Been Drinking","Not Applicable,Not Applicable","1. Not Ejected,3. Totally Ejected","No,NotProvided","No,No","3. Lap and Shoulder Belt,9. Not Applicable","1. Not Obscured,1. Not Obscured",,,1,485344,STOCKLEY GARDWNS(L)/,0,0,"0.Two-way, non-divided","22,20",1. On Roadway,"0,0",H,H.Urban Minor Arterial,Other City or Town Streets (not state maintained),Not GUARDRAIL,Not HIT_RUN,"12,9",1,4. Four Approaches,140240086,C,0,0,36.864802,36.864802,0,0.09,Not LRTRUCK,2. Daylight,LOCATED,-76.297057,-76.297057,MAINLINE,MAIN,0,0,0,0,0,Undivided Roadway,"22,20",Not MOTORCYCLE,485075,485075. 12208563      12208563      12208576      12208576,21260,21512,21711,20923,18719,2,1,0.142,SEC_URBAN,,,,,,,,,0,0,27,0,1,,0,0,,,,,,,,,Not PED,,1,0,Norfolk,122,5,NOT-RD,1. Main-Line Roadway,0,0.75,0.84,1. Straight - Level,1. No Defects,"1. Two-Way, Not Divided",1. Dry,"2. Blacktop, Asphalt, Bituminous",600 BLK OF W PRINCESS ANNE,URB,UR,R-VA122UR08576EB,"Urbanized (Population 200,000 and over)",3. No,"0,0",7699,8507,8586,8274,7499,Not SENIOR,Left and Right sides,25,"25,0",Not SPEED,"25,0",485343,0,"Not Provided,Not Provided",0,"0,0",6AM TO 9AM,1,1,3. Traffic Signal,1. Yes - Working,Not a Parkway - Trucks and Commercial Vehicles Allowed,"1,2","1. Passenger car,9. Bicycle",DODGE,"1. Going Straight Ahead,1. Going Straight Ahead",INTREPID,2002,5,5.Hampton Roads,1. No Adverse Condition (Clear/Cloudy),Not Provided,2. No,Not Provided,Not YOUNG
No Access Control,Not ALCIHOL,Urban,0,0,Bituminous Concrete (Black Base),LAS CRUCES DRIVE(R)/,Not UNBELTED,13,Male,PDO,2,BIKE,17.5,0,0,,2. Angle,"Not Provided,Not Provided","Not Provided,Not Provided",13408669,17.535,4,9/9/2013,9/9/2013,22. Bicycle,1750,PDO.Property Damage Only,2013,Left and Right sides,0,0,Virginia Beach,Urban,22. Bicycle,MAIN,3PM TO 6PM,134.Virginia Beach,"5,623",Intersection,Reset Filters,VDOT_OTHER,Monday,Not DEER,"South,North",,5,1,132575078,"73,13","0,Male","PDO,PDO","1,2","37. Other,1. No Improper Action","2. Not Deployed,2. Not Deployed","Not Applicable,Not Applicable","1. No Defects,1. No Defects","14. No Driver Distraction,14. No Driver Distraction","1. Had Not Been Drinking,1. Had Not Been Drinking","Not Applicable,Not Applicable","1. Not Ejected,1. Not Ejected","No,No","No,No","3. Lap and Shoulder Belt,9. Not Applicable","1. Not Obscured,1. Not Obscured",,,18,742543,CORPORATE LANDING PKWY(L)/CULVER LANE(R)/,0,1,"1.Divided, no control of access","22,20",1. On Roadway,"0,0",E,E.Urban Other Principle Arterials; Connecting Links of Other Rural Principal Arterial,Other City or Town Streets (not state maintained),Not GUARDRAIL,Not HIT_RUN,"12,5",0,1. Not at Intersection,132575078,C,0,0,36.773213,36.773213,0,0.25,Not LRTRUCK,2. Daylight,LOCATED,-76.00932,-76.00932,MAINLINE,MAIN,0,0,Curbed Grass,40,16,Divided Roadway,"22,20",Not MOTORCYCLE,541475,541475. 13408669      13408669      13408688      13408688,64316,56978,57505,55417,55342,4,1,1.065,SEC_URBAN,,,,,,,,,0,0,52,1,0,,0,0,,,,,,,,,Not PED,,0,0,Virginia Beach,134,5,NOT-RD,8. Non-Intersection,0,17.50,17.53,1. Straight - Level,1. No Defects,"3. Two-Way, Divided, Positive Median Barrier",1. Dry,"2. Blacktop, Asphalt, Bituminous",1941 GENERAL BOOTH BLVD,URB,UR,R-VA134UR08669SB,"Urbanized (Population 200,000 and over)",3. No,"0,0",30485,27394,27647,26643,27438,SENIOR,Left and Right sides,"5,5","45,45",Not SPEED,"45,45",742539,0,"2. No,2. No",0,"0,0",3PM TO 6PM,1,1,1. No Traffic Control,6. No Traffic Control Device Present,Not a Parkway - Trucks and Commercial Vehicles Allowed,"1,2","1. Passenger car,9. Bicycle","TOYOTA,RUSTY BICYCLE","3. Making Left Turn,1. Going Straight Ahead","CAMRY,BIG DADDY",2013,5,5.Hampton Roads,1. No Adverse Condition (Clear/Cloudy),Not Provided,2. No,Not Provided,Not YOUNG
No Access Control,Not ALCIHOL,Urban,0,0,Bituminous Concrete (Black Base),134-08688(B)/,Not UNBELTED,24,Male,C,2,BIKE,0.45,0,0,,2. Angle,"Not Provided,Not Provided","Not Provided,Not Provided",13408690,0.481,4,9/9/2013,9/9/2013,22. Bicycle,1650,C.Non-Visible Injury,2013,None,1,1,Virginia Beach,Urban,22. Bicycle,MAIN,3PM TO 6PM,134.Virginia Beach,164,Intersection,Reset Filters,VDOT_OTHER,Monday,Not DEER,"South,East",,5,1,133125169,24,"0,Male","PDO,C","1,2","34. Hit and Run,1. No Improper Action","Not Provided,3. Unavailable/Not Applicable","4. No Test,4. No Test","1. No Defects,1. No Defects","Not Applicable,14. No Driver Distraction","6. Unknown,6. Unknown","3. Unknown,3. Unknown","Not Provided,1. Not Ejected","NotProvided,No","Yes,No","Not Provided,9. Not Applicable","1. Not Obscured,1. Not Obscured",,,1,715409,134-08688(B)/,0.05,0,"0.Two-way, non-divided","22,20",1. On Roadway,"0,0",I,I.Urban Collector,Other City or Town Streets (not state maintained),Not GUARDRAIL,HIT_RUN,"12,9",1,4. Four Approaches,133125169,C,0,0,36.784845,36.784845,1,0.05,Not LRTRUCK,1. Dawn,LOCATED,-76.038869,-76.038869,MAINLINE,MAIN,0,0,0,0,0,Undivided Roadway,"22,20",Not MOTORCYCLE,715409,715409. 13408688      13408688      13408690      13408690,33551,34227,34543,33289,32546,2,1,0.031,SEC_URBAN,,,,,,,,,3.7,0,19,0,1,,0,0,,,,,,,,,Not PED,,1,0,Virginia Beach,134,5,NOT-RD,9. Within Intersection,1,0.25,0.48,1. Straight - Level,1. No Defects,"2. Two-Way, Divided, Unprotected Median",1. Dry,"2. Blacktop, Asphalt, Bituminous",2301 Harpers Road,URB,UR,R-VA134UR08690WB,"Urbanized (Population 200,000 and over)",3. No,"0,0",6826,6630,6691,6448,7129,Not SENIOR,None,"5,2","45,45",Not SPEED,"45,45",715409,0,"Not Provided,2. No",0,"0,0",3PM TO 6PM,1,1,3. Traffic Signal,1. Yes - Working,Not a Parkway - Trucks and Commercial Vehicles Allowed,"1,2","22. Truck - Sport Utility Vehicle (SUV),9. Bicycle",OTH,"1. Going Straight Ahead,1. Going Straight Ahead",BICYCLE,,5,5.Hampton Roads,1. No Adverse Condition (Clear/Cloudy),Not Provided,2. No,Not Provided,Not YOUNG
No Access Control,Not ALCIHOL,Urban,0,0,Bituminous Concrete (Black Base),ROAD CLOSED,Not UNBELTED,27,Male,B,2,BIKE,23.42,1,1,,1. Rear End,"Not Provided,Not Provided","Not Provided,Not Provided",SR00337,23.457,3,9/10/2013,9/10/2013,20. Motor Vehicle In Transport,1618,B.Visiible Injury,2013,None,0,0,Chesapeake,Urban,20. Motor Vehicle In Transport,MAIN,3PM TO 6PM,131.Chesapeake,16,Intersection,Reset Filters,VDOT_OTHER,Tuesday,Not DEER,"North,North",,5,1,132535317,"30,27","0,Male","PDO,B","1,2","1. No Improper Action,3. Exceeded Safe Speed But Not Speed Limit","2. Not Deployed,3. Unavailable/Not Applicable","4. No Test,4. No Test","1. No Defects,8. Other","14. No Driver Distraction,14. No Driver Distraction","1. Had Not Been Drinking,1. Had Not Been Drinking","2. No,2. No","1. Not Ejected,1. Not Ejected","No,Yes","No,No","3. Lap and Shoulder Belt,6. Other","1. Not Obscured,1. Not Obscured",,,23,483686,SR-00337-E023A(R)/TRUXTON STREET(L)/TO ROUTE,0,1,"1.Divided, no control of access","20,20",1. On Roadway,"0,0",H,H.Urban Minor Arterial,Urban Extensions - Primary Routes,Not GUARDRAIL,Not HIT_RUN,"6,12",1,3. Three Approaches,132535317,C,0,0,36.81123,36.81123,6,0.04,Not LRTRUCK,2. Daylight,LOCATED,-76.283422,-76.283422,MAINLINE,MAIN,0,0,Curbed Grass,4,4,Divided Roadway,"20,20",Not MOTORCYCLE,483686,483686.  SR00337       SR00337       SR00337E023A,9891,10070,10125,11717,11942,4,1,0.003,PRI_URBAN,,,,,,,,,0,266,48,0,1,,0,0,,,,,,,,,Not PED,,1,0,Chesapeake,131,5,NOT-RD,5. On Entrance/Exit Ramp,6,23.25,23.46,4. Grade - Curve,1. No Defects,"3. Two-Way, Divided, Positive Median Barrier",1. Dry,"2. Blacktop, Asphalt, Bituminous",INTERSTATE 464,STPRI,SR,R-VA   SR00337EB,"Urbanized (Population 200,000 and over)",3. No,"0,0",9891,9672,9727,11319,11544,Not SENIOR,None,"15,15",,Not SPEED,"35,35",753408,0.13,"2. No,2. No",0,"0,0",3PM TO 6PM,1,1,3. Traffic Signal,1. Yes - Working,Not a Parkway - Trucks and Commercial Vehicles Allowed,"1,2","1. Passenger car,9. Bicycle","Hyundai,BICYLE","2. Making Right Turn,1. Going Straight Ahead","Elantra,10 SPEED",20032013,5,5.Hampton Roads,1. No Adverse Condition (Clear/Cloudy),Not Provided,2. No,Not Provided,Not YOUNG
,Not ALCIHOL,Urban,0,0,,,Not UNBELTED,60,Female,C,2,BIKE,,0,0,,8. Non-Collision,"Not Provided,Not Provided","Not Provided,Not Provided",,,,9/11/2013,9/11/2013,28. Ran Off Road,800,C.Non-Visible Injury,2013,,1,1,Hampton,Urban,28. Ran Off Road,MAIN,6AM TO 9AM,114.Hampton,,Not Intersection,Reset Filters,VDOT_OTHER,Wednesday,Not DEER,"South,South",,5,1,140290052,"52,60","Male,Female","PDO,C","1,2","1. No Improper Action,1. No Improper Action","2. Not Deployed,3. Unavailable/Not Applicable","4. No Test,4. No Test","1. No Defects,1. No Defects","Not Applicable,Not Applicable","1. Had Not Been Drinking,1. Had Not Been Drinking","2. No,2. No","1. Not Ejected,1. Not Ejected","No,Yes","No,No","3. Lap and Shoulder Belt,9. Not Applicable","14. Blind Spot,1. Not Obscured",,,,,,,,,"41,28",1. On Roadway,"0,0",,,,Not GUARDRAIL,Not HIT_RUN,"0,0",1,1. Not at Intersection,,C,0,0,37.071183,37.071183,,,Not LRTRUCK,2. Daylight,UNLOCATED,-76.333259,-76.333259,MAINLINE,,,,,,,,"41,28",Not MOTORCYCLE,,.,,,,,,,1,,SEC_URBAN,,,,,,,,,,,,0,1,,0,0,,,,,,,,,Not PED,,1,0,Hampton,114,5,RD-UNKNOWN,11. Intersection Related - Outside 150 Feet,,,,1. Straight - Level,1. No Defects,"1. Two-Way, Not Divided",1. Dry,1. Concrete,901 E LITTLE BACK RIVER,UNKWN,SC,U-VA114SC99999UK,,3. No,"0,0",,,,,,Not SENIOR,,10,"15,0",Not SPEED,"15,0",,,"2. No,2. No",,"0,0",6AM TO 9AM,1,1,1. No Traffic Control,6. No Traffic Control Device Present,,"1,2","1. Passenger car,9. Bicycle",INTL,"1. Going Straight Ahead,1. Going Straight Ahead","4300M7,BICYCLE",2013,5,5.Hampton Roads,1. No Adverse Condition (Clear/Cloudy),Not Provided,2. No,Not Provided,Not YOUNG
,Not ALCIHOL,Urban,1,1,,,Not UNBELTED,19,0,A,1,BIKE,,0,1,,2. Angle,"Not Provided,Not Provided","Not Provided,Not Provided",,,,9/11/2013,9/11/2013,20. Motor Vehicle In Transport,1722,A.Ambulatory Injury,2013,,0,0,Chesapeake,Urban,20. Motor Vehicle In Transport,MAIN,3PM TO 6PM,131.Chesapeake,,Not Intersection,Reset Filters,VDOT_OTHER,Wednesday,Not DEER,"West,North",,5,1,132545254,"19,41","0,Female","A,B","1,2","11. Did Not Have Right-of-Way,1. No Improper Action","3. Unavailable/Not Applicable,2. Not Deployed","Not Applicable,Not Applicable","Not Applicable,Not Applicable","Not Applicable,Not Applicable","1. Had Not Been Drinking,1. Had Not Been Drinking","3. Unknown,3. Unknown","3. Totally Ejected,1. Not Ejected","Yes,Yes","No,No","8. No Restraint Used,3. Lap and Shoulder Belt","16. Stopped Vehicle(s),1. Not Obscured",,,,,,,,,"20,22",1. On Roadway,"0,0",,,,Not GUARDRAIL,Not HIT_RUN,"12,2",1,1. Not at Intersection,,C,0,0,36.786165,36.786165,,,Not LRTRUCK,2. Daylight,UNLOCATED,-76.255735,-76.255735,MAINLINE,,,,,,,,"20,22",Not MOTORCYCLE,,.,,,,,,,1,,SEC_URBAN,,,,,,,,,,,,0,2,,0,0,,,,,,,,,Not PED,,2,0,Chesapeake,131,5,NOT-RD,"13. Driveway, Alley-Access - Related",,,,1. Straight - Level,1. No Defects,"3. Two-Way, Divided, Positive Median Barrier",1. Dry,1. Concrete,ROBERT HALL BLVD,UNKWN,SC,U-VA131SC99999UK,,3. No,"0,0",,,,,,Not SENIOR,,20,"25,25",Not SPEED,"25,25",,,"2. No,2. No",,"0,0",3PM TO 6PM,1,1,6. Traffic Lanes Marked,1. Yes - Working,,"1,2","9. Bicycle,1. Passenger car","MONGOOSE,CHRYSLER","1. Going Straight Ahead,1. Going Straight Ahead","XR200,200",20132012,5,5.Hampton Roads,1. No Adverse Condition (Clear/Cloudy),Not Provided,2. No,Not Provided,YOUNG
,Not ALCIHOL,Urban,0,0,,,Not UNBELTED,29,0,B,1,BIKE,,1,1,,2. Angle,"Not Provided,Not Provided","Not Provided,Not Provided",,,,9/11/2013,9/11/2013,22. Bicycle,1939,B.Visiible Injury,2013,,0,0,Virginia Beach,Urban,22. Bicycle,MAIN,6PM TO 9PM,134.Virginia Beach,,Not Intersection,Reset Filters,VDOT_OTHER,Wednesday,Not DEER,"East,South",,5,1,132555106,"29,79","0,Male","B,PDO","1,2","28. Driving Without Lights,1. No Improper Action","3. Unavailable/Not Applicable,2. Not Deployed","Not Applicable,Not Applicable","1. No Defects,1. No Defects","Not Applicable,Not Applicable","1. Had Not Been Drinking,1. Had Not Been Drinking","Not Applicable,Not Applicable","3. Totally Ejected,1. Not Ejected","Yes,No","No,No","8. No Restraint Used,3. Lap and Shoulder Belt","1. Not Obscured,1. Not Obscured",,,,,,,,,"20,22",1. On Roadway,"0,0",,,,Not GUARDRAIL,Not HIT_RUN,"3,11",1,3. Three Approaches,,C,0,0,36.827227,36.827227,,,Not LRTRUCK,4. Darkness - Road Lighted,UNLOCATED,-76.09171,-76.09171,MAINLINE,,,,,,,,"20,22",Not MOTORCYCLE,,.,,,,,,,1,,SEC_URBAN,,,,,,,,,,,,0,1,,0,0,,,,,,,,,Not PED,,1,0,Virginia Beach,134,5,NOT-RD,9. Within Intersection,,,,1. Straight - Level,1. No Defects,"1. Two-Way, Not Divided",1. Dry,"2. Blacktop, Asphalt, Bituminous",LUDWICK DR,UNKWN,SC,U-VA134SC99999UK,,3. No,"0,0",,,,,,SENIOR,,"15,15","25,25",Not SPEED,"25,25",,,"1. Yes,2. No",,"0,0",6PM TO 9PM,1,1,4. Stop Sign,1. Yes - Working,,"1,2","9. Bicycle,1. Passenger car","UNK,Toyota","1. Going Straight Ahead,2. Making Right Turn","BIKE,Corolla",1997,5,5.Hampton Roads,1. No Adverse Condition (Clear/Cloudy),Not Provided,2. No,Not Provided,Not YOUNG
No Access Control,Not ALCIHOL,Urban,0,0,"Stabilized with Selected Material (Soil,Gravel,Stone,etc.)",134-08667(L)/Gap Terminus/NORTH LANDING ROAD,Not UNBELTED,49,Male,B,2,BIKE,17.23,1,1,,16. Other,"Not Provided,Not Provided","Not Provided,Not Provided",SR00165,17.232,3,4/9/2016,4/9/2016,20. Motor Vehicle In Transport,1105,B.Visiible Injury,2016,None,0,1,Virginia Beach,Urban,20. Motor Vehicle In Transport,MAIN,9AM TO 12PM,134.Virginia Beach,11,Intersection,Reset Filters,VDOT_OTHER,Saturday,Not DEER,"North,West",,5,1,161025039,"18,49","Male,Male","C,B","1,2","11. Did Not Have Right-of-Way,1. No Improper Action","2. Not Deployed,3. Unavailable/Not Applicable","Not Applicable,Not Applicable","1. No Defects,1. No Defects","Not Applicable,Not Applicable","Not Applicable,Not Applicable","Not Applicable,Not Applicable","1. Not Ejected,1. Not Ejected","No,Yes","No,No","3. Lap and Shoulder Belt,8. No Restraint Used","1. Not Obscured,1. Not Obscured",,,18,541161,134-08667(L)/Gap Terminus/NORTH LANDING ROAD,0.84,0,"0.Two-way, non-divided","20,22",1. On Roadway,"0,0",H,H.Urban Minor Arterial,Urban Extensions - Primary Routes,Not GUARDRAIL,Not HIT_RUN,"1,12",1,4. Four Approaches,161025039,C,0,0,36.73998,36.73998,4,0.84,Not LRTRUCK,2. Daylight,LOCATED,-76.09795,-76.09795,MAINLINE,MAIN,0,0,0,0,0,Undivided Roadway,"20,22",Not MOTORCYCLE,541161,541161.  SR00165       SR00165      13408667,15442,13673,13799,13298,14023,2,1,0.002,PRI_URBAN,,,,,,,,,0,160,20,0,2,,0,0,,,,,,,,,Not PED,,2,0,Virginia Beach,134,5,NOT-RD,9. Within Intersection,4,17.00,17.23,1. Straight - Level,1. No Defects,"1. Two-Way, Not Divided",1. Dry,"2. Blacktop, Asphalt, Bituminous",3500 NORTH LANDING ROAD,STPRI,SR,R-VA   SR00165NB,"Urbanized (Population 200,000 and over)",3. No,"0,0",13997,11843,11952,11519,12302,Not SENIOR,None,"10,10","45,45",Not SPEED,"45,45",541161,0,"1. Yes,2. No",0,"0,0",9AM TO 12PM,1,1,4. Stop Sign,1. Yes - Working,Not a Parkway - Trucks and Commercial Vehicles Allowed,"1,2","1. Passenger car,9. Bicycle",FORD,"3. Making Left Turn,3. Making Left Turn","FIESTA,BICYCLE",2012,5,5.Hampton Roads,1. No Adverse Condition (Clear/Cloudy),Not Provided,2. No,Not Provided,YOUNG
No Access Control,Not ALCIHOL,Urban,0,0,"N/A, Unknown, or Unstabilized",GALLERY AVE.(R)/,Not UNBELTED,24,Female,B,2,BIKE,4.36,1,1,,2. Angle,"Not Provided,Not Provided","Not Provided,Not Provided",13408688,4.495,4,9/12/2013,9/12/2013,22. Bicycle,1448,B.Visiible Injury,2013,Left and Right sides,0,0,Virginia Beach,Urban,22. Bicycle,MAIN,12PM TO 3PM,134.Virginia Beach,26,Intersection,Reset Filters,VDOT_OTHER,Thursday,Not DEER,"South,West",,5,1,132565119,"22,24","0,Female","PDO,B","1,2","1. No Improper Action,1. No Improper Action","2. Not Deployed,3. Unavailable/Not Applicable","4. No Test,4. No Test","1. No Defects,1. No Defects","14. No Driver Distraction,14. No Driver Distraction","1. Had Not Been Drinking,1. Had Not Been Drinking","2. No,2. No","1. Not Ejected,1. Not Ejected","No,Yes","No,No","3. Lap and Shoulder Belt,5. Helmet","1. Not Obscured,1. Not Obscured",,,5,541475,134-08669(B)/,0,1,"1.Divided, no control of access","22,20",1. On Roadway,"0,0",H,H.Urban Minor Arterial,Other City or Town Streets (not state maintained),Not GUARDRAIL,Not HIT_RUN,"7,1",1,4. Four Approaches,132565119,C,0,0,36.78619275,36.78619275,0,0.14,Not LRTRUCK,2. Daylight,LOCATED,-75.99919284,-75.99919284,MAINLINE,MAIN,4,4,Grass/Unprotected,14,4,Divided Roadway,"22,20",Not MOTORCYCLE,541475,541475. 13408669      13408669      13408688      13408688,64316,56978,57505,55417,55342,6,1,0.005,SEC_URBAN,,,,,,,,,0,0,78,0,1,,0,0,,,,,,,,,Not PED,,1,0,Virginia Beach,134,5,NOT-RD,9. Within Intersection,0,4.25,4.49,1. Straight - Level,1. No Defects,"2. Two-Way, Divided, Unprotected Median",1. Dry,"2. Blacktop, Asphalt, Bituminous",1600 GENERAL BOOTH BOULEVARD,URB,UR,R-VA134UR08688EB,"Urbanized (Population 200,000 and over)",3. No,"0,0",24434,25437,25672,24740,23353,Not SENIOR,Left and Right sides,"5,2","45,45",Not SPEED,"45,45",715410,0.09,"2. No,2. No",0,"0,0",12PM TO 3PM,1,1,3. Traffic Signal,1. Yes - Working,Not a Parkway - Trucks and Commercial Vehicles Allowed,"1,2","22. Truck - Sport Utility Vehicle (SUV),9. Bicycle","NISSAN,BICYCLE","1. Going Straight Ahead,2. Making Right Turn","PATHFINDER,MOUNTAIN",20102012,5,5.Hampton Roads,1. No Adverse Condition (Clear/Cloudy),Not Provided,2. No,Not Provided,Not YOUNG