Access Control,Alcohol Notalcohol,Area Type1,A Crash,A People,Basetypedesc,Begin Node Dsc,Belted Unbelted,Bikeage,Bikegen,Bikeinjurytype,Bikevehiclenumber,Bike Nonbike,BMP,B Crash,B People,Carspeedlimit,Collision Type,Comm Cargo Body Type Cd,Comm Vehicle Body Type Cd,Cotedrouteid,Coted Mp,Count App,CRASH_DT (copy),Crash Dt,Crash Event Type Dsc,Crash Military Tm,Crash Severity,Crash Year,Curbgutterdesc,C Crash,C People,Juris Name Used,Area Type Used,First Harmful Event of Entire Crash,MAINLINE,Time Slicing Used,Phy_Juris_Nm,Offset-Ft,Intersection Analysis,Clear,Calculation_9640323132123359,Day Of Week,Deer Nodeer,Direction Of Travel Cd,Distracted Notdistracted,VSP,TOTAL CRASH,Document Nbr,Driverage,Drivergen,Driverinjurytype,Drivervehiclenumber,Driver Action Type Cd,Driver Airbag Deployment,Driver Alcohol Test Type Cd,Driver Condition Type Cd,Driver Distraction Type Cd,Driver Drinking Type Cd,Driver Drug Use Cd,Driver Ejected From Vehicle,Driver Ems Transport Ind,Driver Fled Scene Ind,Driver Safety Equip Used,Driver Vis Obscured Type Cd,Drowsy Notdrowsy,Drug Nodrug,EMP,End Node,End Node Dsc,End Offset,Facility,FAC,First Crash Event Cd,First Harmful Event,Fourth Crash Event Cd,Functionalclass,FUN,Govcondesc,Gr Nogr,Hitrun Not Hitrun,Initial Veh Impact Area Cd,Injury Crashes,Intersection Type,Int Doc,Jurtype,K_CRASH,K People,LAT (copy),LAT,Leftshoulderwidth,Length,Lgtruck Nonlgtruck,Light Condition,Located Unlocated,LON (copy),LON,MAINLINE (group),Mainline Yn,Medianleftshoulderwidth,Medianrightshoulderwidth,Mediantypedesc,Medianwidthmax,Medianwidthmin,Median Type,Most Harmful Crash Event Cd,Motor Nonmotor,Node,Node Info,Node Totaadt2011,Node Totaadt2012,Node Totaadt2013,Node Totaadt2014,Node Totaadt2015,Numberoflane,Number of Records,Offset,Ownership,Passage,Passgen,Passinjurytype,Passvehiclenumber,Pass Airbag Deployment,Pass Ejected From Vehicle,Pass Ems Transport Ind,Pass Safety Equip Used,Pavementconditionvalue,Pavementroughnessvalue,Pavementwidth,Pdo Crash,Total People Killed & Injured,Pedage,Pedestrians Injured,Pedestrians Killed,Pedgen,Pedinjurytype,Pednumber,Ped Action,Ped Al Test,Ped Cond,Ped Drink,Ped Drug,Ped Nonped,Ped Rflct,Persons Injured,Persons Killed,Physical Juris Nm,PJR,VSP_Used,Rd Type,Relation To Roadway,Rightshoulderwidth,RNS_MP (0.25 mi bin),Rns Mp,Roadway Alignment,Roadway Defect,Roadway Description,Roadway Surface Cond,Roadway Surface Type,Route Or Street Nm,Rte Category Cd,Rte Cat,Rte Nm,Ruralurbandesc,School Zone,Second Crash Event Cd,Segtotaadt2011,Segtotaadt2012,Segtotaadt2013,Segtotaadt2014,Segtotaadt2015,Senior Notsenior,Sidewalkdesc,Speed Before,Speed Max Safe,Speed Notspeed,Speed Posted,Start Node,Start Offset,Summons Issued Cd,Surfacedesc,Third Crash Event Cd,Time Slicing,Total Crashes including Property Damage Only,Total Crash,Traffic Control Type,Trfc Ctrl Status Type,Truckcommr,Vehiclenumber,Vehicle Body Type Cd,Vehicle Make Nm,Vehicle Maneuver Type Cd,Vehicle Model Nm,Vehicle Year Nbr,District,District_Used ,Weather Condition,Work Zone Location,Work Zone Related,Work Zone Type,Young Notyoung
,Not ALCIHOL,Urban,0,0,,,Not UNBELTED,46,Male,B,2,BIKE,,1,1,,13. Bicyclist,"Not Provided,Not Provided","Not Provided,Not Provided",,,,5/11/2016,5/11/2016,20. Motor Vehicle In Transport,1130,B.Visiible Injury,2016,,0,0,Norfolk,Urban,20. Motor Vehicle In Transport,MAIN,9AM TO 12PM,122.Norfolk,,Not Intersection,Reset Filters,VDOT_OTHER,Wednesday,Not DEER,"South,East",,5,1,161960034,"76,46","Female,Male","PDO,B","1,2","1. No Improper Action,1. No Improper Action","2. Not Deployed,3. Unavailable/Not Applicable","4. No Test,4. No Test","1. No Defects,1. No Defects","Not Applicable,Not Applicable","1. Had Not Been Drinking,1. Had Not Been Drinking","3. Unknown,3. Unknown","1. Not Ejected,3. Totally Ejected","No,No","No,No","3. Lap and Shoulder Belt,9. Not Applicable","11. Moving Vehicle(s),11. Moving Vehicle(s)",,,,,,,,,"22,20",1. On Roadway,"0,0",,,,Not GUARDRAIL,Not HIT_RUN,"12,12",1,4. Four Approaches,,C,0,0,36.86974,36.86974,,,Not LRTRUCK,2. Daylight,UNLOCATED,-76.2916,-76.2916,MAINLINE,,,,,,,,"22,20",Not MOTORCYCLE,,.,,,,,,,1,,SEC_URBAN,,,,,,,,,,,,0,1,,0,0,,,,,,,,,Not PED,,1,0,Norfolk,122,5,NOT-RD,9. Within Intersection,,,,1. Straight - Level,1. No Defects,"1. Two-Way, Not Divided",1. Dry,"2. Blacktop, Asphalt, Bituminous",2100 BLK COLONIAL AVE,UNKWN,SC,U-VA122SC99999UK,,3. No,"0,39",,,,,,SENIOR,,"5,5","25,25",Not SPEED,"25,25",,,"2. No,2. No",,"0,0",9AM TO 12PM,1,1,4. Stop Sign,6. No Traffic Control Device Present,,"1,2","1. Passenger car,9. Bicycle","PORSCHE,TREK","2. Making Right Turn,1. Going Straight Ahead","PANAME RA4,7.2FX",2013,5,5.Hampton Roads,1. No Adverse Condition (Clear/Cloudy),Not Provided,2. No,Not Provided,Not YOUNG
No Access Control,Not ALCIHOL,Urban,1,1,Bituminous Concrete (Black Base),LUNDY LANE(R)/,Not UNBELTED,46,Male,A,1,BIKE,1.67,0,0,,1. Rear End,"Not Provided,Not Provided","Not Provided,Not Provided",SR00152,1.676,3,5/13/2016,5/13/2016,22. Bicycle,1643,A.Ambulatory Injury,2016,Left and Right sides,0,1,Hampton,Urban,22. Bicycle,MAIN,3PM TO 6PM,114.Hampton,"1,183",Intersection,Reset Filters,VDOT_OTHER,Friday,Not DEER,"West,West",,5,1,161355054,"46,24","Male,Female","A,C","1,2","42. Improper or Unsafe Lane Change,1. No Improper Action","3. Unavailable/Not Applicable,2. Not Deployed","Not Applicable,Not Applicable","1. No Defects,1. No Defects","Not Applicable,Not Applicable","1. Had Not Been Drinking,1. Had Not Been Drinking","2. No,2. No","1. Not Ejected,1. Not Ejected","Yes,No","No,No","8. No Restraint Used,3. Lap and Shoulder Belt","1. Not Obscured,1. Not Obscured",,,2,253056,WARNER ROAD(R)/,0,0,"0.Two-way, non-divided","22,20",1. On Roadway,"0,0",H,H.Urban Minor Arterial,Urban Extensions - Primary Routes,Not GUARDRAIL,Not HIT_RUN,"6,11",1,1. Not at Intersection,161355054,C,0,0,37.04314,37.04314,0,0.08,Not LRTRUCK,2. Daylight,LOCATED,-76.43688,-76.43688,MAINLINE,MAIN,0,0,0,0,0,Undivided Roadway,"22,20",Not MOTORCYCLE,253058,253058.  SR00152       SR00152      11407017,18978,18558,20628,19893,20296,4,1,0.224,PRI_URBAN,,,,,,,,,2.8,0,44,0,2,,0,0,,,,,,,,,Not PED,,2,0,Hampton,114,5,NOT-RD,1. Main-Line Roadway,0,1.50,1.68,1. Straight - Level,1. No Defects,"2. Two-Way, Divided, Unprotected Median",1. Dry,"2. Blacktop, Asphalt, Bituminous",TODDS LN,STPRI,SR,R-VA   SR00152WB,"Urbanized (Population 200,000 and over)",3. No,"0,0",16967,16591,18765,18097,18463,Not SENIOR,Right side,"5,40","40,40",Not SPEED,"40,40",746435,0,"2. No,2. No",0,"0,0",3PM TO 6PM,1,1,6. Traffic Lanes Marked,1. Yes - Working,Not a Parkway - Trucks and Commercial Vehicles Allowed,"1,2","9. Bicycle,1. Passenger car","UNK,HOND","3. Making Left Turn,1. Going Straight Ahead","UNKNOWN,ACCORD",,5,5.Hampton Roads,1. No Adverse Condition (Clear/Cloudy),Not Provided,2. No,Not Provided,Not YOUNG
,Not ALCIHOL,,0,0,,,Not UNBELTED,39,Female,B,2,BIKE,,1,1,,2. Angle,"Not Provided,Not Provided","Not Provided,Not Provided",,,,5/14/2016,5/14/2016,22. Bicycle,1856,B.Visiible Injury,2016,,0,0,Norfolk,Urban,22. Bicycle,,6PM TO 9PM,122.Norfolk,,Not Intersection,Reset Filters,VDOT_OTHER,Saturday,Not DEER,"West,South",,5,1,161960036,"22,39","Male,Female","PDO,B","1,2","11. Did Not Have Right-of-Way,1. No Improper Action","2. Not Deployed,Not Provided","Not Applicable,Not Applicable","1. No Defects,1. No Defects","Not Applicable,Not Applicable","1. Had Not Been Drinking,1. Had Not Been Drinking","2. No,2. No","1. Not Ejected,Not Provided","No,Yes","No,No","3. Lap and Shoulder Belt,9. Not Applicable","1. Not Obscured,1. Not Obscured",,,,,,,,,"22,20",1. On Roadway,"0,0",,,,Not GUARDRAIL,Not HIT_RUN,"12,9",1,3. Three Approaches,,,0,0,36.8625,36.8625,,,Not LRTRUCK,2. Daylight,UNLOCATED,-76.30008,-76.30008,MAINLINE,,,,,,,,"22,20",Not MOTORCYCLE,,.,,,,,,,1,,OTHER_URBAN,,,,,,,,,,,,0,1,,0,0,,,,,,,,,Not PED,,1,0,Norfolk,122,5,NOT-RD,9. Within Intersection,,,,1. Straight - Level,1. No Defects,"3. Two-Way, Divided, Positive Median Barrier",2. Wet,"2. Blacktop, Asphalt, Bituminous",800 BLK COLLEY AVE,,,,,3. No,"0,0",,,,,,Not SENIOR,,5,"25,0",Not SPEED,"25,0",,,"1. Yes,2. No",,"0,0",6PM TO 9PM,1,1,3. Traffic Signal,1. Yes - Working,,"1,2","22. Truck - Sport Utility Vehicle (SUV),9. Bicycle","NISSAN,RALEIGH","2. Making Right Turn,1. Going Straight Ahead","4DR,VENTURE",20142016,5,5.Hampton Roads,5. Rain,Not Provided,2. No,Not Provided,Not YOUNG
Full Access Control,Not ALCIHOL,Urban,1,1,Bituminous Concrete (Black Base),IS-00064-E267A(R)/TO RTS 60 & 143(SETTLERS LA,Not UNBELTED,17,Male,A,1,BIKE,267.64,0,0,55,2. Angle,"Not Provided,Not Provided","Not Provided,Not Provided",IS00064E,267.804,,5/14/2016,5/14/2016,22. Bicycle,2028,A.Ambulatory Injury,2016,None,0,0,Hampton,Urban,22. Bicycle,MAIN,6PM TO 9PM,114.Hampton,,Not Intersection,Reset Filters,VDOT_OTHER,Saturday,Not DEER,"East,North",,5,1,161455085,"17,45","Male,Male","A,PDO","1,2","11. Did Not Have Right-of-Way,1. No Improper Action","3. Unavailable/Not Applicable,2. Not Deployed","Not Applicable,Not Applicable","1. No Defects,1. No Defects","Not Applicable,Not Applicable","1. Had Not Been Drinking,1. Had Not Been Drinking","2. No,2. No","1. Not Ejected,1. Not Ejected","No,No","No,No","8. No Restraint Used,3. Lap and Shoulder Belt","1. Not Obscured,1. Not Obscured",,,268,672227,US-00060- 274A(R)/FROM RTS 60 & 143(SETTLERS,0,3,"3.Divided, full control of access","20,22",1. On Roadway,"0,0",A,A.Urban Interstate,State Primary and Interstate,Not GUARDRAIL,Not HIT_RUN,"3,12",1,1. Not at Intersection,,N,0,0,37.02342,37.02342,0,0.28,Not LRTRUCK,3. Dusk,LOCATED,-76.3301,-76.3301,MAINLINE,MAIN,0,10,Positive Barrier *_(PF1 FOR NOTE),32,32,Divided Roadway,"20,22",Not MOTORCYCLE,,.,,,,,,2,1,,VDOT_IS,,,,,,,,,0,122,24,0,1,,0,0,,,,,,,,,Not PED,,1,0,Hampton,114,5,NOT-RD,5. On Entrance/Exit Ramp,10,267.75,267.80,10. On/Off Ramp,1. No Defects,"4. One-Way, Not Divided",2. Wet,"2. Blacktop, Asphalt, Bituminous",WOODLAND RD,IS,IS,R-VA   IS00064EB,"Urbanized (Population 200,000 and over)",3. No,"0,0",41378,41290,40085,40085,46794,Not SENIOR,None,"5,20","35,35",Not SPEED,"35,35",672226,0,"1. Yes,2. No",0,"0,0",6PM TO 9PM,1,1,3. Traffic Signal,1. Yes - Working,Designated Truck Route - D1,"1,2","9. Bicycle,1. Passenger car","UNK,SUBA","15. Other,1. Going Straight Ahead","UNKNOWN,LEGACY",,5,5.Hampton Roads,5. Rain,Not Provided,2. No,Not Provided,YOUNG
No Access Control,Not ALCIHOL,Urban,1,1,Dual Type,VISTA CIR (L) PAGE AVE (R)/,Not UNBELTED,63,Male,A,1,BIKE,292.98,0,0,,2. Angle,"Not Provided,Not Provided,Not Provided","Not Provided,Not Provided,Not Provided",US00060,293.048,3,5/15/2016,5/15/2016,20. Motor Vehicle In Transport,1126,A.Ambulatory Injury,2016,None,0,0,Virginia Beach,Urban,20. Motor Vehicle In Transport,MAIN,9AM TO 12PM,134.Virginia Beach,"4,393",Intersection,Reset Filters,VDOT_OTHER,Sunday,Not DEER,"South,West,West",,5,1,161385127,"63,26,33","Male,Female,Female","A,PDO,PDO","1,2,3","11. Did Not Have Right-of-Way,1. No Improper Action,1. No Improper Action","3. Unavailable/Not Applicable,2. Not Deployed,2. Not Deployed","Not Applicable,Not Applicable,Not Applicable","1. No Defects,1. No Defects,1. No Defects","14. No Driver Distraction,14. No Driver Distraction,14. No Driver Distraction","1. Had Not Been Drinking,1. Had Not Been Drinking,1. Had Not Been Drinking","Not Applicable,Not Applicable,Not Applicable","3. Totally Ejected,1. Not Ejected,1. Not Ejected","Yes,No,No","No,No,No","5. Helmet,3. Lap and Shoulder Belt,3. Lap and Shoulder Belt","1. Not Obscured,1. Not Obscured,1. Not Obscured",,,293,541124,VISTA CIR (L) PAGE AVE (R)/,0.41,1,"1.Divided, no control of access","20,20,20",1. On Roadway,"0,0,0",E,E.Urban Other Principle Arterials; Connecting Links of Other Rural Principal Arterial,Urban Extensions - Primary Routes,Not GUARDRAIL,Not HIT_RUN,"9,12,12",1,2. Two Approaches,161385127,C,0,0,36.90792,36.90792,6,0.41,Not LRTRUCK,2. Daylight,LOCATED,-76.08532,-76.08532,MAINLINE,MAIN,2,2,Grass/Unprotected,24,12,Divided Roadway,"20,20,20",Not MOTORCYCLE,541119,541119.  SR00279       US00060       US00060,40261,36798,36789,36155,35925,4,1,0.832,PRI_URBAN,,,,,,,,,0,196,44,0,1,,0,0,,,,,,,,,Not PED,,1,0,Virginia Beach,134,5,NOT-RD,11. Intersection Related - Outside 150 Feet,6,293.00,293.05,1. Straight - Level,1. No Defects,"3. Two-Way, Divided, Positive Median Barrier",1. Dry,"2. Blacktop, Asphalt, Bituminous",3300 BLK SHORE DR,USPRI,US,R-VA   US00060WB,"Urbanized (Population 200,000 and over)",3. No,"0,0,0",35717,32418,32228,32043,33361,Not SENIOR,None,"7,35,35","35,35,35",Not SPEED,"35,35,35",541124,0,"1. Yes,2. No,2. No",0,"0,0,0",9AM TO 12PM,1,1,1. No Traffic Control,6. No Traffic Control Device Present,Truck Access System,"1,2,3","9. Bicycle,1. Passenger car,1. Passenger car","TREK,SUBARU,ACURA","1. Going Straight Ahead,1. Going Straight Ahead,1. Going Straight Ahead","4300,XV CROSSTREK,TL",200820142009,5,5.Hampton Roads,1. No Adverse Condition (Clear/Cloudy),Not Provided,2. No,Not Provided,Not YOUNG
No Access Control,Not ALCIHOL,Urban,1,1,Bituminous Concrete (Black Base),WILLOWTREE ROAD(L)/,Not UNBELTED,38,Male,A,2,BIKE,3.12,0,0,,12. Ped,"Not Provided,Not Provided","Not Provided,Not Provided",SR00152,3.151,3,5/17/2016,5/17/2016,20. Motor Vehicle In Transport,1612,A.Ambulatory Injury,2016,Left and Right sides,0,0,Hampton,Urban,20. Motor Vehicle In Transport,MAIN,3PM TO 6PM,114.Hampton,312,Intersection,Reset Filters,VDOT_OTHER,Tuesday,Not DEER,"West,East",,5,1,161395265,"21,38","Female,Male","PDO,A","1,2","11. Did Not Have Right-of-Way,1. No Improper Action","2. Not Deployed,3. Unavailable/Not Applicable","Not Applicable,Not Applicable","1. No Defects,1. No Defects","Not Applicable,Not Applicable","1. Had Not Been Drinking,1. Had Not Been Drinking","2. No,2. No","1. Not Ejected,1. Not Ejected","No,Yes","No,No","3. Lap and Shoulder Belt,8. No Restraint Used","1. Not Obscured,Not Applicable",,,3,253068,114-07025(R)/ABERDEEN RD,0,0,"0.Two-way, non-divided","22,20",1. On Roadway,"0,0",H,H.Urban Minor Arterial,Urban Extensions - Primary Routes,Not GUARDRAIL,Not HIT_RUN,"1,12",1,1. Not at Intersection,161395265,C,0,0,37.03957,37.03957,0,0.09,Not LRTRUCK,2. Daylight,LOCATED,-76.4111,-76.4111,MAINLINE,MAIN,0,0,0,0,0,Undivided Roadway,"22,20",Not MOTORCYCLE,253068,253068.  SR00152       SR00152      11407025,23815,23289,22824,22011,22457,4,1,0.059,PRI_URBAN,,,,,,,,,2.8,0,44,0,1,,0,0,,,,,,,,,Not PED,,1,0,Hampton,114,5,NOT-RD,"13. Driveway, Alley-Access - Related",0,3.00,3.15,1. Straight - Level,1. No Defects,"4. One-Way, Not Divided",2. Wet,"2. Blacktop, Asphalt, Bituminous",TODDS LN,STPRI,SR,R-VA   SR00152WB,"Urbanized (Population 200,000 and over)",3. No,"0,0",16369,16007,14597,14077,14362,Not SENIOR,Left side,"10,2","10,2",Not SPEED,"40,40",253067,0,"1. Yes,2. No",0,"0,0",3PM TO 6PM,1,1,1. No Traffic Control,6. No Traffic Control Device Present,Not a Parkway - Trucks and Commercial Vehicles Allowed,"1,2","1. Passenger car,9. Bicycle","SATU,OTH","2. Making Right Turn,1. Going Straight Ahead","ION,UNKNOWN",,5,5.Hampton Roads,1. No Adverse Condition (Clear/Cloudy),Not Provided,2. No,Not Provided,Not YOUNG
No Access Control,Not ALCIHOL,Urban,1,1,Bituminous Concrete (Black Base),124-08549(L)/WOOL AVE(R)/(8758-HIGH ST/8549-V,Not UNBELTED,19,Male,A,2,BIKE,0.34,0,0,,2. Angle,"Not Provided,Not Provided","Not Provided,Not Provided",12408758,0.342,3,5/21/2016,5/21/2016,22. Bicycle,2214,A.Ambulatory Injury,2016,Left and Right sides,0,0,Portsmouth,Urban,22. Bicycle,MAIN,9PM TO 12AM,124.Portsmouth,11,Intersection,Reset Filters,VDOT_OTHER,Saturday,Not DEER,"North,West",,5,1,161435117,19,"Not Provided,Male","PDO,A","1,2","34. Hit and Run,1. No Improper Action","Not Provided,3. Unavailable/Not Applicable","Not Applicable,Not Applicable","9. Unknown,1. No Defects","Not Applicable,Not Applicable","6. Unknown,1. Had Not Been Drinking","3. Unknown,2. No","Not Provided,1. Not Ejected","No,No","Yes,No","Not Provided,8. No Restraint Used","1. Not Obscured,1. Not Obscured",,,0,484431,WATSON STREET(R)/,0,1,"1.Divided, no control of access","22,22",1. On Roadway,"0,0",H,H.Urban Minor Arterial,Other City or Town Streets (not state maintained),Not GUARDRAIL,HIT_RUN,"12,9",1,4. Four Approaches,161435117,C,0,0,36.83463,36.83463,0,0.06,Not LRTRUCK,4. Darkness - Road Lighted,LOCATED,-76.33553,-76.33553,MAINLINE,MAIN,0,0,Curbed Grass,16,4,Divided Roadway,"22,22",Not MOTORCYCLE,484278,484278. 12408549      12408758      12408758,12666,12386,12327,11888,12129,4,1,0.002,SEC_URBAN,,,,,,,,,0,0,52,0,1,,0,0,,,,,,,,,Not PED,,1,0,Portsmouth,124,5,NOT-RD,9. Within Intersection,0,0.25,0.34,1. Straight - Level,1. No Defects,"1. Two-Way, Not Divided",2. Wet,"2. Blacktop, Asphalt, Bituminous",1214 MT VERNON AVE,URB,UR,R-VA124UR08758WB,"Urbanized (Population 200,000 and over)",3. No,"0,0",11610,11353,11538,11127,11353,Not SENIOR,Left and Right sides,"20,15","30,30",Not SPEED,"30,30",484278,0,"2. No,2. No",0,"0,0",9PM TO 12AM,1,1,3. Traffic Signal,1. Yes - Working,Not a Parkway - Trucks and Commercial Vehicles Allowed,"1,2","22. Truck - Sport Utility Vehicle (SUV),9. Bicycle",,"2. Making Right Turn,1. Going Straight Ahead",,,5,5.Hampton Roads,4. Mist,Not Provided,2. No,Not Provided,YOUNG
,Not ALCIHOL,Urban,0,0,,,Not UNBELTED,56,Male,B,2,BIKE,,1,1,,16. Other,"Not Provided,Not Provided","Not Provided,Not Provided",,,,5/25/2016,5/25/2016,22. Bicycle,652,B.Visiible Injury,2016,,0,0,Suffolk,Urban,22. Bicycle,MAIN,6AM TO 9AM,133.Suffolk,,Not Intersection,Reset Filters,VDOT_OTHER,Wednesday,Not DEER,"West,North",,5,1,161935261,"22,56","Male,Male","PDO,B","1,2","1. No Improper Action,1. No Improper Action","2. Not Deployed,3. Unavailable/Not Applicable","Not Applicable,Not Applicable","1. No Defects,1. No Defects","14. No Driver Distraction,14. No Driver Distraction","1. Had Not Been Drinking,1. Had Not Been Drinking","2. No,2. No","1. Not Ejected,1. Not Ejected","No,Yes","No,No","3. Lap and Shoulder Belt,8. No Restraint Used","1. Not Obscured,1. Not Obscured",,,,,,,,,"22,20",4. Roadside,"0,0",,,,Not GUARDRAIL,Not HIT_RUN,"11,11",1,1. Not at Intersection,,C,0,0,36.73825,36.73825,,,Not LRTRUCK,2. Daylight,UNLOCATED,-76.58283,-76.58283,MAINLINE,,,,,,,,"22,20",Not MOTORCYCLE,,.,,,,,,,1,,PRI_URBAN,,,,,,,,,,,,0,1,,0,0,,,,,,,,,Not PED,,1,0,Suffolk,133,5,NOT-RD,"13. Driveway, Alley-Access - Related",,2.50,2.65,5. Hillcrest - Straight,1. No Defects,"3. Two-Way, Divided, Positive Median Barrier",1. Dry,"2. Blacktop, Asphalt, Bituminous",N MAIN ST,USPRI,US,R-VA   US00460EBBUS004,,3. No,"0,0",,,,,,Not SENIOR,,"5,5","35,35",Not SPEED,"35,35",,,"2. No,2. No",,"0,0",6AM TO 9AM,1,1,6. Traffic Lanes Marked,1. Yes - Working,,"1,2","1. Passenger car,9. Bicycle",TOYT,"2. Making Right Turn,1. Going Straight Ahead",COROLLA,2003,5,5.Hampton Roads,1. No Adverse Condition (Clear/Cloudy),Not Provided,2. No,Not Provided,Not YOUNG
No Access Control,Not ALCIHOL,Urban,0,0,Bituminous Concrete (Black Base),134-08747(R)/134-08816(L)/KINGS GRANT RD,Not UNBELTED,57,Female,B,2,BIKE,2.29,1,1,,2. Angle,"Not Provided,Not Provided","Not Provided,Not Provided",13408711,2.353,4,5/31/2016,5/31/2016,20. Motor Vehicle In Transport,1000,B.Visiible Injury,2016,Left and Right sides,0,0,Virginia Beach,Urban,20. Motor Vehicle In Transport,MAIN,9AM TO 12PM,134.Virginia Beach,333,Intersection,Reset Filters,VDOT_OTHER,Tuesday,Not DEER,"West,South",DISTRACTED,5,1,161575047,"67,57","Male,Female","PDO,B","1,2","37. Other,37. Other","2. Not Deployed,Not Provided","Not Applicable,Not Applicable","1. No Defects,1. No Defects","14. No Driver Distraction,5. Radio/CD, etc.","1. Had Not Been Drinking,1. Had Not Been Drinking","2. No,2. No","1. Not Ejected,Not Provided","No,No","No,No","3. Lap and Shoulder Belt,8. No Restraint Used","5. Trees, Crops, etc.,5. Trees, Crops, etc.",,,3,541840,NEW CASTLE RD(L)/POPLAR BEND(R)/,0,1,"1.Divided, no control of access","20,22",4. Roadside,"0,0",I,I.Urban Collector,Other City or Town Streets (not state maintained),Not GUARDRAIL,Not HIT_RUN,"1,12",1,1. Not at Intersection,161575047,C,0,0,36.85922,36.85922,0,0.27,Not LRTRUCK,2. Daylight,LOCATED,-76.08632,-76.08632,MAINLINE,MAIN,0,0,Curbed Grass,14,4,Divided Roadway,"20,22",Not MOTORCYCLE,541839,541839. 13408711      13408711      13408747      13408816,17980,16572,16725,16117,15694,4,1,0.063,SEC_URBAN,,,,,,,,,0,0,52,0,1,,0,0,,,,,,,,,Not PED,,1,0,Virginia Beach,134,5,NOT-RD,8. Non-Intersection,0,2.25,2.35,1. Straight - Level,1. No Defects,"2. Two-Way, Divided, Unprotected Median",1. Dry,1. Concrete,776 LITTLE NECK RD,URB,UR,R-VA134UR08711NB,"Urbanized (Population 200,000 and over)",3. No,"0,0",13138,11885,11995,11559,11216,SENIOR,Left and Right sides,"5,10","35,35",Not SPEED,"35,35",541839,0,"2. No,2. No",0,"0,0",9AM TO 12PM,1,1,1. No Traffic Control,6. No Traffic Control Device Present,Not a Parkway - Trucks and Commercial Vehicles Allowed,"1,2","22. Truck - Sport Utility Vehicle (SUV),9. Bicycle",VOLKSWAGEN,"15. Other,1. Going Straight Ahead",TOUARGE,2014,5,5.Hampton Roads,1. No Adverse Condition (Clear/Cloudy),Not Provided,2. No,Not Provided,Not YOUNG
No Access Control,Not ALCIHOL,Urban,0,0,Portland Cement Concrete,114-07059(B)/POWHATAN PKWY,Not UNBELTED,34,Male,C,2,BIKE,3.04,0,0,,12. Ped,"Not Provided,Not Provided","Not Provided,Not Provided",SR00351,3.238,4,5/31/2016,5/31/2016,22. Bicycle,1740,C.Non-Visible Injury,2016,Right side,1,1,Hampton,Urban,22. Bicycle,MAIN,3PM TO 6PM,114.Hampton,"1,045",Intersection,Reset Filters,VDOT_OTHER,Tuesday,Not DEER,"East,East",DISTRACTED,5,1,161535167,34,"Not Provided,Male","PDO,C","1,2","34. Hit and Run,1. No Improper Action","Not Provided,3. Unavailable/Not Applicable","4. No Test,Not Applicable","9. Unknown,1. No Defects","11. Other,Not Applicable","6. Unknown,1. Had Not Been Drinking","3. Unknown,2. No","Not Provided,1. Not Ejected","No,No","Yes,No","Not Provided,8. No Restraint Used","1. Not Obscured,1. Not Obscured",,,4,253176,BELL STREET(R)/,0,0,"0.Two-way, non-divided","22,20",1. On Roadway,"0,0",H,H.Urban Minor Arterial,Urban Extensions - Primary Routes,Not GUARDRAIL,HIT_RUN,"11,5",1,1. Not at Intersection,161535167,C,0,0,37.01459,37.01459,6,0.75,Not LRTRUCK,2. Daylight,LOCATED,-76.38248,-76.38248,MAINLINE,MAIN,0,0,0,0,0,Undivided Roadway,"22,20",Not MOTORCYCLE,253177,253177.  SR00351       SR00351      11407059      11407059,25524,24959,24886,23999,24487,4,1,0.198,PRI_URBAN,,,,,,,,,0,188,44,0,1,,0,0,,,,,,,,,Not PED,,1,0,Hampton,114,5,NOT-RD,1. Main-Line Roadway,0,3.00,3.24,1. Straight - Level,1. No Defects,"1. Two-Way, Not Divided",1. Dry,"2. Blacktop, Asphalt, Bituminous",W PEMBROKE AVE,STPRI,SR,R-VA   SR00351EB,"Urbanized (Population 200,000 and over)",3. No,"0,0",10594,10359,10159,9797,9996,Not SENIOR,None,"0,5","45,45",Not SPEED,"45,45",253177,0,"Not Provided,2. No",0,"0,0",3PM TO 6PM,1,1,6. Traffic Lanes Marked,1. Yes - Working,Not a Parkway - Trucks and Commercial Vehicles Allowed,"1,2","3. Van,9. Bicycle","UNK,UNK","6. Merging Into Traffic Lane,1. Going Straight Ahead",UNKNOWN,0,5,5.Hampton Roads,1. No Adverse Condition (Clear/Cloudy),Not Provided,2. No,Not Provided,Not YOUNG